TRACE::2026-05-28.14:40:35::SCWPlatform::Trying to open the hw design at D:/Zynq/vitis/version_2020/26_01_ov5640_lcd/vitis/system_wrapper/hw/system_wrapper.xsa
TRACE::2026-05-28.14:40:35::SCWPlatform::DSA given D:/Zynq/vitis/version_2020/26_01_ov5640_lcd/vitis/system_wrapper/hw/system_wrapper.xsa
TRACE::2026-05-28.14:40:35::SCWPlatform::DSA absoulate path D:/Zynq/vitis/version_2020/26_01_ov5640_lcd/vitis/system_wrapper/hw/system_wrapper.xsa
TRACE::2026-05-28.14:40:37::SCWPlatform::DSA directory D:/Zynq/vitis/version_2020/26_01_ov5640_lcd/vitis/system_wrapper/hw
TRACE::2026-05-28.14:40:37::SCWPlatform:: Platform Path D:/Zynq/vitis/version_2020/26_01_ov5640_lcd/vitis/system_wrapper/hw/system_wrapper.xsa
TRACE::2026-05-28.14:40:37::SCWPlatform:: Unique name xilinx:::0.0
TRACE::2026-05-28.14:40:37::SCWPlatform::Do not have an existing db opened. 
TRACE::2026-05-28.14:40:38::SCWPlatform::Opened new HwDB with name system_wrapper_0
TRACE::2026-05-28.14:40:38::SCWWriter::formatted JSON is {
	"platformName":	"system_wrapper",
	"sprVersion":	"2.0",
	"mode":	"gui",
	"dsaType":	"Fixed",
	"platformDesc":	"system_wrapper",
	"platHandOff":	"<platformDir>.xsa",
	"platIntHandOff":	"<platformDir>/hw/system_wrapper.xsa",
	"deviceType":	"zynq",
	"platIsPrebuiltAutogen":	"false",
	"platIsNoBootBsp":	"false",
	"hasFsblMakeHasChanges":	"false",
	"hasPmufwMakeHasChanges":	"false",
	"platPreBuiltFlag":	false,
	"platformSamplesDir":	""
}
TRACE::2026-05-28.14:40:38::SCWWriter::formatted JSON is {
	"platformName":	"system_wrapper",
	"sprVersion":	"2.0",
	"mode":	"gui",
	"dsaType":	"Fixed",
	"platformDesc":	"system_wrapper",
	"platHandOff":	"<platformDir>.xsa",
	"platIntHandOff":	"<platformDir>/hw/system_wrapper.xsa",
	"deviceType":	"zynq",
	"platIsPrebuiltAutogen":	"false",
	"platIsNoBootBsp":	"false",
	"hasFsblMakeHasChanges":	"false",
	"hasPmufwMakeHasChanges":	"false",
	"platPreBuiltFlag":	false,
	"platformSamplesDir":	"",
	"platActiveSys":	"system_wrapper",
	"systems":	[{
			"systemName":	"system_wrapper",
			"systemDesc":	"system_wrapper",
			"sysIsBootAutoGen":	"true",
			"systemDispName":	"system_wrapper"
		}]
}
TRACE::2026-05-28.14:40:38::SCWPlatform::Boot application domains not present, creating them
TRACE::2026-05-28.14:40:38::SCWDomain::checking for install qemu data   : 
TRACE::2026-05-28.14:40:38::SCWDomain:: Using the QEMU Data from install at  : C:/Xilinx/Vitis/2020.2/data/emulation/platforms/zynq/sw/a9_standalone/qemu/
TRACE::2026-05-28.14:40:38::SCWDomain:: Using the QEMU args  from install at  : C:/Xilinx/Vitis/2020.2/data/emulation/platforms/zynq/sw/a9_standalone/qemu/qemu_args.txt
TRACE::2026-05-28.14:40:38::SCWPlatform::Trying to open the hw design at D:/Zynq/vitis/version_2020/26_01_ov5640_lcd/vitis/system_wrapper/hw/system_wrapper.xsa
TRACE::2026-05-28.14:40:38::SCWPlatform::DSA given D:/Zynq/vitis/version_2020/26_01_ov5640_lcd/vitis/system_wrapper/hw/system_wrapper.xsa
TRACE::2026-05-28.14:40:38::SCWPlatform::DSA absoulate path D:/Zynq/vitis/version_2020/26_01_ov5640_lcd/vitis/system_wrapper/hw/system_wrapper.xsa
TRACE::2026-05-28.14:40:38::SCWPlatform::DSA directory D:/Zynq/vitis/version_2020/26_01_ov5640_lcd/vitis/system_wrapper/hw
TRACE::2026-05-28.14:40:38::SCWPlatform:: Platform Path D:/Zynq/vitis/version_2020/26_01_ov5640_lcd/vitis/system_wrapper/hw/system_wrapper.xsa
TRACE::2026-05-28.14:40:38::SCWPlatform:: Unique name xilinx:::0.0
TRACE::2026-05-28.14:40:38::SCWPlatform::Trying to set the existing hwdb with name system_wrapper_0
TRACE::2026-05-28.14:40:38::SCWPlatform::Opened existing hwdb system_wrapper_0
TRACE::2026-05-28.14:40:38::SCWPlatform::Found the Hw Db part of the input DSA
TRACE::2026-05-28.14:40:38::SCWPlatform::Trying to open the hw design at D:/Zynq/vitis/version_2020/26_01_ov5640_lcd/vitis/system_wrapper/hw/system_wrapper.xsa
TRACE::2026-05-28.14:40:38::SCWPlatform::DSA given D:/Zynq/vitis/version_2020/26_01_ov5640_lcd/vitis/system_wrapper/hw/system_wrapper.xsa
TRACE::2026-05-28.14:40:38::SCWPlatform::DSA absoulate path D:/Zynq/vitis/version_2020/26_01_ov5640_lcd/vitis/system_wrapper/hw/system_wrapper.xsa
TRACE::2026-05-28.14:40:38::SCWPlatform::DSA directory D:/Zynq/vitis/version_2020/26_01_ov5640_lcd/vitis/system_wrapper/hw
TRACE::2026-05-28.14:40:38::SCWPlatform:: Platform Path D:/Zynq/vitis/version_2020/26_01_ov5640_lcd/vitis/system_wrapper/hw/system_wrapper.xsa
TRACE::2026-05-28.14:40:38::SCWPlatform:: Unique name xilinx:::0.0
TRACE::2026-05-28.14:40:38::SCWPlatform::Trying to set the existing hwdb with name system_wrapper_0
TRACE::2026-05-28.14:40:38::SCWPlatform::Opened existing hwdb system_wrapper_0
TRACE::2026-05-28.14:40:38::SCWPlatform::Found the Hw Db part of the input DSA
TRACE::2026-05-28.14:40:38::SCWPlatform::Trying to open the hw design at D:/Zynq/vitis/version_2020/26_01_ov5640_lcd/vitis/system_wrapper/hw/system_wrapper.xsa
TRACE::2026-05-28.14:40:38::SCWPlatform::DSA given D:/Zynq/vitis/version_2020/26_01_ov5640_lcd/vitis/system_wrapper/hw/system_wrapper.xsa
TRACE::2026-05-28.14:40:38::SCWPlatform::DSA absoulate path D:/Zynq/vitis/version_2020/26_01_ov5640_lcd/vitis/system_wrapper/hw/system_wrapper.xsa
TRACE::2026-05-28.14:40:38::SCWPlatform::DSA directory D:/Zynq/vitis/version_2020/26_01_ov5640_lcd/vitis/system_wrapper/hw
TRACE::2026-05-28.14:40:38::SCWPlatform:: Platform Path D:/Zynq/vitis/version_2020/26_01_ov5640_lcd/vitis/system_wrapper/hw/system_wrapper.xsa
TRACE::2026-05-28.14:40:38::SCWPlatform:: Unique name xilinx:::0.0
TRACE::2026-05-28.14:40:38::SCWPlatform::Trying to set the existing hwdb with name system_wrapper_0
TRACE::2026-05-28.14:40:38::SCWPlatform::Opened existing hwdb system_wrapper_0
TRACE::2026-05-28.14:40:38::SCWPlatform::Found the Hw Db part of the input DSA
TRACE::2026-05-28.14:40:38::SCWPlatform::Boot application domain added for zynq_fsbl
TRACE::2026-05-28.14:40:38::SCWPlatform::Generating the sources  .
TRACE::2026-05-28.14:40:38::SCWBDomain::Generating boot domain sources.
TRACE::2026-05-28.14:40:38::SCWBDomain:: Generating the zynq_fsbl Application.
TRACE::2026-05-28.14:40:38::SCWPlatform::Trying to open the hw design at D:/Zynq/vitis/version_2020/26_01_ov5640_lcd/vitis/system_wrapper/hw/system_wrapper.xsa
TRACE::2026-05-28.14:40:38::SCWPlatform::DSA given D:/Zynq/vitis/version_2020/26_01_ov5640_lcd/vitis/system_wrapper/hw/system_wrapper.xsa
TRACE::2026-05-28.14:40:38::SCWPlatform::DSA absoulate path D:/Zynq/vitis/version_2020/26_01_ov5640_lcd/vitis/system_wrapper/hw/system_wrapper.xsa
TRACE::2026-05-28.14:40:38::SCWPlatform::DSA directory D:/Zynq/vitis/version_2020/26_01_ov5640_lcd/vitis/system_wrapper/hw
TRACE::2026-05-28.14:40:38::SCWPlatform:: Platform Path D:/Zynq/vitis/version_2020/26_01_ov5640_lcd/vitis/system_wrapper/hw/system_wrapper.xsa
TRACE::2026-05-28.14:40:38::SCWPlatform:: Unique name xilinx:::0.0
TRACE::2026-05-28.14:40:38::SCWPlatform::Trying to set the existing hwdb with name system_wrapper_0
TRACE::2026-05-28.14:40:38::SCWPlatform::Opened existing hwdb system_wrapper_0
TRACE::2026-05-28.14:40:38::SCWPlatform::Found the Hw Db part of the input DSA
TRACE::2026-05-28.14:40:38::SCWMssOS::Checking the sw design at  D:/Zynq/vitis/version_2020/26_01_ov5640_lcd/vitis/system_wrapper/zynq_fsbl/zynq_fsbl_bsp/system.mss
TRACE::2026-05-28.14:40:38::SCWMssOS::DEBUG:  swdes dump  
TRACE::2026-05-28.14:40:38::SCWMssOS::No sw design opened at  D:/Zynq/vitis/version_2020/26_01_ov5640_lcd/vitis/system_wrapper/zynq_fsbl/zynq_fsbl_bsp/system.mss
TRACE::2026-05-28.14:40:38::SCWMssOS::mss does not exists at D:/Zynq/vitis/version_2020/26_01_ov5640_lcd/vitis/system_wrapper/zynq_fsbl/zynq_fsbl_bsp/system.mss
TRACE::2026-05-28.14:40:38::SCWMssOS::Creating sw design at  D:/Zynq/vitis/version_2020/26_01_ov5640_lcd/vitis/system_wrapper/zynq_fsbl/zynq_fsbl_bsp/system.mss
TRACE::2026-05-28.14:40:38::SCWMssOS::Adding the swdes entry, created swdb D:/Zynq/vitis/version_2020/26_01_ov5640_lcd/vitis/system_wrapper/zynq_fsbl/zynq_fsbl_bsp/system.mss with des name D:/Zynq/vitis/version_2020/26_01_ov5640_lcd/vitis/system_wrapper/zynq_fsbl/zynq_fsbl_bsp/system.mss
TRACE::2026-05-28.14:40:38::SCWMssOS::updating the scw layer changes to swdes at   D:/Zynq/vitis/version_2020/26_01_ov5640_lcd/vitis/system_wrapper/zynq_fsbl/zynq_fsbl_bsp/system.mss
TRACE::2026-05-28.14:40:38::SCWMssOS::Writing mss at D:/Zynq/vitis/version_2020/26_01_ov5640_lcd/vitis/system_wrapper/zynq_fsbl/zynq_fsbl_bsp/system.mss
TRACE::2026-05-28.14:40:38::SCWMssOS::Completed writing the mss file at D:/Zynq/vitis/version_2020/26_01_ov5640_lcd/vitis/system_wrapper/zynq_fsbl/zynq_fsbl_bsp
TRACE::2026-05-28.14:40:38::SCWMssOS::Picking up changes from newly written mss file into SCW Layer. 
TRACE::2026-05-28.14:40:38::SCWMssOS::Updated the changes from newly written mss file into SCW Layer. 
TRACE::2026-05-28.14:40:38::SCWBDomain::Completed writing the mss file at D:/Zynq/vitis/version_2020/26_01_ov5640_lcd/vitis/system_wrapper/zynq_fsbl/zynq_fsbl_bsp
TRACE::2026-05-28.14:40:42::SCWPlatform::Generating sources Done.
TRACE::2026-05-28.14:40:42::SCWPlatform::Trying to open the hw design at D:/Zynq/vitis/version_2020/26_01_ov5640_lcd/vitis/system_wrapper/hw/system_wrapper.xsa
TRACE::2026-05-28.14:40:42::SCWPlatform::DSA given D:/Zynq/vitis/version_2020/26_01_ov5640_lcd/vitis/system_wrapper/hw/system_wrapper.xsa
TRACE::2026-05-28.14:40:42::SCWPlatform::DSA absoulate path D:/Zynq/vitis/version_2020/26_01_ov5640_lcd/vitis/system_wrapper/hw/system_wrapper.xsa
TRACE::2026-05-28.14:40:42::SCWPlatform::DSA directory D:/Zynq/vitis/version_2020/26_01_ov5640_lcd/vitis/system_wrapper/hw
TRACE::2026-05-28.14:40:42::SCWPlatform:: Platform Path D:/Zynq/vitis/version_2020/26_01_ov5640_lcd/vitis/system_wrapper/hw/system_wrapper.xsa
TRACE::2026-05-28.14:40:42::SCWPlatform:: Unique name xilinx:::0.0
TRACE::2026-05-28.14:40:42::SCWPlatform::Trying to set the existing hwdb with name system_wrapper_0
TRACE::2026-05-28.14:40:42::SCWPlatform::Opened existing hwdb system_wrapper_0
TRACE::2026-05-28.14:40:42::SCWPlatform::Found the Hw Db part of the input DSA
TRACE::2026-05-28.14:40:42::SCWMssOS::Checking the sw design at  D:/Zynq/vitis/version_2020/26_01_ov5640_lcd/vitis/system_wrapper/zynq_fsbl/zynq_fsbl_bsp/system.mss
TRACE::2026-05-28.14:40:42::SCWMssOS::DEBUG:  swdes dump  D:/Zynq/vitis/version_2020/26_01_ov5640_lcd/vitis/system_wrapper/zynq_fsbl/zynq_fsbl_bsp/system.mss|D:/Zynq/vitis/version_2020/26_01_ov5640_lcd/vitis/system_wrapper/zynq_fsbl/zynq_fsbl_bsp/system.mss||

KEYINFO::2026-05-28.14:40:42::SCWMssOS::Could not open the swdb for D:/Zynq/vitis/version_2020/26_01_ov5640_lcd/vitis/system_wrapper/zynq_fsbl/zynq_fsbl_bsp/system.mss
KEYINFO::2026-05-28.14:40:42::SCWMssOS::Could not open the sw design at  D:/Zynq/vitis/version_2020/26_01_ov5640_lcd/vitis/system_wrapper/zynq_fsbl/zynq_fsbl_bsp/system.mss
ERROR: [Hsi 55-1558] Software Design D:/Zynq/vitis/version_2020/26_01_ov5640_lcd/vitis/system_wrapper/zynq_fsbl/zynq_fsbl_bsp/system.mss is not found

TRACE::2026-05-28.14:40:42::SCWMssOS::Cleared the swdb table entry
TRACE::2026-05-28.14:40:42::SCWMssOS::No sw design opened at  D:/Zynq/vitis/version_2020/26_01_ov5640_lcd/vitis/system_wrapper/zynq_fsbl/zynq_fsbl_bsp/system.mss
TRACE::2026-05-28.14:40:42::SCWMssOS::mss exists loading the mss file  D:/Zynq/vitis/version_2020/26_01_ov5640_lcd/vitis/system_wrapper/zynq_fsbl/zynq_fsbl_bsp/system.mss
TRACE::2026-05-28.14:40:42::SCWMssOS::Opened the sw design from mss  D:/Zynq/vitis/version_2020/26_01_ov5640_lcd/vitis/system_wrapper/zynq_fsbl/zynq_fsbl_bsp/system.mss
TRACE::2026-05-28.14:40:42::SCWMssOS::Adding the swdes entry D:/Zynq/vitis/version_2020/26_01_ov5640_lcd/vitis/system_wrapper/zynq_fsbl/zynq_fsbl_bsp/system.mss with des name system
TRACE::2026-05-28.14:40:42::SCWMssOS::updating the scw layer about changes
TRACE::2026-05-28.14:40:42::SCWMssOS::Opened the sw design.  D:/Zynq/vitis/version_2020/26_01_ov5640_lcd/vitis/system_wrapper/zynq_fsbl/zynq_fsbl_bsp/system.mss
TRACE::2026-05-28.14:40:42::SCWMssOS::Saving the mss changes D:/Zynq/vitis/version_2020/26_01_ov5640_lcd/vitis/system_wrapper/zynq_fsbl/zynq_fsbl_bsp/system.mss
TRACE::2026-05-28.14:40:42::SCWMssOS::Found a swdesign opened with the mssfile.
TRACE::2026-05-28.14:40:42::SCWMssOS::Completed writemss as part of save.
TRACE::2026-05-28.14:40:42::SCWMssOS::Commit changes completed.
TRACE::2026-05-28.14:40:42::SCWPlatform::Trying to open the hw design at D:/Zynq/vitis/version_2020/26_01_ov5640_lcd/vitis/system_wrapper/hw/system_wrapper.xsa
TRACE::2026-05-28.14:40:42::SCWPlatform::DSA given D:/Zynq/vitis/version_2020/26_01_ov5640_lcd/vitis/system_wrapper/hw/system_wrapper.xsa
TRACE::2026-05-28.14:40:42::SCWPlatform::DSA absoulate path D:/Zynq/vitis/version_2020/26_01_ov5640_lcd/vitis/system_wrapper/hw/system_wrapper.xsa
TRACE::2026-05-28.14:40:42::SCWPlatform::DSA directory D:/Zynq/vitis/version_2020/26_01_ov5640_lcd/vitis/system_wrapper/hw
TRACE::2026-05-28.14:40:42::SCWPlatform:: Platform Path D:/Zynq/vitis/version_2020/26_01_ov5640_lcd/vitis/system_wrapper/hw/system_wrapper.xsa
TRACE::2026-05-28.14:40:42::SCWPlatform:: Unique name xilinx:::0.0
TRACE::2026-05-28.14:40:42::SCWPlatform::Trying to set the existing hwdb with name system_wrapper_0
TRACE::2026-05-28.14:40:42::SCWPlatform::Opened existing hwdb system_wrapper_0
TRACE::2026-05-28.14:40:42::SCWPlatform::Found the Hw Db part of the input DSA
TRACE::2026-05-28.14:40:42::SCWMssOS::Checking the sw design at  D:/Zynq/vitis/version_2020/26_01_ov5640_lcd/vitis/system_wrapper/zynq_fsbl/zynq_fsbl_bsp/system.mss
TRACE::2026-05-28.14:40:42::SCWMssOS::DEBUG:  swdes dump  D:/Zynq/vitis/version_2020/26_01_ov5640_lcd/vitis/system_wrapper/zynq_fsbl/zynq_fsbl_bsp/system.mss|system||

TRACE::2026-05-28.14:40:42::SCWMssOS::Sw design exists and opened at  D:/Zynq/vitis/version_2020/26_01_ov5640_lcd/vitis/system_wrapper/zynq_fsbl/zynq_fsbl_bsp/system.mss
TRACE::2026-05-28.14:40:42::SCWPlatform::Trying to open the hw design at D:/Zynq/vitis/version_2020/26_01_ov5640_lcd/vitis/system_wrapper/hw/system_wrapper.xsa
TRACE::2026-05-28.14:40:42::SCWPlatform::DSA given D:/Zynq/vitis/version_2020/26_01_ov5640_lcd/vitis/system_wrapper/hw/system_wrapper.xsa
TRACE::2026-05-28.14:40:42::SCWPlatform::DSA absoulate path D:/Zynq/vitis/version_2020/26_01_ov5640_lcd/vitis/system_wrapper/hw/system_wrapper.xsa
TRACE::2026-05-28.14:40:42::SCWPlatform::DSA directory D:/Zynq/vitis/version_2020/26_01_ov5640_lcd/vitis/system_wrapper/hw
TRACE::2026-05-28.14:40:42::SCWPlatform:: Platform Path D:/Zynq/vitis/version_2020/26_01_ov5640_lcd/vitis/system_wrapper/hw/system_wrapper.xsa
TRACE::2026-05-28.14:40:42::SCWPlatform:: Unique name xilinx:::0.0
TRACE::2026-05-28.14:40:42::SCWPlatform::Trying to set the existing hwdb with name system_wrapper_0
TRACE::2026-05-28.14:40:42::SCWPlatform::Opened existing hwdb system_wrapper_0
TRACE::2026-05-28.14:40:42::SCWPlatform::Found the Hw Db part of the input DSA
TRACE::2026-05-28.14:40:42::SCWMssOS::Checking the sw design at  D:/Zynq/vitis/version_2020/26_01_ov5640_lcd/vitis/system_wrapper/zynq_fsbl/zynq_fsbl_bsp/system.mss
TRACE::2026-05-28.14:40:42::SCWMssOS::DEBUG:  swdes dump  D:/Zynq/vitis/version_2020/26_01_ov5640_lcd/vitis/system_wrapper/zynq_fsbl/zynq_fsbl_bsp/system.mss|system||

TRACE::2026-05-28.14:40:42::SCWMssOS::Sw design exists and opened at  D:/Zynq/vitis/version_2020/26_01_ov5640_lcd/vitis/system_wrapper/zynq_fsbl/zynq_fsbl_bsp/system.mss
TRACE::2026-05-28.14:40:42::SCWPlatform::Trying to open the hw design at D:/Zynq/vitis/version_2020/26_01_ov5640_lcd/vitis/system_wrapper/hw/system_wrapper.xsa
TRACE::2026-05-28.14:40:42::SCWPlatform::DSA given D:/Zynq/vitis/version_2020/26_01_ov5640_lcd/vitis/system_wrapper/hw/system_wrapper.xsa
TRACE::2026-05-28.14:40:42::SCWPlatform::DSA absoulate path D:/Zynq/vitis/version_2020/26_01_ov5640_lcd/vitis/system_wrapper/hw/system_wrapper.xsa
TRACE::2026-05-28.14:40:42::SCWPlatform::DSA directory D:/Zynq/vitis/version_2020/26_01_ov5640_lcd/vitis/system_wrapper/hw
TRACE::2026-05-28.14:40:42::SCWPlatform:: Platform Path D:/Zynq/vitis/version_2020/26_01_ov5640_lcd/vitis/system_wrapper/hw/system_wrapper.xsa
TRACE::2026-05-28.14:40:42::SCWPlatform:: Unique name xilinx:::0.0
TRACE::2026-05-28.14:40:42::SCWPlatform::Trying to set the existing hwdb with name system_wrapper_0
TRACE::2026-05-28.14:40:42::SCWPlatform::Opened existing hwdb system_wrapper_0
TRACE::2026-05-28.14:40:42::SCWPlatform::Found the Hw Db part of the input DSA
TRACE::2026-05-28.14:40:42::SCWMssOS::Checking the sw design at  D:/Zynq/vitis/version_2020/26_01_ov5640_lcd/vitis/system_wrapper/zynq_fsbl/zynq_fsbl_bsp/system.mss
TRACE::2026-05-28.14:40:42::SCWMssOS::DEBUG:  swdes dump  D:/Zynq/vitis/version_2020/26_01_ov5640_lcd/vitis/system_wrapper/zynq_fsbl/zynq_fsbl_bsp/system.mss|system||

TRACE::2026-05-28.14:40:42::SCWMssOS::Sw design exists and opened at  D:/Zynq/vitis/version_2020/26_01_ov5640_lcd/vitis/system_wrapper/zynq_fsbl/zynq_fsbl_bsp/system.mss
TRACE::2026-05-28.14:40:42::SCWWriter::formatted JSON is {
	"platformName":	"system_wrapper",
	"sprVersion":	"2.0",
	"mode":	"gui",
	"dsaType":	"Fixed",
	"platformDesc":	"system_wrapper",
	"platHandOff":	"<platformDir>.xsa",
	"platIntHandOff":	"<platformDir>/hw/system_wrapper.xsa",
	"deviceType":	"zynq",
	"platIsPrebuiltAutogen":	"false",
	"platIsNoBootBsp":	"false",
	"platFsblTarget":	"ps7_cortexa9_0",
	"hasFsblMakeHasChanges":	"false",
	"hasPmufwMakeHasChanges":	"false",
	"fsblExtraCompilerFlags":	"-MMD -MP       -mcpu=cortex-a9 -mfpu=vfpv3 -mfloat-abi=hard ",
	"platPreBuiltFlag":	false,
	"platformSamplesDir":	"",
	"platActiveSys":	"system_wrapper",
	"systems":	[{
			"systemName":	"system_wrapper",
			"systemDesc":	"system_wrapper",
			"sysIsBootAutoGen":	"true",
			"systemDispName":	"system_wrapper",
			"sysActiveDom":	"zynq_fsbl",
			"sysDefaultDom":	"",
			"domains":	[{
					"domainName":	"zynq_fsbl",
					"domainDispName":	"zynq_fsbl",
					"domainDesc":	"FSBL Application BSP - Auto Generated.",
					"processors":	"ps7_cortexa9_0",
					"os":	"standalone",
					"sdxOs":	"standalone",
					"debugEnable":	"",
					"domRuntimes":	["cpp"],
					"swRepo":	"",
					"mssOsVer":	"7.3",
					"mssFile":	"",
					"md5Digest":	"d1bfd94dec7a4524b140d88866ac8af0",
					"compatibleApp":	"zynq_fsbl",
					"domType":	"bootDomain",
					"arch":	"32-bit",
					"appSettings":	{
						"appCompilerFlags":	"",
						"appLinkerFlags":	""
					},
					"addedLibs":	["xilffs:4.4", "xilrsa:1.6"],
					"libOptions":	{
						"libsContainingOptions":	[]
					},
					"prebuiltLibs":	{
						"prebuiltIncPath":	[],
						"prebuiltLibPath":	[]
					},
					"isolation":	{
					}
				}]
		}]
}
TRACE::2026-05-28.14:40:42::SCWMssOS::Saving the mss changes D:/Zynq/vitis/version_2020/26_01_ov5640_lcd/vitis/system_wrapper/zynq_fsbl/zynq_fsbl_bsp/system.mss
TRACE::2026-05-28.14:40:42::SCWMssOS::Found a swdesign opened with the mssfile.
TRACE::2026-05-28.14:40:42::SCWMssOS::Completed writemss as part of save.
TRACE::2026-05-28.14:40:42::SCWMssOS::Commit changes completed.
TRACE::2026-05-28.14:40:42::SCWPlatform::Trying to open the hw design at D:/Zynq/vitis/version_2020/26_01_ov5640_lcd/vitis/system_wrapper/hw/system_wrapper.xsa
TRACE::2026-05-28.14:40:42::SCWPlatform::DSA given D:/Zynq/vitis/version_2020/26_01_ov5640_lcd/vitis/system_wrapper/hw/system_wrapper.xsa
TRACE::2026-05-28.14:40:42::SCWPlatform::DSA absoulate path D:/Zynq/vitis/version_2020/26_01_ov5640_lcd/vitis/system_wrapper/hw/system_wrapper.xsa
TRACE::2026-05-28.14:40:42::SCWPlatform::DSA directory D:/Zynq/vitis/version_2020/26_01_ov5640_lcd/vitis/system_wrapper/hw
TRACE::2026-05-28.14:40:42::SCWPlatform:: Platform Path D:/Zynq/vitis/version_2020/26_01_ov5640_lcd/vitis/system_wrapper/hw/system_wrapper.xsa
TRACE::2026-05-28.14:40:42::SCWPlatform:: Unique name xilinx:::0.0
TRACE::2026-05-28.14:40:42::SCWPlatform::Trying to set the existing hwdb with name system_wrapper_0
TRACE::2026-05-28.14:40:42::SCWPlatform::Opened existing hwdb system_wrapper_0
TRACE::2026-05-28.14:40:42::SCWPlatform::Found the Hw Db part of the input DSA
TRACE::2026-05-28.14:40:42::SCWMssOS::Checking the sw design at  D:/Zynq/vitis/version_2020/26_01_ov5640_lcd/vitis/system_wrapper/zynq_fsbl/zynq_fsbl_bsp/system.mss
TRACE::2026-05-28.14:40:42::SCWMssOS::DEBUG:  swdes dump  D:/Zynq/vitis/version_2020/26_01_ov5640_lcd/vitis/system_wrapper/zynq_fsbl/zynq_fsbl_bsp/system.mss|system||

TRACE::2026-05-28.14:40:42::SCWMssOS::Sw design exists and opened at  D:/Zynq/vitis/version_2020/26_01_ov5640_lcd/vitis/system_wrapper/zynq_fsbl/zynq_fsbl_bsp/system.mss
TRACE::2026-05-28.14:40:42::SCWPlatform::Trying to open the hw design at D:/Zynq/vitis/version_2020/26_01_ov5640_lcd/vitis/system_wrapper/hw/system_wrapper.xsa
TRACE::2026-05-28.14:40:42::SCWPlatform::DSA given D:/Zynq/vitis/version_2020/26_01_ov5640_lcd/vitis/system_wrapper/hw/system_wrapper.xsa
TRACE::2026-05-28.14:40:42::SCWPlatform::DSA absoulate path D:/Zynq/vitis/version_2020/26_01_ov5640_lcd/vitis/system_wrapper/hw/system_wrapper.xsa
TRACE::2026-05-28.14:40:42::SCWPlatform::DSA directory D:/Zynq/vitis/version_2020/26_01_ov5640_lcd/vitis/system_wrapper/hw
TRACE::2026-05-28.14:40:42::SCWPlatform:: Platform Path D:/Zynq/vitis/version_2020/26_01_ov5640_lcd/vitis/system_wrapper/hw/system_wrapper.xsa
TRACE::2026-05-28.14:40:42::SCWPlatform:: Unique name xilinx:::0.0
TRACE::2026-05-28.14:40:42::SCWPlatform::Trying to set the existing hwdb with name system_wrapper_0
TRACE::2026-05-28.14:40:42::SCWPlatform::Opened existing hwdb system_wrapper_0
TRACE::2026-05-28.14:40:42::SCWPlatform::Found the Hw Db part of the input DSA
TRACE::2026-05-28.14:40:42::SCWMssOS::Checking the sw design at  D:/Zynq/vitis/version_2020/26_01_ov5640_lcd/vitis/system_wrapper/zynq_fsbl/zynq_fsbl_bsp/system.mss
TRACE::2026-05-28.14:40:42::SCWMssOS::DEBUG:  swdes dump  D:/Zynq/vitis/version_2020/26_01_ov5640_lcd/vitis/system_wrapper/zynq_fsbl/zynq_fsbl_bsp/system.mss|system||

TRACE::2026-05-28.14:40:42::SCWMssOS::Sw design exists and opened at  D:/Zynq/vitis/version_2020/26_01_ov5640_lcd/vitis/system_wrapper/zynq_fsbl/zynq_fsbl_bsp/system.mss
TRACE::2026-05-28.14:40:42::SCWPlatform::Trying to open the hw design at D:/Zynq/vitis/version_2020/26_01_ov5640_lcd/vitis/system_wrapper/hw/system_wrapper.xsa
TRACE::2026-05-28.14:40:42::SCWPlatform::DSA given D:/Zynq/vitis/version_2020/26_01_ov5640_lcd/vitis/system_wrapper/hw/system_wrapper.xsa
TRACE::2026-05-28.14:40:42::SCWPlatform::DSA absoulate path D:/Zynq/vitis/version_2020/26_01_ov5640_lcd/vitis/system_wrapper/hw/system_wrapper.xsa
TRACE::2026-05-28.14:40:42::SCWPlatform::DSA directory D:/Zynq/vitis/version_2020/26_01_ov5640_lcd/vitis/system_wrapper/hw
TRACE::2026-05-28.14:40:42::SCWPlatform:: Platform Path D:/Zynq/vitis/version_2020/26_01_ov5640_lcd/vitis/system_wrapper/hw/system_wrapper.xsa
TRACE::2026-05-28.14:40:42::SCWPlatform:: Unique name xilinx:::0.0
TRACE::2026-05-28.14:40:42::SCWPlatform::Trying to set the existing hwdb with name system_wrapper_0
TRACE::2026-05-28.14:40:42::SCWPlatform::Opened existing hwdb system_wrapper_0
TRACE::2026-05-28.14:40:42::SCWPlatform::Found the Hw Db part of the input DSA
TRACE::2026-05-28.14:40:42::SCWMssOS::Checking the sw design at  D:/Zynq/vitis/version_2020/26_01_ov5640_lcd/vitis/system_wrapper/zynq_fsbl/zynq_fsbl_bsp/system.mss
TRACE::2026-05-28.14:40:42::SCWMssOS::DEBUG:  swdes dump  D:/Zynq/vitis/version_2020/26_01_ov5640_lcd/vitis/system_wrapper/zynq_fsbl/zynq_fsbl_bsp/system.mss|system||

TRACE::2026-05-28.14:40:42::SCWMssOS::Sw design exists and opened at  D:/Zynq/vitis/version_2020/26_01_ov5640_lcd/vitis/system_wrapper/zynq_fsbl/zynq_fsbl_bsp/system.mss
TRACE::2026-05-28.14:40:42::SCWWriter::formatted JSON is {
	"platformName":	"system_wrapper",
	"sprVersion":	"2.0",
	"mode":	"gui",
	"dsaType":	"Fixed",
	"platformDesc":	"system_wrapper",
	"platHandOff":	"<platformDir>.xsa",
	"platIntHandOff":	"<platformDir>/hw/system_wrapper.xsa",
	"deviceType":	"zynq",
	"platIsPrebuiltAutogen":	"false",
	"platIsNoBootBsp":	"false",
	"platFsblTarget":	"ps7_cortexa9_0",
	"hasFsblMakeHasChanges":	"false",
	"hasPmufwMakeHasChanges":	"false",
	"fsblExtraCompilerFlags":	"-MMD -MP       -mcpu=cortex-a9 -mfpu=vfpv3 -mfloat-abi=hard ",
	"platPreBuiltFlag":	false,
	"platformSamplesDir":	"",
	"platActiveSys":	"system_wrapper",
	"systems":	[{
			"systemName":	"system_wrapper",
			"systemDesc":	"system_wrapper",
			"sysIsBootAutoGen":	"true",
			"systemDispName":	"system_wrapper",
			"sysActiveDom":	"zynq_fsbl",
			"sysDefaultDom":	"",
			"domains":	[{
					"domainName":	"zynq_fsbl",
					"domainDispName":	"zynq_fsbl",
					"domainDesc":	"FSBL Application BSP - Auto Generated.",
					"processors":	"ps7_cortexa9_0",
					"os":	"standalone",
					"sdxOs":	"standalone",
					"debugEnable":	"",
					"domRuntimes":	["cpp"],
					"swRepo":	"",
					"mssOsVer":	"7.3",
					"mssFile":	"",
					"md5Digest":	"d1bfd94dec7a4524b140d88866ac8af0",
					"compatibleApp":	"zynq_fsbl",
					"domType":	"bootDomain",
					"arch":	"32-bit",
					"appSettings":	{
						"appCompilerFlags":	"",
						"appLinkerFlags":	""
					},
					"addedLibs":	["xilffs:4.4", "xilrsa:1.6"],
					"libOptions":	{
						"libsContainingOptions":	[]
					},
					"prebuiltLibs":	{
						"prebuiltIncPath":	[],
						"prebuiltLibPath":	[]
					},
					"isolation":	{
					}
				}]
		}]
}
TRACE::2026-05-28.14:40:42::SCWDomain::checking for install qemu data   : 
TRACE::2026-05-28.14:40:42::SCWDomain:: Using the QEMU Data from install at  : C:/Xilinx/Vitis/2020.2/data/emulation/platforms/zynq/sw/a9_standalone/qemu/
TRACE::2026-05-28.14:40:42::SCWDomain:: Using the QEMU args  from install at  : C:/Xilinx/Vitis/2020.2/data/emulation/platforms/zynq/sw/a9_standalone/qemu/qemu_args.txt
TRACE::2026-05-28.14:40:42::SCWPlatform::Trying to open the hw design at D:/Zynq/vitis/version_2020/26_01_ov5640_lcd/vitis/system_wrapper/hw/system_wrapper.xsa
TRACE::2026-05-28.14:40:42::SCWPlatform::DSA given D:/Zynq/vitis/version_2020/26_01_ov5640_lcd/vitis/system_wrapper/hw/system_wrapper.xsa
TRACE::2026-05-28.14:40:42::SCWPlatform::DSA absoulate path D:/Zynq/vitis/version_2020/26_01_ov5640_lcd/vitis/system_wrapper/hw/system_wrapper.xsa
TRACE::2026-05-28.14:40:42::SCWPlatform::DSA directory D:/Zynq/vitis/version_2020/26_01_ov5640_lcd/vitis/system_wrapper/hw
TRACE::2026-05-28.14:40:42::SCWPlatform:: Platform Path D:/Zynq/vitis/version_2020/26_01_ov5640_lcd/vitis/system_wrapper/hw/system_wrapper.xsa
TRACE::2026-05-28.14:40:42::SCWPlatform:: Unique name xilinx:::0.0
TRACE::2026-05-28.14:40:42::SCWPlatform::Trying to set the existing hwdb with name system_wrapper_0
TRACE::2026-05-28.14:40:42::SCWPlatform::Opened existing hwdb system_wrapper_0
TRACE::2026-05-28.14:40:42::SCWPlatform::Found the Hw Db part of the input DSA
TRACE::2026-05-28.14:40:42::SCWPlatform::Trying to open the hw design at D:/Zynq/vitis/version_2020/26_01_ov5640_lcd/vitis/system_wrapper/hw/system_wrapper.xsa
TRACE::2026-05-28.14:40:42::SCWPlatform::DSA given D:/Zynq/vitis/version_2020/26_01_ov5640_lcd/vitis/system_wrapper/hw/system_wrapper.xsa
TRACE::2026-05-28.14:40:42::SCWPlatform::DSA absoulate path D:/Zynq/vitis/version_2020/26_01_ov5640_lcd/vitis/system_wrapper/hw/system_wrapper.xsa
TRACE::2026-05-28.14:40:42::SCWPlatform::DSA directory D:/Zynq/vitis/version_2020/26_01_ov5640_lcd/vitis/system_wrapper/hw
TRACE::2026-05-28.14:40:42::SCWPlatform:: Platform Path D:/Zynq/vitis/version_2020/26_01_ov5640_lcd/vitis/system_wrapper/hw/system_wrapper.xsa
TRACE::2026-05-28.14:40:42::SCWPlatform:: Unique name xilinx:::0.0
TRACE::2026-05-28.14:40:42::SCWPlatform::Trying to set the existing hwdb with name system_wrapper_0
TRACE::2026-05-28.14:40:42::SCWPlatform::Opened existing hwdb system_wrapper_0
TRACE::2026-05-28.14:40:42::SCWPlatform::Found the Hw Db part of the input DSA
TRACE::2026-05-28.14:40:42::SCWPlatform::Trying to open the hw design at D:/Zynq/vitis/version_2020/26_01_ov5640_lcd/vitis/system_wrapper/hw/system_wrapper.xsa
TRACE::2026-05-28.14:40:42::SCWPlatform::DSA given D:/Zynq/vitis/version_2020/26_01_ov5640_lcd/vitis/system_wrapper/hw/system_wrapper.xsa
TRACE::2026-05-28.14:40:42::SCWPlatform::DSA absoulate path D:/Zynq/vitis/version_2020/26_01_ov5640_lcd/vitis/system_wrapper/hw/system_wrapper.xsa
TRACE::2026-05-28.14:40:42::SCWPlatform::DSA directory D:/Zynq/vitis/version_2020/26_01_ov5640_lcd/vitis/system_wrapper/hw
TRACE::2026-05-28.14:40:42::SCWPlatform:: Platform Path D:/Zynq/vitis/version_2020/26_01_ov5640_lcd/vitis/system_wrapper/hw/system_wrapper.xsa
TRACE::2026-05-28.14:40:42::SCWPlatform:: Unique name xilinx:::0.0
TRACE::2026-05-28.14:40:42::SCWPlatform::Trying to set the existing hwdb with name system_wrapper_0
TRACE::2026-05-28.14:40:42::SCWPlatform::Opened existing hwdb system_wrapper_0
TRACE::2026-05-28.14:40:42::SCWPlatform::Found the Hw Db part of the input DSA
TRACE::2026-05-28.14:40:42::SCWMssOS::Checking the sw design at  D:/Zynq/vitis/version_2020/26_01_ov5640_lcd/vitis/system_wrapper/ps7_cortexa9_0/standalone_ps7_cortexa9_0/bsp/system.mss
TRACE::2026-05-28.14:40:42::SCWMssOS::DEBUG:  swdes dump  D:/Zynq/vitis/version_2020/26_01_ov5640_lcd/vitis/system_wrapper/zynq_fsbl/zynq_fsbl_bsp/system.mss|system||

TRACE::2026-05-28.14:40:42::SCWMssOS::No sw design opened at  D:/Zynq/vitis/version_2020/26_01_ov5640_lcd/vitis/system_wrapper/ps7_cortexa9_0/standalone_ps7_cortexa9_0/bsp/system.mss
TRACE::2026-05-28.14:40:42::SCWMssOS::mss does not exists at D:/Zynq/vitis/version_2020/26_01_ov5640_lcd/vitis/system_wrapper/ps7_cortexa9_0/standalone_ps7_cortexa9_0/bsp/system.mss
TRACE::2026-05-28.14:40:42::SCWMssOS::Creating sw design at  D:/Zynq/vitis/version_2020/26_01_ov5640_lcd/vitis/system_wrapper/ps7_cortexa9_0/standalone_ps7_cortexa9_0/bsp/system.mss
TRACE::2026-05-28.14:40:42::SCWMssOS::Adding the swdes entry, created swdb D:/Zynq/vitis/version_2020/26_01_ov5640_lcd/vitis/system_wrapper/ps7_cortexa9_0/standalone_ps7_cortexa9_0/bsp/system.mss with des name D:/Zynq/vitis/version_2020/26_01_ov5640_lcd/vitis/system_wrapper/ps7_cortexa9_0/standalone_ps7_cortexa9_0/bsp/system.mss
TRACE::2026-05-28.14:40:42::SCWMssOS::updating the scw layer changes to swdes at   D:/Zynq/vitis/version_2020/26_01_ov5640_lcd/vitis/system_wrapper/ps7_cortexa9_0/standalone_ps7_cortexa9_0/bsp/system.mss
TRACE::2026-05-28.14:40:42::SCWMssOS::Writing mss at D:/Zynq/vitis/version_2020/26_01_ov5640_lcd/vitis/system_wrapper/ps7_cortexa9_0/standalone_ps7_cortexa9_0/bsp/system.mss
TRACE::2026-05-28.14:40:42::SCWMssOS::Completed writing the mss file at D:/Zynq/vitis/version_2020/26_01_ov5640_lcd/vitis/system_wrapper/ps7_cortexa9_0/standalone_ps7_cortexa9_0/bsp
TRACE::2026-05-28.14:40:42::SCWMssOS::Picking up changes from newly written mss file into SCW Layer. 
TRACE::2026-05-28.14:40:42::SCWMssOS::Updated the changes from newly written mss file into SCW Layer. 
TRACE::2026-05-28.14:40:42::SCWMssOS::Completed writing the mss file at D:/Zynq/vitis/version_2020/26_01_ov5640_lcd/vitis/system_wrapper/ps7_cortexa9_0/standalone_ps7_cortexa9_0/bsp
TRACE::2026-05-28.14:40:42::SCWMssOS::Forcing BSP Sources regeneration.
TRACE::2026-05-28.14:40:43::SCWMssOS::Saving the mss changes D:/Zynq/vitis/version_2020/26_01_ov5640_lcd/vitis/system_wrapper/zynq_fsbl/zynq_fsbl_bsp/system.mss
TRACE::2026-05-28.14:40:43::SCWMssOS::Found a swdesign opened with the mssfile.
TRACE::2026-05-28.14:40:43::SCWMssOS::Completed writemss as part of save.
TRACE::2026-05-28.14:40:43::SCWMssOS::Commit changes completed.
TRACE::2026-05-28.14:40:43::SCWMssOS::Saving the mss changes D:/Zynq/vitis/version_2020/26_01_ov5640_lcd/vitis/system_wrapper/ps7_cortexa9_0/standalone_ps7_cortexa9_0/bsp/system.mss
TRACE::2026-05-28.14:40:43::SCWMssOS::Found a swdesign opened with the mssfile.
TRACE::2026-05-28.14:40:43::SCWMssOS::Running validate of swdbs.
KEYINFO::2026-05-28.14:40:43::SCWMssOS::Could not open the swdb for D:/Zynq/vitis/version_2020/26_01_ov5640_lcd/vitis/system_wrapper/ps7_cortexa9_0/standalone_ps7_cortexa9_0/bsp/system.mss
KEYINFO::2026-05-28.14:40:43::SCWMssOS::Could not open the sw design at  D:/Zynq/vitis/version_2020/26_01_ov5640_lcd/vitis/system_wrapper/ps7_cortexa9_0/standalone_ps7_cortexa9_0/bsp/system.mss
ERROR: [Hsi 55-1558] Software Design D:/Zynq/vitis/version_2020/26_01_ov5640_lcd/vitis/system_wrapper/ps7_cortexa9_0/standalone_ps7_cortexa9_0/bsp/system.mss is not found

TRACE::2026-05-28.14:40:43::SCWMssOS::Cleared the swdb table entry
TRACE::2026-05-28.14:40:43::SCWMssOS::Adding the swdes entry, mss present, able to open swdb D:/Zynq/vitis/version_2020/26_01_ov5640_lcd/vitis/system_wrapper/ps7_cortexa9_0/standalone_ps7_cortexa9_0/bsp/system.mss with des name system_0
TRACE::2026-05-28.14:40:43::SCWMssOS::Writing the mss file completed D:/Zynq/vitis/version_2020/26_01_ov5640_lcd/vitis/system_wrapper/ps7_cortexa9_0/standalone_ps7_cortexa9_0/bsp/system.mss
TRACE::2026-05-28.14:40:43::SCWMssOS::Commit changes completed.
TRACE::2026-05-28.14:40:43::SCWPlatform::Trying to open the hw design at D:/Zynq/vitis/version_2020/26_01_ov5640_lcd/vitis/system_wrapper/hw/system_wrapper.xsa
TRACE::2026-05-28.14:40:43::SCWPlatform::DSA given D:/Zynq/vitis/version_2020/26_01_ov5640_lcd/vitis/system_wrapper/hw/system_wrapper.xsa
TRACE::2026-05-28.14:40:43::SCWPlatform::DSA absoulate path D:/Zynq/vitis/version_2020/26_01_ov5640_lcd/vitis/system_wrapper/hw/system_wrapper.xsa
TRACE::2026-05-28.14:40:43::SCWPlatform::DSA directory D:/Zynq/vitis/version_2020/26_01_ov5640_lcd/vitis/system_wrapper/hw
TRACE::2026-05-28.14:40:43::SCWPlatform:: Platform Path D:/Zynq/vitis/version_2020/26_01_ov5640_lcd/vitis/system_wrapper/hw/system_wrapper.xsa
TRACE::2026-05-28.14:40:43::SCWPlatform:: Unique name xilinx:::0.0
TRACE::2026-05-28.14:40:43::SCWPlatform::Trying to set the existing hwdb with name system_wrapper_0
TRACE::2026-05-28.14:40:43::SCWPlatform::Opened existing hwdb system_wrapper_0
TRACE::2026-05-28.14:40:43::SCWPlatform::Found the Hw Db part of the input DSA
TRACE::2026-05-28.14:40:43::SCWMssOS::Checking the sw design at  D:/Zynq/vitis/version_2020/26_01_ov5640_lcd/vitis/system_wrapper/zynq_fsbl/zynq_fsbl_bsp/system.mss
TRACE::2026-05-28.14:40:43::SCWMssOS::DEBUG:  swdes dump  D:/Zynq/vitis/version_2020/26_01_ov5640_lcd/vitis/system_wrapper/ps7_cortexa9_0/standalone_ps7_cortexa9_0/bsp/system.mss|system_0||
D:/Zynq/vitis/version_2020/26_01_ov5640_lcd/vitis/system_wrapper/zynq_fsbl/zynq_fsbl_bsp/system.mss|system||

TRACE::2026-05-28.14:40:43::SCWMssOS::Sw design exists and opened at  D:/Zynq/vitis/version_2020/26_01_ov5640_lcd/vitis/system_wrapper/zynq_fsbl/zynq_fsbl_bsp/system.mss
TRACE::2026-05-28.14:40:43::SCWPlatform::Trying to open the hw design at D:/Zynq/vitis/version_2020/26_01_ov5640_lcd/vitis/system_wrapper/hw/system_wrapper.xsa
TRACE::2026-05-28.14:40:43::SCWPlatform::DSA given D:/Zynq/vitis/version_2020/26_01_ov5640_lcd/vitis/system_wrapper/hw/system_wrapper.xsa
TRACE::2026-05-28.14:40:43::SCWPlatform::DSA absoulate path D:/Zynq/vitis/version_2020/26_01_ov5640_lcd/vitis/system_wrapper/hw/system_wrapper.xsa
TRACE::2026-05-28.14:40:43::SCWPlatform::DSA directory D:/Zynq/vitis/version_2020/26_01_ov5640_lcd/vitis/system_wrapper/hw
TRACE::2026-05-28.14:40:43::SCWPlatform:: Platform Path D:/Zynq/vitis/version_2020/26_01_ov5640_lcd/vitis/system_wrapper/hw/system_wrapper.xsa
TRACE::2026-05-28.14:40:43::SCWPlatform:: Unique name xilinx:::0.0
TRACE::2026-05-28.14:40:43::SCWPlatform::Trying to set the existing hwdb with name system_wrapper_0
TRACE::2026-05-28.14:40:43::SCWPlatform::Opened existing hwdb system_wrapper_0
TRACE::2026-05-28.14:40:43::SCWPlatform::Found the Hw Db part of the input DSA
TRACE::2026-05-28.14:40:43::SCWMssOS::Checking the sw design at  D:/Zynq/vitis/version_2020/26_01_ov5640_lcd/vitis/system_wrapper/zynq_fsbl/zynq_fsbl_bsp/system.mss
TRACE::2026-05-28.14:40:43::SCWMssOS::DEBUG:  swdes dump  D:/Zynq/vitis/version_2020/26_01_ov5640_lcd/vitis/system_wrapper/ps7_cortexa9_0/standalone_ps7_cortexa9_0/bsp/system.mss|system_0||
D:/Zynq/vitis/version_2020/26_01_ov5640_lcd/vitis/system_wrapper/zynq_fsbl/zynq_fsbl_bsp/system.mss|system||

TRACE::2026-05-28.14:40:43::SCWMssOS::Sw design exists and opened at  D:/Zynq/vitis/version_2020/26_01_ov5640_lcd/vitis/system_wrapper/zynq_fsbl/zynq_fsbl_bsp/system.mss
TRACE::2026-05-28.14:40:43::SCWPlatform::Trying to open the hw design at D:/Zynq/vitis/version_2020/26_01_ov5640_lcd/vitis/system_wrapper/hw/system_wrapper.xsa
TRACE::2026-05-28.14:40:43::SCWPlatform::DSA given D:/Zynq/vitis/version_2020/26_01_ov5640_lcd/vitis/system_wrapper/hw/system_wrapper.xsa
TRACE::2026-05-28.14:40:43::SCWPlatform::DSA absoulate path D:/Zynq/vitis/version_2020/26_01_ov5640_lcd/vitis/system_wrapper/hw/system_wrapper.xsa
TRACE::2026-05-28.14:40:43::SCWPlatform::DSA directory D:/Zynq/vitis/version_2020/26_01_ov5640_lcd/vitis/system_wrapper/hw
TRACE::2026-05-28.14:40:43::SCWPlatform:: Platform Path D:/Zynq/vitis/version_2020/26_01_ov5640_lcd/vitis/system_wrapper/hw/system_wrapper.xsa
TRACE::2026-05-28.14:40:43::SCWPlatform:: Unique name xilinx:::0.0
TRACE::2026-05-28.14:40:43::SCWPlatform::Trying to set the existing hwdb with name system_wrapper_0
TRACE::2026-05-28.14:40:43::SCWPlatform::Opened existing hwdb system_wrapper_0
TRACE::2026-05-28.14:40:43::SCWPlatform::Found the Hw Db part of the input DSA
TRACE::2026-05-28.14:40:43::SCWMssOS::Checking the sw design at  D:/Zynq/vitis/version_2020/26_01_ov5640_lcd/vitis/system_wrapper/zynq_fsbl/zynq_fsbl_bsp/system.mss
TRACE::2026-05-28.14:40:43::SCWMssOS::DEBUG:  swdes dump  D:/Zynq/vitis/version_2020/26_01_ov5640_lcd/vitis/system_wrapper/ps7_cortexa9_0/standalone_ps7_cortexa9_0/bsp/system.mss|system_0||
D:/Zynq/vitis/version_2020/26_01_ov5640_lcd/vitis/system_wrapper/zynq_fsbl/zynq_fsbl_bsp/system.mss|system||

TRACE::2026-05-28.14:40:43::SCWMssOS::Sw design exists and opened at  D:/Zynq/vitis/version_2020/26_01_ov5640_lcd/vitis/system_wrapper/zynq_fsbl/zynq_fsbl_bsp/system.mss
TRACE::2026-05-28.14:40:43::SCWPlatform::Trying to open the hw design at D:/Zynq/vitis/version_2020/26_01_ov5640_lcd/vitis/system_wrapper/hw/system_wrapper.xsa
TRACE::2026-05-28.14:40:43::SCWPlatform::DSA given D:/Zynq/vitis/version_2020/26_01_ov5640_lcd/vitis/system_wrapper/hw/system_wrapper.xsa
TRACE::2026-05-28.14:40:43::SCWPlatform::DSA absoulate path D:/Zynq/vitis/version_2020/26_01_ov5640_lcd/vitis/system_wrapper/hw/system_wrapper.xsa
TRACE::2026-05-28.14:40:43::SCWPlatform::DSA directory D:/Zynq/vitis/version_2020/26_01_ov5640_lcd/vitis/system_wrapper/hw
TRACE::2026-05-28.14:40:43::SCWPlatform:: Platform Path D:/Zynq/vitis/version_2020/26_01_ov5640_lcd/vitis/system_wrapper/hw/system_wrapper.xsa
TRACE::2026-05-28.14:40:43::SCWPlatform:: Unique name xilinx:::0.0
TRACE::2026-05-28.14:40:43::SCWPlatform::Trying to set the existing hwdb with name system_wrapper_0
TRACE::2026-05-28.14:40:43::SCWPlatform::Opened existing hwdb system_wrapper_0
TRACE::2026-05-28.14:40:43::SCWPlatform::Found the Hw Db part of the input DSA
TRACE::2026-05-28.14:40:43::SCWMssOS::Checking the sw design at  D:/Zynq/vitis/version_2020/26_01_ov5640_lcd/vitis/system_wrapper/ps7_cortexa9_0/standalone_ps7_cortexa9_0/bsp/system.mss
TRACE::2026-05-28.14:40:43::SCWMssOS::DEBUG:  swdes dump  D:/Zynq/vitis/version_2020/26_01_ov5640_lcd/vitis/system_wrapper/ps7_cortexa9_0/standalone_ps7_cortexa9_0/bsp/system.mss|system_0||
D:/Zynq/vitis/version_2020/26_01_ov5640_lcd/vitis/system_wrapper/zynq_fsbl/zynq_fsbl_bsp/system.mss|system||

TRACE::2026-05-28.14:40:43::SCWMssOS::Sw design exists and opened at  D:/Zynq/vitis/version_2020/26_01_ov5640_lcd/vitis/system_wrapper/ps7_cortexa9_0/standalone_ps7_cortexa9_0/bsp/system.mss
TRACE::2026-05-28.14:40:43::SCWPlatform::Trying to open the hw design at D:/Zynq/vitis/version_2020/26_01_ov5640_lcd/vitis/system_wrapper/hw/system_wrapper.xsa
TRACE::2026-05-28.14:40:43::SCWPlatform::DSA given D:/Zynq/vitis/version_2020/26_01_ov5640_lcd/vitis/system_wrapper/hw/system_wrapper.xsa
TRACE::2026-05-28.14:40:43::SCWPlatform::DSA absoulate path D:/Zynq/vitis/version_2020/26_01_ov5640_lcd/vitis/system_wrapper/hw/system_wrapper.xsa
TRACE::2026-05-28.14:40:43::SCWPlatform::DSA directory D:/Zynq/vitis/version_2020/26_01_ov5640_lcd/vitis/system_wrapper/hw
TRACE::2026-05-28.14:40:43::SCWPlatform:: Platform Path D:/Zynq/vitis/version_2020/26_01_ov5640_lcd/vitis/system_wrapper/hw/system_wrapper.xsa
TRACE::2026-05-28.14:40:43::SCWPlatform:: Unique name xilinx:::0.0
TRACE::2026-05-28.14:40:43::SCWPlatform::Trying to set the existing hwdb with name system_wrapper_0
TRACE::2026-05-28.14:40:43::SCWPlatform::Opened existing hwdb system_wrapper_0
TRACE::2026-05-28.14:40:43::SCWPlatform::Found the Hw Db part of the input DSA
TRACE::2026-05-28.14:40:43::SCWMssOS::Checking the sw design at  D:/Zynq/vitis/version_2020/26_01_ov5640_lcd/vitis/system_wrapper/ps7_cortexa9_0/standalone_ps7_cortexa9_0/bsp/system.mss
TRACE::2026-05-28.14:40:43::SCWMssOS::DEBUG:  swdes dump  D:/Zynq/vitis/version_2020/26_01_ov5640_lcd/vitis/system_wrapper/ps7_cortexa9_0/standalone_ps7_cortexa9_0/bsp/system.mss|system_0||
D:/Zynq/vitis/version_2020/26_01_ov5640_lcd/vitis/system_wrapper/zynq_fsbl/zynq_fsbl_bsp/system.mss|system||

TRACE::2026-05-28.14:40:43::SCWMssOS::Sw design exists and opened at  D:/Zynq/vitis/version_2020/26_01_ov5640_lcd/vitis/system_wrapper/ps7_cortexa9_0/standalone_ps7_cortexa9_0/bsp/system.mss
TRACE::2026-05-28.14:40:43::SCWPlatform::Trying to open the hw design at D:/Zynq/vitis/version_2020/26_01_ov5640_lcd/vitis/system_wrapper/hw/system_wrapper.xsa
TRACE::2026-05-28.14:40:43::SCWPlatform::DSA given D:/Zynq/vitis/version_2020/26_01_ov5640_lcd/vitis/system_wrapper/hw/system_wrapper.xsa
TRACE::2026-05-28.14:40:43::SCWPlatform::DSA absoulate path D:/Zynq/vitis/version_2020/26_01_ov5640_lcd/vitis/system_wrapper/hw/system_wrapper.xsa
TRACE::2026-05-28.14:40:43::SCWPlatform::DSA directory D:/Zynq/vitis/version_2020/26_01_ov5640_lcd/vitis/system_wrapper/hw
TRACE::2026-05-28.14:40:43::SCWPlatform:: Platform Path D:/Zynq/vitis/version_2020/26_01_ov5640_lcd/vitis/system_wrapper/hw/system_wrapper.xsa
TRACE::2026-05-28.14:40:43::SCWPlatform:: Unique name xilinx:::0.0
TRACE::2026-05-28.14:40:43::SCWPlatform::Trying to set the existing hwdb with name system_wrapper_0
TRACE::2026-05-28.14:40:43::SCWPlatform::Opened existing hwdb system_wrapper_0
TRACE::2026-05-28.14:40:43::SCWPlatform::Found the Hw Db part of the input DSA
TRACE::2026-05-28.14:40:43::SCWMssOS::Checking the sw design at  D:/Zynq/vitis/version_2020/26_01_ov5640_lcd/vitis/system_wrapper/ps7_cortexa9_0/standalone_ps7_cortexa9_0/bsp/system.mss
TRACE::2026-05-28.14:40:43::SCWMssOS::DEBUG:  swdes dump  D:/Zynq/vitis/version_2020/26_01_ov5640_lcd/vitis/system_wrapper/ps7_cortexa9_0/standalone_ps7_cortexa9_0/bsp/system.mss|system_0||
D:/Zynq/vitis/version_2020/26_01_ov5640_lcd/vitis/system_wrapper/zynq_fsbl/zynq_fsbl_bsp/system.mss|system||

TRACE::2026-05-28.14:40:43::SCWMssOS::Sw design exists and opened at  D:/Zynq/vitis/version_2020/26_01_ov5640_lcd/vitis/system_wrapper/ps7_cortexa9_0/standalone_ps7_cortexa9_0/bsp/system.mss
TRACE::2026-05-28.14:40:43::SCWWriter::formatted JSON is {
	"platformName":	"system_wrapper",
	"sprVersion":	"2.0",
	"mode":	"gui",
	"dsaType":	"Fixed",
	"platformDesc":	"system_wrapper",
	"platHandOff":	"<platformDir>.xsa",
	"platIntHandOff":	"<platformDir>/hw/system_wrapper.xsa",
	"deviceType":	"zynq",
	"platIsPrebuiltAutogen":	"false",
	"platIsNoBootBsp":	"false",
	"platFsblTarget":	"ps7_cortexa9_0",
	"hasFsblMakeHasChanges":	"false",
	"hasPmufwMakeHasChanges":	"false",
	"fsblExtraCompilerFlags":	"-MMD -MP       -mcpu=cortex-a9 -mfpu=vfpv3 -mfloat-abi=hard ",
	"platPreBuiltFlag":	false,
	"platformSamplesDir":	"",
	"platActiveSys":	"system_wrapper",
	"systems":	[{
			"systemName":	"system_wrapper",
			"systemDesc":	"system_wrapper",
			"sysIsBootAutoGen":	"true",
			"systemDispName":	"system_wrapper",
			"sysActiveDom":	"standalone_ps7_cortexa9_0",
			"sysDefaultDom":	"standalone_ps7_cortexa9_0",
			"domains":	[{
					"domainName":	"zynq_fsbl",
					"domainDispName":	"zynq_fsbl",
					"domainDesc":	"FSBL Application BSP - Auto Generated.",
					"processors":	"ps7_cortexa9_0",
					"os":	"standalone",
					"sdxOs":	"standalone",
					"debugEnable":	"",
					"domRuntimes":	["cpp"],
					"swRepo":	"",
					"mssOsVer":	"7.3",
					"mssFile":	"",
					"md5Digest":	"d1bfd94dec7a4524b140d88866ac8af0",
					"compatibleApp":	"zynq_fsbl",
					"domType":	"bootDomain",
					"arch":	"32-bit",
					"appSettings":	{
						"appCompilerFlags":	"",
						"appLinkerFlags":	""
					},
					"addedLibs":	["xilffs:4.4", "xilrsa:1.6"],
					"libOptions":	{
						"libsContainingOptions":	[]
					},
					"prebuiltLibs":	{
						"prebuiltIncPath":	[],
						"prebuiltLibPath":	[]
					},
					"isolation":	{
					}
				}, {
					"domainName":	"standalone_ps7_cortexa9_0",
					"domainDispName":	"standalone_ps7_cortexa9_0",
					"domainDesc":	"standalone_ps7_cortexa9_0",
					"processors":	"ps7_cortexa9_0",
					"os":	"standalone",
					"sdxOs":	"standalone",
					"qemuArgs":	"C:/Xilinx/Vitis/2020.2/data/emulation/platforms/zynq/sw/a9_standalone/qemu/qemu_args.txt",
					"qemuData":	"C:/Xilinx/Vitis/2020.2/data/emulation/platforms/zynq/sw/a9_standalone/qemu/",
					"debugEnable":	"False",
					"domRuntimes":	["cpp"],
					"swRepo":	"",
					"mssOsVer":	"7.3",
					"mssFile":	"",
					"md5Digest":	"22e0f195ab1532590e5b8c59d4d5ad2a",
					"compatibleApp":	"hello_world",
					"domType":	"mssDomain",
					"arch":	"32-bit",
					"appSettings":	{
						"appCompilerFlags":	"",
						"appLinkerFlags":	""
					},
					"addedLibs":	[],
					"libOptions":	{
						"libsContainingOptions":	[]
					},
					"prebuiltLibs":	{
						"prebuiltIncPath":	[],
						"prebuiltLibPath":	[]
					},
					"isolation":	{
					}
				}]
		}]
}
LOG::2026-05-28.14:40:43::SCWPlatform::Started generating the artifacts platform system_wrapper
TRACE::2026-05-28.14:40:43::SCWPlatform::Sanity checking of platform is completed
LOG::2026-05-28.14:40:43::SCWPlatform::Started generating the artifacts for system configuration system_wrapper
LOG::2026-05-28.14:40:43::SCWSystem::Checking the domain zynq_fsbl
LOG::2026-05-28.14:40:43::SCWSystem::Doing application build for :  zynq_fsbl
TRACE::2026-05-28.14:40:43::SCWBDomain::Not a forced makefile updation, No changes are present. 
TRACE::2026-05-28.14:40:43::SCWDomain::Skipping the build for domain :  zynq_fsbl
LOG::2026-05-28.14:40:43::SCWSystem::Checking the domain standalone_ps7_cortexa9_0
LOG::2026-05-28.14:40:43::SCWSystem::Not a boot domain 
LOG::2026-05-28.14:40:43::SCWSystem::Started Processing the domain standalone_ps7_cortexa9_0
TRACE::2026-05-28.14:40:43::SCWDomain::Generating domain artifcats
TRACE::2026-05-28.14:40:43::SCWMssOS::Generating standalone artifcats
TRACE::2026-05-28.14:40:43::SCWMssOS::Copying the qemu file from  C:/Xilinx/Vitis/2020.2/data/emulation/platforms/zynq/sw/a9_standalone/qemu/qemu_args.txt To D:/Zynq/vitis/version_2020/26_01_ov5640_lcd/vitis/system_wrapper/export/system_wrapper/sw/system_wrapper/qemu/
TRACE::2026-05-28.14:40:43::SCWMssOS::Copying the qemu file from  C:/Xilinx/Vitis/2020.2/data/emulation/platforms/zynq/sw/a9_standalone/qemu/qemu_args.txt To D:/Zynq/vitis/version_2020/26_01_ov5640_lcd/vitis/system_wrapper/export/system_wrapper/sw/system_wrapper/standalone_ps7_cortexa9_0/qemu/
TRACE::2026-05-28.14:40:43::SCWMssOS:: Copying the user libraries. 
TRACE::2026-05-28.14:40:43::SCWPlatform::Trying to open the hw design at D:/Zynq/vitis/version_2020/26_01_ov5640_lcd/vitis/system_wrapper/hw/system_wrapper.xsa
TRACE::2026-05-28.14:40:43::SCWPlatform::DSA given D:/Zynq/vitis/version_2020/26_01_ov5640_lcd/vitis/system_wrapper/hw/system_wrapper.xsa
TRACE::2026-05-28.14:40:43::SCWPlatform::DSA absoulate path D:/Zynq/vitis/version_2020/26_01_ov5640_lcd/vitis/system_wrapper/hw/system_wrapper.xsa
TRACE::2026-05-28.14:40:43::SCWPlatform::DSA directory D:/Zynq/vitis/version_2020/26_01_ov5640_lcd/vitis/system_wrapper/hw
TRACE::2026-05-28.14:40:43::SCWPlatform:: Platform Path D:/Zynq/vitis/version_2020/26_01_ov5640_lcd/vitis/system_wrapper/hw/system_wrapper.xsa
TRACE::2026-05-28.14:40:43::SCWPlatform:: Unique name xilinx:::0.0
TRACE::2026-05-28.14:40:43::SCWPlatform::Trying to set the existing hwdb with name system_wrapper_0
TRACE::2026-05-28.14:40:43::SCWPlatform::Opened existing hwdb system_wrapper_0
TRACE::2026-05-28.14:40:43::SCWPlatform::Found the Hw Db part of the input DSA
TRACE::2026-05-28.14:40:43::SCWMssOS::Checking the sw design at  D:/Zynq/vitis/version_2020/26_01_ov5640_lcd/vitis/system_wrapper/ps7_cortexa9_0/standalone_ps7_cortexa9_0/bsp/system.mss
TRACE::2026-05-28.14:40:43::SCWMssOS::DEBUG:  swdes dump  D:/Zynq/vitis/version_2020/26_01_ov5640_lcd/vitis/system_wrapper/ps7_cortexa9_0/standalone_ps7_cortexa9_0/bsp/system.mss|system_0||
D:/Zynq/vitis/version_2020/26_01_ov5640_lcd/vitis/system_wrapper/zynq_fsbl/zynq_fsbl_bsp/system.mss|system||

TRACE::2026-05-28.14:40:43::SCWMssOS::Sw design exists and opened at  D:/Zynq/vitis/version_2020/26_01_ov5640_lcd/vitis/system_wrapper/ps7_cortexa9_0/standalone_ps7_cortexa9_0/bsp/system.mss
TRACE::2026-05-28.14:40:43::SCWMssOS::Completed writing the mss file at D:/Zynq/vitis/version_2020/26_01_ov5640_lcd/vitis/system_wrapper/ps7_cortexa9_0/standalone_ps7_cortexa9_0/bsp
TRACE::2026-05-28.14:40:43::SCWMssOS::Mss edits present, copying mssfile into export location D:/Zynq/vitis/version_2020/26_01_ov5640_lcd/vitis/system_wrapper/ps7_cortexa9_0/standalone_ps7_cortexa9_0/bsp/system.mss
TRACE::2026-05-28.14:40:43::SCWMssOS::bsp generated is upto date with the mss file. Skipping bsp generation.
TRACE::2026-05-28.14:40:43::SCWMssOS::BSP is already built. skipping the bsp build ... 
TRACE::2026-05-28.14:40:43::SCWDomain::Skipping the build for domain :  standalone_ps7_cortexa9_0
TRACE::2026-05-28.14:40:43::SCWMssOS::skipping the bsp build ... 
TRACE::2026-05-28.14:40:43::SCWMssOS::Copying to export directory.
TRACE::2026-05-28.14:40:43::SCWMssOS:: Checking if to create the Supporting Applications
TRACE::2026-05-28.14:40:43::SCWMssOS:: No Linux domain exists, trying to generate FSBL 
TRACE::2026-05-28.14:40:43::SCWMssOS:: Completed Standalone Artifacts creation 
LOG::2026-05-28.14:40:43::SCWSystem::Completed Processing the domain standalone_ps7_cortexa9_0
LOG::2026-05-28.14:40:43::SCWSystem::Completed Processing the sysconfig system_wrapper
LOG::2026-05-28.14:40:43::SCWPlatform::Completed generating the artifacts for system configuration system_wrapper
TRACE::2026-05-28.14:40:43::SCWPlatform::Started preparing the platform 
TRACE::2026-05-28.14:40:43::SCWSystem::Writing the bif file for system config system_wrapper
TRACE::2026-05-28.14:40:43::SCWSystem::dir created 
TRACE::2026-05-28.14:40:43::SCWSystem::Writing the bif 
TRACE::2026-05-28.14:40:43::SCWPlatform::Started writing the spfm file 
TRACE::2026-05-28.14:40:43::SCWPlatform::Started writing the xpfm file 
TRACE::2026-05-28.14:40:43::SCWPlatform::Completed generating the platform
TRACE::2026-05-28.14:40:43::SCWMssOS::Saving the mss changes D:/Zynq/vitis/version_2020/26_01_ov5640_lcd/vitis/system_wrapper/zynq_fsbl/zynq_fsbl_bsp/system.mss
TRACE::2026-05-28.14:40:43::SCWMssOS::Found a swdesign opened with the mssfile.
TRACE::2026-05-28.14:40:43::SCWMssOS::Completed writemss as part of save.
TRACE::2026-05-28.14:40:43::SCWMssOS::Commit changes completed.
TRACE::2026-05-28.14:40:43::SCWMssOS::Saving the mss changes D:/Zynq/vitis/version_2020/26_01_ov5640_lcd/vitis/system_wrapper/ps7_cortexa9_0/standalone_ps7_cortexa9_0/bsp/system.mss
TRACE::2026-05-28.14:40:43::SCWMssOS::Found a swdesign opened with the mssfile.
TRACE::2026-05-28.14:40:43::SCWMssOS::Completed writemss as part of save.
TRACE::2026-05-28.14:40:43::SCWMssOS::Commit changes completed.
TRACE::2026-05-28.14:40:43::SCWPlatform::Trying to open the hw design at D:/Zynq/vitis/version_2020/26_01_ov5640_lcd/vitis/system_wrapper/hw/system_wrapper.xsa
TRACE::2026-05-28.14:40:43::SCWPlatform::DSA given D:/Zynq/vitis/version_2020/26_01_ov5640_lcd/vitis/system_wrapper/hw/system_wrapper.xsa
TRACE::2026-05-28.14:40:43::SCWPlatform::DSA absoulate path D:/Zynq/vitis/version_2020/26_01_ov5640_lcd/vitis/system_wrapper/hw/system_wrapper.xsa
TRACE::2026-05-28.14:40:43::SCWPlatform::DSA directory D:/Zynq/vitis/version_2020/26_01_ov5640_lcd/vitis/system_wrapper/hw
TRACE::2026-05-28.14:40:43::SCWPlatform:: Platform Path D:/Zynq/vitis/version_2020/26_01_ov5640_lcd/vitis/system_wrapper/hw/system_wrapper.xsa
TRACE::2026-05-28.14:40:43::SCWPlatform:: Unique name xilinx:::0.0
TRACE::2026-05-28.14:40:43::SCWPlatform::Trying to set the existing hwdb with name system_wrapper_0
TRACE::2026-05-28.14:40:43::SCWPlatform::Opened existing hwdb system_wrapper_0
TRACE::2026-05-28.14:40:43::SCWPlatform::Found the Hw Db part of the input DSA
TRACE::2026-05-28.14:40:43::SCWMssOS::Checking the sw design at  D:/Zynq/vitis/version_2020/26_01_ov5640_lcd/vitis/system_wrapper/zynq_fsbl/zynq_fsbl_bsp/system.mss
TRACE::2026-05-28.14:40:43::SCWMssOS::DEBUG:  swdes dump  D:/Zynq/vitis/version_2020/26_01_ov5640_lcd/vitis/system_wrapper/ps7_cortexa9_0/standalone_ps7_cortexa9_0/bsp/system.mss|system_0||
D:/Zynq/vitis/version_2020/26_01_ov5640_lcd/vitis/system_wrapper/zynq_fsbl/zynq_fsbl_bsp/system.mss|system||

TRACE::2026-05-28.14:40:43::SCWMssOS::Sw design exists and opened at  D:/Zynq/vitis/version_2020/26_01_ov5640_lcd/vitis/system_wrapper/zynq_fsbl/zynq_fsbl_bsp/system.mss
TRACE::2026-05-28.14:40:43::SCWPlatform::Trying to open the hw design at D:/Zynq/vitis/version_2020/26_01_ov5640_lcd/vitis/system_wrapper/hw/system_wrapper.xsa
TRACE::2026-05-28.14:40:43::SCWPlatform::DSA given D:/Zynq/vitis/version_2020/26_01_ov5640_lcd/vitis/system_wrapper/hw/system_wrapper.xsa
TRACE::2026-05-28.14:40:43::SCWPlatform::DSA absoulate path D:/Zynq/vitis/version_2020/26_01_ov5640_lcd/vitis/system_wrapper/hw/system_wrapper.xsa
TRACE::2026-05-28.14:40:43::SCWPlatform::DSA directory D:/Zynq/vitis/version_2020/26_01_ov5640_lcd/vitis/system_wrapper/hw
TRACE::2026-05-28.14:40:43::SCWPlatform:: Platform Path D:/Zynq/vitis/version_2020/26_01_ov5640_lcd/vitis/system_wrapper/hw/system_wrapper.xsa
TRACE::2026-05-28.14:40:43::SCWPlatform:: Unique name xilinx:::0.0
TRACE::2026-05-28.14:40:43::SCWPlatform::Trying to set the existing hwdb with name system_wrapper_0
TRACE::2026-05-28.14:40:43::SCWPlatform::Opened existing hwdb system_wrapper_0
TRACE::2026-05-28.14:40:43::SCWPlatform::Found the Hw Db part of the input DSA
TRACE::2026-05-28.14:40:43::SCWMssOS::Checking the sw design at  D:/Zynq/vitis/version_2020/26_01_ov5640_lcd/vitis/system_wrapper/zynq_fsbl/zynq_fsbl_bsp/system.mss
TRACE::2026-05-28.14:40:43::SCWMssOS::DEBUG:  swdes dump  D:/Zynq/vitis/version_2020/26_01_ov5640_lcd/vitis/system_wrapper/ps7_cortexa9_0/standalone_ps7_cortexa9_0/bsp/system.mss|system_0||
D:/Zynq/vitis/version_2020/26_01_ov5640_lcd/vitis/system_wrapper/zynq_fsbl/zynq_fsbl_bsp/system.mss|system||

TRACE::2026-05-28.14:40:43::SCWMssOS::Sw design exists and opened at  D:/Zynq/vitis/version_2020/26_01_ov5640_lcd/vitis/system_wrapper/zynq_fsbl/zynq_fsbl_bsp/system.mss
TRACE::2026-05-28.14:40:43::SCWPlatform::Trying to open the hw design at D:/Zynq/vitis/version_2020/26_01_ov5640_lcd/vitis/system_wrapper/hw/system_wrapper.xsa
TRACE::2026-05-28.14:40:43::SCWPlatform::DSA given D:/Zynq/vitis/version_2020/26_01_ov5640_lcd/vitis/system_wrapper/hw/system_wrapper.xsa
TRACE::2026-05-28.14:40:43::SCWPlatform::DSA absoulate path D:/Zynq/vitis/version_2020/26_01_ov5640_lcd/vitis/system_wrapper/hw/system_wrapper.xsa
TRACE::2026-05-28.14:40:43::SCWPlatform::DSA directory D:/Zynq/vitis/version_2020/26_01_ov5640_lcd/vitis/system_wrapper/hw
TRACE::2026-05-28.14:40:43::SCWPlatform:: Platform Path D:/Zynq/vitis/version_2020/26_01_ov5640_lcd/vitis/system_wrapper/hw/system_wrapper.xsa
TRACE::2026-05-28.14:40:43::SCWPlatform:: Unique name xilinx:::0.0
TRACE::2026-05-28.14:40:43::SCWPlatform::Trying to set the existing hwdb with name system_wrapper_0
TRACE::2026-05-28.14:40:43::SCWPlatform::Opened existing hwdb system_wrapper_0
TRACE::2026-05-28.14:40:43::SCWPlatform::Found the Hw Db part of the input DSA
TRACE::2026-05-28.14:40:43::SCWMssOS::Checking the sw design at  D:/Zynq/vitis/version_2020/26_01_ov5640_lcd/vitis/system_wrapper/zynq_fsbl/zynq_fsbl_bsp/system.mss
TRACE::2026-05-28.14:40:43::SCWMssOS::DEBUG:  swdes dump  D:/Zynq/vitis/version_2020/26_01_ov5640_lcd/vitis/system_wrapper/ps7_cortexa9_0/standalone_ps7_cortexa9_0/bsp/system.mss|system_0||
D:/Zynq/vitis/version_2020/26_01_ov5640_lcd/vitis/system_wrapper/zynq_fsbl/zynq_fsbl_bsp/system.mss|system||

TRACE::2026-05-28.14:40:43::SCWMssOS::Sw design exists and opened at  D:/Zynq/vitis/version_2020/26_01_ov5640_lcd/vitis/system_wrapper/zynq_fsbl/zynq_fsbl_bsp/system.mss
TRACE::2026-05-28.14:40:43::SCWPlatform::Trying to open the hw design at D:/Zynq/vitis/version_2020/26_01_ov5640_lcd/vitis/system_wrapper/hw/system_wrapper.xsa
TRACE::2026-05-28.14:40:43::SCWPlatform::DSA given D:/Zynq/vitis/version_2020/26_01_ov5640_lcd/vitis/system_wrapper/hw/system_wrapper.xsa
TRACE::2026-05-28.14:40:43::SCWPlatform::DSA absoulate path D:/Zynq/vitis/version_2020/26_01_ov5640_lcd/vitis/system_wrapper/hw/system_wrapper.xsa
TRACE::2026-05-28.14:40:43::SCWPlatform::DSA directory D:/Zynq/vitis/version_2020/26_01_ov5640_lcd/vitis/system_wrapper/hw
TRACE::2026-05-28.14:40:43::SCWPlatform:: Platform Path D:/Zynq/vitis/version_2020/26_01_ov5640_lcd/vitis/system_wrapper/hw/system_wrapper.xsa
TRACE::2026-05-28.14:40:43::SCWPlatform:: Unique name xilinx:::0.0
TRACE::2026-05-28.14:40:43::SCWPlatform::Trying to set the existing hwdb with name system_wrapper_0
TRACE::2026-05-28.14:40:43::SCWPlatform::Opened existing hwdb system_wrapper_0
TRACE::2026-05-28.14:40:43::SCWPlatform::Found the Hw Db part of the input DSA
TRACE::2026-05-28.14:40:43::SCWMssOS::Checking the sw design at  D:/Zynq/vitis/version_2020/26_01_ov5640_lcd/vitis/system_wrapper/ps7_cortexa9_0/standalone_ps7_cortexa9_0/bsp/system.mss
TRACE::2026-05-28.14:40:43::SCWMssOS::DEBUG:  swdes dump  D:/Zynq/vitis/version_2020/26_01_ov5640_lcd/vitis/system_wrapper/ps7_cortexa9_0/standalone_ps7_cortexa9_0/bsp/system.mss|system_0||
D:/Zynq/vitis/version_2020/26_01_ov5640_lcd/vitis/system_wrapper/zynq_fsbl/zynq_fsbl_bsp/system.mss|system||

TRACE::2026-05-28.14:40:43::SCWMssOS::Sw design exists and opened at  D:/Zynq/vitis/version_2020/26_01_ov5640_lcd/vitis/system_wrapper/ps7_cortexa9_0/standalone_ps7_cortexa9_0/bsp/system.mss
TRACE::2026-05-28.14:40:43::SCWPlatform::Trying to open the hw design at D:/Zynq/vitis/version_2020/26_01_ov5640_lcd/vitis/system_wrapper/hw/system_wrapper.xsa
TRACE::2026-05-28.14:40:43::SCWPlatform::DSA given D:/Zynq/vitis/version_2020/26_01_ov5640_lcd/vitis/system_wrapper/hw/system_wrapper.xsa
TRACE::2026-05-28.14:40:43::SCWPlatform::DSA absoulate path D:/Zynq/vitis/version_2020/26_01_ov5640_lcd/vitis/system_wrapper/hw/system_wrapper.xsa
TRACE::2026-05-28.14:40:43::SCWPlatform::DSA directory D:/Zynq/vitis/version_2020/26_01_ov5640_lcd/vitis/system_wrapper/hw
TRACE::2026-05-28.14:40:43::SCWPlatform:: Platform Path D:/Zynq/vitis/version_2020/26_01_ov5640_lcd/vitis/system_wrapper/hw/system_wrapper.xsa
TRACE::2026-05-28.14:40:43::SCWPlatform:: Unique name xilinx:::0.0
TRACE::2026-05-28.14:40:43::SCWPlatform::Trying to set the existing hwdb with name system_wrapper_0
TRACE::2026-05-28.14:40:43::SCWPlatform::Opened existing hwdb system_wrapper_0
TRACE::2026-05-28.14:40:43::SCWPlatform::Found the Hw Db part of the input DSA
TRACE::2026-05-28.14:40:43::SCWMssOS::Checking the sw design at  D:/Zynq/vitis/version_2020/26_01_ov5640_lcd/vitis/system_wrapper/ps7_cortexa9_0/standalone_ps7_cortexa9_0/bsp/system.mss
TRACE::2026-05-28.14:40:43::SCWMssOS::DEBUG:  swdes dump  D:/Zynq/vitis/version_2020/26_01_ov5640_lcd/vitis/system_wrapper/ps7_cortexa9_0/standalone_ps7_cortexa9_0/bsp/system.mss|system_0||
D:/Zynq/vitis/version_2020/26_01_ov5640_lcd/vitis/system_wrapper/zynq_fsbl/zynq_fsbl_bsp/system.mss|system||

TRACE::2026-05-28.14:40:43::SCWMssOS::Sw design exists and opened at  D:/Zynq/vitis/version_2020/26_01_ov5640_lcd/vitis/system_wrapper/ps7_cortexa9_0/standalone_ps7_cortexa9_0/bsp/system.mss
TRACE::2026-05-28.14:40:43::SCWPlatform::Trying to open the hw design at D:/Zynq/vitis/version_2020/26_01_ov5640_lcd/vitis/system_wrapper/hw/system_wrapper.xsa
TRACE::2026-05-28.14:40:43::SCWPlatform::DSA given D:/Zynq/vitis/version_2020/26_01_ov5640_lcd/vitis/system_wrapper/hw/system_wrapper.xsa
TRACE::2026-05-28.14:40:43::SCWPlatform::DSA absoulate path D:/Zynq/vitis/version_2020/26_01_ov5640_lcd/vitis/system_wrapper/hw/system_wrapper.xsa
TRACE::2026-05-28.14:40:43::SCWPlatform::DSA directory D:/Zynq/vitis/version_2020/26_01_ov5640_lcd/vitis/system_wrapper/hw
TRACE::2026-05-28.14:40:43::SCWPlatform:: Platform Path D:/Zynq/vitis/version_2020/26_01_ov5640_lcd/vitis/system_wrapper/hw/system_wrapper.xsa
TRACE::2026-05-28.14:40:43::SCWPlatform:: Unique name xilinx:::0.0
TRACE::2026-05-28.14:40:43::SCWPlatform::Trying to set the existing hwdb with name system_wrapper_0
TRACE::2026-05-28.14:40:43::SCWPlatform::Opened existing hwdb system_wrapper_0
TRACE::2026-05-28.14:40:43::SCWPlatform::Found the Hw Db part of the input DSA
TRACE::2026-05-28.14:40:43::SCWMssOS::Checking the sw design at  D:/Zynq/vitis/version_2020/26_01_ov5640_lcd/vitis/system_wrapper/ps7_cortexa9_0/standalone_ps7_cortexa9_0/bsp/system.mss
TRACE::2026-05-28.14:40:43::SCWMssOS::DEBUG:  swdes dump  D:/Zynq/vitis/version_2020/26_01_ov5640_lcd/vitis/system_wrapper/ps7_cortexa9_0/standalone_ps7_cortexa9_0/bsp/system.mss|system_0||
D:/Zynq/vitis/version_2020/26_01_ov5640_lcd/vitis/system_wrapper/zynq_fsbl/zynq_fsbl_bsp/system.mss|system||

TRACE::2026-05-28.14:40:43::SCWMssOS::Sw design exists and opened at  D:/Zynq/vitis/version_2020/26_01_ov5640_lcd/vitis/system_wrapper/ps7_cortexa9_0/standalone_ps7_cortexa9_0/bsp/system.mss
TRACE::2026-05-28.14:40:43::SCWWriter::formatted JSON is {
	"platformName":	"system_wrapper",
	"sprVersion":	"2.0",
	"mode":	"gui",
	"dsaType":	"Fixed",
	"platformDesc":	"system_wrapper",
	"platHandOff":	"<platformDir>.xsa",
	"platIntHandOff":	"<platformDir>/hw/system_wrapper.xsa",
	"deviceType":	"zynq",
	"platIsPrebuiltAutogen":	"false",
	"platIsNoBootBsp":	"false",
	"platFsblTarget":	"ps7_cortexa9_0",
	"hasFsblMakeHasChanges":	"false",
	"hasPmufwMakeHasChanges":	"false",
	"fsblExtraCompilerFlags":	"-MMD -MP       -mcpu=cortex-a9 -mfpu=vfpv3 -mfloat-abi=hard ",
	"platPreBuiltFlag":	false,
	"platformSamplesDir":	"",
	"platActiveSys":	"system_wrapper",
	"systems":	[{
			"systemName":	"system_wrapper",
			"systemDesc":	"system_wrapper",
			"sysIsBootAutoGen":	"true",
			"systemDispName":	"system_wrapper",
			"sysActiveDom":	"standalone_ps7_cortexa9_0",
			"sysDefaultDom":	"standalone_ps7_cortexa9_0",
			"domains":	[{
					"domainName":	"zynq_fsbl",
					"domainDispName":	"zynq_fsbl",
					"domainDesc":	"FSBL Application BSP - Auto Generated.",
					"processors":	"ps7_cortexa9_0",
					"os":	"standalone",
					"sdxOs":	"standalone",
					"debugEnable":	"",
					"domRuntimes":	["cpp"],
					"swRepo":	"",
					"mssOsVer":	"7.3",
					"mssFile":	"",
					"md5Digest":	"d1bfd94dec7a4524b140d88866ac8af0",
					"compatibleApp":	"zynq_fsbl",
					"domType":	"bootDomain",
					"arch":	"32-bit",
					"appSettings":	{
						"appCompilerFlags":	"",
						"appLinkerFlags":	""
					},
					"addedLibs":	["xilffs:4.4", "xilrsa:1.6"],
					"libOptions":	{
						"libsContainingOptions":	[]
					},
					"prebuiltLibs":	{
						"prebuiltIncPath":	[],
						"prebuiltLibPath":	[]
					},
					"isolation":	{
					}
				}, {
					"domainName":	"standalone_ps7_cortexa9_0",
					"domainDispName":	"standalone_ps7_cortexa9_0",
					"domainDesc":	"standalone_ps7_cortexa9_0",
					"processors":	"ps7_cortexa9_0",
					"os":	"standalone",
					"sdxOs":	"standalone",
					"qemuArgs":	"C:/Xilinx/Vitis/2020.2/data/emulation/platforms/zynq/sw/a9_standalone/qemu/qemu_args.txt",
					"qemuData":	"C:/Xilinx/Vitis/2020.2/data/emulation/platforms/zynq/sw/a9_standalone/qemu/",
					"debugEnable":	"False",
					"domRuntimes":	["cpp"],
					"swRepo":	"",
					"mssOsVer":	"7.3",
					"mssFile":	"",
					"md5Digest":	"22e0f195ab1532590e5b8c59d4d5ad2a",
					"compatibleApp":	"hello_world",
					"domType":	"mssDomain",
					"arch":	"32-bit",
					"appSettings":	{
						"appCompilerFlags":	"",
						"appLinkerFlags":	""
					},
					"addedLibs":	[],
					"libOptions":	{
						"libsContainingOptions":	[]
					},
					"prebuiltLibs":	{
						"prebuiltIncPath":	[],
						"prebuiltLibPath":	[]
					},
					"isolation":	{
					}
				}]
		}]
}
KEYINFO::2026-05-28.14:40:43::SCWPlatform::updated the xpfm file.
TRACE::2026-05-28.14:40:43::SCWPlatform::Trying to open the hw design at D:/Zynq/vitis/version_2020/26_01_ov5640_lcd/vitis/system_wrapper/hw/system_wrapper.xsa
TRACE::2026-05-28.14:40:43::SCWPlatform::DSA given D:/Zynq/vitis/version_2020/26_01_ov5640_lcd/vitis/system_wrapper/hw/system_wrapper.xsa
TRACE::2026-05-28.14:40:43::SCWPlatform::DSA absoulate path D:/Zynq/vitis/version_2020/26_01_ov5640_lcd/vitis/system_wrapper/hw/system_wrapper.xsa
TRACE::2026-05-28.14:40:43::SCWPlatform::DSA directory D:/Zynq/vitis/version_2020/26_01_ov5640_lcd/vitis/system_wrapper/hw
TRACE::2026-05-28.14:40:43::SCWPlatform:: Platform Path D:/Zynq/vitis/version_2020/26_01_ov5640_lcd/vitis/system_wrapper/hw/system_wrapper.xsa
TRACE::2026-05-28.14:40:43::SCWPlatform:: Unique name xilinx:::0.0
TRACE::2026-05-28.14:40:43::SCWPlatform::Trying to set the existing hwdb with name system_wrapper_0
TRACE::2026-05-28.14:40:43::SCWPlatform::Opened existing hwdb system_wrapper_0
TRACE::2026-05-28.14:40:43::SCWPlatform::Found the Hw Db part of the input DSA
TRACE::2026-05-28.14:40:43::SCWMssOS::Checking the sw design at  D:/Zynq/vitis/version_2020/26_01_ov5640_lcd/vitis/system_wrapper/ps7_cortexa9_0/standalone_ps7_cortexa9_0/bsp/system.mss
TRACE::2026-05-28.14:40:43::SCWMssOS::DEBUG:  swdes dump  D:/Zynq/vitis/version_2020/26_01_ov5640_lcd/vitis/system_wrapper/ps7_cortexa9_0/standalone_ps7_cortexa9_0/bsp/system.mss|system_0||
D:/Zynq/vitis/version_2020/26_01_ov5640_lcd/vitis/system_wrapper/zynq_fsbl/zynq_fsbl_bsp/system.mss|system||

TRACE::2026-05-28.14:40:43::SCWMssOS::Sw design exists and opened at  D:/Zynq/vitis/version_2020/26_01_ov5640_lcd/vitis/system_wrapper/ps7_cortexa9_0/standalone_ps7_cortexa9_0/bsp/system.mss
TRACE::2026-05-28.14:40:43::SCWMssOS::Saving the mss changes D:/Zynq/vitis/version_2020/26_01_ov5640_lcd/vitis/system_wrapper/zynq_fsbl/zynq_fsbl_bsp/system.mss
TRACE::2026-05-28.14:40:43::SCWMssOS::Found a swdesign opened with the mssfile.
TRACE::2026-05-28.14:40:43::SCWMssOS::Completed writemss as part of save.
TRACE::2026-05-28.14:40:43::SCWMssOS::Commit changes completed.
TRACE::2026-05-28.14:40:43::SCWMssOS::Saving the mss changes D:/Zynq/vitis/version_2020/26_01_ov5640_lcd/vitis/system_wrapper/ps7_cortexa9_0/standalone_ps7_cortexa9_0/bsp/system.mss
TRACE::2026-05-28.14:40:43::SCWMssOS::Found a swdesign opened with the mssfile.
TRACE::2026-05-28.14:40:43::SCWMssOS::Completed writemss as part of save.
TRACE::2026-05-28.14:40:43::SCWMssOS::Commit changes completed.
TRACE::2026-05-28.14:40:43::SCWPlatform::Trying to open the hw design at D:/Zynq/vitis/version_2020/26_01_ov5640_lcd/vitis/system_wrapper/hw/system_wrapper.xsa
TRACE::2026-05-28.14:40:43::SCWPlatform::DSA given D:/Zynq/vitis/version_2020/26_01_ov5640_lcd/vitis/system_wrapper/hw/system_wrapper.xsa
TRACE::2026-05-28.14:40:43::SCWPlatform::DSA absoulate path D:/Zynq/vitis/version_2020/26_01_ov5640_lcd/vitis/system_wrapper/hw/system_wrapper.xsa
TRACE::2026-05-28.14:40:43::SCWPlatform::DSA directory D:/Zynq/vitis/version_2020/26_01_ov5640_lcd/vitis/system_wrapper/hw
TRACE::2026-05-28.14:40:43::SCWPlatform:: Platform Path D:/Zynq/vitis/version_2020/26_01_ov5640_lcd/vitis/system_wrapper/hw/system_wrapper.xsa
TRACE::2026-05-28.14:40:43::SCWPlatform:: Unique name xilinx:::0.0
TRACE::2026-05-28.14:40:43::SCWPlatform::Trying to set the existing hwdb with name system_wrapper_0
TRACE::2026-05-28.14:40:43::SCWPlatform::Opened existing hwdb system_wrapper_0
TRACE::2026-05-28.14:40:43::SCWPlatform::Found the Hw Db part of the input DSA
TRACE::2026-05-28.14:40:43::SCWMssOS::Checking the sw design at  D:/Zynq/vitis/version_2020/26_01_ov5640_lcd/vitis/system_wrapper/zynq_fsbl/zynq_fsbl_bsp/system.mss
TRACE::2026-05-28.14:40:43::SCWMssOS::DEBUG:  swdes dump  D:/Zynq/vitis/version_2020/26_01_ov5640_lcd/vitis/system_wrapper/ps7_cortexa9_0/standalone_ps7_cortexa9_0/bsp/system.mss|system_0||
D:/Zynq/vitis/version_2020/26_01_ov5640_lcd/vitis/system_wrapper/zynq_fsbl/zynq_fsbl_bsp/system.mss|system||

TRACE::2026-05-28.14:40:43::SCWMssOS::Sw design exists and opened at  D:/Zynq/vitis/version_2020/26_01_ov5640_lcd/vitis/system_wrapper/zynq_fsbl/zynq_fsbl_bsp/system.mss
TRACE::2026-05-28.14:40:43::SCWPlatform::Trying to open the hw design at D:/Zynq/vitis/version_2020/26_01_ov5640_lcd/vitis/system_wrapper/hw/system_wrapper.xsa
TRACE::2026-05-28.14:40:43::SCWPlatform::DSA given D:/Zynq/vitis/version_2020/26_01_ov5640_lcd/vitis/system_wrapper/hw/system_wrapper.xsa
TRACE::2026-05-28.14:40:43::SCWPlatform::DSA absoulate path D:/Zynq/vitis/version_2020/26_01_ov5640_lcd/vitis/system_wrapper/hw/system_wrapper.xsa
TRACE::2026-05-28.14:40:43::SCWPlatform::DSA directory D:/Zynq/vitis/version_2020/26_01_ov5640_lcd/vitis/system_wrapper/hw
TRACE::2026-05-28.14:40:43::SCWPlatform:: Platform Path D:/Zynq/vitis/version_2020/26_01_ov5640_lcd/vitis/system_wrapper/hw/system_wrapper.xsa
TRACE::2026-05-28.14:40:43::SCWPlatform:: Unique name xilinx:::0.0
TRACE::2026-05-28.14:40:43::SCWPlatform::Trying to set the existing hwdb with name system_wrapper_0
TRACE::2026-05-28.14:40:43::SCWPlatform::Opened existing hwdb system_wrapper_0
TRACE::2026-05-28.14:40:43::SCWPlatform::Found the Hw Db part of the input DSA
TRACE::2026-05-28.14:40:43::SCWMssOS::Checking the sw design at  D:/Zynq/vitis/version_2020/26_01_ov5640_lcd/vitis/system_wrapper/zynq_fsbl/zynq_fsbl_bsp/system.mss
TRACE::2026-05-28.14:40:43::SCWMssOS::DEBUG:  swdes dump  D:/Zynq/vitis/version_2020/26_01_ov5640_lcd/vitis/system_wrapper/ps7_cortexa9_0/standalone_ps7_cortexa9_0/bsp/system.mss|system_0||
D:/Zynq/vitis/version_2020/26_01_ov5640_lcd/vitis/system_wrapper/zynq_fsbl/zynq_fsbl_bsp/system.mss|system||

TRACE::2026-05-28.14:40:43::SCWMssOS::Sw design exists and opened at  D:/Zynq/vitis/version_2020/26_01_ov5640_lcd/vitis/system_wrapper/zynq_fsbl/zynq_fsbl_bsp/system.mss
TRACE::2026-05-28.14:40:43::SCWPlatform::Trying to open the hw design at D:/Zynq/vitis/version_2020/26_01_ov5640_lcd/vitis/system_wrapper/hw/system_wrapper.xsa
TRACE::2026-05-28.14:40:43::SCWPlatform::DSA given D:/Zynq/vitis/version_2020/26_01_ov5640_lcd/vitis/system_wrapper/hw/system_wrapper.xsa
TRACE::2026-05-28.14:40:43::SCWPlatform::DSA absoulate path D:/Zynq/vitis/version_2020/26_01_ov5640_lcd/vitis/system_wrapper/hw/system_wrapper.xsa
TRACE::2026-05-28.14:40:43::SCWPlatform::DSA directory D:/Zynq/vitis/version_2020/26_01_ov5640_lcd/vitis/system_wrapper/hw
TRACE::2026-05-28.14:40:43::SCWPlatform:: Platform Path D:/Zynq/vitis/version_2020/26_01_ov5640_lcd/vitis/system_wrapper/hw/system_wrapper.xsa
TRACE::2026-05-28.14:40:43::SCWPlatform:: Unique name xilinx:::0.0
TRACE::2026-05-28.14:40:43::SCWPlatform::Trying to set the existing hwdb with name system_wrapper_0
TRACE::2026-05-28.14:40:43::SCWPlatform::Opened existing hwdb system_wrapper_0
TRACE::2026-05-28.14:40:43::SCWPlatform::Found the Hw Db part of the input DSA
TRACE::2026-05-28.14:40:43::SCWMssOS::Checking the sw design at  D:/Zynq/vitis/version_2020/26_01_ov5640_lcd/vitis/system_wrapper/zynq_fsbl/zynq_fsbl_bsp/system.mss
TRACE::2026-05-28.14:40:43::SCWMssOS::DEBUG:  swdes dump  D:/Zynq/vitis/version_2020/26_01_ov5640_lcd/vitis/system_wrapper/ps7_cortexa9_0/standalone_ps7_cortexa9_0/bsp/system.mss|system_0||
D:/Zynq/vitis/version_2020/26_01_ov5640_lcd/vitis/system_wrapper/zynq_fsbl/zynq_fsbl_bsp/system.mss|system||

TRACE::2026-05-28.14:40:43::SCWMssOS::Sw design exists and opened at  D:/Zynq/vitis/version_2020/26_01_ov5640_lcd/vitis/system_wrapper/zynq_fsbl/zynq_fsbl_bsp/system.mss
TRACE::2026-05-28.14:40:43::SCWPlatform::Trying to open the hw design at D:/Zynq/vitis/version_2020/26_01_ov5640_lcd/vitis/system_wrapper/hw/system_wrapper.xsa
TRACE::2026-05-28.14:40:43::SCWPlatform::DSA given D:/Zynq/vitis/version_2020/26_01_ov5640_lcd/vitis/system_wrapper/hw/system_wrapper.xsa
TRACE::2026-05-28.14:40:43::SCWPlatform::DSA absoulate path D:/Zynq/vitis/version_2020/26_01_ov5640_lcd/vitis/system_wrapper/hw/system_wrapper.xsa
TRACE::2026-05-28.14:40:43::SCWPlatform::DSA directory D:/Zynq/vitis/version_2020/26_01_ov5640_lcd/vitis/system_wrapper/hw
TRACE::2026-05-28.14:40:43::SCWPlatform:: Platform Path D:/Zynq/vitis/version_2020/26_01_ov5640_lcd/vitis/system_wrapper/hw/system_wrapper.xsa
TRACE::2026-05-28.14:40:43::SCWPlatform:: Unique name xilinx:::0.0
TRACE::2026-05-28.14:40:43::SCWPlatform::Trying to set the existing hwdb with name system_wrapper_0
TRACE::2026-05-28.14:40:43::SCWPlatform::Opened existing hwdb system_wrapper_0
TRACE::2026-05-28.14:40:43::SCWPlatform::Found the Hw Db part of the input DSA
TRACE::2026-05-28.14:40:43::SCWMssOS::Checking the sw design at  D:/Zynq/vitis/version_2020/26_01_ov5640_lcd/vitis/system_wrapper/ps7_cortexa9_0/standalone_ps7_cortexa9_0/bsp/system.mss
TRACE::2026-05-28.14:40:43::SCWMssOS::DEBUG:  swdes dump  D:/Zynq/vitis/version_2020/26_01_ov5640_lcd/vitis/system_wrapper/ps7_cortexa9_0/standalone_ps7_cortexa9_0/bsp/system.mss|system_0||
D:/Zynq/vitis/version_2020/26_01_ov5640_lcd/vitis/system_wrapper/zynq_fsbl/zynq_fsbl_bsp/system.mss|system||

TRACE::2026-05-28.14:40:43::SCWMssOS::Sw design exists and opened at  D:/Zynq/vitis/version_2020/26_01_ov5640_lcd/vitis/system_wrapper/ps7_cortexa9_0/standalone_ps7_cortexa9_0/bsp/system.mss
TRACE::2026-05-28.14:40:43::SCWPlatform::Trying to open the hw design at D:/Zynq/vitis/version_2020/26_01_ov5640_lcd/vitis/system_wrapper/hw/system_wrapper.xsa
TRACE::2026-05-28.14:40:43::SCWPlatform::DSA given D:/Zynq/vitis/version_2020/26_01_ov5640_lcd/vitis/system_wrapper/hw/system_wrapper.xsa
TRACE::2026-05-28.14:40:43::SCWPlatform::DSA absoulate path D:/Zynq/vitis/version_2020/26_01_ov5640_lcd/vitis/system_wrapper/hw/system_wrapper.xsa
TRACE::2026-05-28.14:40:43::SCWPlatform::DSA directory D:/Zynq/vitis/version_2020/26_01_ov5640_lcd/vitis/system_wrapper/hw
TRACE::2026-05-28.14:40:43::SCWPlatform:: Platform Path D:/Zynq/vitis/version_2020/26_01_ov5640_lcd/vitis/system_wrapper/hw/system_wrapper.xsa
TRACE::2026-05-28.14:40:43::SCWPlatform:: Unique name xilinx:::0.0
TRACE::2026-05-28.14:40:43::SCWPlatform::Trying to set the existing hwdb with name system_wrapper_0
TRACE::2026-05-28.14:40:43::SCWPlatform::Opened existing hwdb system_wrapper_0
TRACE::2026-05-28.14:40:43::SCWPlatform::Found the Hw Db part of the input DSA
TRACE::2026-05-28.14:40:43::SCWMssOS::Checking the sw design at  D:/Zynq/vitis/version_2020/26_01_ov5640_lcd/vitis/system_wrapper/ps7_cortexa9_0/standalone_ps7_cortexa9_0/bsp/system.mss
TRACE::2026-05-28.14:40:43::SCWMssOS::DEBUG:  swdes dump  D:/Zynq/vitis/version_2020/26_01_ov5640_lcd/vitis/system_wrapper/ps7_cortexa9_0/standalone_ps7_cortexa9_0/bsp/system.mss|system_0||
D:/Zynq/vitis/version_2020/26_01_ov5640_lcd/vitis/system_wrapper/zynq_fsbl/zynq_fsbl_bsp/system.mss|system||

TRACE::2026-05-28.14:40:43::SCWMssOS::Sw design exists and opened at  D:/Zynq/vitis/version_2020/26_01_ov5640_lcd/vitis/system_wrapper/ps7_cortexa9_0/standalone_ps7_cortexa9_0/bsp/system.mss
TRACE::2026-05-28.14:40:43::SCWPlatform::Trying to open the hw design at D:/Zynq/vitis/version_2020/26_01_ov5640_lcd/vitis/system_wrapper/hw/system_wrapper.xsa
TRACE::2026-05-28.14:40:43::SCWPlatform::DSA given D:/Zynq/vitis/version_2020/26_01_ov5640_lcd/vitis/system_wrapper/hw/system_wrapper.xsa
TRACE::2026-05-28.14:40:43::SCWPlatform::DSA absoulate path D:/Zynq/vitis/version_2020/26_01_ov5640_lcd/vitis/system_wrapper/hw/system_wrapper.xsa
TRACE::2026-05-28.14:40:43::SCWPlatform::DSA directory D:/Zynq/vitis/version_2020/26_01_ov5640_lcd/vitis/system_wrapper/hw
TRACE::2026-05-28.14:40:43::SCWPlatform:: Platform Path D:/Zynq/vitis/version_2020/26_01_ov5640_lcd/vitis/system_wrapper/hw/system_wrapper.xsa
TRACE::2026-05-28.14:40:43::SCWPlatform:: Unique name xilinx:::0.0
TRACE::2026-05-28.14:40:43::SCWPlatform::Trying to set the existing hwdb with name system_wrapper_0
TRACE::2026-05-28.14:40:43::SCWPlatform::Opened existing hwdb system_wrapper_0
TRACE::2026-05-28.14:40:43::SCWPlatform::Found the Hw Db part of the input DSA
TRACE::2026-05-28.14:40:43::SCWMssOS::Checking the sw design at  D:/Zynq/vitis/version_2020/26_01_ov5640_lcd/vitis/system_wrapper/ps7_cortexa9_0/standalone_ps7_cortexa9_0/bsp/system.mss
TRACE::2026-05-28.14:40:43::SCWMssOS::DEBUG:  swdes dump  D:/Zynq/vitis/version_2020/26_01_ov5640_lcd/vitis/system_wrapper/ps7_cortexa9_0/standalone_ps7_cortexa9_0/bsp/system.mss|system_0||
D:/Zynq/vitis/version_2020/26_01_ov5640_lcd/vitis/system_wrapper/zynq_fsbl/zynq_fsbl_bsp/system.mss|system||

TRACE::2026-05-28.14:40:43::SCWMssOS::Sw design exists and opened at  D:/Zynq/vitis/version_2020/26_01_ov5640_lcd/vitis/system_wrapper/ps7_cortexa9_0/standalone_ps7_cortexa9_0/bsp/system.mss
TRACE::2026-05-28.14:40:43::SCWWriter::formatted JSON is {
	"platformName":	"system_wrapper",
	"sprVersion":	"2.0",
	"mode":	"gui",
	"dsaType":	"Fixed",
	"platformDesc":	"system_wrapper",
	"platHandOff":	"<platformDir>.xsa",
	"platIntHandOff":	"<platformDir>/hw/system_wrapper.xsa",
	"deviceType":	"zynq",
	"platIsPrebuiltAutogen":	"false",
	"platIsNoBootBsp":	"false",
	"platFsblTarget":	"ps7_cortexa9_0",
	"hasFsblMakeHasChanges":	"false",
	"hasPmufwMakeHasChanges":	"false",
	"fsblExtraCompilerFlags":	"-MMD -MP       -mcpu=cortex-a9 -mfpu=vfpv3 -mfloat-abi=hard ",
	"platPreBuiltFlag":	false,
	"platformSamplesDir":	"",
	"platActiveSys":	"system_wrapper",
	"systems":	[{
			"systemName":	"system_wrapper",
			"systemDesc":	"system_wrapper",
			"sysIsBootAutoGen":	"true",
			"systemDispName":	"system_wrapper",
			"sysActiveDom":	"standalone_ps7_cortexa9_0",
			"sysDefaultDom":	"standalone_ps7_cortexa9_0",
			"domains":	[{
					"domainName":	"zynq_fsbl",
					"domainDispName":	"zynq_fsbl",
					"domainDesc":	"FSBL Application BSP - Auto Generated.",
					"processors":	"ps7_cortexa9_0",
					"os":	"standalone",
					"sdxOs":	"standalone",
					"debugEnable":	"",
					"domRuntimes":	["cpp"],
					"swRepo":	"",
					"mssOsVer":	"7.3",
					"mssFile":	"",
					"md5Digest":	"d1bfd94dec7a4524b140d88866ac8af0",
					"compatibleApp":	"zynq_fsbl",
					"domType":	"bootDomain",
					"arch":	"32-bit",
					"appSettings":	{
						"appCompilerFlags":	"",
						"appLinkerFlags":	""
					},
					"addedLibs":	["xilffs:4.4", "xilrsa:1.6"],
					"libOptions":	{
						"libsContainingOptions":	[]
					},
					"prebuiltLibs":	{
						"prebuiltIncPath":	[],
						"prebuiltLibPath":	[]
					},
					"isolation":	{
					}
				}, {
					"domainName":	"standalone_ps7_cortexa9_0",
					"domainDispName":	"standalone_ps7_cortexa9_0",
					"domainDesc":	"standalone_ps7_cortexa9_0",
					"processors":	"ps7_cortexa9_0",
					"os":	"standalone",
					"sdxOs":	"standalone",
					"qemuArgs":	"C:/Xilinx/Vitis/2020.2/data/emulation/platforms/zynq/sw/a9_standalone/qemu/qemu_args.txt",
					"qemuData":	"C:/Xilinx/Vitis/2020.2/data/emulation/platforms/zynq/sw/a9_standalone/qemu/",
					"debugEnable":	"False",
					"domRuntimes":	["cpp"],
					"swRepo":	"",
					"mssOsVer":	"7.3",
					"mssFile":	"",
					"md5Digest":	"22e0f195ab1532590e5b8c59d4d5ad2a",
					"compatibleApp":	"hello_world",
					"domType":	"mssDomain",
					"arch":	"32-bit",
					"appSettings":	{
						"appCompilerFlags":	"",
						"appLinkerFlags":	""
					},
					"addedLibs":	[],
					"libOptions":	{
						"libsContainingOptions":	[]
					},
					"prebuiltLibs":	{
						"prebuiltIncPath":	[],
						"prebuiltLibPath":	[]
					},
					"isolation":	{
					}
				}]
		}]
}
TRACE::2026-05-28.14:40:43::SCWPlatform::Trying to open the hw design at D:/Zynq/vitis/version_2020/26_01_ov5640_lcd/vitis/system_wrapper/hw/system_wrapper.xsa
TRACE::2026-05-28.14:40:43::SCWPlatform::DSA given D:/Zynq/vitis/version_2020/26_01_ov5640_lcd/vitis/system_wrapper/hw/system_wrapper.xsa
TRACE::2026-05-28.14:40:43::SCWPlatform::DSA absoulate path D:/Zynq/vitis/version_2020/26_01_ov5640_lcd/vitis/system_wrapper/hw/system_wrapper.xsa
TRACE::2026-05-28.14:40:43::SCWPlatform::DSA directory D:/Zynq/vitis/version_2020/26_01_ov5640_lcd/vitis/system_wrapper/hw
TRACE::2026-05-28.14:40:43::SCWPlatform:: Platform Path D:/Zynq/vitis/version_2020/26_01_ov5640_lcd/vitis/system_wrapper/hw/system_wrapper.xsa
TRACE::2026-05-28.14:40:43::SCWPlatform:: Unique name xilinx:::0.0
TRACE::2026-05-28.14:40:43::SCWPlatform::Trying to set the existing hwdb with name system_wrapper_0
TRACE::2026-05-28.14:40:43::SCWPlatform::Opened existing hwdb system_wrapper_0
TRACE::2026-05-28.14:40:43::SCWPlatform::Found the Hw Db part of the input DSA
TRACE::2026-05-28.14:40:43::SCWMssOS::Checking the sw design at  D:/Zynq/vitis/version_2020/26_01_ov5640_lcd/vitis/system_wrapper/ps7_cortexa9_0/standalone_ps7_cortexa9_0/bsp/system.mss
TRACE::2026-05-28.14:40:43::SCWMssOS::DEBUG:  swdes dump  D:/Zynq/vitis/version_2020/26_01_ov5640_lcd/vitis/system_wrapper/ps7_cortexa9_0/standalone_ps7_cortexa9_0/bsp/system.mss|system_0||
D:/Zynq/vitis/version_2020/26_01_ov5640_lcd/vitis/system_wrapper/zynq_fsbl/zynq_fsbl_bsp/system.mss|system||

TRACE::2026-05-28.14:40:43::SCWMssOS::Sw design exists and opened at  D:/Zynq/vitis/version_2020/26_01_ov5640_lcd/vitis/system_wrapper/ps7_cortexa9_0/standalone_ps7_cortexa9_0/bsp/system.mss
TRACE::2026-05-28.14:40:43::SCWPlatform::Trying to open the hw design at D:/Zynq/vitis/version_2020/26_01_ov5640_lcd/vitis/system_wrapper/hw/system_wrapper.xsa
TRACE::2026-05-28.14:40:43::SCWPlatform::DSA given D:/Zynq/vitis/version_2020/26_01_ov5640_lcd/vitis/system_wrapper/hw/system_wrapper.xsa
TRACE::2026-05-28.14:40:43::SCWPlatform::DSA absoulate path D:/Zynq/vitis/version_2020/26_01_ov5640_lcd/vitis/system_wrapper/hw/system_wrapper.xsa
TRACE::2026-05-28.14:40:43::SCWPlatform::DSA directory D:/Zynq/vitis/version_2020/26_01_ov5640_lcd/vitis/system_wrapper/hw
TRACE::2026-05-28.14:40:43::SCWPlatform:: Platform Path D:/Zynq/vitis/version_2020/26_01_ov5640_lcd/vitis/system_wrapper/hw/system_wrapper.xsa
TRACE::2026-05-28.14:40:43::SCWPlatform:: Unique name xilinx:::0.0
TRACE::2026-05-28.14:40:43::SCWPlatform::Trying to set the existing hwdb with name system_wrapper_0
TRACE::2026-05-28.14:40:43::SCWPlatform::Opened existing hwdb system_wrapper_0
TRACE::2026-05-28.14:40:43::SCWPlatform::Found the Hw Db part of the input DSA
TRACE::2026-05-28.14:40:43::SCWMssOS::Checking the sw design at  D:/Zynq/vitis/version_2020/26_01_ov5640_lcd/vitis/system_wrapper/ps7_cortexa9_0/standalone_ps7_cortexa9_0/bsp/system.mss
TRACE::2026-05-28.14:40:43::SCWMssOS::DEBUG:  swdes dump  D:/Zynq/vitis/version_2020/26_01_ov5640_lcd/vitis/system_wrapper/ps7_cortexa9_0/standalone_ps7_cortexa9_0/bsp/system.mss|system_0||
D:/Zynq/vitis/version_2020/26_01_ov5640_lcd/vitis/system_wrapper/zynq_fsbl/zynq_fsbl_bsp/system.mss|system||

TRACE::2026-05-28.14:40:43::SCWMssOS::Sw design exists and opened at  D:/Zynq/vitis/version_2020/26_01_ov5640_lcd/vitis/system_wrapper/ps7_cortexa9_0/standalone_ps7_cortexa9_0/bsp/system.mss
TRACE::2026-05-28.14:40:43::SCWMssOS::Saving the mss changes D:/Zynq/vitis/version_2020/26_01_ov5640_lcd/vitis/system_wrapper/zynq_fsbl/zynq_fsbl_bsp/system.mss
TRACE::2026-05-28.14:40:43::SCWMssOS::Found a swdesign opened with the mssfile.
TRACE::2026-05-28.14:40:43::SCWMssOS::Completed writemss as part of save.
TRACE::2026-05-28.14:40:43::SCWMssOS::Commit changes completed.
TRACE::2026-05-28.14:40:43::SCWMssOS::Saving the mss changes D:/Zynq/vitis/version_2020/26_01_ov5640_lcd/vitis/system_wrapper/ps7_cortexa9_0/standalone_ps7_cortexa9_0/bsp/system.mss
TRACE::2026-05-28.14:40:43::SCWMssOS::Found a swdesign opened with the mssfile.
TRACE::2026-05-28.14:40:43::SCWMssOS::Completed writemss as part of save.
TRACE::2026-05-28.14:40:43::SCWMssOS::Commit changes completed.
TRACE::2026-05-28.14:40:43::SCWPlatform::Trying to open the hw design at D:/Zynq/vitis/version_2020/26_01_ov5640_lcd/vitis/system_wrapper/hw/system_wrapper.xsa
TRACE::2026-05-28.14:40:43::SCWPlatform::DSA given D:/Zynq/vitis/version_2020/26_01_ov5640_lcd/vitis/system_wrapper/hw/system_wrapper.xsa
TRACE::2026-05-28.14:40:43::SCWPlatform::DSA absoulate path D:/Zynq/vitis/version_2020/26_01_ov5640_lcd/vitis/system_wrapper/hw/system_wrapper.xsa
TRACE::2026-05-28.14:40:43::SCWPlatform::DSA directory D:/Zynq/vitis/version_2020/26_01_ov5640_lcd/vitis/system_wrapper/hw
TRACE::2026-05-28.14:40:43::SCWPlatform:: Platform Path D:/Zynq/vitis/version_2020/26_01_ov5640_lcd/vitis/system_wrapper/hw/system_wrapper.xsa
TRACE::2026-05-28.14:40:43::SCWPlatform:: Unique name xilinx:::0.0
TRACE::2026-05-28.14:40:43::SCWPlatform::Trying to set the existing hwdb with name system_wrapper_0
TRACE::2026-05-28.14:40:43::SCWPlatform::Opened existing hwdb system_wrapper_0
TRACE::2026-05-28.14:40:43::SCWPlatform::Found the Hw Db part of the input DSA
TRACE::2026-05-28.14:40:43::SCWMssOS::Checking the sw design at  D:/Zynq/vitis/version_2020/26_01_ov5640_lcd/vitis/system_wrapper/zynq_fsbl/zynq_fsbl_bsp/system.mss
TRACE::2026-05-28.14:40:43::SCWMssOS::DEBUG:  swdes dump  D:/Zynq/vitis/version_2020/26_01_ov5640_lcd/vitis/system_wrapper/ps7_cortexa9_0/standalone_ps7_cortexa9_0/bsp/system.mss|system_0||
D:/Zynq/vitis/version_2020/26_01_ov5640_lcd/vitis/system_wrapper/zynq_fsbl/zynq_fsbl_bsp/system.mss|system||

TRACE::2026-05-28.14:40:43::SCWMssOS::Sw design exists and opened at  D:/Zynq/vitis/version_2020/26_01_ov5640_lcd/vitis/system_wrapper/zynq_fsbl/zynq_fsbl_bsp/system.mss
TRACE::2026-05-28.14:40:43::SCWPlatform::Trying to open the hw design at D:/Zynq/vitis/version_2020/26_01_ov5640_lcd/vitis/system_wrapper/hw/system_wrapper.xsa
TRACE::2026-05-28.14:40:43::SCWPlatform::DSA given D:/Zynq/vitis/version_2020/26_01_ov5640_lcd/vitis/system_wrapper/hw/system_wrapper.xsa
TRACE::2026-05-28.14:40:43::SCWPlatform::DSA absoulate path D:/Zynq/vitis/version_2020/26_01_ov5640_lcd/vitis/system_wrapper/hw/system_wrapper.xsa
TRACE::2026-05-28.14:40:43::SCWPlatform::DSA directory D:/Zynq/vitis/version_2020/26_01_ov5640_lcd/vitis/system_wrapper/hw
TRACE::2026-05-28.14:40:43::SCWPlatform:: Platform Path D:/Zynq/vitis/version_2020/26_01_ov5640_lcd/vitis/system_wrapper/hw/system_wrapper.xsa
TRACE::2026-05-28.14:40:43::SCWPlatform:: Unique name xilinx:::0.0
TRACE::2026-05-28.14:40:43::SCWPlatform::Trying to set the existing hwdb with name system_wrapper_0
TRACE::2026-05-28.14:40:43::SCWPlatform::Opened existing hwdb system_wrapper_0
TRACE::2026-05-28.14:40:43::SCWPlatform::Found the Hw Db part of the input DSA
TRACE::2026-05-28.14:40:43::SCWMssOS::Checking the sw design at  D:/Zynq/vitis/version_2020/26_01_ov5640_lcd/vitis/system_wrapper/zynq_fsbl/zynq_fsbl_bsp/system.mss
TRACE::2026-05-28.14:40:43::SCWMssOS::DEBUG:  swdes dump  D:/Zynq/vitis/version_2020/26_01_ov5640_lcd/vitis/system_wrapper/ps7_cortexa9_0/standalone_ps7_cortexa9_0/bsp/system.mss|system_0||
D:/Zynq/vitis/version_2020/26_01_ov5640_lcd/vitis/system_wrapper/zynq_fsbl/zynq_fsbl_bsp/system.mss|system||

TRACE::2026-05-28.14:40:43::SCWMssOS::Sw design exists and opened at  D:/Zynq/vitis/version_2020/26_01_ov5640_lcd/vitis/system_wrapper/zynq_fsbl/zynq_fsbl_bsp/system.mss
TRACE::2026-05-28.14:40:43::SCWPlatform::Trying to open the hw design at D:/Zynq/vitis/version_2020/26_01_ov5640_lcd/vitis/system_wrapper/hw/system_wrapper.xsa
TRACE::2026-05-28.14:40:43::SCWPlatform::DSA given D:/Zynq/vitis/version_2020/26_01_ov5640_lcd/vitis/system_wrapper/hw/system_wrapper.xsa
TRACE::2026-05-28.14:40:43::SCWPlatform::DSA absoulate path D:/Zynq/vitis/version_2020/26_01_ov5640_lcd/vitis/system_wrapper/hw/system_wrapper.xsa
TRACE::2026-05-28.14:40:43::SCWPlatform::DSA directory D:/Zynq/vitis/version_2020/26_01_ov5640_lcd/vitis/system_wrapper/hw
TRACE::2026-05-28.14:40:43::SCWPlatform:: Platform Path D:/Zynq/vitis/version_2020/26_01_ov5640_lcd/vitis/system_wrapper/hw/system_wrapper.xsa
TRACE::2026-05-28.14:40:43::SCWPlatform:: Unique name xilinx:::0.0
TRACE::2026-05-28.14:40:43::SCWPlatform::Trying to set the existing hwdb with name system_wrapper_0
TRACE::2026-05-28.14:40:43::SCWPlatform::Opened existing hwdb system_wrapper_0
TRACE::2026-05-28.14:40:43::SCWPlatform::Found the Hw Db part of the input DSA
TRACE::2026-05-28.14:40:43::SCWMssOS::Checking the sw design at  D:/Zynq/vitis/version_2020/26_01_ov5640_lcd/vitis/system_wrapper/zynq_fsbl/zynq_fsbl_bsp/system.mss
TRACE::2026-05-28.14:40:43::SCWMssOS::DEBUG:  swdes dump  D:/Zynq/vitis/version_2020/26_01_ov5640_lcd/vitis/system_wrapper/ps7_cortexa9_0/standalone_ps7_cortexa9_0/bsp/system.mss|system_0||
D:/Zynq/vitis/version_2020/26_01_ov5640_lcd/vitis/system_wrapper/zynq_fsbl/zynq_fsbl_bsp/system.mss|system||

TRACE::2026-05-28.14:40:43::SCWMssOS::Sw design exists and opened at  D:/Zynq/vitis/version_2020/26_01_ov5640_lcd/vitis/system_wrapper/zynq_fsbl/zynq_fsbl_bsp/system.mss
TRACE::2026-05-28.14:40:43::SCWPlatform::Trying to open the hw design at D:/Zynq/vitis/version_2020/26_01_ov5640_lcd/vitis/system_wrapper/hw/system_wrapper.xsa
TRACE::2026-05-28.14:40:43::SCWPlatform::DSA given D:/Zynq/vitis/version_2020/26_01_ov5640_lcd/vitis/system_wrapper/hw/system_wrapper.xsa
TRACE::2026-05-28.14:40:43::SCWPlatform::DSA absoulate path D:/Zynq/vitis/version_2020/26_01_ov5640_lcd/vitis/system_wrapper/hw/system_wrapper.xsa
TRACE::2026-05-28.14:40:43::SCWPlatform::DSA directory D:/Zynq/vitis/version_2020/26_01_ov5640_lcd/vitis/system_wrapper/hw
TRACE::2026-05-28.14:40:43::SCWPlatform:: Platform Path D:/Zynq/vitis/version_2020/26_01_ov5640_lcd/vitis/system_wrapper/hw/system_wrapper.xsa
TRACE::2026-05-28.14:40:43::SCWPlatform:: Unique name xilinx:::0.0
TRACE::2026-05-28.14:40:43::SCWPlatform::Trying to set the existing hwdb with name system_wrapper_0
TRACE::2026-05-28.14:40:43::SCWPlatform::Opened existing hwdb system_wrapper_0
TRACE::2026-05-28.14:40:43::SCWPlatform::Found the Hw Db part of the input DSA
TRACE::2026-05-28.14:40:43::SCWMssOS::Checking the sw design at  D:/Zynq/vitis/version_2020/26_01_ov5640_lcd/vitis/system_wrapper/ps7_cortexa9_0/standalone_ps7_cortexa9_0/bsp/system.mss
TRACE::2026-05-28.14:40:43::SCWMssOS::DEBUG:  swdes dump  D:/Zynq/vitis/version_2020/26_01_ov5640_lcd/vitis/system_wrapper/ps7_cortexa9_0/standalone_ps7_cortexa9_0/bsp/system.mss|system_0||
D:/Zynq/vitis/version_2020/26_01_ov5640_lcd/vitis/system_wrapper/zynq_fsbl/zynq_fsbl_bsp/system.mss|system||

TRACE::2026-05-28.14:40:43::SCWMssOS::Sw design exists and opened at  D:/Zynq/vitis/version_2020/26_01_ov5640_lcd/vitis/system_wrapper/ps7_cortexa9_0/standalone_ps7_cortexa9_0/bsp/system.mss
TRACE::2026-05-28.14:40:43::SCWPlatform::Trying to open the hw design at D:/Zynq/vitis/version_2020/26_01_ov5640_lcd/vitis/system_wrapper/hw/system_wrapper.xsa
TRACE::2026-05-28.14:40:43::SCWPlatform::DSA given D:/Zynq/vitis/version_2020/26_01_ov5640_lcd/vitis/system_wrapper/hw/system_wrapper.xsa
TRACE::2026-05-28.14:40:43::SCWPlatform::DSA absoulate path D:/Zynq/vitis/version_2020/26_01_ov5640_lcd/vitis/system_wrapper/hw/system_wrapper.xsa
TRACE::2026-05-28.14:40:43::SCWPlatform::DSA directory D:/Zynq/vitis/version_2020/26_01_ov5640_lcd/vitis/system_wrapper/hw
TRACE::2026-05-28.14:40:43::SCWPlatform:: Platform Path D:/Zynq/vitis/version_2020/26_01_ov5640_lcd/vitis/system_wrapper/hw/system_wrapper.xsa
TRACE::2026-05-28.14:40:43::SCWPlatform:: Unique name xilinx:::0.0
TRACE::2026-05-28.14:40:43::SCWPlatform::Trying to set the existing hwdb with name system_wrapper_0
TRACE::2026-05-28.14:40:43::SCWPlatform::Opened existing hwdb system_wrapper_0
TRACE::2026-05-28.14:40:43::SCWPlatform::Found the Hw Db part of the input DSA
TRACE::2026-05-28.14:40:43::SCWMssOS::Checking the sw design at  D:/Zynq/vitis/version_2020/26_01_ov5640_lcd/vitis/system_wrapper/ps7_cortexa9_0/standalone_ps7_cortexa9_0/bsp/system.mss
TRACE::2026-05-28.14:40:43::SCWMssOS::DEBUG:  swdes dump  D:/Zynq/vitis/version_2020/26_01_ov5640_lcd/vitis/system_wrapper/ps7_cortexa9_0/standalone_ps7_cortexa9_0/bsp/system.mss|system_0||
D:/Zynq/vitis/version_2020/26_01_ov5640_lcd/vitis/system_wrapper/zynq_fsbl/zynq_fsbl_bsp/system.mss|system||

TRACE::2026-05-28.14:40:43::SCWMssOS::Sw design exists and opened at  D:/Zynq/vitis/version_2020/26_01_ov5640_lcd/vitis/system_wrapper/ps7_cortexa9_0/standalone_ps7_cortexa9_0/bsp/system.mss
TRACE::2026-05-28.14:40:43::SCWPlatform::Trying to open the hw design at D:/Zynq/vitis/version_2020/26_01_ov5640_lcd/vitis/system_wrapper/hw/system_wrapper.xsa
TRACE::2026-05-28.14:40:43::SCWPlatform::DSA given D:/Zynq/vitis/version_2020/26_01_ov5640_lcd/vitis/system_wrapper/hw/system_wrapper.xsa
TRACE::2026-05-28.14:40:43::SCWPlatform::DSA absoulate path D:/Zynq/vitis/version_2020/26_01_ov5640_lcd/vitis/system_wrapper/hw/system_wrapper.xsa
TRACE::2026-05-28.14:40:43::SCWPlatform::DSA directory D:/Zynq/vitis/version_2020/26_01_ov5640_lcd/vitis/system_wrapper/hw
TRACE::2026-05-28.14:40:43::SCWPlatform:: Platform Path D:/Zynq/vitis/version_2020/26_01_ov5640_lcd/vitis/system_wrapper/hw/system_wrapper.xsa
TRACE::2026-05-28.14:40:43::SCWPlatform:: Unique name xilinx:::0.0
TRACE::2026-05-28.14:40:43::SCWPlatform::Trying to set the existing hwdb with name system_wrapper_0
TRACE::2026-05-28.14:40:43::SCWPlatform::Opened existing hwdb system_wrapper_0
TRACE::2026-05-28.14:40:43::SCWPlatform::Found the Hw Db part of the input DSA
TRACE::2026-05-28.14:40:43::SCWMssOS::Checking the sw design at  D:/Zynq/vitis/version_2020/26_01_ov5640_lcd/vitis/system_wrapper/ps7_cortexa9_0/standalone_ps7_cortexa9_0/bsp/system.mss
TRACE::2026-05-28.14:40:43::SCWMssOS::DEBUG:  swdes dump  D:/Zynq/vitis/version_2020/26_01_ov5640_lcd/vitis/system_wrapper/ps7_cortexa9_0/standalone_ps7_cortexa9_0/bsp/system.mss|system_0||
D:/Zynq/vitis/version_2020/26_01_ov5640_lcd/vitis/system_wrapper/zynq_fsbl/zynq_fsbl_bsp/system.mss|system||

TRACE::2026-05-28.14:40:43::SCWMssOS::Sw design exists and opened at  D:/Zynq/vitis/version_2020/26_01_ov5640_lcd/vitis/system_wrapper/ps7_cortexa9_0/standalone_ps7_cortexa9_0/bsp/system.mss
TRACE::2026-05-28.14:40:43::SCWWriter::formatted JSON is {
	"platformName":	"system_wrapper",
	"sprVersion":	"2.0",
	"mode":	"gui",
	"dsaType":	"Fixed",
	"platformDesc":	"system_wrapper",
	"platHandOff":	"<platformDir>.xsa",
	"platIntHandOff":	"<platformDir>/hw/system_wrapper.xsa",
	"deviceType":	"zynq",
	"platIsPrebuiltAutogen":	"false",
	"platIsNoBootBsp":	"false",
	"platFsblTarget":	"ps7_cortexa9_0",
	"hasFsblMakeHasChanges":	"false",
	"hasPmufwMakeHasChanges":	"false",
	"fsblExtraCompilerFlags":	"-MMD -MP       -mcpu=cortex-a9 -mfpu=vfpv3 -mfloat-abi=hard ",
	"platPreBuiltFlag":	false,
	"platformSamplesDir":	"",
	"platActiveSys":	"system_wrapper",
	"systems":	[{
			"systemName":	"system_wrapper",
			"systemDesc":	"system_wrapper",
			"sysIsBootAutoGen":	"true",
			"systemDispName":	"system_wrapper",
			"sysActiveDom":	"standalone_ps7_cortexa9_0",
			"sysDefaultDom":	"standalone_ps7_cortexa9_0",
			"domains":	[{
					"domainName":	"zynq_fsbl",
					"domainDispName":	"zynq_fsbl",
					"domainDesc":	"FSBL Application BSP - Auto Generated.",
					"processors":	"ps7_cortexa9_0",
					"os":	"standalone",
					"sdxOs":	"standalone",
					"debugEnable":	"",
					"domRuntimes":	["cpp"],
					"swRepo":	"",
					"mssOsVer":	"7.3",
					"mssFile":	"",
					"md5Digest":	"d1bfd94dec7a4524b140d88866ac8af0",
					"compatibleApp":	"zynq_fsbl",
					"domType":	"bootDomain",
					"arch":	"32-bit",
					"appSettings":	{
						"appCompilerFlags":	"",
						"appLinkerFlags":	""
					},
					"addedLibs":	["xilffs:4.4", "xilrsa:1.6"],
					"libOptions":	{
						"libsContainingOptions":	[]
					},
					"prebuiltLibs":	{
						"prebuiltIncPath":	[],
						"prebuiltLibPath":	[]
					},
					"isolation":	{
					}
				}, {
					"domainName":	"standalone_ps7_cortexa9_0",
					"domainDispName":	"standalone_ps7_cortexa9_0",
					"domainDesc":	"standalone_ps7_cortexa9_0",
					"processors":	"ps7_cortexa9_0",
					"os":	"standalone",
					"sdxOs":	"standalone",
					"qemuArgs":	"C:/Xilinx/Vitis/2020.2/data/emulation/platforms/zynq/sw/a9_standalone/qemu/qemu_args.txt",
					"qemuData":	"C:/Xilinx/Vitis/2020.2/data/emulation/platforms/zynq/sw/a9_standalone/qemu/",
					"debugEnable":	"False",
					"domRuntimes":	["cpp"],
					"swRepo":	"",
					"mssOsVer":	"7.3",
					"mssFile":	"",
					"md5Digest":	"22e0f195ab1532590e5b8c59d4d5ad2a",
					"compatibleApp":	"hello_world",
					"domType":	"mssDomain",
					"arch":	"32-bit",
					"appSettings":	{
						"appCompilerFlags":	"",
						"appLinkerFlags":	""
					},
					"addedLibs":	[],
					"libOptions":	{
						"libsContainingOptions":	[]
					},
					"prebuiltLibs":	{
						"prebuiltIncPath":	[],
						"prebuiltLibPath":	[]
					},
					"isolation":	{
					}
				}]
		}]
}
LOG::2026-05-28.14:40:43::SCWPlatform::Started generating the artifacts platform system_wrapper
TRACE::2026-05-28.14:40:43::SCWPlatform::Sanity checking of platform is completed
LOG::2026-05-28.14:40:43::SCWPlatform::Started generating the artifacts for system configuration system_wrapper
LOG::2026-05-28.14:40:43::SCWSystem::Started Processing the domain standalone_ps7_cortexa9_0
TRACE::2026-05-28.14:40:43::SCWDomain::Generating domain artifcats
TRACE::2026-05-28.14:40:43::SCWMssOS::Generating standalone artifcats
TRACE::2026-05-28.14:40:43::SCWMssOS::Copying the qemu file from  C:/Xilinx/Vitis/2020.2/data/emulation/platforms/zynq/sw/a9_standalone/qemu/qemu_args.txt To D:/Zynq/vitis/version_2020/26_01_ov5640_lcd/vitis/system_wrapper/export/system_wrapper/sw/system_wrapper/qemu/
TRACE::2026-05-28.14:40:43::SCWMssOS::Copying the qemu file from  C:/Xilinx/Vitis/2020.2/data/emulation/platforms/zynq/sw/a9_standalone/qemu/qemu_args.txt To D:/Zynq/vitis/version_2020/26_01_ov5640_lcd/vitis/system_wrapper/export/system_wrapper/sw/system_wrapper/standalone_ps7_cortexa9_0/qemu/
TRACE::2026-05-28.14:40:43::SCWMssOS:: Copying the user libraries. 
TRACE::2026-05-28.14:40:43::SCWPlatform::Trying to open the hw design at D:/Zynq/vitis/version_2020/26_01_ov5640_lcd/vitis/system_wrapper/hw/system_wrapper.xsa
TRACE::2026-05-28.14:40:43::SCWPlatform::DSA given D:/Zynq/vitis/version_2020/26_01_ov5640_lcd/vitis/system_wrapper/hw/system_wrapper.xsa
TRACE::2026-05-28.14:40:43::SCWPlatform::DSA absoulate path D:/Zynq/vitis/version_2020/26_01_ov5640_lcd/vitis/system_wrapper/hw/system_wrapper.xsa
TRACE::2026-05-28.14:40:43::SCWPlatform::DSA directory D:/Zynq/vitis/version_2020/26_01_ov5640_lcd/vitis/system_wrapper/hw
TRACE::2026-05-28.14:40:43::SCWPlatform:: Platform Path D:/Zynq/vitis/version_2020/26_01_ov5640_lcd/vitis/system_wrapper/hw/system_wrapper.xsa
TRACE::2026-05-28.14:40:43::SCWPlatform:: Unique name xilinx:::0.0
TRACE::2026-05-28.14:40:43::SCWPlatform::Trying to set the existing hwdb with name system_wrapper_0
TRACE::2026-05-28.14:40:43::SCWPlatform::Opened existing hwdb system_wrapper_0
TRACE::2026-05-28.14:40:43::SCWPlatform::Found the Hw Db part of the input DSA
TRACE::2026-05-28.14:40:43::SCWMssOS::Checking the sw design at  D:/Zynq/vitis/version_2020/26_01_ov5640_lcd/vitis/system_wrapper/ps7_cortexa9_0/standalone_ps7_cortexa9_0/bsp/system.mss
TRACE::2026-05-28.14:40:43::SCWMssOS::DEBUG:  swdes dump  D:/Zynq/vitis/version_2020/26_01_ov5640_lcd/vitis/system_wrapper/ps7_cortexa9_0/standalone_ps7_cortexa9_0/bsp/system.mss|system_0||
D:/Zynq/vitis/version_2020/26_01_ov5640_lcd/vitis/system_wrapper/zynq_fsbl/zynq_fsbl_bsp/system.mss|system||

TRACE::2026-05-28.14:40:43::SCWMssOS::Sw design exists and opened at  D:/Zynq/vitis/version_2020/26_01_ov5640_lcd/vitis/system_wrapper/ps7_cortexa9_0/standalone_ps7_cortexa9_0/bsp/system.mss
TRACE::2026-05-28.14:40:43::SCWMssOS::Completed writing the mss file at D:/Zynq/vitis/version_2020/26_01_ov5640_lcd/vitis/system_wrapper/ps7_cortexa9_0/standalone_ps7_cortexa9_0/bsp
TRACE::2026-05-28.14:40:43::SCWMssOS::Mss edits present, copying mssfile into export location D:/Zynq/vitis/version_2020/26_01_ov5640_lcd/vitis/system_wrapper/ps7_cortexa9_0/standalone_ps7_cortexa9_0/bsp/system.mss
TRACE::2026-05-28.14:40:43::SCWMssOS::bsp generated is upto date with the mss file. Skipping bsp generation.
TRACE::2026-05-28.14:40:43::SCWMssOS::BSP is already built. skipping the bsp build ... 
TRACE::2026-05-28.14:40:43::SCWDomain::Building the domain as part of full build :  standalone_ps7_cortexa9_0
TRACE::2026-05-28.14:40:43::SCWMssOS::skipping the bsp build ... 
TRACE::2026-05-28.14:40:43::SCWMssOS::Copying to export directory.
TRACE::2026-05-28.14:40:43::SCWMssOS:: Checking if to create the Supporting Applications
TRACE::2026-05-28.14:40:43::SCWMssOS:: No Linux domain exists, trying to generate FSBL 
TRACE::2026-05-28.14:40:43::SCWMssOS:: Completed Standalone Artifacts creation 
LOG::2026-05-28.14:40:43::SCWSystem::Completed Processing the domain standalone_ps7_cortexa9_0
LOG::2026-05-28.14:40:43::SCWSystem::Completed Processing the sysconfig system_wrapper
LOG::2026-05-28.14:40:43::SCWPlatform::Completed generating the artifacts for system configuration system_wrapper
TRACE::2026-05-28.14:40:43::SCWPlatform::Started preparing the platform 
TRACE::2026-05-28.14:40:43::SCWSystem::Writing the bif file for system config system_wrapper
TRACE::2026-05-28.14:40:43::SCWSystem::dir created 
TRACE::2026-05-28.14:40:43::SCWSystem::Writing the bif 
TRACE::2026-05-28.14:40:43::SCWPlatform::Started writing the spfm file 
TRACE::2026-05-28.14:40:43::SCWPlatform::Started writing the xpfm file 
TRACE::2026-05-28.14:40:43::SCWPlatform::Completed generating the platform
TRACE::2026-05-28.14:40:43::SCWMssOS::Saving the mss changes D:/Zynq/vitis/version_2020/26_01_ov5640_lcd/vitis/system_wrapper/zynq_fsbl/zynq_fsbl_bsp/system.mss
TRACE::2026-05-28.14:40:43::SCWMssOS::Found a swdesign opened with the mssfile.
TRACE::2026-05-28.14:40:43::SCWMssOS::Completed writemss as part of save.
TRACE::2026-05-28.14:40:43::SCWMssOS::Commit changes completed.
TRACE::2026-05-28.14:40:43::SCWMssOS::Saving the mss changes D:/Zynq/vitis/version_2020/26_01_ov5640_lcd/vitis/system_wrapper/ps7_cortexa9_0/standalone_ps7_cortexa9_0/bsp/system.mss
TRACE::2026-05-28.14:40:43::SCWMssOS::Found a swdesign opened with the mssfile.
TRACE::2026-05-28.14:40:43::SCWMssOS::Completed writemss as part of save.
TRACE::2026-05-28.14:40:43::SCWMssOS::Commit changes completed.
TRACE::2026-05-28.14:40:43::SCWPlatform::Trying to open the hw design at D:/Zynq/vitis/version_2020/26_01_ov5640_lcd/vitis/system_wrapper/hw/system_wrapper.xsa
TRACE::2026-05-28.14:40:43::SCWPlatform::DSA given D:/Zynq/vitis/version_2020/26_01_ov5640_lcd/vitis/system_wrapper/hw/system_wrapper.xsa
TRACE::2026-05-28.14:40:43::SCWPlatform::DSA absoulate path D:/Zynq/vitis/version_2020/26_01_ov5640_lcd/vitis/system_wrapper/hw/system_wrapper.xsa
TRACE::2026-05-28.14:40:43::SCWPlatform::DSA directory D:/Zynq/vitis/version_2020/26_01_ov5640_lcd/vitis/system_wrapper/hw
TRACE::2026-05-28.14:40:43::SCWPlatform:: Platform Path D:/Zynq/vitis/version_2020/26_01_ov5640_lcd/vitis/system_wrapper/hw/system_wrapper.xsa
TRACE::2026-05-28.14:40:43::SCWPlatform:: Unique name xilinx:::0.0
TRACE::2026-05-28.14:40:43::SCWPlatform::Trying to set the existing hwdb with name system_wrapper_0
TRACE::2026-05-28.14:40:43::SCWPlatform::Opened existing hwdb system_wrapper_0
TRACE::2026-05-28.14:40:43::SCWPlatform::Found the Hw Db part of the input DSA
TRACE::2026-05-28.14:40:43::SCWMssOS::Checking the sw design at  D:/Zynq/vitis/version_2020/26_01_ov5640_lcd/vitis/system_wrapper/zynq_fsbl/zynq_fsbl_bsp/system.mss
TRACE::2026-05-28.14:40:43::SCWMssOS::DEBUG:  swdes dump  D:/Zynq/vitis/version_2020/26_01_ov5640_lcd/vitis/system_wrapper/ps7_cortexa9_0/standalone_ps7_cortexa9_0/bsp/system.mss|system_0||
D:/Zynq/vitis/version_2020/26_01_ov5640_lcd/vitis/system_wrapper/zynq_fsbl/zynq_fsbl_bsp/system.mss|system||

TRACE::2026-05-28.14:40:43::SCWMssOS::Sw design exists and opened at  D:/Zynq/vitis/version_2020/26_01_ov5640_lcd/vitis/system_wrapper/zynq_fsbl/zynq_fsbl_bsp/system.mss
TRACE::2026-05-28.14:40:43::SCWPlatform::Trying to open the hw design at D:/Zynq/vitis/version_2020/26_01_ov5640_lcd/vitis/system_wrapper/hw/system_wrapper.xsa
TRACE::2026-05-28.14:40:43::SCWPlatform::DSA given D:/Zynq/vitis/version_2020/26_01_ov5640_lcd/vitis/system_wrapper/hw/system_wrapper.xsa
TRACE::2026-05-28.14:40:43::SCWPlatform::DSA absoulate path D:/Zynq/vitis/version_2020/26_01_ov5640_lcd/vitis/system_wrapper/hw/system_wrapper.xsa
TRACE::2026-05-28.14:40:43::SCWPlatform::DSA directory D:/Zynq/vitis/version_2020/26_01_ov5640_lcd/vitis/system_wrapper/hw
TRACE::2026-05-28.14:40:43::SCWPlatform:: Platform Path D:/Zynq/vitis/version_2020/26_01_ov5640_lcd/vitis/system_wrapper/hw/system_wrapper.xsa
TRACE::2026-05-28.14:40:43::SCWPlatform:: Unique name xilinx:::0.0
TRACE::2026-05-28.14:40:43::SCWPlatform::Trying to set the existing hwdb with name system_wrapper_0
TRACE::2026-05-28.14:40:43::SCWPlatform::Opened existing hwdb system_wrapper_0
TRACE::2026-05-28.14:40:43::SCWPlatform::Found the Hw Db part of the input DSA
TRACE::2026-05-28.14:40:43::SCWMssOS::Checking the sw design at  D:/Zynq/vitis/version_2020/26_01_ov5640_lcd/vitis/system_wrapper/zynq_fsbl/zynq_fsbl_bsp/system.mss
TRACE::2026-05-28.14:40:43::SCWMssOS::DEBUG:  swdes dump  D:/Zynq/vitis/version_2020/26_01_ov5640_lcd/vitis/system_wrapper/ps7_cortexa9_0/standalone_ps7_cortexa9_0/bsp/system.mss|system_0||
D:/Zynq/vitis/version_2020/26_01_ov5640_lcd/vitis/system_wrapper/zynq_fsbl/zynq_fsbl_bsp/system.mss|system||

TRACE::2026-05-28.14:40:43::SCWMssOS::Sw design exists and opened at  D:/Zynq/vitis/version_2020/26_01_ov5640_lcd/vitis/system_wrapper/zynq_fsbl/zynq_fsbl_bsp/system.mss
TRACE::2026-05-28.14:40:43::SCWPlatform::Trying to open the hw design at D:/Zynq/vitis/version_2020/26_01_ov5640_lcd/vitis/system_wrapper/hw/system_wrapper.xsa
TRACE::2026-05-28.14:40:43::SCWPlatform::DSA given D:/Zynq/vitis/version_2020/26_01_ov5640_lcd/vitis/system_wrapper/hw/system_wrapper.xsa
TRACE::2026-05-28.14:40:43::SCWPlatform::DSA absoulate path D:/Zynq/vitis/version_2020/26_01_ov5640_lcd/vitis/system_wrapper/hw/system_wrapper.xsa
TRACE::2026-05-28.14:40:43::SCWPlatform::DSA directory D:/Zynq/vitis/version_2020/26_01_ov5640_lcd/vitis/system_wrapper/hw
TRACE::2026-05-28.14:40:43::SCWPlatform:: Platform Path D:/Zynq/vitis/version_2020/26_01_ov5640_lcd/vitis/system_wrapper/hw/system_wrapper.xsa
TRACE::2026-05-28.14:40:43::SCWPlatform:: Unique name xilinx:::0.0
TRACE::2026-05-28.14:40:43::SCWPlatform::Trying to set the existing hwdb with name system_wrapper_0
TRACE::2026-05-28.14:40:43::SCWPlatform::Opened existing hwdb system_wrapper_0
TRACE::2026-05-28.14:40:43::SCWPlatform::Found the Hw Db part of the input DSA
TRACE::2026-05-28.14:40:43::SCWMssOS::Checking the sw design at  D:/Zynq/vitis/version_2020/26_01_ov5640_lcd/vitis/system_wrapper/zynq_fsbl/zynq_fsbl_bsp/system.mss
TRACE::2026-05-28.14:40:43::SCWMssOS::DEBUG:  swdes dump  D:/Zynq/vitis/version_2020/26_01_ov5640_lcd/vitis/system_wrapper/ps7_cortexa9_0/standalone_ps7_cortexa9_0/bsp/system.mss|system_0||
D:/Zynq/vitis/version_2020/26_01_ov5640_lcd/vitis/system_wrapper/zynq_fsbl/zynq_fsbl_bsp/system.mss|system||

TRACE::2026-05-28.14:40:43::SCWMssOS::Sw design exists and opened at  D:/Zynq/vitis/version_2020/26_01_ov5640_lcd/vitis/system_wrapper/zynq_fsbl/zynq_fsbl_bsp/system.mss
TRACE::2026-05-28.14:40:43::SCWPlatform::Trying to open the hw design at D:/Zynq/vitis/version_2020/26_01_ov5640_lcd/vitis/system_wrapper/hw/system_wrapper.xsa
TRACE::2026-05-28.14:40:43::SCWPlatform::DSA given D:/Zynq/vitis/version_2020/26_01_ov5640_lcd/vitis/system_wrapper/hw/system_wrapper.xsa
TRACE::2026-05-28.14:40:43::SCWPlatform::DSA absoulate path D:/Zynq/vitis/version_2020/26_01_ov5640_lcd/vitis/system_wrapper/hw/system_wrapper.xsa
TRACE::2026-05-28.14:40:43::SCWPlatform::DSA directory D:/Zynq/vitis/version_2020/26_01_ov5640_lcd/vitis/system_wrapper/hw
TRACE::2026-05-28.14:40:43::SCWPlatform:: Platform Path D:/Zynq/vitis/version_2020/26_01_ov5640_lcd/vitis/system_wrapper/hw/system_wrapper.xsa
TRACE::2026-05-28.14:40:43::SCWPlatform:: Unique name xilinx:::0.0
TRACE::2026-05-28.14:40:43::SCWPlatform::Trying to set the existing hwdb with name system_wrapper_0
TRACE::2026-05-28.14:40:43::SCWPlatform::Opened existing hwdb system_wrapper_0
TRACE::2026-05-28.14:40:43::SCWPlatform::Found the Hw Db part of the input DSA
TRACE::2026-05-28.14:40:43::SCWMssOS::Checking the sw design at  D:/Zynq/vitis/version_2020/26_01_ov5640_lcd/vitis/system_wrapper/ps7_cortexa9_0/standalone_ps7_cortexa9_0/bsp/system.mss
TRACE::2026-05-28.14:40:43::SCWMssOS::DEBUG:  swdes dump  D:/Zynq/vitis/version_2020/26_01_ov5640_lcd/vitis/system_wrapper/ps7_cortexa9_0/standalone_ps7_cortexa9_0/bsp/system.mss|system_0||
D:/Zynq/vitis/version_2020/26_01_ov5640_lcd/vitis/system_wrapper/zynq_fsbl/zynq_fsbl_bsp/system.mss|system||

TRACE::2026-05-28.14:40:43::SCWMssOS::Sw design exists and opened at  D:/Zynq/vitis/version_2020/26_01_ov5640_lcd/vitis/system_wrapper/ps7_cortexa9_0/standalone_ps7_cortexa9_0/bsp/system.mss
TRACE::2026-05-28.14:40:43::SCWPlatform::Trying to open the hw design at D:/Zynq/vitis/version_2020/26_01_ov5640_lcd/vitis/system_wrapper/hw/system_wrapper.xsa
TRACE::2026-05-28.14:40:43::SCWPlatform::DSA given D:/Zynq/vitis/version_2020/26_01_ov5640_lcd/vitis/system_wrapper/hw/system_wrapper.xsa
TRACE::2026-05-28.14:40:43::SCWPlatform::DSA absoulate path D:/Zynq/vitis/version_2020/26_01_ov5640_lcd/vitis/system_wrapper/hw/system_wrapper.xsa
TRACE::2026-05-28.14:40:43::SCWPlatform::DSA directory D:/Zynq/vitis/version_2020/26_01_ov5640_lcd/vitis/system_wrapper/hw
TRACE::2026-05-28.14:40:43::SCWPlatform:: Platform Path D:/Zynq/vitis/version_2020/26_01_ov5640_lcd/vitis/system_wrapper/hw/system_wrapper.xsa
TRACE::2026-05-28.14:40:43::SCWPlatform:: Unique name xilinx:::0.0
TRACE::2026-05-28.14:40:43::SCWPlatform::Trying to set the existing hwdb with name system_wrapper_0
TRACE::2026-05-28.14:40:43::SCWPlatform::Opened existing hwdb system_wrapper_0
TRACE::2026-05-28.14:40:43::SCWPlatform::Found the Hw Db part of the input DSA
TRACE::2026-05-28.14:40:43::SCWMssOS::Checking the sw design at  D:/Zynq/vitis/version_2020/26_01_ov5640_lcd/vitis/system_wrapper/ps7_cortexa9_0/standalone_ps7_cortexa9_0/bsp/system.mss
TRACE::2026-05-28.14:40:43::SCWMssOS::DEBUG:  swdes dump  D:/Zynq/vitis/version_2020/26_01_ov5640_lcd/vitis/system_wrapper/ps7_cortexa9_0/standalone_ps7_cortexa9_0/bsp/system.mss|system_0||
D:/Zynq/vitis/version_2020/26_01_ov5640_lcd/vitis/system_wrapper/zynq_fsbl/zynq_fsbl_bsp/system.mss|system||

TRACE::2026-05-28.14:40:43::SCWMssOS::Sw design exists and opened at  D:/Zynq/vitis/version_2020/26_01_ov5640_lcd/vitis/system_wrapper/ps7_cortexa9_0/standalone_ps7_cortexa9_0/bsp/system.mss
TRACE::2026-05-28.14:40:43::SCWPlatform::Trying to open the hw design at D:/Zynq/vitis/version_2020/26_01_ov5640_lcd/vitis/system_wrapper/hw/system_wrapper.xsa
TRACE::2026-05-28.14:40:43::SCWPlatform::DSA given D:/Zynq/vitis/version_2020/26_01_ov5640_lcd/vitis/system_wrapper/hw/system_wrapper.xsa
TRACE::2026-05-28.14:40:43::SCWPlatform::DSA absoulate path D:/Zynq/vitis/version_2020/26_01_ov5640_lcd/vitis/system_wrapper/hw/system_wrapper.xsa
TRACE::2026-05-28.14:40:43::SCWPlatform::DSA directory D:/Zynq/vitis/version_2020/26_01_ov5640_lcd/vitis/system_wrapper/hw
TRACE::2026-05-28.14:40:43::SCWPlatform:: Platform Path D:/Zynq/vitis/version_2020/26_01_ov5640_lcd/vitis/system_wrapper/hw/system_wrapper.xsa
TRACE::2026-05-28.14:40:43::SCWPlatform:: Unique name xilinx:::0.0
TRACE::2026-05-28.14:40:43::SCWPlatform::Trying to set the existing hwdb with name system_wrapper_0
TRACE::2026-05-28.14:40:43::SCWPlatform::Opened existing hwdb system_wrapper_0
TRACE::2026-05-28.14:40:43::SCWPlatform::Found the Hw Db part of the input DSA
TRACE::2026-05-28.14:40:43::SCWMssOS::Checking the sw design at  D:/Zynq/vitis/version_2020/26_01_ov5640_lcd/vitis/system_wrapper/ps7_cortexa9_0/standalone_ps7_cortexa9_0/bsp/system.mss
TRACE::2026-05-28.14:40:43::SCWMssOS::DEBUG:  swdes dump  D:/Zynq/vitis/version_2020/26_01_ov5640_lcd/vitis/system_wrapper/ps7_cortexa9_0/standalone_ps7_cortexa9_0/bsp/system.mss|system_0||
D:/Zynq/vitis/version_2020/26_01_ov5640_lcd/vitis/system_wrapper/zynq_fsbl/zynq_fsbl_bsp/system.mss|system||

TRACE::2026-05-28.14:40:43::SCWMssOS::Sw design exists and opened at  D:/Zynq/vitis/version_2020/26_01_ov5640_lcd/vitis/system_wrapper/ps7_cortexa9_0/standalone_ps7_cortexa9_0/bsp/system.mss
TRACE::2026-05-28.14:40:43::SCWWriter::formatted JSON is {
	"platformName":	"system_wrapper",
	"sprVersion":	"2.0",
	"mode":	"gui",
	"dsaType":	"Fixed",
	"platformDesc":	"system_wrapper",
	"platHandOff":	"<platformDir>.xsa",
	"platIntHandOff":	"<platformDir>/hw/system_wrapper.xsa",
	"deviceType":	"zynq",
	"platIsPrebuiltAutogen":	"false",
	"platIsNoBootBsp":	"false",
	"platFsblTarget":	"ps7_cortexa9_0",
	"hasFsblMakeHasChanges":	"false",
	"hasPmufwMakeHasChanges":	"false",
	"fsblExtraCompilerFlags":	"-MMD -MP       -mcpu=cortex-a9 -mfpu=vfpv3 -mfloat-abi=hard ",
	"platPreBuiltFlag":	false,
	"platformSamplesDir":	"",
	"platActiveSys":	"system_wrapper",
	"systems":	[{
			"systemName":	"system_wrapper",
			"systemDesc":	"system_wrapper",
			"sysIsBootAutoGen":	"true",
			"systemDispName":	"system_wrapper",
			"sysActiveDom":	"standalone_ps7_cortexa9_0",
			"sysDefaultDom":	"standalone_ps7_cortexa9_0",
			"domains":	[{
					"domainName":	"zynq_fsbl",
					"domainDispName":	"zynq_fsbl",
					"domainDesc":	"FSBL Application BSP - Auto Generated.",
					"processors":	"ps7_cortexa9_0",
					"os":	"standalone",
					"sdxOs":	"standalone",
					"debugEnable":	"",
					"domRuntimes":	["cpp"],
					"swRepo":	"",
					"mssOsVer":	"7.3",
					"mssFile":	"",
					"md5Digest":	"d1bfd94dec7a4524b140d88866ac8af0",
					"compatibleApp":	"zynq_fsbl",
					"domType":	"bootDomain",
					"arch":	"32-bit",
					"appSettings":	{
						"appCompilerFlags":	"",
						"appLinkerFlags":	""
					},
					"addedLibs":	["xilffs:4.4", "xilrsa:1.6"],
					"libOptions":	{
						"libsContainingOptions":	[]
					},
					"prebuiltLibs":	{
						"prebuiltIncPath":	[],
						"prebuiltLibPath":	[]
					},
					"isolation":	{
					}
				}, {
					"domainName":	"standalone_ps7_cortexa9_0",
					"domainDispName":	"standalone_ps7_cortexa9_0",
					"domainDesc":	"standalone_ps7_cortexa9_0",
					"processors":	"ps7_cortexa9_0",
					"os":	"standalone",
					"sdxOs":	"standalone",
					"qemuArgs":	"C:/Xilinx/Vitis/2020.2/data/emulation/platforms/zynq/sw/a9_standalone/qemu/qemu_args.txt",
					"qemuData":	"C:/Xilinx/Vitis/2020.2/data/emulation/platforms/zynq/sw/a9_standalone/qemu/",
					"debugEnable":	"False",
					"domRuntimes":	["cpp"],
					"swRepo":	"",
					"mssOsVer":	"7.3",
					"mssFile":	"",
					"md5Digest":	"22e0f195ab1532590e5b8c59d4d5ad2a",
					"compatibleApp":	"hello_world",
					"domType":	"mssDomain",
					"arch":	"32-bit",
					"appSettings":	{
						"appCompilerFlags":	"",
						"appLinkerFlags":	""
					},
					"addedLibs":	[],
					"libOptions":	{
						"libsContainingOptions":	[]
					},
					"prebuiltLibs":	{
						"prebuiltIncPath":	[],
						"prebuiltLibPath":	[]
					},
					"isolation":	{
					}
				}]
		}]
}
KEYINFO::2026-05-28.14:40:43::SCWPlatform::updated the xpfm file.
LOG::2026-05-28.14:42:07::SCWPlatform::Started generating the artifacts platform system_wrapper
TRACE::2026-05-28.14:42:07::SCWPlatform::Sanity checking of platform is completed
LOG::2026-05-28.14:42:07::SCWPlatform::Started generating the artifacts for system configuration system_wrapper
LOG::2026-05-28.14:42:07::SCWSystem::Checking the domain zynq_fsbl
LOG::2026-05-28.14:42:07::SCWSystem::Doing application build for :  zynq_fsbl
TRACE::2026-05-28.14:42:07::SCWBDomain::Not a forced makefile updation, No changes are present. 
TRACE::2026-05-28.14:42:07::SCWDomain::Building the domain as part of full build :  zynq_fsbl
TRACE::2026-05-28.14:42:07::SCWPlatform::Trying to open the hw design at D:/Zynq/vitis/version_2020/26_01_ov5640_lcd/vitis/system_wrapper/hw/system_wrapper.xsa
TRACE::2026-05-28.14:42:07::SCWPlatform::DSA given D:/Zynq/vitis/version_2020/26_01_ov5640_lcd/vitis/system_wrapper/hw/system_wrapper.xsa
TRACE::2026-05-28.14:42:07::SCWPlatform::DSA absoulate path D:/Zynq/vitis/version_2020/26_01_ov5640_lcd/vitis/system_wrapper/hw/system_wrapper.xsa
TRACE::2026-05-28.14:42:07::SCWPlatform::DSA directory D:/Zynq/vitis/version_2020/26_01_ov5640_lcd/vitis/system_wrapper/hw
TRACE::2026-05-28.14:42:07::SCWPlatform:: Platform Path D:/Zynq/vitis/version_2020/26_01_ov5640_lcd/vitis/system_wrapper/hw/system_wrapper.xsa
TRACE::2026-05-28.14:42:07::SCWPlatform:: Unique name xilinx:::0.0
TRACE::2026-05-28.14:42:07::SCWPlatform::Trying to set the existing hwdb with name system_wrapper_0
TRACE::2026-05-28.14:42:07::SCWPlatform::Opened existing hwdb system_wrapper_0
TRACE::2026-05-28.14:42:07::SCWPlatform::Found the Hw Db part of the input DSA
TRACE::2026-05-28.14:42:07::SCWMssOS::Checking the sw design at  D:/Zynq/vitis/version_2020/26_01_ov5640_lcd/vitis/system_wrapper/zynq_fsbl/zynq_fsbl_bsp/system.mss
TRACE::2026-05-28.14:42:07::SCWMssOS::DEBUG:  swdes dump  D:/Zynq/vitis/version_2020/26_01_ov5640_lcd/vitis/system_wrapper/ps7_cortexa9_0/standalone_ps7_cortexa9_0/bsp/system.mss|system_0||
D:/Zynq/vitis/version_2020/26_01_ov5640_lcd/vitis/system_wrapper/zynq_fsbl/zynq_fsbl_bsp/system.mss|system||

TRACE::2026-05-28.14:42:07::SCWMssOS::Sw design exists and opened at  D:/Zynq/vitis/version_2020/26_01_ov5640_lcd/vitis/system_wrapper/zynq_fsbl/zynq_fsbl_bsp/system.mss
TRACE::2026-05-28.14:42:07::SCWBDomain::Completed writing the mss file at D:/Zynq/vitis/version_2020/26_01_ov5640_lcd/vitis/system_wrapper/zynq_fsbl/zynq_fsbl_bsp
TRACE::2026-05-28.14:42:07::SCWBDomain::bsp generated is upto date with the mss file. Skipping bsp generation.
TRACE::2026-05-28.14:42:07::SCWBDomain::Not a forced makefile updation, No changes are present. 
TRACE::2026-05-28.14:42:07::SCWBDomain::System Command Ran  D:&  cd  D:/Zynq/vitis/version_2020/26_01_ov5640_lcd/vitis/system_wrapper/zynq_fsbl& make -C  zynq_fsbl_bsp & make 
TRACE::2026-05-28.14:42:07::SCWBDomain::make: Entering directory 'D:/Zynq/vitis/version_2020/26_01_ov5640_lcd/vitis/system_wrapper/zynq_fsbl/zynq_fsbl_bsp'

TRACE::2026-05-28.14:42:07::SCWBDomain::make --no-print-directory seq_libs

TRACE::2026-05-28.14:42:07::SCWBDomain::"Running Make include in ps7_cortexa9_0/libsrc/axivdma_v6_8/src"

TRACE::2026-05-28.14:42:07::SCWBDomain::make -C ps7_cortexa9_0/libsrc/axivdma_v6_8/src -s include  "SHELL=CMD" "COMPILER=arm-none-eabi-gcc" "ASSEMBLER=arm-none-eabi-as
TRACE::2026-05-28.14:42:07::SCWBDomain::" "ARCHIVER=arm-none-eabi-ar" "COMPILER_FLAGS=  -O2 -c" "EXTRA_COMPILER_FLAGS=-mcpu=cortex-a9 -mfpu=vfpv3 -mfloat-abi=hard -nos
TRACE::2026-05-28.14:42:07::SCWBDomain::tartfiles -g -Wall -Wextra"

TRACE::2026-05-28.14:42:07::SCWBDomain::"Running Make include in ps7_cortexa9_0/libsrc/clk_wiz_v1_4/src"

TRACE::2026-05-28.14:42:07::SCWBDomain::make -C ps7_cortexa9_0/libsrc/clk_wiz_v1_4/src -s include  "SHELL=CMD" "COMPILER=arm-none-eabi-gcc" "ASSEMBLER=arm-none-eabi-as
TRACE::2026-05-28.14:42:07::SCWBDomain::" "ARCHIVER=arm-none-eabi-ar" "COMPILER_FLAGS=  -O2 -c" "EXTRA_COMPILER_FLAGS=-mcpu=cortex-a9 -mfpu=vfpv3 -mfloat-abi=hard -nos
TRACE::2026-05-28.14:42:07::SCWBDomain::tartfiles -g -Wall -Wextra"

TRACE::2026-05-28.14:42:07::SCWBDomain::"Running Make include in ps7_cortexa9_0/libsrc/coresightps_dcc_v1_8/src"

TRACE::2026-05-28.14:42:07::SCWBDomain::make -C ps7_cortexa9_0/libsrc/coresightps_dcc_v1_8/src -s include  "SHELL=CMD" "COMPILER=arm-none-eabi-gcc" "ASSEMBLER=arm-none
TRACE::2026-05-28.14:42:07::SCWBDomain::-eabi-as" "ARCHIVER=arm-none-eabi-ar" "COMPILER_FLAGS=  -O2 -c" "EXTRA_COMPILER_FLAGS=-mcpu=cortex-a9 -mfpu=vfpv3 -mfloat-abi=h
TRACE::2026-05-28.14:42:07::SCWBDomain::ard -nostartfiles -g -Wall -Wextra"

TRACE::2026-05-28.14:42:07::SCWBDomain::"Running Make include in ps7_cortexa9_0/libsrc/cpu_cortexa9_v2_10/src"

TRACE::2026-05-28.14:42:07::SCWBDomain::make -C ps7_cortexa9_0/libsrc/cpu_cortexa9_v2_10/src -s include  "SHELL=CMD" "COMPILER=arm-none-eabi-gcc" "ASSEMBLER=arm-none-e
TRACE::2026-05-28.14:42:07::SCWBDomain::abi-as" "ARCHIVER=arm-none-eabi-ar" "COMPILER_FLAGS=  -O2 -c" "EXTRA_COMPILER_FLAGS=-mcpu=cortex-a9 -mfpu=vfpv3 -mfloat-abi=har
TRACE::2026-05-28.14:42:07::SCWBDomain::d -nostartfiles -g -Wall -Wextra"

TRACE::2026-05-28.14:42:07::SCWBDomain::"Running Make include in ps7_cortexa9_0/libsrc/ddrps_v1_2/src"

TRACE::2026-05-28.14:42:07::SCWBDomain::make -C ps7_cortexa9_0/libsrc/ddrps_v1_2/src -s include  "SHELL=CMD" "COMPILER=arm-none-eabi-gcc" "ASSEMBLER=arm-none-eabi-as" 
TRACE::2026-05-28.14:42:07::SCWBDomain::"ARCHIVER=arm-none-eabi-ar" "COMPILER_FLAGS=  -O2 -c" "EXTRA_COMPILER_FLAGS=-mcpu=cortex-a9 -mfpu=vfpv3 -mfloat-abi=hard -nosta
TRACE::2026-05-28.14:42:07::SCWBDomain::rtfiles -g -Wall -Wextra"

TRACE::2026-05-28.14:42:07::SCWBDomain::"Running Make include in ps7_cortexa9_0/libsrc/devcfg_v3_7/src"

TRACE::2026-05-28.14:42:07::SCWBDomain::make -C ps7_cortexa9_0/libsrc/devcfg_v3_7/src -s include  "SHELL=CMD" "COMPILER=arm-none-eabi-gcc" "ASSEMBLER=arm-none-eabi-as"
TRACE::2026-05-28.14:42:07::SCWBDomain:: "ARCHIVER=arm-none-eabi-ar" "COMPILER_FLAGS=  -O2 -c" "EXTRA_COMPILER_FLAGS=-mcpu=cortex-a9 -mfpu=vfpv3 -mfloat-abi=hard -nost
TRACE::2026-05-28.14:42:07::SCWBDomain::artfiles -g -Wall -Wextra"

TRACE::2026-05-28.14:42:08::SCWBDomain::"Running Make include in ps7_cortexa9_0/libsrc/dmaps_v2_7/src"

TRACE::2026-05-28.14:42:08::SCWBDomain::make -C ps7_cortexa9_0/libsrc/dmaps_v2_7/src -s include  "SHELL=CMD" "COMPILER=arm-none-eabi-gcc" "ASSEMBLER=arm-none-eabi-as" 
TRACE::2026-05-28.14:42:08::SCWBDomain::"ARCHIVER=arm-none-eabi-ar" "COMPILER_FLAGS=  -O2 -c" "EXTRA_COMPILER_FLAGS=-mcpu=cortex-a9 -mfpu=vfpv3 -mfloat-abi=hard -nosta
TRACE::2026-05-28.14:42:08::SCWBDomain::rtfiles -g -Wall -Wextra"

TRACE::2026-05-28.14:42:08::SCWBDomain::"Running Make include in ps7_cortexa9_0/libsrc/gpiops_v3_8/src"

TRACE::2026-05-28.14:42:08::SCWBDomain::make -C ps7_cortexa9_0/libsrc/gpiops_v3_8/src -s include  "SHELL=CMD" "COMPILER=arm-none-eabi-gcc" "ASSEMBLER=arm-none-eabi-as"
TRACE::2026-05-28.14:42:08::SCWBDomain:: "ARCHIVER=arm-none-eabi-ar" "COMPILER_FLAGS=  -O2 -c" "EXTRA_COMPILER_FLAGS=-mcpu=cortex-a9 -mfpu=vfpv3 -mfloat-abi=hard -nost
TRACE::2026-05-28.14:42:08::SCWBDomain::artfiles -g -Wall -Wextra"

TRACE::2026-05-28.14:42:08::SCWBDomain::"Running Make include in ps7_cortexa9_0/libsrc/gpio_v4_7/src"

TRACE::2026-05-28.14:42:08::SCWBDomain::make -C ps7_cortexa9_0/libsrc/gpio_v4_7/src -s include  "SHELL=CMD" "COMPILER=arm-none-eabi-gcc" "ASSEMBLER=arm-none-eabi-as" "
TRACE::2026-05-28.14:42:08::SCWBDomain::ARCHIVER=arm-none-eabi-ar" "COMPILER_FLAGS=  -O2 -c" "EXTRA_COMPILER_FLAGS=-mcpu=cortex-a9 -mfpu=vfpv3 -mfloat-abi=hard -nostar
TRACE::2026-05-28.14:42:08::SCWBDomain::tfiles -g -Wall -Wextra"

TRACE::2026-05-28.14:42:08::SCWBDomain::"Running Make include in ps7_cortexa9_0/libsrc/scugic_v4_3/src"

TRACE::2026-05-28.14:42:08::SCWBDomain::make -C ps7_cortexa9_0/libsrc/scugic_v4_3/src -s include  "SHELL=CMD" "COMPILER=arm-none-eabi-gcc" "ASSEMBLER=arm-none-eabi-as"
TRACE::2026-05-28.14:42:08::SCWBDomain:: "ARCHIVER=arm-none-eabi-ar" "COMPILER_FLAGS=  -O2 -c" "EXTRA_COMPILER_FLAGS=-mcpu=cortex-a9 -mfpu=vfpv3 -mfloat-abi=hard -nost
TRACE::2026-05-28.14:42:08::SCWBDomain::artfiles -g -Wall -Wextra"

TRACE::2026-05-28.14:42:08::SCWBDomain::"Running Make include in ps7_cortexa9_0/libsrc/scutimer_v2_3/src"

TRACE::2026-05-28.14:42:08::SCWBDomain::make -C ps7_cortexa9_0/libsrc/scutimer_v2_3/src -s include  "SHELL=CMD" "COMPILER=arm-none-eabi-gcc" "ASSEMBLER=arm-none-eabi-a
TRACE::2026-05-28.14:42:08::SCWBDomain::s" "ARCHIVER=arm-none-eabi-ar" "COMPILER_FLAGS=  -O2 -c" "EXTRA_COMPILER_FLAGS=-mcpu=cortex-a9 -mfpu=vfpv3 -mfloat-abi=hard -no
TRACE::2026-05-28.14:42:08::SCWBDomain::startfiles -g -Wall -Wextra"

TRACE::2026-05-28.14:42:08::SCWBDomain::"Running Make include in ps7_cortexa9_0/libsrc/scuwdt_v2_3/src"

TRACE::2026-05-28.14:42:08::SCWBDomain::make -C ps7_cortexa9_0/libsrc/scuwdt_v2_3/src -s include  "SHELL=CMD" "COMPILER=arm-none-eabi-gcc" "ASSEMBLER=arm-none-eabi-as"
TRACE::2026-05-28.14:42:08::SCWBDomain:: "ARCHIVER=arm-none-eabi-ar" "COMPILER_FLAGS=  -O2 -c" "EXTRA_COMPILER_FLAGS=-mcpu=cortex-a9 -mfpu=vfpv3 -mfloat-abi=hard -nost
TRACE::2026-05-28.14:42:08::SCWBDomain::artfiles -g -Wall -Wextra"

TRACE::2026-05-28.14:42:08::SCWBDomain::"Running Make include in ps7_cortexa9_0/libsrc/standalone_v7_3/src"

TRACE::2026-05-28.14:42:08::SCWBDomain::make -C ps7_cortexa9_0/libsrc/standalone_v7_3/src -s include  "SHELL=CMD" "COMPILER=arm-none-eabi-gcc" "ASSEMBLER=arm-none-eabi
TRACE::2026-05-28.14:42:08::SCWBDomain::-as" "ARCHIVER=arm-none-eabi-ar" "COMPILER_FLAGS=  -O2 -c" "EXTRA_COMPILER_FLAGS=-mcpu=cortex-a9 -mfpu=vfpv3 -mfloat-abi=hard -
TRACE::2026-05-28.14:42:08::SCWBDomain::nostartfiles -g -Wall -Wextra"

TRACE::2026-05-28.14:42:08::SCWBDomain::"Running Make include in ps7_cortexa9_0/libsrc/uartps_v3_10/src"

TRACE::2026-05-28.14:42:08::SCWBDomain::make -C ps7_cortexa9_0/libsrc/uartps_v3_10/src -s include  "SHELL=CMD" "COMPILER=arm-none-eabi-gcc" "ASSEMBLER=arm-none-eabi-as
TRACE::2026-05-28.14:42:08::SCWBDomain::" "ARCHIVER=arm-none-eabi-ar" "COMPILER_FLAGS=  -O2 -c" "EXTRA_COMPILER_FLAGS=-mcpu=cortex-a9 -mfpu=vfpv3 -mfloat-abi=hard -nos
TRACE::2026-05-28.14:42:08::SCWBDomain::tartfiles -g -Wall -Wextra"

TRACE::2026-05-28.14:42:08::SCWBDomain::"Running Make include in ps7_cortexa9_0/libsrc/vtc_v8_3/src"

TRACE::2026-05-28.14:42:08::SCWBDomain::make -C ps7_cortexa9_0/libsrc/vtc_v8_3/src -s include  "SHELL=CMD" "COMPILER=arm-none-eabi-gcc" "ASSEMBLER=arm-none-eabi-as" "A
TRACE::2026-05-28.14:42:08::SCWBDomain::RCHIVER=arm-none-eabi-ar" "COMPILER_FLAGS=  -O2 -c" "EXTRA_COMPILER_FLAGS=-mcpu=cortex-a9 -mfpu=vfpv3 -mfloat-abi=hard -nostart
TRACE::2026-05-28.14:42:08::SCWBDomain::files -g -Wall -Wextra"

TRACE::2026-05-28.14:42:09::SCWBDomain::"Running Make include in ps7_cortexa9_0/libsrc/xadcps_v2_5/src"

TRACE::2026-05-28.14:42:09::SCWBDomain::make -C ps7_cortexa9_0/libsrc/xadcps_v2_5/src -s include  "SHELL=CMD" "COMPILER=arm-none-eabi-gcc" "ASSEMBLER=arm-none-eabi-as"
TRACE::2026-05-28.14:42:09::SCWBDomain:: "ARCHIVER=arm-none-eabi-ar" "COMPILER_FLAGS=  -O2 -c" "EXTRA_COMPILER_FLAGS=-mcpu=cortex-a9 -mfpu=vfpv3 -mfloat-abi=hard -nost
TRACE::2026-05-28.14:42:09::SCWBDomain::artfiles -g -Wall -Wextra"

TRACE::2026-05-28.14:42:09::SCWBDomain::"Running Make include in ps7_cortexa9_0/libsrc/xilffs_v4_4/src"

TRACE::2026-05-28.14:42:09::SCWBDomain::make -C ps7_cortexa9_0/libsrc/xilffs_v4_4/src -s include  "SHELL=CMD" "COMPILER=arm-none-eabi-gcc" "ASSEMBLER=arm-none-eabi-as"
TRACE::2026-05-28.14:42:09::SCWBDomain:: "ARCHIVER=arm-none-eabi-ar" "COMPILER_FLAGS=  -O2 -c" "EXTRA_COMPILER_FLAGS=-mcpu=cortex-a9 -mfpu=vfpv3 -mfloat-abi=hard -nost
TRACE::2026-05-28.14:42:09::SCWBDomain::artfiles -g -Wall -Wextra"

TRACE::2026-05-28.14:42:09::SCWBDomain::"Running Make include in ps7_cortexa9_0/libsrc/xilrsa_v1_6/src"

TRACE::2026-05-28.14:42:09::SCWBDomain::make -C ps7_cortexa9_0/libsrc/xilrsa_v1_6/src -s include  "SHELL=CMD" "COMPILER=arm-none-eabi-gcc" "ASSEMBLER=arm-none-eabi-as"
TRACE::2026-05-28.14:42:09::SCWBDomain:: "ARCHIVER=arm-none-eabi-ar" "COMPILER_FLAGS=  -O2 -c" "EXTRA_COMPILER_FLAGS=-mcpu=cortex-a9 -mfpu=vfpv3 -mfloat-abi=hard -nost
TRACE::2026-05-28.14:42:09::SCWBDomain::artfiles -g -Wall -Wextra"

TRACE::2026-05-28.14:42:09::SCWBDomain::"Running Make libs in ps7_cortexa9_0/libsrc/xilrsa_v1_6/src"

TRACE::2026-05-28.14:42:09::SCWBDomain::make -C ps7_cortexa9_0/libsrc/xilrsa_v1_6/src -s libs  "SHELL=CMD" "COMPILER=arm-none-eabi-gcc" "ASSEMBLER=arm-none-eabi-as" "A
TRACE::2026-05-28.14:42:09::SCWBDomain::RCHIVER=arm-none-eabi-ar" "COMPILER_FLAGS=  -O2 -c" "EXTRA_COMPILER_FLAGS=-mcpu=cortex-a9 -mfpu=vfpv3 -mfloat-abi=hard -nostart
TRACE::2026-05-28.14:42:09::SCWBDomain::files -g -Wall -Wextra"

TRACE::2026-05-28.14:42:09::SCWBDomain::'Finished building libraries sequentially.'

TRACE::2026-05-28.14:42:09::SCWBDomain::make -j --no-print-directory par_libs

TRACE::2026-05-28.14:42:09::SCWBDomain::"Running Make include in ps7_cortexa9_0/libsrc/axivdma_v6_8/src"

TRACE::2026-05-28.14:42:09::SCWBDomain::make -C ps7_cortexa9_0/libsrc/axivdma_v6_8/src -s include  "SHELL=CMD" "COMPILER=arm-none-eabi-gcc" "ASSEMBLER=arm-none-eabi-as
TRACE::2026-05-28.14:42:09::SCWBDomain::" "ARCHIVER=arm-none-eabi-ar" "COMPILER_FLAGS=  -O2 -c" "EXTRA_COMPILER_FLAGS=-mcpu=cortex-a9 -mfpu=vfpv3 -mfloat-abi=hard -nos
TRACE::2026-05-28.14:42:09::SCWBDomain::tartfiles -g -Wall -Wextra"

TRACE::2026-05-28.14:42:09::SCWBDomain::"Running Make include in ps7_cortexa9_0/libsrc/clk_wiz_v1_4/src"

TRACE::2026-05-28.14:42:09::SCWBDomain::"Running Make include in ps7_cortexa9_0/libsrc/coresightps_dcc_v1_8/src"

TRACE::2026-05-28.14:42:09::SCWBDomain::make -C ps7_cortexa9_0/libsrc/clk_wiz_v1_4/src -s include  "SHELL=CMD" "COMPILER=arm-none-eabi-gcc" "ASSEMBLER=arm-none-eabi-as
TRACE::2026-05-28.14:42:09::SCWBDomain::" "ARCHIVER=arm-none-eabi-ar" "COMPILER_FLAGS=  -O2 -c" "EXTRA_COMPILER_FLAGS=-mcpu=cortex-a9 -mfpu=vfpv3 -mfloat-abi=hard -nos
TRACE::2026-05-28.14:42:09::SCWBDomain::tartfiles -g -Wall -Wextra"

TRACE::2026-05-28.14:42:09::SCWBDomain::make -C ps7_cortexa9_0/libsrc/coresightps_dcc_v1_8/src -s include  "SHELL=CMD" "COMPILER=arm-none-eabi-gcc" "ASSEMBLER=arm-none
TRACE::2026-05-28.14:42:09::SCWBDomain::-eabi-as" "ARCHIVER=arm-none-eabi-ar" "COMPILER_FLAGS=  -O2 -c" "EXTRA_COMPILER_FLAGS=-mcpu=cortex-a9 -mfpu=vfpv3 -mfloat-abi=h
TRACE::2026-05-28.14:42:09::SCWBDomain::ard -nostartfiles -g -Wall -Wextra"

TRACE::2026-05-28.14:42:09::SCWBDomain::"Running Make include in ps7_cortexa9_0/libsrc/cpu_cortexa9_v2_10/src"

TRACE::2026-05-28.14:42:09::SCWBDomain::make -C ps7_cortexa9_0/libsrc/cpu_cortexa9_v2_10/src -s include  "SHELL=CMD" "COMPILER=arm-none-eabi-gcc" "ASSEMBLER=arm-none-e
TRACE::2026-05-28.14:42:09::SCWBDomain::abi-as" "ARCHIVER=arm-none-eabi-ar" "COMPILER_FLAGS=  -O2 -c" "EXTRA_COMPILER_FLAGS=-mcpu=cortex-a9 -mfpu=vfpv3 -mfloat-abi=har
TRACE::2026-05-28.14:42:09::SCWBDomain::d -nostartfiles -g -Wall -Wextra"

TRACE::2026-05-28.14:42:09::SCWBDomain::"Running Make include in ps7_cortexa9_0/libsrc/ddrps_v1_2/src"

TRACE::2026-05-28.14:42:09::SCWBDomain::make -C ps7_cortexa9_0/libsrc/ddrps_v1_2/src -s include  "SHELL=CMD" "COMPILER=arm-none-eabi-gcc" "ASSEMBLER=arm-none-eabi-as" 
TRACE::2026-05-28.14:42:09::SCWBDomain::"ARCHIVER=arm-none-eabi-ar" "COMPILER_FLAGS=  -O2 -c" "EXTRA_COMPILER_FLAGS=-mcpu=cortex-a9 -mfpu=vfpv3 -mfloat-abi=hard -nosta
TRACE::2026-05-28.14:42:09::SCWBDomain::rtfiles -g -Wall -Wextra"

TRACE::2026-05-28.14:42:09::SCWBDomain::"Running Make include in ps7_cortexa9_0/libsrc/devcfg_v3_7/src"

TRACE::2026-05-28.14:42:09::SCWBDomain::"Running Make include in ps7_cortexa9_0/libsrc/dmaps_v2_7/src"

TRACE::2026-05-28.14:42:09::SCWBDomain::make -C ps7_cortexa9_0/libsrc/devcfg_v3_7/src -s include  "SHELL=CMD" "COMPILER=arm-none-eabi-gcc" "ASSEMBLER=arm-none-eabi-as"
TRACE::2026-05-28.14:42:09::SCWBDomain:: "ARCHIVER=arm-none-eabi-ar" "COMPILER_FLAGS=  -O2 -c" "EXTRA_COMPILER_FLAGS=-mcpu=cortex-a9 -mfpu=vfpv3 -mfloat-abi=hard -nost
TRACE::2026-05-28.14:42:09::SCWBDomain::artfiles -g -Wall -Wextra"

TRACE::2026-05-28.14:42:09::SCWBDomain::make -C ps7_cortexa9_0/libsrc/dmaps_v2_7/src -s include  "SHELL=CMD" "COMPILER=arm-none-eabi-gcc" "ASSEMBLER=arm-none-eabi-as" 
TRACE::2026-05-28.14:42:09::SCWBDomain::"ARCHIVER=arm-none-eabi-ar" "COMPILER_FLAGS=  -O2 -c" "EXTRA_COMPILER_FLAGS=-mcpu=cortex-a9 -mfpu=vfpv3 -mfloat-abi=hard -nosta
TRACE::2026-05-28.14:42:09::SCWBDomain::rtfiles -g -Wall -Wextra"

TRACE::2026-05-28.14:42:09::SCWBDomain::"Running Make include in ps7_cortexa9_0/libsrc/gpiops_v3_8/src"

TRACE::2026-05-28.14:42:09::SCWBDomain::make -C ps7_cortexa9_0/libsrc/gpiops_v3_8/src -s include  "SHELL=CMD" "COMPILER=arm-none-eabi-gcc" "ASSEMBLER=arm-none-eabi-as"
TRACE::2026-05-28.14:42:09::SCWBDomain:: "ARCHIVER=arm-none-eabi-ar" "COMPILER_FLAGS=  -O2 -c" "EXTRA_COMPILER_FLAGS=-mcpu=cortex-a9 -mfpu=vfpv3 -mfloat-abi=hard -nost
TRACE::2026-05-28.14:42:09::SCWBDomain::artfiles -g -Wall -Wextra"

TRACE::2026-05-28.14:42:09::SCWBDomain::"Running Make include in ps7_cortexa9_0/libsrc/gpio_v4_7/src"

TRACE::2026-05-28.14:42:09::SCWBDomain::make -C ps7_cortexa9_0/libsrc/gpio_v4_7/src -s include  "SHELL=CMD" "COMPILER=arm-none-eabi-gcc" "ASSEMBLER=arm-none-eabi-as" "
TRACE::2026-05-28.14:42:09::SCWBDomain::ARCHIVER=arm-none-eabi-ar" "COMPILER_FLAGS=  -O2 -c" "EXTRA_COMPILER_FLAGS=-mcpu=cortex-a9 -mfpu=vfpv3 -mfloat-abi=hard -nostar
TRACE::2026-05-28.14:42:09::SCWBDomain::tfiles -g -Wall -Wextra"

TRACE::2026-05-28.14:42:09::SCWBDomain::"Running Make include in ps7_cortexa9_0/libsrc/scugic_v4_3/src"

TRACE::2026-05-28.14:42:09::SCWBDomain::"Running Make include in ps7_cortexa9_0/libsrc/scutimer_v2_3/src"

TRACE::2026-05-28.14:42:09::SCWBDomain::make -C ps7_cortexa9_0/libsrc/scugic_v4_3/src -s include  "SHELL=CMD" "COMPILER=arm-none-eabi-gcc" "ASSEMBLER=arm-none-eabi-as"
TRACE::2026-05-28.14:42:09::SCWBDomain:: "ARCHIVER=arm-none-eabi-ar" "COMPILER_FLAGS=  -O2 -c" "EXTRA_COMPILER_FLAGS=-mcpu=cortex-a9 -mfpu=vfpv3 -mfloat-abi=hard -nost
TRACE::2026-05-28.14:42:09::SCWBDomain::artfiles -g -Wall -Wextra"

TRACE::2026-05-28.14:42:09::SCWBDomain::make -C ps7_cortexa9_0/libsrc/scutimer_v2_3/src -s include  "SHELL=CMD" "COMPILER=arm-none-eabi-gcc" "ASSEMBLER=arm-none-eabi-a
TRACE::2026-05-28.14:42:09::SCWBDomain::s" "ARCHIVER=arm-none-eabi-ar" "COMPILER_FLAGS=  -O2 -c" "EXTRA_COMPILER_FLAGS=-mcpu=cortex-a9 -mfpu=vfpv3 -mfloat-abi=hard -no
TRACE::2026-05-28.14:42:09::SCWBDomain::startfiles -g -Wall -Wextra"

TRACE::2026-05-28.14:42:09::SCWBDomain::"Running Make include in ps7_cortexa9_0/libsrc/scuwdt_v2_3/src"

TRACE::2026-05-28.14:42:09::SCWBDomain::make -C ps7_cortexa9_0/libsrc/scuwdt_v2_3/src -s include  "SHELL=CMD" "COMPILER=arm-none-eabi-gcc" "ASSEMBLER=arm-none-eabi-as"
TRACE::2026-05-28.14:42:09::SCWBDomain:: "ARCHIVER=arm-none-eabi-ar" "COMPILER_FLAGS=  -O2 -c" "EXTRA_COMPILER_FLAGS=-mcpu=cortex-a9 -mfpu=vfpv3 -mfloat-abi=hard -nost
TRACE::2026-05-28.14:42:09::SCWBDomain::artfiles -g -Wall -Wextra"

TRACE::2026-05-28.14:42:09::SCWBDomain::"Running Make include in ps7_cortexa9_0/libsrc/standalone_v7_3/src"

TRACE::2026-05-28.14:42:09::SCWBDomain::make -C ps7_cortexa9_0/libsrc/standalone_v7_3/src -s include  "SHELL=CMD" "COMPILER=arm-none-eabi-gcc" "ASSEMBLER=arm-none-eabi
TRACE::2026-05-28.14:42:09::SCWBDomain::-as" "ARCHIVER=arm-none-eabi-ar" "COMPILER_FLAGS=  -O2 -c" "EXTRA_COMPILER_FLAGS=-mcpu=cortex-a9 -mfpu=vfpv3 -mfloat-abi=hard -
TRACE::2026-05-28.14:42:09::SCWBDomain::nostartfiles -g -Wall -Wextra"

TRACE::2026-05-28.14:42:09::SCWBDomain::"Running Make include in ps7_cortexa9_0/libsrc/uartps_v3_10/src"

TRACE::2026-05-28.14:42:09::SCWBDomain::"Running Make include in ps7_cortexa9_0/libsrc/vtc_v8_3/src"

TRACE::2026-05-28.14:42:09::SCWBDomain::make -C ps7_cortexa9_0/libsrc/uartps_v3_10/src -s include  "SHELL=CMD" "COMPILER=arm-none-eabi-gcc" "ASSEMBLER=arm-none-eabi-as
TRACE::2026-05-28.14:42:09::SCWBDomain::" "ARCHIVER=arm-none-eabi-ar" "COMPILER_FLAGS=  -O2 -c" "EXTRA_COMPILER_FLAGS=-mcpu=cortex-a9 -mfpu=vfpv3 -mfloat-abi=hard -nos
TRACE::2026-05-28.14:42:09::SCWBDomain::tartfiles -g -Wall -Wextra"

TRACE::2026-05-28.14:42:09::SCWBDomain::make -C ps7_cortexa9_0/libsrc/vtc_v8_3/src -s include  "SHELL=CMD" "COMPILER=arm-none-eabi-gcc" "ASSEMBLER=arm-none-eabi-as" "A
TRACE::2026-05-28.14:42:09::SCWBDomain::RCHIVER=arm-none-eabi-ar" "COMPILER_FLAGS=  -O2 -c" "EXTRA_COMPILER_FLAGS=-mcpu=cortex-a9 -mfpu=vfpv3 -mfloat-abi=hard -nostart
TRACE::2026-05-28.14:42:09::SCWBDomain::files -g -Wall -Wextra"

TRACE::2026-05-28.14:42:09::SCWBDomain::"Running Make include in ps7_cortexa9_0/libsrc/xadcps_v2_5/src"

TRACE::2026-05-28.14:42:09::SCWBDomain::make -C ps7_cortexa9_0/libsrc/xadcps_v2_5/src -s include  "SHELL=CMD" "COMPILER=arm-none-eabi-gcc" "ASSEMBLER=arm-none-eabi-as"
TRACE::2026-05-28.14:42:09::SCWBDomain:: "ARCHIVER=arm-none-eabi-ar" "COMPILER_FLAGS=  -O2 -c" "EXTRA_COMPILER_FLAGS=-mcpu=cortex-a9 -mfpu=vfpv3 -mfloat-abi=hard -nost
TRACE::2026-05-28.14:42:09::SCWBDomain::artfiles -g -Wall -Wextra"

TRACE::2026-05-28.14:42:09::SCWBDomain::"Running Make include in ps7_cortexa9_0/libsrc/xilffs_v4_4/src"

TRACE::2026-05-28.14:42:09::SCWBDomain::make -C ps7_cortexa9_0/libsrc/xilffs_v4_4/src -s include  "SHELL=CMD" "COMPILER=arm-none-eabi-gcc" "ASSEMBLER=arm-none-eabi-as"
TRACE::2026-05-28.14:42:09::SCWBDomain:: "ARCHIVER=arm-none-eabi-ar" "COMPILER_FLAGS=  -O2 -c" "EXTRA_COMPILER_FLAGS=-mcpu=cortex-a9 -mfpu=vfpv3 -mfloat-abi=hard -nost
TRACE::2026-05-28.14:42:09::SCWBDomain::artfiles -g -Wall -Wextra"

TRACE::2026-05-28.14:42:09::SCWBDomain::"Running Make include in ps7_cortexa9_0/libsrc/xilrsa_v1_6/src"

TRACE::2026-05-28.14:42:09::SCWBDomain::make -C ps7_cortexa9_0/libsrc/xilrsa_v1_6/src -s include  "SHELL=CMD" "COMPILER=arm-none-eabi-gcc" "ASSEMBLER=arm-none-eabi-as"
TRACE::2026-05-28.14:42:09::SCWBDomain:: "ARCHIVER=arm-none-eabi-ar" "COMPILER_FLAGS=  -O2 -c" "EXTRA_COMPILER_FLAGS=-mcpu=cortex-a9 -mfpu=vfpv3 -mfloat-abi=hard -nost
TRACE::2026-05-28.14:42:09::SCWBDomain::artfiles -g -Wall -Wextra"

TRACE::2026-05-28.14:42:09::SCWBDomain::"Running Make libs in ps7_cortexa9_0/libsrc/axivdma_v6_8/src"

TRACE::2026-05-28.14:42:09::SCWBDomain::make -C ps7_cortexa9_0/libsrc/axivdma_v6_8/src -s libs  "SHELL=CMD" "COMPILER=arm-none-eabi-gcc" "ASSEMBLER=arm-none-eabi-as" "
TRACE::2026-05-28.14:42:09::SCWBDomain::ARCHIVER=arm-none-eabi-ar" "COMPILER_FLAGS=  -O2 -c" "EXTRA_COMPILER_FLAGS=-mcpu=cortex-a9 -mfpu=vfpv3 -mfloat-abi=hard -nostar
TRACE::2026-05-28.14:42:09::SCWBDomain::tfiles -g -Wall -Wextra"

TRACE::2026-05-28.14:42:09::SCWBDomain::"Running Make libs in ps7_cortexa9_0/libsrc/clk_wiz_v1_4/src"

TRACE::2026-05-28.14:42:09::SCWBDomain::"Running Make libs in ps7_cortexa9_0/libsrc/coresightps_dcc_v1_8/src"

TRACE::2026-05-28.14:42:09::SCWBDomain::make -C ps7_cortexa9_0/libsrc/clk_wiz_v1_4/src -s libs  "SHELL=CMD" "COMPILER=arm-none-eabi-gcc" "ASSEMBLER=arm-none-eabi-as" "
TRACE::2026-05-28.14:42:09::SCWBDomain::ARCHIVER=arm-none-eabi-ar" "COMPILER_FLAGS=  -O2 -c" "EXTRA_COMPILER_FLAGS=-mcpu=cortex-a9 -mfpu=vfpv3 -mfloat-abi=hard -nostar
TRACE::2026-05-28.14:42:09::SCWBDomain::tfiles -g -Wall -Wextra"

TRACE::2026-05-28.14:42:09::SCWBDomain::make -C ps7_cortexa9_0/libsrc/coresightps_dcc_v1_8/src -s libs  "SHELL=CMD" "COMPILER=arm-none-eabi-gcc" "ASSEMBLER=arm-none-ea
TRACE::2026-05-28.14:42:09::SCWBDomain::bi-as" "ARCHIVER=arm-none-eabi-ar" "COMPILER_FLAGS=  -O2 -c" "EXTRA_COMPILER_FLAGS=-mcpu=cortex-a9 -mfpu=vfpv3 -mfloat-abi=hard
TRACE::2026-05-28.14:42:09::SCWBDomain:: -nostartfiles -g -Wall -Wextra"

TRACE::2026-05-28.14:42:09::SCWBDomain::"Running Make libs in ps7_cortexa9_0/libsrc/cpu_cortexa9_v2_10/src"

TRACE::2026-05-28.14:42:09::SCWBDomain::make -C ps7_cortexa9_0/libsrc/cpu_cortexa9_v2_10/src -s libs  "SHELL=CMD" "COMPILER=arm-none-eabi-gcc" "ASSEMBLER=arm-none-eabi
TRACE::2026-05-28.14:42:09::SCWBDomain::-as" "ARCHIVER=arm-none-eabi-ar" "COMPILER_FLAGS=  -O2 -c" "EXTRA_COMPILER_FLAGS=-mcpu=cortex-a9 -mfpu=vfpv3 -mfloat-abi=hard -
TRACE::2026-05-28.14:42:09::SCWBDomain::nostartfiles -g -Wall -Wextra"

TRACE::2026-05-28.14:42:09::SCWBDomain::"Running Make libs in ps7_cortexa9_0/libsrc/ddrps_v1_2/src"

TRACE::2026-05-28.14:42:09::SCWBDomain::make -C ps7_cortexa9_0/libsrc/ddrps_v1_2/src -s libs  "SHELL=CMD" "COMPILER=arm-none-eabi-gcc" "ASSEMBLER=arm-none-eabi-as" "AR
TRACE::2026-05-28.14:42:09::SCWBDomain::CHIVER=arm-none-eabi-ar" "COMPILER_FLAGS=  -O2 -c" "EXTRA_COMPILER_FLAGS=-mcpu=cortex-a9 -mfpu=vfpv3 -mfloat-abi=hard -nostartf
TRACE::2026-05-28.14:42:09::SCWBDomain::iles -g -Wall -Wextra"

TRACE::2026-05-28.14:42:09::SCWBDomain::"Running Make libs in ps7_cortexa9_0/libsrc/devcfg_v3_7/src"

TRACE::2026-05-28.14:42:09::SCWBDomain::"Running Make libs in ps7_cortexa9_0/libsrc/dmaps_v2_7/src"

TRACE::2026-05-28.14:42:09::SCWBDomain::make -C ps7_cortexa9_0/libsrc/devcfg_v3_7/src -s libs  "SHELL=CMD" "COMPILER=arm-none-eabi-gcc" "ASSEMBLER=arm-none-eabi-as" "A
TRACE::2026-05-28.14:42:09::SCWBDomain::RCHIVER=arm-none-eabi-ar" "COMPILER_FLAGS=  -O2 -c" "EXTRA_COMPILER_FLAGS=-mcpu=cortex-a9 -mfpu=vfpv3 -mfloat-abi=hard -nostart
TRACE::2026-05-28.14:42:09::SCWBDomain::files -g -Wall -Wextra"

TRACE::2026-05-28.14:42:09::SCWBDomain::"Running Make libs in ps7_cortexa9_0/libsrc/gpiops_v3_8/src"

TRACE::2026-05-28.14:42:09::SCWBDomain::make -C ps7_cortexa9_0/libsrc/dmaps_v2_7/src -s libs  "SHELL=CMD" "COMPILER=arm-none-eabi-gcc" "ASSEMBLER=arm-none-eabi-as" "AR
TRACE::2026-05-28.14:42:09::SCWBDomain::CHIVER=arm-none-eabi-ar" "COMPILER_FLAGS=  -O2 -c" "EXTRA_COMPILER_FLAGS=-mcpu=cortex-a9 -mfpu=vfpv3 -mfloat-abi=hard -nostartf
TRACE::2026-05-28.14:42:09::SCWBDomain::iles -g -Wall -Wextra"

TRACE::2026-05-28.14:42:09::SCWBDomain::make -C ps7_cortexa9_0/libsrc/gpiops_v3_8/src -s libs  "SHELL=CMD" "COMPILER=arm-none-eabi-gcc" "ASSEMBLER=arm-none-eabi-as" "A
TRACE::2026-05-28.14:42:09::SCWBDomain::RCHIVER=arm-none-eabi-ar" "COMPILER_FLAGS=  -O2 -c" "EXTRA_COMPILER_FLAGS=-mcpu=cortex-a9 -mfpu=vfpv3 -mfloat-abi=hard -nostart
TRACE::2026-05-28.14:42:09::SCWBDomain::files -g -Wall -Wextra"

TRACE::2026-05-28.14:42:09::SCWBDomain::"Running Make libs in ps7_cortexa9_0/libsrc/gpio_v4_7/src"

TRACE::2026-05-28.14:42:09::SCWBDomain::make -C ps7_cortexa9_0/libsrc/gpio_v4_7/src -s libs  "SHELL=CMD" "COMPILER=arm-none-eabi-gcc" "ASSEMBLER=arm-none-eabi-as" "ARC
TRACE::2026-05-28.14:42:09::SCWBDomain::HIVER=arm-none-eabi-ar" "COMPILER_FLAGS=  -O2 -c" "EXTRA_COMPILER_FLAGS=-mcpu=cortex-a9 -mfpu=vfpv3 -mfloat-abi=hard -nostartfi
TRACE::2026-05-28.14:42:09::SCWBDomain::les -g -Wall -Wextra"

TRACE::2026-05-28.14:42:09::SCWBDomain::"Running Make libs in ps7_cortexa9_0/libsrc/scugic_v4_3/src"

TRACE::2026-05-28.14:42:09::SCWBDomain::make -C ps7_cortexa9_0/libsrc/scugic_v4_3/src -s libs  "SHELL=CMD" "COMPILER=arm-none-eabi-gcc" "ASSEMBLER=arm-none-eabi-as" "A
TRACE::2026-05-28.14:42:09::SCWBDomain::RCHIVER=arm-none-eabi-ar" "COMPILER_FLAGS=  -O2 -c" "EXTRA_COMPILER_FLAGS=-mcpu=cortex-a9 -mfpu=vfpv3 -mfloat-abi=hard -nostart
TRACE::2026-05-28.14:42:09::SCWBDomain::files -g -Wall -Wextra"

TRACE::2026-05-28.14:42:09::SCWBDomain::"Running Make libs in ps7_cortexa9_0/libsrc/scutimer_v2_3/src"

TRACE::2026-05-28.14:42:09::SCWBDomain::make -C ps7_cortexa9_0/libsrc/scutimer_v2_3/src -s libs  "SHELL=CMD" "COMPILER=arm-none-eabi-gcc" "ASSEMBLER=arm-none-eabi-as" 
TRACE::2026-05-28.14:42:09::SCWBDomain::"ARCHIVER=arm-none-eabi-ar" "COMPILER_FLAGS=  -O2 -c" "EXTRA_COMPILER_FLAGS=-mcpu=cortex-a9 -mfpu=vfpv3 -mfloat-abi=hard -nosta
TRACE::2026-05-28.14:42:09::SCWBDomain::rtfiles -g -Wall -Wextra"

TRACE::2026-05-28.14:42:09::SCWBDomain::"Running Make libs in ps7_cortexa9_0/libsrc/scuwdt_v2_3/src"

TRACE::2026-05-28.14:42:09::SCWBDomain::make -C ps7_cortexa9_0/libsrc/scuwdt_v2_3/src -s libs  "SHELL=CMD" "COMPILER=arm-none-eabi-gcc" "ASSEMBLER=arm-none-eabi-as" "A
TRACE::2026-05-28.14:42:09::SCWBDomain::RCHIVER=arm-none-eabi-ar" "COMPILER_FLAGS=  -O2 -c" "EXTRA_COMPILER_FLAGS=-mcpu=cortex-a9 -mfpu=vfpv3 -mfloat-abi=hard -nostart
TRACE::2026-05-28.14:42:09::SCWBDomain::files -g -Wall -Wextra"

TRACE::2026-05-28.14:42:09::SCWBDomain::"Running Make libs in ps7_cortexa9_0/libsrc/standalone_v7_3/src"

TRACE::2026-05-28.14:42:09::SCWBDomain::make -C ps7_cortexa9_0/libsrc/standalone_v7_3/src -s libs  "SHELL=CMD" "COMPILER=arm-none-eabi-gcc" "ASSEMBLER=arm-none-eabi-as
TRACE::2026-05-28.14:42:09::SCWBDomain::" "ARCHIVER=arm-none-eabi-ar" "COMPILER_FLAGS=  -O2 -c" "EXTRA_COMPILER_FLAGS=-mcpu=cortex-a9 -mfpu=vfpv3 -mfloat-abi=hard -nos
TRACE::2026-05-28.14:42:09::SCWBDomain::tartfiles -g -Wall -Wextra"

TRACE::2026-05-28.14:42:09::SCWBDomain::"Running Make libs in ps7_cortexa9_0/libsrc/uartps_v3_10/src"

TRACE::2026-05-28.14:42:09::SCWBDomain::make -C ps7_cortexa9_0/libsrc/uartps_v3_10/src -s libs  "SHELL=CMD" "COMPILER=arm-none-eabi-gcc" "ASSEMBLER=arm-none-eabi-as" "
TRACE::2026-05-28.14:42:09::SCWBDomain::ARCHIVER=arm-none-eabi-ar" "COMPILER_FLAGS=  -O2 -c" "EXTRA_COMPILER_FLAGS=-mcpu=cortex-a9 -mfpu=vfpv3 -mfloat-abi=hard -nostar
TRACE::2026-05-28.14:42:09::SCWBDomain::tfiles -g -Wall -Wextra"

TRACE::2026-05-28.14:42:09::SCWBDomain::"Running Make libs in ps7_cortexa9_0/libsrc/vtc_v8_3/src"

TRACE::2026-05-28.14:42:09::SCWBDomain::make -C ps7_cortexa9_0/libsrc/vtc_v8_3/src -s libs  "SHELL=CMD" "COMPILER=arm-none-eabi-gcc" "ASSEMBLER=arm-none-eabi-as" "ARCH
TRACE::2026-05-28.14:42:09::SCWBDomain::IVER=arm-none-eabi-ar" "COMPILER_FLAGS=  -O2 -c" "EXTRA_COMPILER_FLAGS=-mcpu=cortex-a9 -mfpu=vfpv3 -mfloat-abi=hard -nostartfil
TRACE::2026-05-28.14:42:09::SCWBDomain::es -g -Wall -Wextra"

TRACE::2026-05-28.14:42:09::SCWBDomain::"Running Make libs in ps7_cortexa9_0/libsrc/xadcps_v2_5/src"

TRACE::2026-05-28.14:42:09::SCWBDomain::make -C ps7_cortexa9_0/libsrc/xadcps_v2_5/src -s libs  "SHELL=CMD" "COMPILER=arm-none-eabi-gcc" "ASSEMBLER=arm-none-eabi-as" "A
TRACE::2026-05-28.14:42:09::SCWBDomain::RCHIVER=arm-none-eabi-ar" "COMPILER_FLAGS=  -O2 -c" "EXTRA_COMPILER_FLAGS=-mcpu=cortex-a9 -mfpu=vfpv3 -mfloat-abi=hard -nostart
TRACE::2026-05-28.14:42:09::SCWBDomain::files -g -Wall -Wextra"

TRACE::2026-05-28.14:42:09::SCWBDomain::"Running Make libs in ps7_cortexa9_0/libsrc/xilffs_v4_4/src"

TRACE::2026-05-28.14:42:09::SCWBDomain::make -C ps7_cortexa9_0/libsrc/xilffs_v4_4/src -s libs  "SHELL=CMD" "COMPILER=arm-none-eabi-gcc" "ASSEMBLER=arm-none-eabi-as" "A
TRACE::2026-05-28.14:42:09::SCWBDomain::RCHIVER=arm-none-eabi-ar" "COMPILER_FLAGS=  -O2 -c" "EXTRA_COMPILER_FLAGS=-mcpu=cortex-a9 -mfpu=vfpv3 -mfloat-abi=hard -nostart
TRACE::2026-05-28.14:42:09::SCWBDomain::files -g -Wall -Wextra"

TRACE::2026-05-28.14:42:10::SCWBDomain::'Finished building libraries parallelly.'

TRACE::2026-05-28.14:42:10::SCWBDomain::make --no-print-directory archive

TRACE::2026-05-28.14:42:10::SCWBDomain::arm-none-eabi-ar -r  ps7_cortexa9_0/lib/libxil.a ps7_cortexa9_0/lib/xil_printf.o ps7_cortexa9_0/lib/xadcps_selftest.o ps7_corte
TRACE::2026-05-28.14:42:10::SCWBDomain::xa9_0/lib/usleep.o ps7_cortexa9_0/lib/xscuwdt.o ps7_cortexa9_0/lib/xplatform_info.o ps7_cortexa9_0/lib/print.o ps7_cortexa9_0/l
TRACE::2026-05-28.14:42:10::SCWBDomain::ib/xscutimer.o ps7_cortexa9_0/lib/xclk_wiz_sinit.o ps7_cortexa9_0/lib/xvtc_selftest.o ps7_cortexa9_0/lib/xil_testio.o ps7_corte
TRACE::2026-05-28.14:42:10::SCWBDomain::xa9_0/lib/sleep.o ps7_cortexa9_0/lib/xdevcfg_hw.o ps7_cortexa9_0/lib/xscugic_intr.o ps7_cortexa9_0/lib/xadcps_intr.o ps7_cortex
TRACE::2026-05-28.14:42:10::SCWBDomain::a9_0/lib/xpm_counter.o ps7_cortexa9_0/lib/xdmaps_g.o ps7_cortexa9_0/lib/xclk_wiz_g.o ps7_cortexa9_0/lib/xdmaps_sinit.o ps7_cort
TRACE::2026-05-28.14:42:10::SCWBDomain::exa9_0/lib/xil_cache.o ps7_cortexa9_0/lib/inbyte.o ps7_cortexa9_0/lib/xil_mmu.o ps7_cortexa9_0/lib/xdmaps_selftest.o ps7_cortex
TRACE::2026-05-28.14:42:10::SCWBDomain::a9_0/lib/xil_misc_psreset_api.o ps7_cortexa9_0/lib/cpputest_time.o ps7_cortexa9_0/lib/xuartps_options.o ps7_cortexa9_0/lib/xgpi
TRACE::2026-05-28.14:42:10::SCWBDomain::ops_g.o ps7_cortexa9_0/lib/close.o ps7_cortexa9_0/lib/xil_mem.o ps7_cortexa9_0/lib/xscugic_hw.o ps7_cortexa9_0/lib/xgpiops_sini
TRACE::2026-05-28.14:42:10::SCWBDomain::t.o ps7_cortexa9_0/lib/xgpiops_selftest.o ps7_cortexa9_0/lib/xgpio_g.o ps7_cortexa9_0/lib/translation_table.o ps7_cortexa9_0/li
TRACE::2026-05-28.14:42:10::SCWBDomain::b/xaxivdma_g.o ps7_cortexa9_0/lib/write.o ps7_cortexa9_0/lib/xaxivdma_sinit.o ps7_cortexa9_0/lib/cpu_init.o ps7_cortexa9_0/lib/
TRACE::2026-05-28.14:42:10::SCWBDomain::xscugic_g.o ps7_cortexa9_0/lib/xscutimer_sinit.o ps7_cortexa9_0/lib/xuartps_sinit.o ps7_cortexa9_0/lib/xgpio_selftest.o ps7_cor
TRACE::2026-05-28.14:42:10::SCWBDomain::texa9_0/lib/xaxivdma_selftest.o ps7_cortexa9_0/lib/xgpio_intr.o ps7_cortexa9_0/lib/xil_sleepcommon.o ps7_cortexa9_0/lib/unlink.
TRACE::2026-05-28.14:42:10::SCWBDomain::o ps7_cortexa9_0/lib/xadcps.o ps7_cortexa9_0/lib/xdmaps_hw.o ps7_cortexa9_0/lib/xgpiops_intr.o ps7_cortexa9_0/lib/xscugic_sinit
TRACE::2026-05-28.14:42:10::SCWBDomain::.o ps7_cortexa9_0/lib/fcntl.o ps7_cortexa9_0/lib/open.o ps7_cortexa9_0/lib/_exit.o ps7_cortexa9_0/lib/outbyte.o ps7_cortexa9_0/
TRACE::2026-05-28.14:42:10::SCWBDomain::lib/xuartps_selftest.o ps7_cortexa9_0/lib/xuartps_hw.o ps7_cortexa9_0/lib/lseek.o ps7_cortexa9_0/lib/xscutimer_selftest.o ps7_c
TRACE::2026-05-28.14:42:10::SCWBDomain::ortexa9_0/lib/read.o ps7_cortexa9_0/lib/xgpiops_hw.o ps7_cortexa9_0/lib/xscuwdt_selftest.o ps7_cortexa9_0/lib/xil_testmem.o ps7
TRACE::2026-05-28.14:42:10::SCWBDomain::_cortexa9_0/lib/xtime_l.o ps7_cortexa9_0/lib/xl2cc_counter.o ps7_cortexa9_0/lib/kill.o ps7_cortexa9_0/lib/asm_vectors.o ps7_cor
TRACE::2026-05-28.14:42:10::SCWBDomain::texa9_0/lib/abort.o ps7_cortexa9_0/lib/xdevcfg_g.o ps7_cortexa9_0/lib/xuartps_intr.o ps7_cortexa9_0/lib/xuartps.o ps7_cortexa9_
TRACE::2026-05-28.14:42:10::SCWBDomain::0/lib/getpid.o ps7_cortexa9_0/lib/xil_testcache.o ps7_cortexa9_0/lib/xgpio_extra.o ps7_cortexa9_0/lib/xdevcfg_sinit.o ps7_corte
TRACE::2026-05-28.14:42:10::SCWBDomain::xa9_0/lib/xdmaps.o ps7_cortexa9_0/lib/xaxivdma_channel.o ps7_cortexa9_0/lib/xdevcfg_selftest.o ps7_cortexa9_0/lib/xclk_wiz.o ps
TRACE::2026-05-28.14:42:10::SCWBDomain::7_cortexa9_0/lib/xvtc_intr.o ps7_cortexa9_0/lib/_open.o ps7_cortexa9_0/lib/xvtc.o ps7_cortexa9_0/lib/xscuwdt_sinit.o ps7_cortex
TRACE::2026-05-28.14:42:10::SCWBDomain::a9_0/lib/sbrk.o ps7_cortexa9_0/lib/xaxivdma.o ps7_cortexa9_0/lib/xgpiops.o ps7_cortexa9_0/lib/fstat.o ps7_cortexa9_0/lib/xscuwd
TRACE::2026-05-28.14:42:10::SCWBDomain::t_g.o ps7_cortexa9_0/lib/errno.o ps7_cortexa9_0/lib/xil_util.o ps7_cortexa9_0/lib/xdevcfg_intr.o ps7_cortexa9_0/lib/xscutimer_g
TRACE::2026-05-28.14:42:10::SCWBDomain::.o ps7_cortexa9_0/lib/_sbrk.o ps7_cortexa9_0/lib/xil_sleeptimer.o ps7_cortexa9_0/lib/vectors.o ps7_cortexa9_0/lib/xil_exception
TRACE::2026-05-28.14:42:10::SCWBDomain::.o ps7_cortexa9_0/lib/xgpio.o ps7_cortexa9_0/lib/xvtc_g.o ps7_cortexa9_0/lib/xvtc_sinit.o ps7_cortexa9_0/lib/xclk_wiz_intr.o ps
TRACE::2026-05-28.14:42:10::SCWBDomain::7_cortexa9_0/lib/putnum.o ps7_cortexa9_0/lib/xil_clocking.o ps7_cortexa9_0/lib/xgpio_sinit.o ps7_cortexa9_0/lib/xil_assert.o ps
TRACE::2026-05-28.14:42:10::SCWBDomain::7_cortexa9_0/lib/xaxivdma_intr.o ps7_cortexa9_0/lib/xcoresightpsdcc.o ps7_cortexa9_0/lib/isatty.o ps7_cortexa9_0/lib/xil-crt0.o
TRACE::2026-05-28.14:42:10::SCWBDomain:: ps7_cortexa9_0/lib/xscugic.o ps7_cortexa9_0/lib/xadcps_g.o ps7_cortexa9_0/lib/xscugic_selftest.o ps7_cortexa9_0/lib/xuartps_g.
TRACE::2026-05-28.14:42:10::SCWBDomain::o ps7_cortexa9_0/lib/xadcps_sinit.o ps7_cortexa9_0/lib/boot.o ps7_cortexa9_0/lib/xdevcfg.o

TRACE::2026-05-28.14:42:11::SCWBDomain::'Finished building libraries'

TRACE::2026-05-28.14:42:11::SCWBDomain::make: Leaving directory 'D:/Zynq/vitis/version_2020/26_01_ov5640_lcd/vitis/system_wrapper/zynq_fsbl/zynq_fsbl_bsp'

TRACE::2026-05-28.14:42:11::SCWBDomain::arm-none-eabi-gcc -MMD -MP       -mcpu=cortex-a9 -mfpu=vfpv3 -mfloat-abi=hard   -O2 -c -c sd.c -o sd.o -Izynq_fsbl_bsp/ps7_cort
TRACE::2026-05-28.14:42:11::SCWBDomain::exa9_0/include -I.

TRACE::2026-05-28.14:42:11::SCWBDomain::arm-none-eabi-gcc -MMD -MP       -mcpu=cortex-a9 -mfpu=vfpv3 -mfloat-abi=hard   -O2 -c -c nand.c -o nand.o -Izynq_fsbl_bsp/ps7_
TRACE::2026-05-28.14:42:11::SCWBDomain::cortexa9_0/include -I.

TRACE::2026-05-28.14:42:11::SCWBDomain::arm-none-eabi-gcc -MMD -MP       -mcpu=cortex-a9 -mfpu=vfpv3 -mfloat-abi=hard   -O2 -c -c nor.c -o nor.o -Izynq_fsbl_bsp/ps7_co
TRACE::2026-05-28.14:42:11::SCWBDomain::rtexa9_0/include -I.

TRACE::2026-05-28.14:42:11::SCWBDomain::arm-none-eabi-gcc -MMD -MP       -mcpu=cortex-a9 -mfpu=vfpv3 -mfloat-abi=hard   -O2 -c -c image_mover.c -o image_mover.o -Izynq
TRACE::2026-05-28.14:42:11::SCWBDomain::_fsbl_bsp/ps7_cortexa9_0/include -I.

TRACE::2026-05-28.14:42:11::SCWBDomain::arm-none-eabi-gcc -MMD -MP       -mcpu=cortex-a9 -mfpu=vfpv3 -mfloat-abi=hard   -O2 -c -c md5.c -o md5.o -Izynq_fsbl_bsp/ps7_co
TRACE::2026-05-28.14:42:11::SCWBDomain::rtexa9_0/include -I.

TRACE::2026-05-28.14:42:11::SCWBDomain::arm-none-eabi-gcc -MMD -MP       -mcpu=cortex-a9 -mfpu=vfpv3 -mfloat-abi=hard   -O2 -c -c fsbl_hooks.c -o fsbl_hooks.o -Izynq_f
TRACE::2026-05-28.14:42:11::SCWBDomain::sbl_bsp/ps7_cortexa9_0/include -I.

TRACE::2026-05-28.14:42:11::SCWBDomain::arm-none-eabi-gcc -MMD -MP       -mcpu=cortex-a9 -mfpu=vfpv3 -mfloat-abi=hard   -O2 -c -c main.c -o main.o -Izynq_fsbl_bsp/ps7_
TRACE::2026-05-28.14:42:11::SCWBDomain::cortexa9_0/include -I.

TRACE::2026-05-28.14:42:11::SCWBDomain::arm-none-eabi-gcc -MMD -MP       -mcpu=cortex-a9 -mfpu=vfpv3 -mfloat-abi=hard   -O2 -c -c rsa.c -o rsa.o -Izynq_fsbl_bsp/ps7_co
TRACE::2026-05-28.14:42:11::SCWBDomain::rtexa9_0/include -I.

TRACE::2026-05-28.14:42:11::SCWBDomain::arm-none-eabi-gcc -MMD -MP       -mcpu=cortex-a9 -mfpu=vfpv3 -mfloat-abi=hard   -O2 -c -c qspi.c -o qspi.o -Izynq_fsbl_bsp/ps7_
TRACE::2026-05-28.14:42:11::SCWBDomain::cortexa9_0/include -I.

TRACE::2026-05-28.14:42:11::SCWBDomain::arm-none-eabi-gcc -MMD -MP       -mcpu=cortex-a9 -mfpu=vfpv3 -mfloat-abi=hard   -O2 -c -c ps7_init.c -o ps7_init.o -Izynq_fsbl_
TRACE::2026-05-28.14:42:11::SCWBDomain::bsp/ps7_cortexa9_0/include -I.

TRACE::2026-05-28.14:42:11::SCWBDomain::arm-none-eabi-gcc -MMD -MP       -mcpu=cortex-a9 -mfpu=vfpv3 -mfloat-abi=hard   -O2 -c -c pcap.c -o pcap.o -Izynq_fsbl_bsp/ps7_
TRACE::2026-05-28.14:42:11::SCWBDomain::cortexa9_0/include -I.

TRACE::2026-05-28.14:42:11::SCWBDomain::arm-none-eabi-gcc -MMD -MP       -mcpu=cortex-a9 -mfpu=vfpv3 -mfloat-abi=hard   -O2 -c -c fsbl_handoff.S -o fsbl_handoff.o -Izy
TRACE::2026-05-28.14:42:11::SCWBDomain::nq_fsbl_bsp/ps7_cortexa9_0/include -I.

TRACE::2026-05-28.14:42:12::SCWBDomain::arm-none-eabi-gcc -o fsbl.elf  sd.o  nand.o  nor.o  image_mover.o  md5.o  fsbl_hooks.o  main.o  rsa.o  qspi.o  ps7_init.o  pcap
TRACE::2026-05-28.14:42:12::SCWBDomain::.o  fsbl_handoff.o -MMD -MP       -mcpu=cortex-a9 -mfpu=vfpv3 -mfloat-abi=hard   -mcpu=cortex-a9 -mfpu=vfpv3 -mfloat-abi=hard -
TRACE::2026-05-28.14:42:12::SCWBDomain::Wl,-build-id=none -specs=Xilinx.spec  -lrsa -Wl,--start-group,-lxil,-lgcc,-lc,--end-group -Wl,--start-group,-lxilffs,-lxil,-lgc
TRACE::2026-05-28.14:42:12::SCWBDomain::c,-lc,--end-group -Wl,--start-group,-lrsa,-lxil,-lgcc,-lc,--end-group                                  -Wl,--gc-sections -Lzynq
TRACE::2026-05-28.14:42:12::SCWBDomain::_fsbl_bsp/ps7_cortexa9_0/lib -L./ -Tlscript.ld

LOG::2026-05-28.14:42:12::SCWSystem::Checking the domain standalone_ps7_cortexa9_0
LOG::2026-05-28.14:42:12::SCWSystem::Not a boot domain 
LOG::2026-05-28.14:42:12::SCWSystem::Started Processing the domain standalone_ps7_cortexa9_0
TRACE::2026-05-28.14:42:12::SCWDomain::Generating domain artifcats
TRACE::2026-05-28.14:42:12::SCWMssOS::Generating standalone artifcats
TRACE::2026-05-28.14:42:12::SCWMssOS::Copying the qemu file from  C:/Xilinx/Vitis/2020.2/data/emulation/platforms/zynq/sw/a9_standalone/qemu/qemu_args.txt To D:/Zynq/vitis/version_2020/26_01_ov5640_lcd/vitis/system_wrapper/export/system_wrapper/sw/system_wrapper/qemu/
TRACE::2026-05-28.14:42:12::SCWMssOS::Copying the qemu file from  C:/Xilinx/Vitis/2020.2/data/emulation/platforms/zynq/sw/a9_standalone/qemu/qemu_args.txt To D:/Zynq/vitis/version_2020/26_01_ov5640_lcd/vitis/system_wrapper/export/system_wrapper/sw/system_wrapper/standalone_ps7_cortexa9_0/qemu/
TRACE::2026-05-28.14:42:12::SCWMssOS:: Copying the user libraries. 
TRACE::2026-05-28.14:42:12::SCWPlatform::Trying to open the hw design at D:/Zynq/vitis/version_2020/26_01_ov5640_lcd/vitis/system_wrapper/hw/system_wrapper.xsa
TRACE::2026-05-28.14:42:12::SCWPlatform::DSA given D:/Zynq/vitis/version_2020/26_01_ov5640_lcd/vitis/system_wrapper/hw/system_wrapper.xsa
TRACE::2026-05-28.14:42:12::SCWPlatform::DSA absoulate path D:/Zynq/vitis/version_2020/26_01_ov5640_lcd/vitis/system_wrapper/hw/system_wrapper.xsa
TRACE::2026-05-28.14:42:12::SCWPlatform::DSA directory D:/Zynq/vitis/version_2020/26_01_ov5640_lcd/vitis/system_wrapper/hw
TRACE::2026-05-28.14:42:12::SCWPlatform:: Platform Path D:/Zynq/vitis/version_2020/26_01_ov5640_lcd/vitis/system_wrapper/hw/system_wrapper.xsa
TRACE::2026-05-28.14:42:12::SCWPlatform:: Unique name xilinx:::0.0
TRACE::2026-05-28.14:42:12::SCWPlatform::Trying to set the existing hwdb with name system_wrapper_0
TRACE::2026-05-28.14:42:12::SCWPlatform::Opened existing hwdb system_wrapper_0
TRACE::2026-05-28.14:42:12::SCWPlatform::Found the Hw Db part of the input DSA
TRACE::2026-05-28.14:42:12::SCWMssOS::Checking the sw design at  D:/Zynq/vitis/version_2020/26_01_ov5640_lcd/vitis/system_wrapper/ps7_cortexa9_0/standalone_ps7_cortexa9_0/bsp/system.mss
TRACE::2026-05-28.14:42:12::SCWMssOS::DEBUG:  swdes dump  D:/Zynq/vitis/version_2020/26_01_ov5640_lcd/vitis/system_wrapper/ps7_cortexa9_0/standalone_ps7_cortexa9_0/bsp/system.mss|system_0||
D:/Zynq/vitis/version_2020/26_01_ov5640_lcd/vitis/system_wrapper/zynq_fsbl/zynq_fsbl_bsp/system.mss|system||

TRACE::2026-05-28.14:42:12::SCWMssOS::Sw design exists and opened at  D:/Zynq/vitis/version_2020/26_01_ov5640_lcd/vitis/system_wrapper/ps7_cortexa9_0/standalone_ps7_cortexa9_0/bsp/system.mss
TRACE::2026-05-28.14:42:12::SCWMssOS::Completed writing the mss file at D:/Zynq/vitis/version_2020/26_01_ov5640_lcd/vitis/system_wrapper/ps7_cortexa9_0/standalone_ps7_cortexa9_0/bsp
TRACE::2026-05-28.14:42:12::SCWMssOS::Mss edits present, copying mssfile into export location D:/Zynq/vitis/version_2020/26_01_ov5640_lcd/vitis/system_wrapper/ps7_cortexa9_0/standalone_ps7_cortexa9_0/bsp/system.mss
TRACE::2026-05-28.14:42:12::SCWMssOS::bsp generated is upto date with the mss file. Skipping bsp generation.
TRACE::2026-05-28.14:42:12::SCWMssOS::BSP is already built. skipping the bsp build ... 
TRACE::2026-05-28.14:42:12::SCWDomain::Building the domain as part of full build :  standalone_ps7_cortexa9_0
TRACE::2026-05-28.14:42:12::SCWMssOS::doing bsp build ... 
TRACE::2026-05-28.14:42:12::SCWMssOS::System Command Ran  D: & cd  D:/Zynq/vitis/version_2020/26_01_ov5640_lcd/vitis/system_wrapper/ps7_cortexa9_0/standalone_ps7_cortexa9_0/bsp & make 
TRACE::2026-05-28.14:42:12::SCWMssOS::make --no-print-directory seq_libs

TRACE::2026-05-28.14:42:12::SCWMssOS::'Finished building libraries sequentially.'

TRACE::2026-05-28.14:42:12::SCWMssOS::make -j --no-print-directory par_libs

TRACE::2026-05-28.14:42:12::SCWMssOS::"Running Make include in ps7_cortexa9_0/libsrc/axivdma_v6_8/src"

TRACE::2026-05-28.14:42:12::SCWMssOS::make -C ps7_cortexa9_0/libsrc/axivdma_v6_8/src -s include  "SHELL=CMD" "COMPILER=arm-none-eabi-gcc" "ASSEMBLER=arm-none-eabi-as
TRACE::2026-05-28.14:42:12::SCWMssOS::" "ARCHIVER=arm-none-eabi-ar" "COMPILER_FLAGS=  -O2 -c" "EXTRA_COMPILER_FLAGS=-mcpu=cortex-a9 -mfpu=vfpv3 -mfloat-abi=hard -nos
TRACE::2026-05-28.14:42:12::SCWMssOS::tartfiles -g -Wall -Wextra"

TRACE::2026-05-28.14:42:12::SCWMssOS::"Running Make include in ps7_cortexa9_0/libsrc/clk_wiz_v1_4/src"

TRACE::2026-05-28.14:42:12::SCWMssOS::make -C ps7_cortexa9_0/libsrc/clk_wiz_v1_4/src -s include  "SHELL=CMD" "COMPILER=arm-none-eabi-gcc" "ASSEMBLER=arm-none-eabi-as
TRACE::2026-05-28.14:42:12::SCWMssOS::" "ARCHIVER=arm-none-eabi-ar" "COMPILER_FLAGS=  -O2 -c" "EXTRA_COMPILER_FLAGS=-mcpu=cortex-a9 -mfpu=vfpv3 -mfloat-abi=hard -nos
TRACE::2026-05-28.14:42:12::SCWMssOS::tartfiles -g -Wall -Wextra"

TRACE::2026-05-28.14:42:12::SCWMssOS::"Running Make include in ps7_cortexa9_0/libsrc/coresightps_dcc_v1_8/src"

TRACE::2026-05-28.14:42:12::SCWMssOS::make -C ps7_cortexa9_0/libsrc/coresightps_dcc_v1_8/src -s include  "SHELL=CMD" "COMPILER=arm-none-eabi-gcc" "ASSEMBLER=arm-none
TRACE::2026-05-28.14:42:12::SCWMssOS::-eabi-as" "ARCHIVER=arm-none-eabi-ar" "COMPILER_FLAGS=  -O2 -c" "EXTRA_COMPILER_FLAGS=-mcpu=cortex-a9 -mfpu=vfpv3 -mfloat-abi=h
TRACE::2026-05-28.14:42:12::SCWMssOS::ard -nostartfiles -g -Wall -Wextra"

TRACE::2026-05-28.14:42:12::SCWMssOS::"Running Make include in ps7_cortexa9_0/libsrc/cpu_cortexa9_v2_10/src"

TRACE::2026-05-28.14:42:12::SCWMssOS::make -C ps7_cortexa9_0/libsrc/cpu_cortexa9_v2_10/src -s include  "SHELL=CMD" "COMPILER=arm-none-eabi-gcc" "ASSEMBLER=arm-none-e
TRACE::2026-05-28.14:42:12::SCWMssOS::abi-as" "ARCHIVER=arm-none-eabi-ar" "COMPILER_FLAGS=  -O2 -c" "EXTRA_COMPILER_FLAGS=-mcpu=cortex-a9 -mfpu=vfpv3 -mfloat-abi=har
TRACE::2026-05-28.14:42:12::SCWMssOS::d -nostartfiles -g -Wall -Wextra"

TRACE::2026-05-28.14:42:12::SCWMssOS::"Running Make include in ps7_cortexa9_0/libsrc/ddrps_v1_2/src"

TRACE::2026-05-28.14:42:12::SCWMssOS::make -C ps7_cortexa9_0/libsrc/ddrps_v1_2/src -s include  "SHELL=CMD" "COMPILER=arm-none-eabi-gcc" "ASSEMBLER=arm-none-eabi-as" 
TRACE::2026-05-28.14:42:12::SCWMssOS::"ARCHIVER=arm-none-eabi-ar" "COMPILER_FLAGS=  -O2 -c" "EXTRA_COMPILER_FLAGS=-mcpu=cortex-a9 -mfpu=vfpv3 -mfloat-abi=hard -nosta
TRACE::2026-05-28.14:42:12::SCWMssOS::rtfiles -g -Wall -Wextra"

TRACE::2026-05-28.14:42:12::SCWMssOS::"Running Make include in ps7_cortexa9_0/libsrc/devcfg_v3_7/src"

TRACE::2026-05-28.14:42:12::SCWMssOS::make -C ps7_cortexa9_0/libsrc/devcfg_v3_7/src -s include  "SHELL=CMD" "COMPILER=arm-none-eabi-gcc" "ASSEMBLER=arm-none-eabi-as"
TRACE::2026-05-28.14:42:12::SCWMssOS:: "ARCHIVER=arm-none-eabi-ar" "COMPILER_FLAGS=  -O2 -c" "EXTRA_COMPILER_FLAGS=-mcpu=cortex-a9 -mfpu=vfpv3 -mfloat-abi=hard -nost
TRACE::2026-05-28.14:42:12::SCWMssOS::artfiles -g -Wall -Wextra"

TRACE::2026-05-28.14:42:12::SCWMssOS::"Running Make include in ps7_cortexa9_0/libsrc/dmaps_v2_7/src"

TRACE::2026-05-28.14:42:12::SCWMssOS::make -C ps7_cortexa9_0/libsrc/dmaps_v2_7/src -s include  "SHELL=CMD" "COMPILER=arm-none-eabi-gcc" "ASSEMBLER=arm-none-eabi-as" 
TRACE::2026-05-28.14:42:12::SCWMssOS::"ARCHIVER=arm-none-eabi-ar" "COMPILER_FLAGS=  -O2 -c" "EXTRA_COMPILER_FLAGS=-mcpu=cortex-a9 -mfpu=vfpv3 -mfloat-abi=hard -nosta
TRACE::2026-05-28.14:42:12::SCWMssOS::rtfiles -g -Wall -Wextra"

TRACE::2026-05-28.14:42:12::SCWMssOS::"Running Make include in ps7_cortexa9_0/libsrc/gpiops_v3_8/src"

TRACE::2026-05-28.14:42:12::SCWMssOS::make -C ps7_cortexa9_0/libsrc/gpiops_v3_8/src -s include  "SHELL=CMD" "COMPILER=arm-none-eabi-gcc" "ASSEMBLER=arm-none-eabi-as"
TRACE::2026-05-28.14:42:12::SCWMssOS:: "ARCHIVER=arm-none-eabi-ar" "COMPILER_FLAGS=  -O2 -c" "EXTRA_COMPILER_FLAGS=-mcpu=cortex-a9 -mfpu=vfpv3 -mfloat-abi=hard -nost
TRACE::2026-05-28.14:42:12::SCWMssOS::artfiles -g -Wall -Wextra"

TRACE::2026-05-28.14:42:12::SCWMssOS::"Running Make include in ps7_cortexa9_0/libsrc/gpio_v4_7/src"

TRACE::2026-05-28.14:42:12::SCWMssOS::make -C ps7_cortexa9_0/libsrc/gpio_v4_7/src -s include  "SHELL=CMD" "COMPILER=arm-none-eabi-gcc" "ASSEMBLER=arm-none-eabi-as" "
TRACE::2026-05-28.14:42:12::SCWMssOS::ARCHIVER=arm-none-eabi-ar" "COMPILER_FLAGS=  -O2 -c" "EXTRA_COMPILER_FLAGS=-mcpu=cortex-a9 -mfpu=vfpv3 -mfloat-abi=hard -nostar
TRACE::2026-05-28.14:42:12::SCWMssOS::tfiles -g -Wall -Wextra"

TRACE::2026-05-28.14:42:12::SCWMssOS::"Running Make include in ps7_cortexa9_0/libsrc/scugic_v4_3/src"

TRACE::2026-05-28.14:42:12::SCWMssOS::make -C ps7_cortexa9_0/libsrc/scugic_v4_3/src -s include  "SHELL=CMD" "COMPILER=arm-none-eabi-gcc" "ASSEMBLER=arm-none-eabi-as"
TRACE::2026-05-28.14:42:12::SCWMssOS:: "ARCHIVER=arm-none-eabi-ar" "COMPILER_FLAGS=  -O2 -c" "EXTRA_COMPILER_FLAGS=-mcpu=cortex-a9 -mfpu=vfpv3 -mfloat-abi=hard -nost
TRACE::2026-05-28.14:42:12::SCWMssOS::artfiles -g -Wall -Wextra"

TRACE::2026-05-28.14:42:12::SCWMssOS::"Running Make include in ps7_cortexa9_0/libsrc/scutimer_v2_3/src"

TRACE::2026-05-28.14:42:12::SCWMssOS::make -C ps7_cortexa9_0/libsrc/scutimer_v2_3/src -s include  "SHELL=CMD" "COMPILER=arm-none-eabi-gcc" "ASSEMBLER=arm-none-eabi-a
TRACE::2026-05-28.14:42:12::SCWMssOS::s" "ARCHIVER=arm-none-eabi-ar" "COMPILER_FLAGS=  -O2 -c" "EXTRA_COMPILER_FLAGS=-mcpu=cortex-a9 -mfpu=vfpv3 -mfloat-abi=hard -no
TRACE::2026-05-28.14:42:12::SCWMssOS::startfiles -g -Wall -Wextra"

TRACE::2026-05-28.14:42:12::SCWMssOS::"Running Make include in ps7_cortexa9_0/libsrc/scuwdt_v2_3/src"

TRACE::2026-05-28.14:42:12::SCWMssOS::make -C ps7_cortexa9_0/libsrc/scuwdt_v2_3/src -s include  "SHELL=CMD" "COMPILER=arm-none-eabi-gcc" "ASSEMBLER=arm-none-eabi-as"
TRACE::2026-05-28.14:42:12::SCWMssOS:: "ARCHIVER=arm-none-eabi-ar" "COMPILER_FLAGS=  -O2 -c" "EXTRA_COMPILER_FLAGS=-mcpu=cortex-a9 -mfpu=vfpv3 -mfloat-abi=hard -nost
TRACE::2026-05-28.14:42:12::SCWMssOS::artfiles -g -Wall -Wextra"

TRACE::2026-05-28.14:42:12::SCWMssOS::"Running Make include in ps7_cortexa9_0/libsrc/standalone_v7_3/src"

TRACE::2026-05-28.14:42:12::SCWMssOS::make -C ps7_cortexa9_0/libsrc/standalone_v7_3/src -s include  "SHELL=CMD" "COMPILER=arm-none-eabi-gcc" "ASSEMBLER=arm-none-eabi
TRACE::2026-05-28.14:42:12::SCWMssOS::-as" "ARCHIVER=arm-none-eabi-ar" "COMPILER_FLAGS=  -O2 -c" "EXTRA_COMPILER_FLAGS=-mcpu=cortex-a9 -mfpu=vfpv3 -mfloat-abi=hard -
TRACE::2026-05-28.14:42:12::SCWMssOS::nostartfiles -g -Wall -Wextra"

TRACE::2026-05-28.14:42:12::SCWMssOS::"Running Make include in ps7_cortexa9_0/libsrc/uartps_v3_10/src"

TRACE::2026-05-28.14:42:12::SCWMssOS::make -C ps7_cortexa9_0/libsrc/uartps_v3_10/src -s include  "SHELL=CMD" "COMPILER=arm-none-eabi-gcc" "ASSEMBLER=arm-none-eabi-as
TRACE::2026-05-28.14:42:12::SCWMssOS::" "ARCHIVER=arm-none-eabi-ar" "COMPILER_FLAGS=  -O2 -c" "EXTRA_COMPILER_FLAGS=-mcpu=cortex-a9 -mfpu=vfpv3 -mfloat-abi=hard -nos
TRACE::2026-05-28.14:42:12::SCWMssOS::tartfiles -g -Wall -Wextra"

TRACE::2026-05-28.14:42:12::SCWMssOS::"Running Make include in ps7_cortexa9_0/libsrc/vtc_v8_3/src"

TRACE::2026-05-28.14:42:12::SCWMssOS::make -C ps7_cortexa9_0/libsrc/vtc_v8_3/src -s include  "SHELL=CMD" "COMPILER=arm-none-eabi-gcc" "ASSEMBLER=arm-none-eabi-as" "A
TRACE::2026-05-28.14:42:12::SCWMssOS::RCHIVER=arm-none-eabi-ar" "COMPILER_FLAGS=  -O2 -c" "EXTRA_COMPILER_FLAGS=-mcpu=cortex-a9 -mfpu=vfpv3 -mfloat-abi=hard -nostart
TRACE::2026-05-28.14:42:12::SCWMssOS::files -g -Wall -Wextra"

TRACE::2026-05-28.14:42:12::SCWMssOS::"Running Make include in ps7_cortexa9_0/libsrc/xadcps_v2_5/src"

TRACE::2026-05-28.14:42:12::SCWMssOS::make -C ps7_cortexa9_0/libsrc/xadcps_v2_5/src -s include  "SHELL=CMD" "COMPILER=arm-none-eabi-gcc" "ASSEMBLER=arm-none-eabi-as"
TRACE::2026-05-28.14:42:12::SCWMssOS:: "ARCHIVER=arm-none-eabi-ar" "COMPILER_FLAGS=  -O2 -c" "EXTRA_COMPILER_FLAGS=-mcpu=cortex-a9 -mfpu=vfpv3 -mfloat-abi=hard -nost
TRACE::2026-05-28.14:42:12::SCWMssOS::artfiles -g -Wall -Wextra"

TRACE::2026-05-28.14:42:12::SCWMssOS::"Running Make libs in ps7_cortexa9_0/libsrc/axivdma_v6_8/src"

TRACE::2026-05-28.14:42:12::SCWMssOS::make -C ps7_cortexa9_0/libsrc/axivdma_v6_8/src -s libs  "SHELL=CMD" "COMPILER=arm-none-eabi-gcc" "ASSEMBLER=arm-none-eabi-as" "
TRACE::2026-05-28.14:42:12::SCWMssOS::ARCHIVER=arm-none-eabi-ar" "COMPILER_FLAGS=  -O2 -c" "EXTRA_COMPILER_FLAGS=-mcpu=cortex-a9 -mfpu=vfpv3 -mfloat-abi=hard -nostar
TRACE::2026-05-28.14:42:12::SCWMssOS::tfiles -g -Wall -Wextra"

TRACE::2026-05-28.14:42:12::SCWMssOS::"Running Make libs in ps7_cortexa9_0/libsrc/clk_wiz_v1_4/src"

TRACE::2026-05-28.14:42:12::SCWMssOS::make -C ps7_cortexa9_0/libsrc/clk_wiz_v1_4/src -s libs  "SHELL=CMD" "COMPILER=arm-none-eabi-gcc" "ASSEMBLER=arm-none-eabi-as" "
TRACE::2026-05-28.14:42:12::SCWMssOS::ARCHIVER=arm-none-eabi-ar" "COMPILER_FLAGS=  -O2 -c" "EXTRA_COMPILER_FLAGS=-mcpu=cortex-a9 -mfpu=vfpv3 -mfloat-abi=hard -nostar
TRACE::2026-05-28.14:42:12::SCWMssOS::tfiles -g -Wall -Wextra"

TRACE::2026-05-28.14:42:12::SCWMssOS::"Running Make libs in ps7_cortexa9_0/libsrc/coresightps_dcc_v1_8/src"

TRACE::2026-05-28.14:42:12::SCWMssOS::make -C ps7_cortexa9_0/libsrc/coresightps_dcc_v1_8/src -s libs  "SHELL=CMD" "COMPILER=arm-none-eabi-gcc" "ASSEMBLER=arm-none-ea
TRACE::2026-05-28.14:42:12::SCWMssOS::bi-as" "ARCHIVER=arm-none-eabi-ar" "COMPILER_FLAGS=  -O2 -c" "EXTRA_COMPILER_FLAGS=-mcpu=cortex-a9 -mfpu=vfpv3 -mfloat-abi=hard
TRACE::2026-05-28.14:42:12::SCWMssOS:: -nostartfiles -g -Wall -Wextra"

TRACE::2026-05-28.14:42:12::SCWMssOS::"Running Make libs in ps7_cortexa9_0/libsrc/cpu_cortexa9_v2_10/src"

TRACE::2026-05-28.14:42:12::SCWMssOS::make -C ps7_cortexa9_0/libsrc/cpu_cortexa9_v2_10/src -s libs  "SHELL=CMD" "COMPILER=arm-none-eabi-gcc" "ASSEMBLER=arm-none-eabi
TRACE::2026-05-28.14:42:12::SCWMssOS::-as" "ARCHIVER=arm-none-eabi-ar" "COMPILER_FLAGS=  -O2 -c" "EXTRA_COMPILER_FLAGS=-mcpu=cortex-a9 -mfpu=vfpv3 -mfloat-abi=hard -
TRACE::2026-05-28.14:42:12::SCWMssOS::nostartfiles -g -Wall -Wextra"

TRACE::2026-05-28.14:42:12::SCWMssOS::"Running Make libs in ps7_cortexa9_0/libsrc/ddrps_v1_2/src"

TRACE::2026-05-28.14:42:12::SCWMssOS::make -C ps7_cortexa9_0/libsrc/ddrps_v1_2/src -s libs  "SHELL=CMD" "COMPILER=arm-none-eabi-gcc" "ASSEMBLER=arm-none-eabi-as" "AR
TRACE::2026-05-28.14:42:12::SCWMssOS::CHIVER=arm-none-eabi-ar" "COMPILER_FLAGS=  -O2 -c" "EXTRA_COMPILER_FLAGS=-mcpu=cortex-a9 -mfpu=vfpv3 -mfloat-abi=hard -nostartf
TRACE::2026-05-28.14:42:12::SCWMssOS::iles -g -Wall -Wextra"

TRACE::2026-05-28.14:42:12::SCWMssOS::"Running Make libs in ps7_cortexa9_0/libsrc/devcfg_v3_7/src"

TRACE::2026-05-28.14:42:12::SCWMssOS::make -C ps7_cortexa9_0/libsrc/devcfg_v3_7/src -s libs  "SHELL=CMD" "COMPILER=arm-none-eabi-gcc" "ASSEMBLER=arm-none-eabi-as" "A
TRACE::2026-05-28.14:42:12::SCWMssOS::RCHIVER=arm-none-eabi-ar" "COMPILER_FLAGS=  -O2 -c" "EXTRA_COMPILER_FLAGS=-mcpu=cortex-a9 -mfpu=vfpv3 -mfloat-abi=hard -nostart
TRACE::2026-05-28.14:42:12::SCWMssOS::files -g -Wall -Wextra"

TRACE::2026-05-28.14:42:12::SCWMssOS::"Running Make libs in ps7_cortexa9_0/libsrc/dmaps_v2_7/src"

TRACE::2026-05-28.14:42:12::SCWMssOS::make -C ps7_cortexa9_0/libsrc/dmaps_v2_7/src -s libs  "SHELL=CMD" "COMPILER=arm-none-eabi-gcc" "ASSEMBLER=arm-none-eabi-as" "AR
TRACE::2026-05-28.14:42:12::SCWMssOS::CHIVER=arm-none-eabi-ar" "COMPILER_FLAGS=  -O2 -c" "EXTRA_COMPILER_FLAGS=-mcpu=cortex-a9 -mfpu=vfpv3 -mfloat-abi=hard -nostartf
TRACE::2026-05-28.14:42:12::SCWMssOS::iles -g -Wall -Wextra"

TRACE::2026-05-28.14:42:12::SCWMssOS::"Running Make libs in ps7_cortexa9_0/libsrc/gpiops_v3_8/src"

TRACE::2026-05-28.14:42:12::SCWMssOS::make -C ps7_cortexa9_0/libsrc/gpiops_v3_8/src -s libs  "SHELL=CMD" "COMPILER=arm-none-eabi-gcc" "ASSEMBLER=arm-none-eabi-as" "A
TRACE::2026-05-28.14:42:12::SCWMssOS::RCHIVER=arm-none-eabi-ar" "COMPILER_FLAGS=  -O2 -c" "EXTRA_COMPILER_FLAGS=-mcpu=cortex-a9 -mfpu=vfpv3 -mfloat-abi=hard -nostart
TRACE::2026-05-28.14:42:12::SCWMssOS::files -g -Wall -Wextra"

TRACE::2026-05-28.14:42:12::SCWMssOS::"Running Make libs in ps7_cortexa9_0/libsrc/gpio_v4_7/src"

TRACE::2026-05-28.14:42:12::SCWMssOS::make -C ps7_cortexa9_0/libsrc/gpio_v4_7/src -s libs  "SHELL=CMD" "COMPILER=arm-none-eabi-gcc" "ASSEMBLER=arm-none-eabi-as" "ARC
TRACE::2026-05-28.14:42:12::SCWMssOS::HIVER=arm-none-eabi-ar" "COMPILER_FLAGS=  -O2 -c" "EXTRA_COMPILER_FLAGS=-mcpu=cortex-a9 -mfpu=vfpv3 -mfloat-abi=hard -nostartfi
TRACE::2026-05-28.14:42:12::SCWMssOS::les -g -Wall -Wextra"

TRACE::2026-05-28.14:42:12::SCWMssOS::"Running Make libs in ps7_cortexa9_0/libsrc/scugic_v4_3/src"

TRACE::2026-05-28.14:42:12::SCWMssOS::make -C ps7_cortexa9_0/libsrc/scugic_v4_3/src -s libs  "SHELL=CMD" "COMPILER=arm-none-eabi-gcc" "ASSEMBLER=arm-none-eabi-as" "A
TRACE::2026-05-28.14:42:12::SCWMssOS::RCHIVER=arm-none-eabi-ar" "COMPILER_FLAGS=  -O2 -c" "EXTRA_COMPILER_FLAGS=-mcpu=cortex-a9 -mfpu=vfpv3 -mfloat-abi=hard -nostart
TRACE::2026-05-28.14:42:12::SCWMssOS::files -g -Wall -Wextra"

TRACE::2026-05-28.14:42:12::SCWMssOS::"Running Make libs in ps7_cortexa9_0/libsrc/scutimer_v2_3/src"

TRACE::2026-05-28.14:42:12::SCWMssOS::make -C ps7_cortexa9_0/libsrc/scutimer_v2_3/src -s libs  "SHELL=CMD" "COMPILER=arm-none-eabi-gcc" "ASSEMBLER=arm-none-eabi-as" 
TRACE::2026-05-28.14:42:12::SCWMssOS::"ARCHIVER=arm-none-eabi-ar" "COMPILER_FLAGS=  -O2 -c" "EXTRA_COMPILER_FLAGS=-mcpu=cortex-a9 -mfpu=vfpv3 -mfloat-abi=hard -nosta
TRACE::2026-05-28.14:42:12::SCWMssOS::rtfiles -g -Wall -Wextra"

TRACE::2026-05-28.14:42:12::SCWMssOS::"Running Make libs in ps7_cortexa9_0/libsrc/scuwdt_v2_3/src"

TRACE::2026-05-28.14:42:13::SCWMssOS::make -C ps7_cortexa9_0/libsrc/scuwdt_v2_3/src -s libs  "SHELL=CMD" "COMPILER=arm-none-eabi-gcc" "ASSEMBLER=arm-none-eabi-as" "A
TRACE::2026-05-28.14:42:13::SCWMssOS::RCHIVER=arm-none-eabi-ar" "COMPILER_FLAGS=  -O2 -c" "EXTRA_COMPILER_FLAGS=-mcpu=cortex-a9 -mfpu=vfpv3 -mfloat-abi=hard -nostart
TRACE::2026-05-28.14:42:13::SCWMssOS::files -g -Wall -Wextra"

TRACE::2026-05-28.14:42:13::SCWMssOS::"Running Make libs in ps7_cortexa9_0/libsrc/standalone_v7_3/src"

TRACE::2026-05-28.14:42:13::SCWMssOS::make -C ps7_cortexa9_0/libsrc/standalone_v7_3/src -s libs  "SHELL=CMD" "COMPILER=arm-none-eabi-gcc" "ASSEMBLER=arm-none-eabi-as
TRACE::2026-05-28.14:42:13::SCWMssOS::" "ARCHIVER=arm-none-eabi-ar" "COMPILER_FLAGS=  -O2 -c" "EXTRA_COMPILER_FLAGS=-mcpu=cortex-a9 -mfpu=vfpv3 -mfloat-abi=hard -nos
TRACE::2026-05-28.14:42:13::SCWMssOS::tartfiles -g -Wall -Wextra"

TRACE::2026-05-28.14:42:13::SCWMssOS::"Running Make libs in ps7_cortexa9_0/libsrc/uartps_v3_10/src"

TRACE::2026-05-28.14:42:13::SCWMssOS::"Running Make libs in ps7_cortexa9_0/libsrc/vtc_v8_3/src"

TRACE::2026-05-28.14:42:13::SCWMssOS::make -C ps7_cortexa9_0/libsrc/uartps_v3_10/src -s libs  "SHELL=CMD" "COMPILER=arm-none-eabi-gcc" "ASSEMBLER=arm-none-eabi-as" "
TRACE::2026-05-28.14:42:13::SCWMssOS::ARCHIVER=arm-none-eabi-ar" "COMPILER_FLAGS=  -O2 -c" "EXTRA_COMPILER_FLAGS=-mcpu=cortex-a9 -mfpu=vfpv3 -mfloat-abi=hard -nostar
TRACE::2026-05-28.14:42:13::SCWMssOS::tfiles -g -Wall -Wextra"

TRACE::2026-05-28.14:42:13::SCWMssOS::make -C ps7_cortexa9_0/libsrc/vtc_v8_3/src -s libs  "SHELL=CMD" "COMPILER=arm-none-eabi-gcc" "ASSEMBLER=arm-none-eabi-as" "ARCH
TRACE::2026-05-28.14:42:13::SCWMssOS::IVER=arm-none-eabi-ar" "COMPILER_FLAGS=  -O2 -c" "EXTRA_COMPILER_FLAGS=-mcpu=cortex-a9 -mfpu=vfpv3 -mfloat-abi=hard -nostartfil
TRACE::2026-05-28.14:42:13::SCWMssOS::es -g -Wall -Wextra"

TRACE::2026-05-28.14:42:13::SCWMssOS::"Running Make libs in ps7_cortexa9_0/libsrc/xadcps_v2_5/src"

TRACE::2026-05-28.14:42:13::SCWMssOS::make -C ps7_cortexa9_0/libsrc/xadcps_v2_5/src -s libs  "SHELL=CMD" "COMPILER=arm-none-eabi-gcc" "ASSEMBLER=arm-none-eabi-as" "A
TRACE::2026-05-28.14:42:13::SCWMssOS::RCHIVER=arm-none-eabi-ar" "COMPILER_FLAGS=  -O2 -c" "EXTRA_COMPILER_FLAGS=-mcpu=cortex-a9 -mfpu=vfpv3 -mfloat-abi=hard -nostart
TRACE::2026-05-28.14:42:13::SCWMssOS::files -g -Wall -Wextra"

TRACE::2026-05-28.14:42:14::SCWMssOS::'Finished building libraries parallelly.'

TRACE::2026-05-28.14:42:14::SCWMssOS::make --no-print-directory archive

TRACE::2026-05-28.14:42:14::SCWMssOS::arm-none-eabi-ar -r  ps7_cortexa9_0/lib/libxil.a ps7_cortexa9_0/lib/xil_printf.o ps7_cortexa9_0/lib/xadcps_selftest.o ps7_corte
TRACE::2026-05-28.14:42:14::SCWMssOS::xa9_0/lib/usleep.o ps7_cortexa9_0/lib/xscuwdt.o ps7_cortexa9_0/lib/xplatform_info.o ps7_cortexa9_0/lib/print.o ps7_cortexa9_0/l
TRACE::2026-05-28.14:42:14::SCWMssOS::ib/xscutimer.o ps7_cortexa9_0/lib/xclk_wiz_sinit.o ps7_cortexa9_0/lib/xdmaps_g.o ps7_cortexa9_0/lib/xil_testio.o ps7_cortexa9_0
TRACE::2026-05-28.14:42:14::SCWMssOS::/lib/sleep.o ps7_cortexa9_0/lib/xdevcfg_hw.o ps7_cortexa9_0/lib/xscugic_intr.o ps7_cortexa9_0/lib/xadcps_intr.o ps7_cortexa9_0/
TRACE::2026-05-28.14:42:14::SCWMssOS::lib/xpm_counter.o ps7_cortexa9_0/lib/xclk_wiz_g.o ps7_cortexa9_0/lib/xdmaps_sinit.o ps7_cortexa9_0/lib/xil_cache.o ps7_cortexa9
TRACE::2026-05-28.14:42:14::SCWMssOS::_0/lib/inbyte.o ps7_cortexa9_0/lib/xil_mmu.o ps7_cortexa9_0/lib/xdmaps_selftest.o ps7_cortexa9_0/lib/xil_misc_psreset_api.o ps7
TRACE::2026-05-28.14:42:14::SCWMssOS::_cortexa9_0/lib/cpputest_time.o ps7_cortexa9_0/lib/xuartps_options.o ps7_cortexa9_0/lib/xgpiops_g.o ps7_cortexa9_0/lib/close.o 
TRACE::2026-05-28.14:42:14::SCWMssOS::ps7_cortexa9_0/lib/xil_mem.o ps7_cortexa9_0/lib/xscugic_hw.o ps7_cortexa9_0/lib/xgpiops_sinit.o ps7_cortexa9_0/lib/xvtc_selftes
TRACE::2026-05-28.14:42:14::SCWMssOS::t.o ps7_cortexa9_0/lib/xgpiops_selftest.o ps7_cortexa9_0/lib/xgpio_g.o ps7_cortexa9_0/lib/translation_table.o ps7_cortexa9_0/li
TRACE::2026-05-28.14:42:14::SCWMssOS::b/xaxivdma_g.o ps7_cortexa9_0/lib/write.o ps7_cortexa9_0/lib/xclk_wiz_intr.o ps7_cortexa9_0/lib/xaxivdma_sinit.o ps7_cortexa9_0
TRACE::2026-05-28.14:42:14::SCWMssOS::/lib/cpu_init.o ps7_cortexa9_0/lib/xscugic_g.o ps7_cortexa9_0/lib/xscutimer_sinit.o ps7_cortexa9_0/lib/xuartps_sinit.o ps7_cort
TRACE::2026-05-28.14:42:14::SCWMssOS::exa9_0/lib/xgpio_selftest.o ps7_cortexa9_0/lib/xaxivdma_selftest.o ps7_cortexa9_0/lib/xgpio_intr.o ps7_cortexa9_0/lib/xil_sleep
TRACE::2026-05-28.14:42:14::SCWMssOS::common.o ps7_cortexa9_0/lib/unlink.o ps7_cortexa9_0/lib/xadcps.o ps7_cortexa9_0/lib/xdmaps_hw.o ps7_cortexa9_0/lib/xgpiops_intr
TRACE::2026-05-28.14:42:14::SCWMssOS::.o ps7_cortexa9_0/lib/xscugic_sinit.o ps7_cortexa9_0/lib/fcntl.o ps7_cortexa9_0/lib/open.o ps7_cortexa9_0/lib/_exit.o ps7_corte
TRACE::2026-05-28.14:42:14::SCWMssOS::xa9_0/lib/outbyte.o ps7_cortexa9_0/lib/xuartps_selftest.o ps7_cortexa9_0/lib/xuartps_hw.o ps7_cortexa9_0/lib/lseek.o ps7_cortex
TRACE::2026-05-28.14:42:14::SCWMssOS::a9_0/lib/xscutimer_selftest.o ps7_cortexa9_0/lib/read.o ps7_cortexa9_0/lib/xgpiops_hw.o ps7_cortexa9_0/lib/xscuwdt_selftest.o p
TRACE::2026-05-28.14:42:14::SCWMssOS::s7_cortexa9_0/lib/xil_testmem.o ps7_cortexa9_0/lib/xtime_l.o ps7_cortexa9_0/lib/xl2cc_counter.o ps7_cortexa9_0/lib/kill.o ps7_c
TRACE::2026-05-28.14:42:14::SCWMssOS::ortexa9_0/lib/asm_vectors.o ps7_cortexa9_0/lib/abort.o ps7_cortexa9_0/lib/xdevcfg_g.o ps7_cortexa9_0/lib/xuartps_intr.o ps7_cor
TRACE::2026-05-28.14:42:14::SCWMssOS::texa9_0/lib/xuartps.o ps7_cortexa9_0/lib/getpid.o ps7_cortexa9_0/lib/xil_testcache.o ps7_cortexa9_0/lib/xgpio_extra.o ps7_corte
TRACE::2026-05-28.14:42:14::SCWMssOS::xa9_0/lib/xdevcfg_sinit.o ps7_cortexa9_0/lib/xdmaps.o ps7_cortexa9_0/lib/xaxivdma_channel.o ps7_cortexa9_0/lib/xdevcfg_selftest
TRACE::2026-05-28.14:42:14::SCWMssOS::.o ps7_cortexa9_0/lib/xclk_wiz.o ps7_cortexa9_0/lib/xvtc_intr.o ps7_cortexa9_0/lib/_open.o ps7_cortexa9_0/lib/xvtc.o ps7_cortex
TRACE::2026-05-28.14:42:14::SCWMssOS::a9_0/lib/xscuwdt_sinit.o ps7_cortexa9_0/lib/sbrk.o ps7_cortexa9_0/lib/xaxivdma.o ps7_cortexa9_0/lib/xgpiops.o ps7_cortexa9_0/li
TRACE::2026-05-28.14:42:14::SCWMssOS::b/fstat.o ps7_cortexa9_0/lib/xscuwdt_g.o ps7_cortexa9_0/lib/errno.o ps7_cortexa9_0/lib/xil_util.o ps7_cortexa9_0/lib/xdevcfg_in
TRACE::2026-05-28.14:42:14::SCWMssOS::tr.o ps7_cortexa9_0/lib/xscutimer_g.o ps7_cortexa9_0/lib/_sbrk.o ps7_cortexa9_0/lib/xil_sleeptimer.o ps7_cortexa9_0/lib/vectors
TRACE::2026-05-28.14:42:14::SCWMssOS::.o ps7_cortexa9_0/lib/xil_exception.o ps7_cortexa9_0/lib/xgpio.o ps7_cortexa9_0/lib/xvtc_g.o ps7_cortexa9_0/lib/xvtc_sinit.o ps
TRACE::2026-05-28.14:42:14::SCWMssOS::7_cortexa9_0/lib/putnum.o ps7_cortexa9_0/lib/xil_clocking.o ps7_cortexa9_0/lib/xgpio_sinit.o ps7_cortexa9_0/lib/xil_assert.o ps
TRACE::2026-05-28.14:42:14::SCWMssOS::7_cortexa9_0/lib/xaxivdma_intr.o ps7_cortexa9_0/lib/xcoresightpsdcc.o ps7_cortexa9_0/lib/isatty.o ps7_cortexa9_0/lib/xil-crt0.o
TRACE::2026-05-28.14:42:14::SCWMssOS:: ps7_cortexa9_0/lib/xscugic.o ps7_cortexa9_0/lib/xadcps_g.o ps7_cortexa9_0/lib/xscugic_selftest.o ps7_cortexa9_0/lib/xuartps_g.
TRACE::2026-05-28.14:42:14::SCWMssOS::o ps7_cortexa9_0/lib/xadcps_sinit.o ps7_cortexa9_0/lib/boot.o ps7_cortexa9_0/lib/xdevcfg.o

TRACE::2026-05-28.14:42:14::SCWMssOS::'Finished building libraries'

TRACE::2026-05-28.14:42:14::SCWMssOS::Copying to export directory.
TRACE::2026-05-28.14:42:14::SCWMssOS:: Checking if to create the Supporting Applications
TRACE::2026-05-28.14:42:14::SCWMssOS:: No Linux domain exists, trying to generate FSBL 
LOG::2026-05-28.14:42:14::SCWSystem::Completed Processing the domain standalone_ps7_cortexa9_0
LOG::2026-05-28.14:42:14::SCWSystem::Completed Processing the sysconfig system_wrapper
LOG::2026-05-28.14:42:14::SCWPlatform::Completed generating the artifacts for system configuration system_wrapper
TRACE::2026-05-28.14:42:14::SCWPlatform::Started preparing the platform 
TRACE::2026-05-28.14:42:14::SCWSystem::Writing the bif file for system config system_wrapper
TRACE::2026-05-28.14:42:14::SCWSystem::dir created 
TRACE::2026-05-28.14:42:14::SCWSystem::Writing the bif 
TRACE::2026-05-28.14:42:14::SCWPlatform::Started writing the spfm file 
TRACE::2026-05-28.14:42:14::SCWPlatform::Started writing the xpfm file 
TRACE::2026-05-28.14:42:14::SCWPlatform::Completed generating the platform
TRACE::2026-05-28.14:42:14::SCWMssOS::Saving the mss changes D:/Zynq/vitis/version_2020/26_01_ov5640_lcd/vitis/system_wrapper/zynq_fsbl/zynq_fsbl_bsp/system.mss
TRACE::2026-05-28.14:42:14::SCWMssOS::Found a swdesign opened with the mssfile.
TRACE::2026-05-28.14:42:14::SCWMssOS::Completed writemss as part of save.
TRACE::2026-05-28.14:42:14::SCWMssOS::Commit changes completed.
TRACE::2026-05-28.14:42:14::SCWMssOS::Saving the mss changes D:/Zynq/vitis/version_2020/26_01_ov5640_lcd/vitis/system_wrapper/ps7_cortexa9_0/standalone_ps7_cortexa9_0/bsp/system.mss
TRACE::2026-05-28.14:42:14::SCWMssOS::Found a swdesign opened with the mssfile.
TRACE::2026-05-28.14:42:14::SCWMssOS::Completed writemss as part of save.
TRACE::2026-05-28.14:42:14::SCWMssOS::Commit changes completed.
TRACE::2026-05-28.14:42:14::SCWPlatform::Trying to open the hw design at D:/Zynq/vitis/version_2020/26_01_ov5640_lcd/vitis/system_wrapper/hw/system_wrapper.xsa
TRACE::2026-05-28.14:42:14::SCWPlatform::DSA given D:/Zynq/vitis/version_2020/26_01_ov5640_lcd/vitis/system_wrapper/hw/system_wrapper.xsa
TRACE::2026-05-28.14:42:14::SCWPlatform::DSA absoulate path D:/Zynq/vitis/version_2020/26_01_ov5640_lcd/vitis/system_wrapper/hw/system_wrapper.xsa
TRACE::2026-05-28.14:42:14::SCWPlatform::DSA directory D:/Zynq/vitis/version_2020/26_01_ov5640_lcd/vitis/system_wrapper/hw
TRACE::2026-05-28.14:42:14::SCWPlatform:: Platform Path D:/Zynq/vitis/version_2020/26_01_ov5640_lcd/vitis/system_wrapper/hw/system_wrapper.xsa
TRACE::2026-05-28.14:42:14::SCWPlatform:: Unique name xilinx:::0.0
TRACE::2026-05-28.14:42:14::SCWPlatform::Trying to set the existing hwdb with name system_wrapper_0
TRACE::2026-05-28.14:42:14::SCWPlatform::Opened existing hwdb system_wrapper_0
TRACE::2026-05-28.14:42:14::SCWPlatform::Found the Hw Db part of the input DSA
TRACE::2026-05-28.14:42:14::SCWMssOS::Checking the sw design at  D:/Zynq/vitis/version_2020/26_01_ov5640_lcd/vitis/system_wrapper/zynq_fsbl/zynq_fsbl_bsp/system.mss
TRACE::2026-05-28.14:42:14::SCWMssOS::DEBUG:  swdes dump  D:/Zynq/vitis/version_2020/26_01_ov5640_lcd/vitis/system_wrapper/ps7_cortexa9_0/standalone_ps7_cortexa9_0/bsp/system.mss|system_0||
D:/Zynq/vitis/version_2020/26_01_ov5640_lcd/vitis/system_wrapper/zynq_fsbl/zynq_fsbl_bsp/system.mss|system||

TRACE::2026-05-28.14:42:14::SCWMssOS::Sw design exists and opened at  D:/Zynq/vitis/version_2020/26_01_ov5640_lcd/vitis/system_wrapper/zynq_fsbl/zynq_fsbl_bsp/system.mss
TRACE::2026-05-28.14:42:14::SCWPlatform::Trying to open the hw design at D:/Zynq/vitis/version_2020/26_01_ov5640_lcd/vitis/system_wrapper/hw/system_wrapper.xsa
TRACE::2026-05-28.14:42:14::SCWPlatform::DSA given D:/Zynq/vitis/version_2020/26_01_ov5640_lcd/vitis/system_wrapper/hw/system_wrapper.xsa
TRACE::2026-05-28.14:42:14::SCWPlatform::DSA absoulate path D:/Zynq/vitis/version_2020/26_01_ov5640_lcd/vitis/system_wrapper/hw/system_wrapper.xsa
TRACE::2026-05-28.14:42:14::SCWPlatform::DSA directory D:/Zynq/vitis/version_2020/26_01_ov5640_lcd/vitis/system_wrapper/hw
TRACE::2026-05-28.14:42:14::SCWPlatform:: Platform Path D:/Zynq/vitis/version_2020/26_01_ov5640_lcd/vitis/system_wrapper/hw/system_wrapper.xsa
TRACE::2026-05-28.14:42:14::SCWPlatform:: Unique name xilinx:::0.0
TRACE::2026-05-28.14:42:14::SCWPlatform::Trying to set the existing hwdb with name system_wrapper_0
TRACE::2026-05-28.14:42:14::SCWPlatform::Opened existing hwdb system_wrapper_0
TRACE::2026-05-28.14:42:14::SCWPlatform::Found the Hw Db part of the input DSA
TRACE::2026-05-28.14:42:14::SCWMssOS::Checking the sw design at  D:/Zynq/vitis/version_2020/26_01_ov5640_lcd/vitis/system_wrapper/zynq_fsbl/zynq_fsbl_bsp/system.mss
TRACE::2026-05-28.14:42:14::SCWMssOS::DEBUG:  swdes dump  D:/Zynq/vitis/version_2020/26_01_ov5640_lcd/vitis/system_wrapper/ps7_cortexa9_0/standalone_ps7_cortexa9_0/bsp/system.mss|system_0||
D:/Zynq/vitis/version_2020/26_01_ov5640_lcd/vitis/system_wrapper/zynq_fsbl/zynq_fsbl_bsp/system.mss|system||

TRACE::2026-05-28.14:42:14::SCWMssOS::Sw design exists and opened at  D:/Zynq/vitis/version_2020/26_01_ov5640_lcd/vitis/system_wrapper/zynq_fsbl/zynq_fsbl_bsp/system.mss
TRACE::2026-05-28.14:42:14::SCWPlatform::Trying to open the hw design at D:/Zynq/vitis/version_2020/26_01_ov5640_lcd/vitis/system_wrapper/hw/system_wrapper.xsa
TRACE::2026-05-28.14:42:14::SCWPlatform::DSA given D:/Zynq/vitis/version_2020/26_01_ov5640_lcd/vitis/system_wrapper/hw/system_wrapper.xsa
TRACE::2026-05-28.14:42:14::SCWPlatform::DSA absoulate path D:/Zynq/vitis/version_2020/26_01_ov5640_lcd/vitis/system_wrapper/hw/system_wrapper.xsa
TRACE::2026-05-28.14:42:14::SCWPlatform::DSA directory D:/Zynq/vitis/version_2020/26_01_ov5640_lcd/vitis/system_wrapper/hw
TRACE::2026-05-28.14:42:14::SCWPlatform:: Platform Path D:/Zynq/vitis/version_2020/26_01_ov5640_lcd/vitis/system_wrapper/hw/system_wrapper.xsa
TRACE::2026-05-28.14:42:14::SCWPlatform:: Unique name xilinx:::0.0
TRACE::2026-05-28.14:42:14::SCWPlatform::Trying to set the existing hwdb with name system_wrapper_0
TRACE::2026-05-28.14:42:14::SCWPlatform::Opened existing hwdb system_wrapper_0
TRACE::2026-05-28.14:42:14::SCWPlatform::Found the Hw Db part of the input DSA
TRACE::2026-05-28.14:42:14::SCWMssOS::Checking the sw design at  D:/Zynq/vitis/version_2020/26_01_ov5640_lcd/vitis/system_wrapper/zynq_fsbl/zynq_fsbl_bsp/system.mss
TRACE::2026-05-28.14:42:14::SCWMssOS::DEBUG:  swdes dump  D:/Zynq/vitis/version_2020/26_01_ov5640_lcd/vitis/system_wrapper/ps7_cortexa9_0/standalone_ps7_cortexa9_0/bsp/system.mss|system_0||
D:/Zynq/vitis/version_2020/26_01_ov5640_lcd/vitis/system_wrapper/zynq_fsbl/zynq_fsbl_bsp/system.mss|system||

TRACE::2026-05-28.14:42:14::SCWMssOS::Sw design exists and opened at  D:/Zynq/vitis/version_2020/26_01_ov5640_lcd/vitis/system_wrapper/zynq_fsbl/zynq_fsbl_bsp/system.mss
TRACE::2026-05-28.14:42:14::SCWPlatform::Trying to open the hw design at D:/Zynq/vitis/version_2020/26_01_ov5640_lcd/vitis/system_wrapper/hw/system_wrapper.xsa
TRACE::2026-05-28.14:42:14::SCWPlatform::DSA given D:/Zynq/vitis/version_2020/26_01_ov5640_lcd/vitis/system_wrapper/hw/system_wrapper.xsa
TRACE::2026-05-28.14:42:14::SCWPlatform::DSA absoulate path D:/Zynq/vitis/version_2020/26_01_ov5640_lcd/vitis/system_wrapper/hw/system_wrapper.xsa
TRACE::2026-05-28.14:42:14::SCWPlatform::DSA directory D:/Zynq/vitis/version_2020/26_01_ov5640_lcd/vitis/system_wrapper/hw
TRACE::2026-05-28.14:42:14::SCWPlatform:: Platform Path D:/Zynq/vitis/version_2020/26_01_ov5640_lcd/vitis/system_wrapper/hw/system_wrapper.xsa
TRACE::2026-05-28.14:42:14::SCWPlatform:: Unique name xilinx:::0.0
TRACE::2026-05-28.14:42:14::SCWPlatform::Trying to set the existing hwdb with name system_wrapper_0
TRACE::2026-05-28.14:42:14::SCWPlatform::Opened existing hwdb system_wrapper_0
TRACE::2026-05-28.14:42:14::SCWPlatform::Found the Hw Db part of the input DSA
TRACE::2026-05-28.14:42:14::SCWMssOS::Checking the sw design at  D:/Zynq/vitis/version_2020/26_01_ov5640_lcd/vitis/system_wrapper/ps7_cortexa9_0/standalone_ps7_cortexa9_0/bsp/system.mss
TRACE::2026-05-28.14:42:14::SCWMssOS::DEBUG:  swdes dump  D:/Zynq/vitis/version_2020/26_01_ov5640_lcd/vitis/system_wrapper/ps7_cortexa9_0/standalone_ps7_cortexa9_0/bsp/system.mss|system_0||
D:/Zynq/vitis/version_2020/26_01_ov5640_lcd/vitis/system_wrapper/zynq_fsbl/zynq_fsbl_bsp/system.mss|system||

TRACE::2026-05-28.14:42:14::SCWMssOS::Sw design exists and opened at  D:/Zynq/vitis/version_2020/26_01_ov5640_lcd/vitis/system_wrapper/ps7_cortexa9_0/standalone_ps7_cortexa9_0/bsp/system.mss
TRACE::2026-05-28.14:42:14::SCWPlatform::Trying to open the hw design at D:/Zynq/vitis/version_2020/26_01_ov5640_lcd/vitis/system_wrapper/hw/system_wrapper.xsa
TRACE::2026-05-28.14:42:14::SCWPlatform::DSA given D:/Zynq/vitis/version_2020/26_01_ov5640_lcd/vitis/system_wrapper/hw/system_wrapper.xsa
TRACE::2026-05-28.14:42:14::SCWPlatform::DSA absoulate path D:/Zynq/vitis/version_2020/26_01_ov5640_lcd/vitis/system_wrapper/hw/system_wrapper.xsa
TRACE::2026-05-28.14:42:14::SCWPlatform::DSA directory D:/Zynq/vitis/version_2020/26_01_ov5640_lcd/vitis/system_wrapper/hw
TRACE::2026-05-28.14:42:14::SCWPlatform:: Platform Path D:/Zynq/vitis/version_2020/26_01_ov5640_lcd/vitis/system_wrapper/hw/system_wrapper.xsa
TRACE::2026-05-28.14:42:14::SCWPlatform:: Unique name xilinx:::0.0
TRACE::2026-05-28.14:42:14::SCWPlatform::Trying to set the existing hwdb with name system_wrapper_0
TRACE::2026-05-28.14:42:14::SCWPlatform::Opened existing hwdb system_wrapper_0
TRACE::2026-05-28.14:42:14::SCWPlatform::Found the Hw Db part of the input DSA
TRACE::2026-05-28.14:42:14::SCWMssOS::Checking the sw design at  D:/Zynq/vitis/version_2020/26_01_ov5640_lcd/vitis/system_wrapper/ps7_cortexa9_0/standalone_ps7_cortexa9_0/bsp/system.mss
TRACE::2026-05-28.14:42:14::SCWMssOS::DEBUG:  swdes dump  D:/Zynq/vitis/version_2020/26_01_ov5640_lcd/vitis/system_wrapper/ps7_cortexa9_0/standalone_ps7_cortexa9_0/bsp/system.mss|system_0||
D:/Zynq/vitis/version_2020/26_01_ov5640_lcd/vitis/system_wrapper/zynq_fsbl/zynq_fsbl_bsp/system.mss|system||

TRACE::2026-05-28.14:42:14::SCWMssOS::Sw design exists and opened at  D:/Zynq/vitis/version_2020/26_01_ov5640_lcd/vitis/system_wrapper/ps7_cortexa9_0/standalone_ps7_cortexa9_0/bsp/system.mss
TRACE::2026-05-28.14:42:14::SCWPlatform::Trying to open the hw design at D:/Zynq/vitis/version_2020/26_01_ov5640_lcd/vitis/system_wrapper/hw/system_wrapper.xsa
TRACE::2026-05-28.14:42:14::SCWPlatform::DSA given D:/Zynq/vitis/version_2020/26_01_ov5640_lcd/vitis/system_wrapper/hw/system_wrapper.xsa
TRACE::2026-05-28.14:42:14::SCWPlatform::DSA absoulate path D:/Zynq/vitis/version_2020/26_01_ov5640_lcd/vitis/system_wrapper/hw/system_wrapper.xsa
TRACE::2026-05-28.14:42:14::SCWPlatform::DSA directory D:/Zynq/vitis/version_2020/26_01_ov5640_lcd/vitis/system_wrapper/hw
TRACE::2026-05-28.14:42:14::SCWPlatform:: Platform Path D:/Zynq/vitis/version_2020/26_01_ov5640_lcd/vitis/system_wrapper/hw/system_wrapper.xsa
TRACE::2026-05-28.14:42:14::SCWPlatform:: Unique name xilinx:::0.0
TRACE::2026-05-28.14:42:14::SCWPlatform::Trying to set the existing hwdb with name system_wrapper_0
TRACE::2026-05-28.14:42:14::SCWPlatform::Opened existing hwdb system_wrapper_0
TRACE::2026-05-28.14:42:14::SCWPlatform::Found the Hw Db part of the input DSA
TRACE::2026-05-28.14:42:14::SCWMssOS::Checking the sw design at  D:/Zynq/vitis/version_2020/26_01_ov5640_lcd/vitis/system_wrapper/ps7_cortexa9_0/standalone_ps7_cortexa9_0/bsp/system.mss
TRACE::2026-05-28.14:42:14::SCWMssOS::DEBUG:  swdes dump  D:/Zynq/vitis/version_2020/26_01_ov5640_lcd/vitis/system_wrapper/ps7_cortexa9_0/standalone_ps7_cortexa9_0/bsp/system.mss|system_0||
D:/Zynq/vitis/version_2020/26_01_ov5640_lcd/vitis/system_wrapper/zynq_fsbl/zynq_fsbl_bsp/system.mss|system||

TRACE::2026-05-28.14:42:14::SCWMssOS::Sw design exists and opened at  D:/Zynq/vitis/version_2020/26_01_ov5640_lcd/vitis/system_wrapper/ps7_cortexa9_0/standalone_ps7_cortexa9_0/bsp/system.mss
TRACE::2026-05-28.14:42:14::SCWWriter::formatted JSON is {
	"platformName":	"system_wrapper",
	"sprVersion":	"2.0",
	"mode":	"gui",
	"dsaType":	"Fixed",
	"platformDesc":	"system_wrapper",
	"platHandOff":	"<platformDir>.xsa",
	"platIntHandOff":	"<platformDir>/hw/system_wrapper.xsa",
	"deviceType":	"zynq",
	"platIsPrebuiltAutogen":	"false",
	"platIsNoBootBsp":	"false",
	"platFsblTarget":	"ps7_cortexa9_0",
	"hasFsblMakeHasChanges":	"false",
	"hasPmufwMakeHasChanges":	"false",
	"fsblExtraCompilerFlags":	"-MMD -MP       -mcpu=cortex-a9 -mfpu=vfpv3 -mfloat-abi=hard ",
	"platPreBuiltFlag":	false,
	"platformSamplesDir":	"",
	"platActiveSys":	"system_wrapper",
	"systems":	[{
			"systemName":	"system_wrapper",
			"systemDesc":	"system_wrapper",
			"sysIsBootAutoGen":	"true",
			"systemDispName":	"system_wrapper",
			"sysActiveDom":	"standalone_ps7_cortexa9_0",
			"sysDefaultDom":	"standalone_ps7_cortexa9_0",
			"domains":	[{
					"domainName":	"zynq_fsbl",
					"domainDispName":	"zynq_fsbl",
					"domainDesc":	"FSBL Application BSP - Auto Generated.",
					"processors":	"ps7_cortexa9_0",
					"os":	"standalone",
					"sdxOs":	"standalone",
					"debugEnable":	"",
					"domRuntimes":	["cpp"],
					"swRepo":	"",
					"mssOsVer":	"7.3",
					"mssFile":	"",
					"md5Digest":	"d1bfd94dec7a4524b140d88866ac8af0",
					"compatibleApp":	"zynq_fsbl",
					"domType":	"bootDomain",
					"arch":	"32-bit",
					"appSettings":	{
						"appCompilerFlags":	"",
						"appLinkerFlags":	""
					},
					"addedLibs":	["xilffs:4.4", "xilrsa:1.6"],
					"libOptions":	{
						"libsContainingOptions":	[]
					},
					"prebuiltLibs":	{
						"prebuiltIncPath":	[],
						"prebuiltLibPath":	[]
					},
					"isolation":	{
					}
				}, {
					"domainName":	"standalone_ps7_cortexa9_0",
					"domainDispName":	"standalone_ps7_cortexa9_0",
					"domainDesc":	"standalone_ps7_cortexa9_0",
					"processors":	"ps7_cortexa9_0",
					"os":	"standalone",
					"sdxOs":	"standalone",
					"qemuArgs":	"C:/Xilinx/Vitis/2020.2/data/emulation/platforms/zynq/sw/a9_standalone/qemu/qemu_args.txt",
					"qemuData":	"C:/Xilinx/Vitis/2020.2/data/emulation/platforms/zynq/sw/a9_standalone/qemu/",
					"debugEnable":	"False",
					"domRuntimes":	["cpp"],
					"swRepo":	"",
					"mssOsVer":	"7.3",
					"mssFile":	"",
					"md5Digest":	"22e0f195ab1532590e5b8c59d4d5ad2a",
					"compatibleApp":	"hello_world",
					"domType":	"mssDomain",
					"arch":	"32-bit",
					"appSettings":	{
						"appCompilerFlags":	"",
						"appLinkerFlags":	""
					},
					"addedLibs":	[],
					"libOptions":	{
						"libsContainingOptions":	[]
					},
					"prebuiltLibs":	{
						"prebuiltIncPath":	[],
						"prebuiltLibPath":	[]
					},
					"isolation":	{
					}
				}]
		}]
}
KEYINFO::2026-05-28.14:42:14::SCWPlatform::updated the xpfm file.
TRACE::2026-05-28.14:42:14::SCWPlatform::Trying to open the hw design at D:/Zynq/vitis/version_2020/26_01_ov5640_lcd/vitis/system_wrapper/hw/system_wrapper.xsa
TRACE::2026-05-28.14:42:14::SCWPlatform::DSA given D:/Zynq/vitis/version_2020/26_01_ov5640_lcd/vitis/system_wrapper/hw/system_wrapper.xsa
TRACE::2026-05-28.14:42:14::SCWPlatform::DSA absoulate path D:/Zynq/vitis/version_2020/26_01_ov5640_lcd/vitis/system_wrapper/hw/system_wrapper.xsa
TRACE::2026-05-28.14:42:14::SCWPlatform::DSA directory D:/Zynq/vitis/version_2020/26_01_ov5640_lcd/vitis/system_wrapper/hw
TRACE::2026-05-28.14:42:14::SCWPlatform:: Platform Path D:/Zynq/vitis/version_2020/26_01_ov5640_lcd/vitis/system_wrapper/hw/system_wrapper.xsa
TRACE::2026-05-28.14:42:14::SCWPlatform:: Unique name xilinx:::0.0
TRACE::2026-05-28.14:42:14::SCWPlatform::Trying to set the existing hwdb with name system_wrapper_0
TRACE::2026-05-28.14:42:14::SCWPlatform::Opened existing hwdb system_wrapper_0
TRACE::2026-05-28.14:42:14::SCWPlatform::Found the Hw Db part of the input DSA
TRACE::2026-05-28.14:42:14::SCWMssOS::Checking the sw design at  D:/Zynq/vitis/version_2020/26_01_ov5640_lcd/vitis/system_wrapper/ps7_cortexa9_0/standalone_ps7_cortexa9_0/bsp/system.mss
TRACE::2026-05-28.14:42:14::SCWMssOS::DEBUG:  swdes dump  D:/Zynq/vitis/version_2020/26_01_ov5640_lcd/vitis/system_wrapper/ps7_cortexa9_0/standalone_ps7_cortexa9_0/bsp/system.mss|system_0||
D:/Zynq/vitis/version_2020/26_01_ov5640_lcd/vitis/system_wrapper/zynq_fsbl/zynq_fsbl_bsp/system.mss|system||

TRACE::2026-05-28.14:42:14::SCWMssOS::Sw design exists and opened at  D:/Zynq/vitis/version_2020/26_01_ov5640_lcd/vitis/system_wrapper/ps7_cortexa9_0/standalone_ps7_cortexa9_0/bsp/system.mss
TRACE::2026-05-28.17:02:54::SCWBDomain::System Command Ran  D:&  cd  D:/Zynq/vitis/version_2020/26_01_ov5640_lcd/vitis/system_wrapper/zynq_fsbl & make clean
TRACE::2026-05-28.17:02:54::SCWBDomain::rm -rf  sd.o  nand.o  image_mover.o  md5.o  fsbl_hooks.o  main.o  nor.o  qspi.o  rsa.o  ps7_init.o  pcap.o  fsbl_handoff.o zynq
TRACE::2026-05-28.17:02:54::SCWBDomain::_fsbl_bsp/ps7_cortexa9_0/lib/libxil.a fsbl.elf *.o

TRACE::2026-05-28.17:02:54::SCWBDomain::System Command Ran  D:&  cd  D:/Zynq/vitis/version_2020/26_01_ov5640_lcd/vitis/system_wrapper/zynq_fsbl/zynq_fsbl_bsp & make clean
TRACE::2026-05-28.17:02:54::SCWBDomain::make -C ps7_cortexa9_0/libsrc/axivdma_v6_8/src -s clean 

TRACE::2026-05-28.17:02:54::SCWBDomain::make -C ps7_cortexa9_0/libsrc/clk_wiz_v1_4/src -s clean 

TRACE::2026-05-28.17:02:54::SCWBDomain::make -C ps7_cortexa9_0/libsrc/coresightps_dcc_v1_8/src -s clean 

TRACE::2026-05-28.17:02:55::SCWBDomain::make -C ps7_cortexa9_0/libsrc/cpu_cortexa9_v2_10/src -s clean 

TRACE::2026-05-28.17:02:55::SCWBDomain::make -C ps7_cortexa9_0/libsrc/ddrps_v1_2/src -s clean 

TRACE::2026-05-28.17:02:55::SCWBDomain::make -C ps7_cortexa9_0/libsrc/devcfg_v3_7/src -s clean 

TRACE::2026-05-28.17:02:55::SCWBDomain::make -C ps7_cortexa9_0/libsrc/dmaps_v2_7/src -s clean 

TRACE::2026-05-28.17:02:55::SCWBDomain::make -C ps7_cortexa9_0/libsrc/gpiops_v3_8/src -s clean 

TRACE::2026-05-28.17:02:55::SCWBDomain::make -C ps7_cortexa9_0/libsrc/gpio_v4_7/src -s clean 

TRACE::2026-05-28.17:02:55::SCWBDomain::make -C ps7_cortexa9_0/libsrc/scugic_v4_3/src -s clean 

TRACE::2026-05-28.17:02:55::SCWBDomain::make -C ps7_cortexa9_0/libsrc/scutimer_v2_3/src -s clean 

TRACE::2026-05-28.17:02:55::SCWBDomain::make -C ps7_cortexa9_0/libsrc/scuwdt_v2_3/src -s clean 

TRACE::2026-05-28.17:02:55::SCWBDomain::make -C ps7_cortexa9_0/libsrc/standalone_v7_3/src -s clean 

TRACE::2026-05-28.17:02:55::SCWBDomain::make -C ps7_cortexa9_0/libsrc/uartps_v3_10/src -s clean 

TRACE::2026-05-28.17:02:55::SCWBDomain::make -C ps7_cortexa9_0/libsrc/vtc_v8_3/src -s clean 

TRACE::2026-05-28.17:02:56::SCWBDomain::make -C ps7_cortexa9_0/libsrc/xadcps_v2_5/src -s clean 

TRACE::2026-05-28.17:02:56::SCWBDomain::make -C ps7_cortexa9_0/libsrc/xilffs_v4_4/src -s clean 

TRACE::2026-05-28.17:02:56::SCWBDomain::make -C ps7_cortexa9_0/libsrc/xilrsa_v1_6/src -s clean 

TRACE::2026-05-28.17:02:56::SCWBDomain::rm -f ps7_cortexa9_0/lib/libxil.a

TRACE::2026-05-28.17:02:56::SCWMssOS::cleaning the bsp 
TRACE::2026-05-28.17:02:56::SCWMssOS::System Command Ran  D: & cd  D:/Zynq/vitis/version_2020/26_01_ov5640_lcd/vitis/system_wrapper/ps7_cortexa9_0/standalone_ps7_cortexa9_0/bsp & make clean 
TRACE::2026-05-28.17:02:56::SCWMssOS::make -C ps7_cortexa9_0/libsrc/axivdma_v6_8/src -s clean 

TRACE::2026-05-28.17:02:56::SCWMssOS::make -C ps7_cortexa9_0/libsrc/clk_wiz_v1_4/src -s clean 

TRACE::2026-05-28.17:02:56::SCWMssOS::make -C ps7_cortexa9_0/libsrc/coresightps_dcc_v1_8/src -s clean 

TRACE::2026-05-28.17:02:56::SCWMssOS::make -C ps7_cortexa9_0/libsrc/cpu_cortexa9_v2_10/src -s clean 

TRACE::2026-05-28.17:02:56::SCWMssOS::make -C ps7_cortexa9_0/libsrc/ddrps_v1_2/src -s clean 

TRACE::2026-05-28.17:02:56::SCWMssOS::make -C ps7_cortexa9_0/libsrc/devcfg_v3_7/src -s clean 

TRACE::2026-05-28.17:02:56::SCWMssOS::make -C ps7_cortexa9_0/libsrc/dmaps_v2_7/src -s clean 

TRACE::2026-05-28.17:02:56::SCWMssOS::make -C ps7_cortexa9_0/libsrc/gpiops_v3_8/src -s clean 

TRACE::2026-05-28.17:02:56::SCWMssOS::make -C ps7_cortexa9_0/libsrc/gpio_v4_7/src -s clean 

TRACE::2026-05-28.17:02:56::SCWMssOS::make -C ps7_cortexa9_0/libsrc/scugic_v4_3/src -s clean 

TRACE::2026-05-28.17:02:57::SCWMssOS::make -C ps7_cortexa9_0/libsrc/scutimer_v2_3/src -s clean 

TRACE::2026-05-28.17:02:57::SCWMssOS::make -C ps7_cortexa9_0/libsrc/scuwdt_v2_3/src -s clean 

TRACE::2026-05-28.17:02:57::SCWMssOS::make -C ps7_cortexa9_0/libsrc/standalone_v7_3/src -s clean 

TRACE::2026-05-28.17:02:57::SCWMssOS::make -C ps7_cortexa9_0/libsrc/uartps_v3_10/src -s clean 

TRACE::2026-05-28.17:02:57::SCWMssOS::make -C ps7_cortexa9_0/libsrc/vtc_v8_3/src -s clean 

TRACE::2026-05-28.17:02:57::SCWMssOS::make -C ps7_cortexa9_0/libsrc/xadcps_v2_5/src -s clean 

TRACE::2026-05-28.17:02:57::SCWMssOS::rm -f ps7_cortexa9_0/lib/libxil.a

TRACE::2026-05-28.17:03:01::SCWBDomain::System Command Ran  D:&  cd  D:/Zynq/vitis/version_2020/26_01_ov5640_lcd/vitis/system_wrapper/zynq_fsbl & make clean
TRACE::2026-05-28.17:03:01::SCWBDomain::rm -rf  sd.o  nand.o  image_mover.o  md5.o  fsbl_hooks.o  main.o  rsa.o  nor.o  qspi.o  ps7_init.o  pcap.o  fsbl_handoff.o zynq
TRACE::2026-05-28.17:03:01::SCWBDomain::_fsbl_bsp/ps7_cortexa9_0/lib/libxil.a fsbl.elf *.o

ERROR::2026-05-28.17:03:01::SCWSystem::Error in Processing the domain zynq_fsbl
