TRACE::2026-03-25.11:38:28::SCWPlatform::Trying to open the hw design at D:/Zynq/vitis/version_2020/21_01_axi_vdma_lcd/vitis/system_wrapper/hw/system_wrapper.xsa
TRACE::2026-03-25.11:38:28::SCWPlatform::DSA given D:/Zynq/vitis/version_2020/21_01_axi_vdma_lcd/vitis/system_wrapper/hw/system_wrapper.xsa
TRACE::2026-03-25.11:38:28::SCWPlatform::DSA absoulate path D:/Zynq/vitis/version_2020/21_01_axi_vdma_lcd/vitis/system_wrapper/hw/system_wrapper.xsa
TRACE::2026-03-25.11:38:30::SCWPlatform::DSA directory D:/Zynq/vitis/version_2020/21_01_axi_vdma_lcd/vitis/system_wrapper/hw
TRACE::2026-03-25.11:38:30::SCWPlatform:: Platform Path D:/Zynq/vitis/version_2020/21_01_axi_vdma_lcd/vitis/system_wrapper/hw/system_wrapper.xsa
TRACE::2026-03-25.11:38:30::SCWPlatform:: Unique name xilinx:::0.0
TRACE::2026-03-25.11:38:30::SCWPlatform::Do not have an existing db opened. 
TRACE::2026-03-25.11:38:31::SCWPlatform::Opened new HwDB with name system_wrapper_0
TRACE::2026-03-25.11:38:31::SCWWriter::formatted JSON is {
	"platformName":	"system_wrapper",
	"sprVersion":	"2.0",
	"mode":	"gui",
	"dsaType":	"Fixed",
	"platformDesc":	"system_wrapper",
	"platHandOff":	"<platformDir>.xsa",
	"platIntHandOff":	"<platformDir>/hw/system_wrapper.xsa",
	"deviceType":	"zynq",
	"platIsPrebuiltAutogen":	"false",
	"platIsNoBootBsp":	"false",
	"hasFsblMakeHasChanges":	"false",
	"hasPmufwMakeHasChanges":	"false",
	"platPreBuiltFlag":	false,
	"platformSamplesDir":	""
}
TRACE::2026-03-25.11:38:31::SCWWriter::formatted JSON is {
	"platformName":	"system_wrapper",
	"sprVersion":	"2.0",
	"mode":	"gui",
	"dsaType":	"Fixed",
	"platformDesc":	"system_wrapper",
	"platHandOff":	"<platformDir>.xsa",
	"platIntHandOff":	"<platformDir>/hw/system_wrapper.xsa",
	"deviceType":	"zynq",
	"platIsPrebuiltAutogen":	"false",
	"platIsNoBootBsp":	"false",
	"hasFsblMakeHasChanges":	"false",
	"hasPmufwMakeHasChanges":	"false",
	"platPreBuiltFlag":	false,
	"platformSamplesDir":	"",
	"platActiveSys":	"system_wrapper",
	"systems":	[{
			"systemName":	"system_wrapper",
			"systemDesc":	"system_wrapper",
			"sysIsBootAutoGen":	"true",
			"systemDispName":	"system_wrapper"
		}]
}
TRACE::2026-03-25.11:38:31::SCWPlatform::Boot application domains not present, creating them
TRACE::2026-03-25.11:38:31::SCWDomain::checking for install qemu data   : 
TRACE::2026-03-25.11:38:31::SCWDomain:: Using the QEMU Data from install at  : C:/Xilinx/Vitis/2020.2/data/emulation/platforms/zynq/sw/a9_standalone/qemu/
TRACE::2026-03-25.11:38:31::SCWDomain:: Using the QEMU args  from install at  : C:/Xilinx/Vitis/2020.2/data/emulation/platforms/zynq/sw/a9_standalone/qemu/qemu_args.txt
TRACE::2026-03-25.11:38:31::SCWPlatform::Trying to open the hw design at D:/Zynq/vitis/version_2020/21_01_axi_vdma_lcd/vitis/system_wrapper/hw/system_wrapper.xsa
TRACE::2026-03-25.11:38:31::SCWPlatform::DSA given D:/Zynq/vitis/version_2020/21_01_axi_vdma_lcd/vitis/system_wrapper/hw/system_wrapper.xsa
TRACE::2026-03-25.11:38:31::SCWPlatform::DSA absoulate path D:/Zynq/vitis/version_2020/21_01_axi_vdma_lcd/vitis/system_wrapper/hw/system_wrapper.xsa
TRACE::2026-03-25.11:38:31::SCWPlatform::DSA directory D:/Zynq/vitis/version_2020/21_01_axi_vdma_lcd/vitis/system_wrapper/hw
TRACE::2026-03-25.11:38:31::SCWPlatform:: Platform Path D:/Zynq/vitis/version_2020/21_01_axi_vdma_lcd/vitis/system_wrapper/hw/system_wrapper.xsa
TRACE::2026-03-25.11:38:31::SCWPlatform:: Unique name xilinx:::0.0
TRACE::2026-03-25.11:38:31::SCWPlatform::Trying to set the existing hwdb with name system_wrapper_0
TRACE::2026-03-25.11:38:31::SCWPlatform::Opened existing hwdb system_wrapper_0
TRACE::2026-03-25.11:38:31::SCWPlatform::Found the Hw Db part of the input DSA
TRACE::2026-03-25.11:38:31::SCWPlatform::Trying to open the hw design at D:/Zynq/vitis/version_2020/21_01_axi_vdma_lcd/vitis/system_wrapper/hw/system_wrapper.xsa
TRACE::2026-03-25.11:38:31::SCWPlatform::DSA given D:/Zynq/vitis/version_2020/21_01_axi_vdma_lcd/vitis/system_wrapper/hw/system_wrapper.xsa
TRACE::2026-03-25.11:38:31::SCWPlatform::DSA absoulate path D:/Zynq/vitis/version_2020/21_01_axi_vdma_lcd/vitis/system_wrapper/hw/system_wrapper.xsa
TRACE::2026-03-25.11:38:31::SCWPlatform::DSA directory D:/Zynq/vitis/version_2020/21_01_axi_vdma_lcd/vitis/system_wrapper/hw
TRACE::2026-03-25.11:38:31::SCWPlatform:: Platform Path D:/Zynq/vitis/version_2020/21_01_axi_vdma_lcd/vitis/system_wrapper/hw/system_wrapper.xsa
TRACE::2026-03-25.11:38:31::SCWPlatform:: Unique name xilinx:::0.0
TRACE::2026-03-25.11:38:31::SCWPlatform::Trying to set the existing hwdb with name system_wrapper_0
TRACE::2026-03-25.11:38:31::SCWPlatform::Opened existing hwdb system_wrapper_0
TRACE::2026-03-25.11:38:31::SCWPlatform::Found the Hw Db part of the input DSA
TRACE::2026-03-25.11:38:31::SCWPlatform::Trying to open the hw design at D:/Zynq/vitis/version_2020/21_01_axi_vdma_lcd/vitis/system_wrapper/hw/system_wrapper.xsa
TRACE::2026-03-25.11:38:31::SCWPlatform::DSA given D:/Zynq/vitis/version_2020/21_01_axi_vdma_lcd/vitis/system_wrapper/hw/system_wrapper.xsa
TRACE::2026-03-25.11:38:31::SCWPlatform::DSA absoulate path D:/Zynq/vitis/version_2020/21_01_axi_vdma_lcd/vitis/system_wrapper/hw/system_wrapper.xsa
TRACE::2026-03-25.11:38:31::SCWPlatform::DSA directory D:/Zynq/vitis/version_2020/21_01_axi_vdma_lcd/vitis/system_wrapper/hw
TRACE::2026-03-25.11:38:31::SCWPlatform:: Platform Path D:/Zynq/vitis/version_2020/21_01_axi_vdma_lcd/vitis/system_wrapper/hw/system_wrapper.xsa
TRACE::2026-03-25.11:38:31::SCWPlatform:: Unique name xilinx:::0.0
TRACE::2026-03-25.11:38:31::SCWPlatform::Trying to set the existing hwdb with name system_wrapper_0
TRACE::2026-03-25.11:38:31::SCWPlatform::Opened existing hwdb system_wrapper_0
TRACE::2026-03-25.11:38:31::SCWPlatform::Found the Hw Db part of the input DSA
TRACE::2026-03-25.11:38:31::SCWPlatform::Boot application domain added for zynq_fsbl
TRACE::2026-03-25.11:38:31::SCWPlatform::Generating the sources  .
TRACE::2026-03-25.11:38:31::SCWBDomain::Generating boot domain sources.
TRACE::2026-03-25.11:38:31::SCWBDomain:: Generating the zynq_fsbl Application.
TRACE::2026-03-25.11:38:31::SCWPlatform::Trying to open the hw design at D:/Zynq/vitis/version_2020/21_01_axi_vdma_lcd/vitis/system_wrapper/hw/system_wrapper.xsa
TRACE::2026-03-25.11:38:31::SCWPlatform::DSA given D:/Zynq/vitis/version_2020/21_01_axi_vdma_lcd/vitis/system_wrapper/hw/system_wrapper.xsa
TRACE::2026-03-25.11:38:31::SCWPlatform::DSA absoulate path D:/Zynq/vitis/version_2020/21_01_axi_vdma_lcd/vitis/system_wrapper/hw/system_wrapper.xsa
TRACE::2026-03-25.11:38:31::SCWPlatform::DSA directory D:/Zynq/vitis/version_2020/21_01_axi_vdma_lcd/vitis/system_wrapper/hw
TRACE::2026-03-25.11:38:31::SCWPlatform:: Platform Path D:/Zynq/vitis/version_2020/21_01_axi_vdma_lcd/vitis/system_wrapper/hw/system_wrapper.xsa
TRACE::2026-03-25.11:38:31::SCWPlatform:: Unique name xilinx:::0.0
TRACE::2026-03-25.11:38:31::SCWPlatform::Trying to set the existing hwdb with name system_wrapper_0
TRACE::2026-03-25.11:38:31::SCWPlatform::Opened existing hwdb system_wrapper_0
TRACE::2026-03-25.11:38:31::SCWPlatform::Found the Hw Db part of the input DSA
TRACE::2026-03-25.11:38:31::SCWMssOS::Checking the sw design at  D:/Zynq/vitis/version_2020/21_01_axi_vdma_lcd/vitis/system_wrapper/zynq_fsbl/zynq_fsbl_bsp/system.mss
TRACE::2026-03-25.11:38:31::SCWMssOS::DEBUG:  swdes dump  
TRACE::2026-03-25.11:38:31::SCWMssOS::No sw design opened at  D:/Zynq/vitis/version_2020/21_01_axi_vdma_lcd/vitis/system_wrapper/zynq_fsbl/zynq_fsbl_bsp/system.mss
TRACE::2026-03-25.11:38:31::SCWMssOS::mss does not exists at D:/Zynq/vitis/version_2020/21_01_axi_vdma_lcd/vitis/system_wrapper/zynq_fsbl/zynq_fsbl_bsp/system.mss
TRACE::2026-03-25.11:38:31::SCWMssOS::Creating sw design at  D:/Zynq/vitis/version_2020/21_01_axi_vdma_lcd/vitis/system_wrapper/zynq_fsbl/zynq_fsbl_bsp/system.mss
TRACE::2026-03-25.11:38:31::SCWMssOS::Adding the swdes entry, created swdb D:/Zynq/vitis/version_2020/21_01_axi_vdma_lcd/vitis/system_wrapper/zynq_fsbl/zynq_fsbl_bsp/system.mss with des name D:/Zynq/vitis/version_2020/21_01_axi_vdma_lcd/vitis/system_wrapper/zynq_fsbl/zynq_fsbl_bsp/system.mss
TRACE::2026-03-25.11:38:31::SCWMssOS::updating the scw layer changes to swdes at   D:/Zynq/vitis/version_2020/21_01_axi_vdma_lcd/vitis/system_wrapper/zynq_fsbl/zynq_fsbl_bsp/system.mss
TRACE::2026-03-25.11:38:31::SCWMssOS::Writing mss at D:/Zynq/vitis/version_2020/21_01_axi_vdma_lcd/vitis/system_wrapper/zynq_fsbl/zynq_fsbl_bsp/system.mss
TRACE::2026-03-25.11:38:31::SCWMssOS::Completed writing the mss file at D:/Zynq/vitis/version_2020/21_01_axi_vdma_lcd/vitis/system_wrapper/zynq_fsbl/zynq_fsbl_bsp
TRACE::2026-03-25.11:38:31::SCWMssOS::Picking up changes from newly written mss file into SCW Layer. 
TRACE::2026-03-25.11:38:31::SCWMssOS::Updated the changes from newly written mss file into SCW Layer. 
TRACE::2026-03-25.11:38:31::SCWBDomain::Completed writing the mss file at D:/Zynq/vitis/version_2020/21_01_axi_vdma_lcd/vitis/system_wrapper/zynq_fsbl/zynq_fsbl_bsp
TRACE::2026-03-25.11:38:34::SCWPlatform::Generating sources Done.
TRACE::2026-03-25.11:38:34::SCWPlatform::Trying to open the hw design at D:/Zynq/vitis/version_2020/21_01_axi_vdma_lcd/vitis/system_wrapper/hw/system_wrapper.xsa
TRACE::2026-03-25.11:38:34::SCWPlatform::DSA given D:/Zynq/vitis/version_2020/21_01_axi_vdma_lcd/vitis/system_wrapper/hw/system_wrapper.xsa
TRACE::2026-03-25.11:38:34::SCWPlatform::DSA absoulate path D:/Zynq/vitis/version_2020/21_01_axi_vdma_lcd/vitis/system_wrapper/hw/system_wrapper.xsa
TRACE::2026-03-25.11:38:34::SCWPlatform::DSA directory D:/Zynq/vitis/version_2020/21_01_axi_vdma_lcd/vitis/system_wrapper/hw
TRACE::2026-03-25.11:38:34::SCWPlatform:: Platform Path D:/Zynq/vitis/version_2020/21_01_axi_vdma_lcd/vitis/system_wrapper/hw/system_wrapper.xsa
TRACE::2026-03-25.11:38:34::SCWPlatform:: Unique name xilinx:::0.0
TRACE::2026-03-25.11:38:34::SCWPlatform::Trying to set the existing hwdb with name system_wrapper_0
TRACE::2026-03-25.11:38:34::SCWPlatform::Opened existing hwdb system_wrapper_0
TRACE::2026-03-25.11:38:34::SCWPlatform::Found the Hw Db part of the input DSA
TRACE::2026-03-25.11:38:34::SCWMssOS::Checking the sw design at  D:/Zynq/vitis/version_2020/21_01_axi_vdma_lcd/vitis/system_wrapper/zynq_fsbl/zynq_fsbl_bsp/system.mss
TRACE::2026-03-25.11:38:34::SCWMssOS::DEBUG:  swdes dump  D:/Zynq/vitis/version_2020/21_01_axi_vdma_lcd/vitis/system_wrapper/zynq_fsbl/zynq_fsbl_bsp/system.mss|D:/Zynq/vitis/version_2020/21_01_axi_vdma_lcd/vitis/system_wrapper/zynq_fsbl/zynq_fsbl_bsp/system.mss||

KEYINFO::2026-03-25.11:38:34::SCWMssOS::Could not open the swdb for D:/Zynq/vitis/version_2020/21_01_axi_vdma_lcd/vitis/system_wrapper/zynq_fsbl/zynq_fsbl_bsp/system.mss
KEYINFO::2026-03-25.11:38:34::SCWMssOS::Could not open the sw design at  D:/Zynq/vitis/version_2020/21_01_axi_vdma_lcd/vitis/system_wrapper/zynq_fsbl/zynq_fsbl_bsp/system.mss
ERROR: [Hsi 55-1558] Software Design D:/Zynq/vitis/version_2020/21_01_axi_vdma_lcd/vitis/system_wrapper/zynq_fsbl/zynq_fsbl_bsp/system.mss is not found

TRACE::2026-03-25.11:38:34::SCWMssOS::Cleared the swdb table entry
TRACE::2026-03-25.11:38:34::SCWMssOS::No sw design opened at  D:/Zynq/vitis/version_2020/21_01_axi_vdma_lcd/vitis/system_wrapper/zynq_fsbl/zynq_fsbl_bsp/system.mss
TRACE::2026-03-25.11:38:34::SCWMssOS::mss exists loading the mss file  D:/Zynq/vitis/version_2020/21_01_axi_vdma_lcd/vitis/system_wrapper/zynq_fsbl/zynq_fsbl_bsp/system.mss
TRACE::2026-03-25.11:38:34::SCWMssOS::Opened the sw design from mss  D:/Zynq/vitis/version_2020/21_01_axi_vdma_lcd/vitis/system_wrapper/zynq_fsbl/zynq_fsbl_bsp/system.mss
TRACE::2026-03-25.11:38:34::SCWMssOS::Adding the swdes entry D:/Zynq/vitis/version_2020/21_01_axi_vdma_lcd/vitis/system_wrapper/zynq_fsbl/zynq_fsbl_bsp/system.mss with des name system
TRACE::2026-03-25.11:38:34::SCWMssOS::updating the scw layer about changes
TRACE::2026-03-25.11:38:34::SCWMssOS::Opened the sw design.  D:/Zynq/vitis/version_2020/21_01_axi_vdma_lcd/vitis/system_wrapper/zynq_fsbl/zynq_fsbl_bsp/system.mss
TRACE::2026-03-25.11:38:34::SCWMssOS::Saving the mss changes D:/Zynq/vitis/version_2020/21_01_axi_vdma_lcd/vitis/system_wrapper/zynq_fsbl/zynq_fsbl_bsp/system.mss
TRACE::2026-03-25.11:38:34::SCWMssOS::Found a swdesign opened with the mssfile.
TRACE::2026-03-25.11:38:34::SCWMssOS::Completed writemss as part of save.
TRACE::2026-03-25.11:38:34::SCWMssOS::Commit changes completed.
TRACE::2026-03-25.11:38:34::SCWPlatform::Trying to open the hw design at D:/Zynq/vitis/version_2020/21_01_axi_vdma_lcd/vitis/system_wrapper/hw/system_wrapper.xsa
TRACE::2026-03-25.11:38:34::SCWPlatform::DSA given D:/Zynq/vitis/version_2020/21_01_axi_vdma_lcd/vitis/system_wrapper/hw/system_wrapper.xsa
TRACE::2026-03-25.11:38:34::SCWPlatform::DSA absoulate path D:/Zynq/vitis/version_2020/21_01_axi_vdma_lcd/vitis/system_wrapper/hw/system_wrapper.xsa
TRACE::2026-03-25.11:38:34::SCWPlatform::DSA directory D:/Zynq/vitis/version_2020/21_01_axi_vdma_lcd/vitis/system_wrapper/hw
TRACE::2026-03-25.11:38:34::SCWPlatform:: Platform Path D:/Zynq/vitis/version_2020/21_01_axi_vdma_lcd/vitis/system_wrapper/hw/system_wrapper.xsa
TRACE::2026-03-25.11:38:34::SCWPlatform:: Unique name xilinx:::0.0
TRACE::2026-03-25.11:38:34::SCWPlatform::Trying to set the existing hwdb with name system_wrapper_0
TRACE::2026-03-25.11:38:34::SCWPlatform::Opened existing hwdb system_wrapper_0
TRACE::2026-03-25.11:38:34::SCWPlatform::Found the Hw Db part of the input DSA
TRACE::2026-03-25.11:38:34::SCWMssOS::Checking the sw design at  D:/Zynq/vitis/version_2020/21_01_axi_vdma_lcd/vitis/system_wrapper/zynq_fsbl/zynq_fsbl_bsp/system.mss
TRACE::2026-03-25.11:38:34::SCWMssOS::DEBUG:  swdes dump  D:/Zynq/vitis/version_2020/21_01_axi_vdma_lcd/vitis/system_wrapper/zynq_fsbl/zynq_fsbl_bsp/system.mss|system||

TRACE::2026-03-25.11:38:34::SCWMssOS::Sw design exists and opened at  D:/Zynq/vitis/version_2020/21_01_axi_vdma_lcd/vitis/system_wrapper/zynq_fsbl/zynq_fsbl_bsp/system.mss
TRACE::2026-03-25.11:38:34::SCWPlatform::Trying to open the hw design at D:/Zynq/vitis/version_2020/21_01_axi_vdma_lcd/vitis/system_wrapper/hw/system_wrapper.xsa
TRACE::2026-03-25.11:38:34::SCWPlatform::DSA given D:/Zynq/vitis/version_2020/21_01_axi_vdma_lcd/vitis/system_wrapper/hw/system_wrapper.xsa
TRACE::2026-03-25.11:38:34::SCWPlatform::DSA absoulate path D:/Zynq/vitis/version_2020/21_01_axi_vdma_lcd/vitis/system_wrapper/hw/system_wrapper.xsa
TRACE::2026-03-25.11:38:34::SCWPlatform::DSA directory D:/Zynq/vitis/version_2020/21_01_axi_vdma_lcd/vitis/system_wrapper/hw
TRACE::2026-03-25.11:38:34::SCWPlatform:: Platform Path D:/Zynq/vitis/version_2020/21_01_axi_vdma_lcd/vitis/system_wrapper/hw/system_wrapper.xsa
TRACE::2026-03-25.11:38:34::SCWPlatform:: Unique name xilinx:::0.0
TRACE::2026-03-25.11:38:34::SCWPlatform::Trying to set the existing hwdb with name system_wrapper_0
TRACE::2026-03-25.11:38:34::SCWPlatform::Opened existing hwdb system_wrapper_0
TRACE::2026-03-25.11:38:34::SCWPlatform::Found the Hw Db part of the input DSA
TRACE::2026-03-25.11:38:34::SCWMssOS::Checking the sw design at  D:/Zynq/vitis/version_2020/21_01_axi_vdma_lcd/vitis/system_wrapper/zynq_fsbl/zynq_fsbl_bsp/system.mss
TRACE::2026-03-25.11:38:34::SCWMssOS::DEBUG:  swdes dump  D:/Zynq/vitis/version_2020/21_01_axi_vdma_lcd/vitis/system_wrapper/zynq_fsbl/zynq_fsbl_bsp/system.mss|system||

TRACE::2026-03-25.11:38:34::SCWMssOS::Sw design exists and opened at  D:/Zynq/vitis/version_2020/21_01_axi_vdma_lcd/vitis/system_wrapper/zynq_fsbl/zynq_fsbl_bsp/system.mss
TRACE::2026-03-25.11:38:34::SCWPlatform::Trying to open the hw design at D:/Zynq/vitis/version_2020/21_01_axi_vdma_lcd/vitis/system_wrapper/hw/system_wrapper.xsa
TRACE::2026-03-25.11:38:34::SCWPlatform::DSA given D:/Zynq/vitis/version_2020/21_01_axi_vdma_lcd/vitis/system_wrapper/hw/system_wrapper.xsa
TRACE::2026-03-25.11:38:34::SCWPlatform::DSA absoulate path D:/Zynq/vitis/version_2020/21_01_axi_vdma_lcd/vitis/system_wrapper/hw/system_wrapper.xsa
TRACE::2026-03-25.11:38:34::SCWPlatform::DSA directory D:/Zynq/vitis/version_2020/21_01_axi_vdma_lcd/vitis/system_wrapper/hw
TRACE::2026-03-25.11:38:34::SCWPlatform:: Platform Path D:/Zynq/vitis/version_2020/21_01_axi_vdma_lcd/vitis/system_wrapper/hw/system_wrapper.xsa
TRACE::2026-03-25.11:38:34::SCWPlatform:: Unique name xilinx:::0.0
TRACE::2026-03-25.11:38:34::SCWPlatform::Trying to set the existing hwdb with name system_wrapper_0
TRACE::2026-03-25.11:38:34::SCWPlatform::Opened existing hwdb system_wrapper_0
TRACE::2026-03-25.11:38:34::SCWPlatform::Found the Hw Db part of the input DSA
TRACE::2026-03-25.11:38:34::SCWMssOS::Checking the sw design at  D:/Zynq/vitis/version_2020/21_01_axi_vdma_lcd/vitis/system_wrapper/zynq_fsbl/zynq_fsbl_bsp/system.mss
TRACE::2026-03-25.11:38:34::SCWMssOS::DEBUG:  swdes dump  D:/Zynq/vitis/version_2020/21_01_axi_vdma_lcd/vitis/system_wrapper/zynq_fsbl/zynq_fsbl_bsp/system.mss|system||

TRACE::2026-03-25.11:38:34::SCWMssOS::Sw design exists and opened at  D:/Zynq/vitis/version_2020/21_01_axi_vdma_lcd/vitis/system_wrapper/zynq_fsbl/zynq_fsbl_bsp/system.mss
TRACE::2026-03-25.11:38:34::SCWWriter::formatted JSON is {
	"platformName":	"system_wrapper",
	"sprVersion":	"2.0",
	"mode":	"gui",
	"dsaType":	"Fixed",
	"platformDesc":	"system_wrapper",
	"platHandOff":	"<platformDir>.xsa",
	"platIntHandOff":	"<platformDir>/hw/system_wrapper.xsa",
	"deviceType":	"zynq",
	"platIsPrebuiltAutogen":	"false",
	"platIsNoBootBsp":	"false",
	"platFsblTarget":	"ps7_cortexa9_0",
	"hasFsblMakeHasChanges":	"false",
	"hasPmufwMakeHasChanges":	"false",
	"fsblExtraCompilerFlags":	"-MMD -MP       -mcpu=cortex-a9 -mfpu=vfpv3 -mfloat-abi=hard ",
	"platPreBuiltFlag":	false,
	"platformSamplesDir":	"",
	"platActiveSys":	"system_wrapper",
	"systems":	[{
			"systemName":	"system_wrapper",
			"systemDesc":	"system_wrapper",
			"sysIsBootAutoGen":	"true",
			"systemDispName":	"system_wrapper",
			"sysActiveDom":	"zynq_fsbl",
			"sysDefaultDom":	"",
			"domains":	[{
					"domainName":	"zynq_fsbl",
					"domainDispName":	"zynq_fsbl",
					"domainDesc":	"FSBL Application BSP - Auto Generated.",
					"processors":	"ps7_cortexa9_0",
					"os":	"standalone",
					"sdxOs":	"standalone",
					"debugEnable":	"",
					"domRuntimes":	["cpp"],
					"swRepo":	"",
					"mssOsVer":	"7.3",
					"mssFile":	"",
					"md5Digest":	"cc8afc3a1dc8872ebf3f9f9c8d92560d",
					"compatibleApp":	"zynq_fsbl",
					"domType":	"bootDomain",
					"arch":	"32-bit",
					"appSettings":	{
						"appCompilerFlags":	"",
						"appLinkerFlags":	""
					},
					"addedLibs":	["xilffs:4.4", "xilrsa:1.6"],
					"libOptions":	{
						"libsContainingOptions":	[]
					},
					"prebuiltLibs":	{
						"prebuiltIncPath":	[],
						"prebuiltLibPath":	[]
					},
					"isolation":	{
					}
				}]
		}]
}
TRACE::2026-03-25.11:38:34::SCWMssOS::Saving the mss changes D:/Zynq/vitis/version_2020/21_01_axi_vdma_lcd/vitis/system_wrapper/zynq_fsbl/zynq_fsbl_bsp/system.mss
TRACE::2026-03-25.11:38:34::SCWMssOS::Found a swdesign opened with the mssfile.
TRACE::2026-03-25.11:38:34::SCWMssOS::Completed writemss as part of save.
TRACE::2026-03-25.11:38:34::SCWMssOS::Commit changes completed.
TRACE::2026-03-25.11:38:34::SCWPlatform::Trying to open the hw design at D:/Zynq/vitis/version_2020/21_01_axi_vdma_lcd/vitis/system_wrapper/hw/system_wrapper.xsa
TRACE::2026-03-25.11:38:34::SCWPlatform::DSA given D:/Zynq/vitis/version_2020/21_01_axi_vdma_lcd/vitis/system_wrapper/hw/system_wrapper.xsa
TRACE::2026-03-25.11:38:34::SCWPlatform::DSA absoulate path D:/Zynq/vitis/version_2020/21_01_axi_vdma_lcd/vitis/system_wrapper/hw/system_wrapper.xsa
TRACE::2026-03-25.11:38:34::SCWPlatform::DSA directory D:/Zynq/vitis/version_2020/21_01_axi_vdma_lcd/vitis/system_wrapper/hw
TRACE::2026-03-25.11:38:34::SCWPlatform:: Platform Path D:/Zynq/vitis/version_2020/21_01_axi_vdma_lcd/vitis/system_wrapper/hw/system_wrapper.xsa
TRACE::2026-03-25.11:38:34::SCWPlatform:: Unique name xilinx:::0.0
TRACE::2026-03-25.11:38:34::SCWPlatform::Trying to set the existing hwdb with name system_wrapper_0
TRACE::2026-03-25.11:38:34::SCWPlatform::Opened existing hwdb system_wrapper_0
TRACE::2026-03-25.11:38:34::SCWPlatform::Found the Hw Db part of the input DSA
TRACE::2026-03-25.11:38:34::SCWMssOS::Checking the sw design at  D:/Zynq/vitis/version_2020/21_01_axi_vdma_lcd/vitis/system_wrapper/zynq_fsbl/zynq_fsbl_bsp/system.mss
TRACE::2026-03-25.11:38:34::SCWMssOS::DEBUG:  swdes dump  D:/Zynq/vitis/version_2020/21_01_axi_vdma_lcd/vitis/system_wrapper/zynq_fsbl/zynq_fsbl_bsp/system.mss|system||

TRACE::2026-03-25.11:38:34::SCWMssOS::Sw design exists and opened at  D:/Zynq/vitis/version_2020/21_01_axi_vdma_lcd/vitis/system_wrapper/zynq_fsbl/zynq_fsbl_bsp/system.mss
TRACE::2026-03-25.11:38:34::SCWPlatform::Trying to open the hw design at D:/Zynq/vitis/version_2020/21_01_axi_vdma_lcd/vitis/system_wrapper/hw/system_wrapper.xsa
TRACE::2026-03-25.11:38:34::SCWPlatform::DSA given D:/Zynq/vitis/version_2020/21_01_axi_vdma_lcd/vitis/system_wrapper/hw/system_wrapper.xsa
TRACE::2026-03-25.11:38:34::SCWPlatform::DSA absoulate path D:/Zynq/vitis/version_2020/21_01_axi_vdma_lcd/vitis/system_wrapper/hw/system_wrapper.xsa
TRACE::2026-03-25.11:38:34::SCWPlatform::DSA directory D:/Zynq/vitis/version_2020/21_01_axi_vdma_lcd/vitis/system_wrapper/hw
TRACE::2026-03-25.11:38:34::SCWPlatform:: Platform Path D:/Zynq/vitis/version_2020/21_01_axi_vdma_lcd/vitis/system_wrapper/hw/system_wrapper.xsa
TRACE::2026-03-25.11:38:34::SCWPlatform:: Unique name xilinx:::0.0
TRACE::2026-03-25.11:38:34::SCWPlatform::Trying to set the existing hwdb with name system_wrapper_0
TRACE::2026-03-25.11:38:34::SCWPlatform::Opened existing hwdb system_wrapper_0
TRACE::2026-03-25.11:38:34::SCWPlatform::Found the Hw Db part of the input DSA
TRACE::2026-03-25.11:38:34::SCWMssOS::Checking the sw design at  D:/Zynq/vitis/version_2020/21_01_axi_vdma_lcd/vitis/system_wrapper/zynq_fsbl/zynq_fsbl_bsp/system.mss
TRACE::2026-03-25.11:38:34::SCWMssOS::DEBUG:  swdes dump  D:/Zynq/vitis/version_2020/21_01_axi_vdma_lcd/vitis/system_wrapper/zynq_fsbl/zynq_fsbl_bsp/system.mss|system||

TRACE::2026-03-25.11:38:34::SCWMssOS::Sw design exists and opened at  D:/Zynq/vitis/version_2020/21_01_axi_vdma_lcd/vitis/system_wrapper/zynq_fsbl/zynq_fsbl_bsp/system.mss
TRACE::2026-03-25.11:38:34::SCWPlatform::Trying to open the hw design at D:/Zynq/vitis/version_2020/21_01_axi_vdma_lcd/vitis/system_wrapper/hw/system_wrapper.xsa
TRACE::2026-03-25.11:38:34::SCWPlatform::DSA given D:/Zynq/vitis/version_2020/21_01_axi_vdma_lcd/vitis/system_wrapper/hw/system_wrapper.xsa
TRACE::2026-03-25.11:38:34::SCWPlatform::DSA absoulate path D:/Zynq/vitis/version_2020/21_01_axi_vdma_lcd/vitis/system_wrapper/hw/system_wrapper.xsa
TRACE::2026-03-25.11:38:34::SCWPlatform::DSA directory D:/Zynq/vitis/version_2020/21_01_axi_vdma_lcd/vitis/system_wrapper/hw
TRACE::2026-03-25.11:38:34::SCWPlatform:: Platform Path D:/Zynq/vitis/version_2020/21_01_axi_vdma_lcd/vitis/system_wrapper/hw/system_wrapper.xsa
TRACE::2026-03-25.11:38:34::SCWPlatform:: Unique name xilinx:::0.0
TRACE::2026-03-25.11:38:34::SCWPlatform::Trying to set the existing hwdb with name system_wrapper_0
TRACE::2026-03-25.11:38:34::SCWPlatform::Opened existing hwdb system_wrapper_0
TRACE::2026-03-25.11:38:34::SCWPlatform::Found the Hw Db part of the input DSA
TRACE::2026-03-25.11:38:34::SCWMssOS::Checking the sw design at  D:/Zynq/vitis/version_2020/21_01_axi_vdma_lcd/vitis/system_wrapper/zynq_fsbl/zynq_fsbl_bsp/system.mss
TRACE::2026-03-25.11:38:34::SCWMssOS::DEBUG:  swdes dump  D:/Zynq/vitis/version_2020/21_01_axi_vdma_lcd/vitis/system_wrapper/zynq_fsbl/zynq_fsbl_bsp/system.mss|system||

TRACE::2026-03-25.11:38:34::SCWMssOS::Sw design exists and opened at  D:/Zynq/vitis/version_2020/21_01_axi_vdma_lcd/vitis/system_wrapper/zynq_fsbl/zynq_fsbl_bsp/system.mss
TRACE::2026-03-25.11:38:34::SCWWriter::formatted JSON is {
	"platformName":	"system_wrapper",
	"sprVersion":	"2.0",
	"mode":	"gui",
	"dsaType":	"Fixed",
	"platformDesc":	"system_wrapper",
	"platHandOff":	"<platformDir>.xsa",
	"platIntHandOff":	"<platformDir>/hw/system_wrapper.xsa",
	"deviceType":	"zynq",
	"platIsPrebuiltAutogen":	"false",
	"platIsNoBootBsp":	"false",
	"platFsblTarget":	"ps7_cortexa9_0",
	"hasFsblMakeHasChanges":	"false",
	"hasPmufwMakeHasChanges":	"false",
	"fsblExtraCompilerFlags":	"-MMD -MP       -mcpu=cortex-a9 -mfpu=vfpv3 -mfloat-abi=hard ",
	"platPreBuiltFlag":	false,
	"platformSamplesDir":	"",
	"platActiveSys":	"system_wrapper",
	"systems":	[{
			"systemName":	"system_wrapper",
			"systemDesc":	"system_wrapper",
			"sysIsBootAutoGen":	"true",
			"systemDispName":	"system_wrapper",
			"sysActiveDom":	"zynq_fsbl",
			"sysDefaultDom":	"",
			"domains":	[{
					"domainName":	"zynq_fsbl",
					"domainDispName":	"zynq_fsbl",
					"domainDesc":	"FSBL Application BSP - Auto Generated.",
					"processors":	"ps7_cortexa9_0",
					"os":	"standalone",
					"sdxOs":	"standalone",
					"debugEnable":	"",
					"domRuntimes":	["cpp"],
					"swRepo":	"",
					"mssOsVer":	"7.3",
					"mssFile":	"",
					"md5Digest":	"cc8afc3a1dc8872ebf3f9f9c8d92560d",
					"compatibleApp":	"zynq_fsbl",
					"domType":	"bootDomain",
					"arch":	"32-bit",
					"appSettings":	{
						"appCompilerFlags":	"",
						"appLinkerFlags":	""
					},
					"addedLibs":	["xilffs:4.4", "xilrsa:1.6"],
					"libOptions":	{
						"libsContainingOptions":	[]
					},
					"prebuiltLibs":	{
						"prebuiltIncPath":	[],
						"prebuiltLibPath":	[]
					},
					"isolation":	{
					}
				}]
		}]
}
TRACE::2026-03-25.11:38:34::SCWDomain::checking for install qemu data   : 
TRACE::2026-03-25.11:38:34::SCWDomain:: Using the QEMU Data from install at  : C:/Xilinx/Vitis/2020.2/data/emulation/platforms/zynq/sw/a9_standalone/qemu/
TRACE::2026-03-25.11:38:34::SCWDomain:: Using the QEMU args  from install at  : C:/Xilinx/Vitis/2020.2/data/emulation/platforms/zynq/sw/a9_standalone/qemu/qemu_args.txt
TRACE::2026-03-25.11:38:34::SCWPlatform::Trying to open the hw design at D:/Zynq/vitis/version_2020/21_01_axi_vdma_lcd/vitis/system_wrapper/hw/system_wrapper.xsa
TRACE::2026-03-25.11:38:34::SCWPlatform::DSA given D:/Zynq/vitis/version_2020/21_01_axi_vdma_lcd/vitis/system_wrapper/hw/system_wrapper.xsa
TRACE::2026-03-25.11:38:34::SCWPlatform::DSA absoulate path D:/Zynq/vitis/version_2020/21_01_axi_vdma_lcd/vitis/system_wrapper/hw/system_wrapper.xsa
TRACE::2026-03-25.11:38:34::SCWPlatform::DSA directory D:/Zynq/vitis/version_2020/21_01_axi_vdma_lcd/vitis/system_wrapper/hw
TRACE::2026-03-25.11:38:34::SCWPlatform:: Platform Path D:/Zynq/vitis/version_2020/21_01_axi_vdma_lcd/vitis/system_wrapper/hw/system_wrapper.xsa
TRACE::2026-03-25.11:38:34::SCWPlatform:: Unique name xilinx:::0.0
TRACE::2026-03-25.11:38:34::SCWPlatform::Trying to set the existing hwdb with name system_wrapper_0
TRACE::2026-03-25.11:38:34::SCWPlatform::Opened existing hwdb system_wrapper_0
TRACE::2026-03-25.11:38:34::SCWPlatform::Found the Hw Db part of the input DSA
TRACE::2026-03-25.11:38:34::SCWPlatform::Trying to open the hw design at D:/Zynq/vitis/version_2020/21_01_axi_vdma_lcd/vitis/system_wrapper/hw/system_wrapper.xsa
TRACE::2026-03-25.11:38:34::SCWPlatform::DSA given D:/Zynq/vitis/version_2020/21_01_axi_vdma_lcd/vitis/system_wrapper/hw/system_wrapper.xsa
TRACE::2026-03-25.11:38:34::SCWPlatform::DSA absoulate path D:/Zynq/vitis/version_2020/21_01_axi_vdma_lcd/vitis/system_wrapper/hw/system_wrapper.xsa
TRACE::2026-03-25.11:38:34::SCWPlatform::DSA directory D:/Zynq/vitis/version_2020/21_01_axi_vdma_lcd/vitis/system_wrapper/hw
TRACE::2026-03-25.11:38:34::SCWPlatform:: Platform Path D:/Zynq/vitis/version_2020/21_01_axi_vdma_lcd/vitis/system_wrapper/hw/system_wrapper.xsa
TRACE::2026-03-25.11:38:34::SCWPlatform:: Unique name xilinx:::0.0
TRACE::2026-03-25.11:38:34::SCWPlatform::Trying to set the existing hwdb with name system_wrapper_0
TRACE::2026-03-25.11:38:34::SCWPlatform::Opened existing hwdb system_wrapper_0
TRACE::2026-03-25.11:38:34::SCWPlatform::Found the Hw Db part of the input DSA
TRACE::2026-03-25.11:38:34::SCWPlatform::Trying to open the hw design at D:/Zynq/vitis/version_2020/21_01_axi_vdma_lcd/vitis/system_wrapper/hw/system_wrapper.xsa
TRACE::2026-03-25.11:38:34::SCWPlatform::DSA given D:/Zynq/vitis/version_2020/21_01_axi_vdma_lcd/vitis/system_wrapper/hw/system_wrapper.xsa
TRACE::2026-03-25.11:38:34::SCWPlatform::DSA absoulate path D:/Zynq/vitis/version_2020/21_01_axi_vdma_lcd/vitis/system_wrapper/hw/system_wrapper.xsa
TRACE::2026-03-25.11:38:34::SCWPlatform::DSA directory D:/Zynq/vitis/version_2020/21_01_axi_vdma_lcd/vitis/system_wrapper/hw
TRACE::2026-03-25.11:38:34::SCWPlatform:: Platform Path D:/Zynq/vitis/version_2020/21_01_axi_vdma_lcd/vitis/system_wrapper/hw/system_wrapper.xsa
TRACE::2026-03-25.11:38:34::SCWPlatform:: Unique name xilinx:::0.0
TRACE::2026-03-25.11:38:34::SCWPlatform::Trying to set the existing hwdb with name system_wrapper_0
TRACE::2026-03-25.11:38:34::SCWPlatform::Opened existing hwdb system_wrapper_0
TRACE::2026-03-25.11:38:34::SCWPlatform::Found the Hw Db part of the input DSA
TRACE::2026-03-25.11:38:34::SCWMssOS::Checking the sw design at  D:/Zynq/vitis/version_2020/21_01_axi_vdma_lcd/vitis/system_wrapper/ps7_cortexa9_0/standalone_ps7_cortexa9_0/bsp/system.mss
TRACE::2026-03-25.11:38:34::SCWMssOS::DEBUG:  swdes dump  D:/Zynq/vitis/version_2020/21_01_axi_vdma_lcd/vitis/system_wrapper/zynq_fsbl/zynq_fsbl_bsp/system.mss|system||

TRACE::2026-03-25.11:38:34::SCWMssOS::No sw design opened at  D:/Zynq/vitis/version_2020/21_01_axi_vdma_lcd/vitis/system_wrapper/ps7_cortexa9_0/standalone_ps7_cortexa9_0/bsp/system.mss
TRACE::2026-03-25.11:38:34::SCWMssOS::mss does not exists at D:/Zynq/vitis/version_2020/21_01_axi_vdma_lcd/vitis/system_wrapper/ps7_cortexa9_0/standalone_ps7_cortexa9_0/bsp/system.mss
TRACE::2026-03-25.11:38:34::SCWMssOS::Creating sw design at  D:/Zynq/vitis/version_2020/21_01_axi_vdma_lcd/vitis/system_wrapper/ps7_cortexa9_0/standalone_ps7_cortexa9_0/bsp/system.mss
TRACE::2026-03-25.11:38:34::SCWMssOS::Adding the swdes entry, created swdb D:/Zynq/vitis/version_2020/21_01_axi_vdma_lcd/vitis/system_wrapper/ps7_cortexa9_0/standalone_ps7_cortexa9_0/bsp/system.mss with des name D:/Zynq/vitis/version_2020/21_01_axi_vdma_lcd/vitis/system_wrapper/ps7_cortexa9_0/standalone_ps7_cortexa9_0/bsp/system.mss
TRACE::2026-03-25.11:38:34::SCWMssOS::updating the scw layer changes to swdes at   D:/Zynq/vitis/version_2020/21_01_axi_vdma_lcd/vitis/system_wrapper/ps7_cortexa9_0/standalone_ps7_cortexa9_0/bsp/system.mss
TRACE::2026-03-25.11:38:34::SCWMssOS::Writing mss at D:/Zynq/vitis/version_2020/21_01_axi_vdma_lcd/vitis/system_wrapper/ps7_cortexa9_0/standalone_ps7_cortexa9_0/bsp/system.mss
TRACE::2026-03-25.11:38:34::SCWMssOS::Completed writing the mss file at D:/Zynq/vitis/version_2020/21_01_axi_vdma_lcd/vitis/system_wrapper/ps7_cortexa9_0/standalone_ps7_cortexa9_0/bsp
TRACE::2026-03-25.11:38:34::SCWMssOS::Picking up changes from newly written mss file into SCW Layer. 
TRACE::2026-03-25.11:38:34::SCWMssOS::Updated the changes from newly written mss file into SCW Layer. 
TRACE::2026-03-25.11:38:34::SCWMssOS::Completed writing the mss file at D:/Zynq/vitis/version_2020/21_01_axi_vdma_lcd/vitis/system_wrapper/ps7_cortexa9_0/standalone_ps7_cortexa9_0/bsp
TRACE::2026-03-25.11:38:34::SCWMssOS::Forcing BSP Sources regeneration.
TRACE::2026-03-25.11:38:35::SCWMssOS::Saving the mss changes D:/Zynq/vitis/version_2020/21_01_axi_vdma_lcd/vitis/system_wrapper/zynq_fsbl/zynq_fsbl_bsp/system.mss
TRACE::2026-03-25.11:38:35::SCWMssOS::Found a swdesign opened with the mssfile.
TRACE::2026-03-25.11:38:35::SCWMssOS::Completed writemss as part of save.
TRACE::2026-03-25.11:38:35::SCWMssOS::Commit changes completed.
TRACE::2026-03-25.11:38:35::SCWMssOS::Saving the mss changes D:/Zynq/vitis/version_2020/21_01_axi_vdma_lcd/vitis/system_wrapper/ps7_cortexa9_0/standalone_ps7_cortexa9_0/bsp/system.mss
TRACE::2026-03-25.11:38:35::SCWMssOS::Found a swdesign opened with the mssfile.
TRACE::2026-03-25.11:38:35::SCWMssOS::Running validate of swdbs.
KEYINFO::2026-03-25.11:38:35::SCWMssOS::Could not open the swdb for D:/Zynq/vitis/version_2020/21_01_axi_vdma_lcd/vitis/system_wrapper/ps7_cortexa9_0/standalone_ps7_cortexa9_0/bsp/system.mss
KEYINFO::2026-03-25.11:38:35::SCWMssOS::Could not open the sw design at  D:/Zynq/vitis/version_2020/21_01_axi_vdma_lcd/vitis/system_wrapper/ps7_cortexa9_0/standalone_ps7_cortexa9_0/bsp/system.mss
ERROR: [Hsi 55-1558] Software Design D:/Zynq/vitis/version_2020/21_01_axi_vdma_lcd/vitis/system_wrapper/ps7_cortexa9_0/standalone_ps7_cortexa9_0/bsp/system.mss is not found

TRACE::2026-03-25.11:38:35::SCWMssOS::Cleared the swdb table entry
TRACE::2026-03-25.11:38:35::SCWMssOS::Adding the swdes entry, mss present, able to open swdb D:/Zynq/vitis/version_2020/21_01_axi_vdma_lcd/vitis/system_wrapper/ps7_cortexa9_0/standalone_ps7_cortexa9_0/bsp/system.mss with des name system_0
TRACE::2026-03-25.11:38:35::SCWMssOS::Writing the mss file completed D:/Zynq/vitis/version_2020/21_01_axi_vdma_lcd/vitis/system_wrapper/ps7_cortexa9_0/standalone_ps7_cortexa9_0/bsp/system.mss
TRACE::2026-03-25.11:38:35::SCWMssOS::Commit changes completed.
TRACE::2026-03-25.11:38:35::SCWPlatform::Trying to open the hw design at D:/Zynq/vitis/version_2020/21_01_axi_vdma_lcd/vitis/system_wrapper/hw/system_wrapper.xsa
TRACE::2026-03-25.11:38:35::SCWPlatform::DSA given D:/Zynq/vitis/version_2020/21_01_axi_vdma_lcd/vitis/system_wrapper/hw/system_wrapper.xsa
TRACE::2026-03-25.11:38:35::SCWPlatform::DSA absoulate path D:/Zynq/vitis/version_2020/21_01_axi_vdma_lcd/vitis/system_wrapper/hw/system_wrapper.xsa
TRACE::2026-03-25.11:38:35::SCWPlatform::DSA directory D:/Zynq/vitis/version_2020/21_01_axi_vdma_lcd/vitis/system_wrapper/hw
TRACE::2026-03-25.11:38:35::SCWPlatform:: Platform Path D:/Zynq/vitis/version_2020/21_01_axi_vdma_lcd/vitis/system_wrapper/hw/system_wrapper.xsa
TRACE::2026-03-25.11:38:35::SCWPlatform:: Unique name xilinx:::0.0
TRACE::2026-03-25.11:38:35::SCWPlatform::Trying to set the existing hwdb with name system_wrapper_0
TRACE::2026-03-25.11:38:35::SCWPlatform::Opened existing hwdb system_wrapper_0
TRACE::2026-03-25.11:38:35::SCWPlatform::Found the Hw Db part of the input DSA
TRACE::2026-03-25.11:38:35::SCWMssOS::Checking the sw design at  D:/Zynq/vitis/version_2020/21_01_axi_vdma_lcd/vitis/system_wrapper/zynq_fsbl/zynq_fsbl_bsp/system.mss
TRACE::2026-03-25.11:38:35::SCWMssOS::DEBUG:  swdes dump  D:/Zynq/vitis/version_2020/21_01_axi_vdma_lcd/vitis/system_wrapper/ps7_cortexa9_0/standalone_ps7_cortexa9_0/bsp/system.mss|system_0||
D:/Zynq/vitis/version_2020/21_01_axi_vdma_lcd/vitis/system_wrapper/zynq_fsbl/zynq_fsbl_bsp/system.mss|system||

TRACE::2026-03-25.11:38:35::SCWMssOS::Sw design exists and opened at  D:/Zynq/vitis/version_2020/21_01_axi_vdma_lcd/vitis/system_wrapper/zynq_fsbl/zynq_fsbl_bsp/system.mss
TRACE::2026-03-25.11:38:35::SCWPlatform::Trying to open the hw design at D:/Zynq/vitis/version_2020/21_01_axi_vdma_lcd/vitis/system_wrapper/hw/system_wrapper.xsa
TRACE::2026-03-25.11:38:35::SCWPlatform::DSA given D:/Zynq/vitis/version_2020/21_01_axi_vdma_lcd/vitis/system_wrapper/hw/system_wrapper.xsa
TRACE::2026-03-25.11:38:35::SCWPlatform::DSA absoulate path D:/Zynq/vitis/version_2020/21_01_axi_vdma_lcd/vitis/system_wrapper/hw/system_wrapper.xsa
TRACE::2026-03-25.11:38:35::SCWPlatform::DSA directory D:/Zynq/vitis/version_2020/21_01_axi_vdma_lcd/vitis/system_wrapper/hw
TRACE::2026-03-25.11:38:35::SCWPlatform:: Platform Path D:/Zynq/vitis/version_2020/21_01_axi_vdma_lcd/vitis/system_wrapper/hw/system_wrapper.xsa
TRACE::2026-03-25.11:38:35::SCWPlatform:: Unique name xilinx:::0.0
TRACE::2026-03-25.11:38:35::SCWPlatform::Trying to set the existing hwdb with name system_wrapper_0
TRACE::2026-03-25.11:38:35::SCWPlatform::Opened existing hwdb system_wrapper_0
TRACE::2026-03-25.11:38:35::SCWPlatform::Found the Hw Db part of the input DSA
TRACE::2026-03-25.11:38:35::SCWMssOS::Checking the sw design at  D:/Zynq/vitis/version_2020/21_01_axi_vdma_lcd/vitis/system_wrapper/zynq_fsbl/zynq_fsbl_bsp/system.mss
TRACE::2026-03-25.11:38:35::SCWMssOS::DEBUG:  swdes dump  D:/Zynq/vitis/version_2020/21_01_axi_vdma_lcd/vitis/system_wrapper/ps7_cortexa9_0/standalone_ps7_cortexa9_0/bsp/system.mss|system_0||
D:/Zynq/vitis/version_2020/21_01_axi_vdma_lcd/vitis/system_wrapper/zynq_fsbl/zynq_fsbl_bsp/system.mss|system||

TRACE::2026-03-25.11:38:35::SCWMssOS::Sw design exists and opened at  D:/Zynq/vitis/version_2020/21_01_axi_vdma_lcd/vitis/system_wrapper/zynq_fsbl/zynq_fsbl_bsp/system.mss
TRACE::2026-03-25.11:38:35::SCWPlatform::Trying to open the hw design at D:/Zynq/vitis/version_2020/21_01_axi_vdma_lcd/vitis/system_wrapper/hw/system_wrapper.xsa
TRACE::2026-03-25.11:38:35::SCWPlatform::DSA given D:/Zynq/vitis/version_2020/21_01_axi_vdma_lcd/vitis/system_wrapper/hw/system_wrapper.xsa
TRACE::2026-03-25.11:38:35::SCWPlatform::DSA absoulate path D:/Zynq/vitis/version_2020/21_01_axi_vdma_lcd/vitis/system_wrapper/hw/system_wrapper.xsa
TRACE::2026-03-25.11:38:35::SCWPlatform::DSA directory D:/Zynq/vitis/version_2020/21_01_axi_vdma_lcd/vitis/system_wrapper/hw
TRACE::2026-03-25.11:38:35::SCWPlatform:: Platform Path D:/Zynq/vitis/version_2020/21_01_axi_vdma_lcd/vitis/system_wrapper/hw/system_wrapper.xsa
TRACE::2026-03-25.11:38:35::SCWPlatform:: Unique name xilinx:::0.0
TRACE::2026-03-25.11:38:35::SCWPlatform::Trying to set the existing hwdb with name system_wrapper_0
TRACE::2026-03-25.11:38:35::SCWPlatform::Opened existing hwdb system_wrapper_0
TRACE::2026-03-25.11:38:35::SCWPlatform::Found the Hw Db part of the input DSA
TRACE::2026-03-25.11:38:35::SCWMssOS::Checking the sw design at  D:/Zynq/vitis/version_2020/21_01_axi_vdma_lcd/vitis/system_wrapper/zynq_fsbl/zynq_fsbl_bsp/system.mss
TRACE::2026-03-25.11:38:35::SCWMssOS::DEBUG:  swdes dump  D:/Zynq/vitis/version_2020/21_01_axi_vdma_lcd/vitis/system_wrapper/ps7_cortexa9_0/standalone_ps7_cortexa9_0/bsp/system.mss|system_0||
D:/Zynq/vitis/version_2020/21_01_axi_vdma_lcd/vitis/system_wrapper/zynq_fsbl/zynq_fsbl_bsp/system.mss|system||

TRACE::2026-03-25.11:38:35::SCWMssOS::Sw design exists and opened at  D:/Zynq/vitis/version_2020/21_01_axi_vdma_lcd/vitis/system_wrapper/zynq_fsbl/zynq_fsbl_bsp/system.mss
TRACE::2026-03-25.11:38:35::SCWPlatform::Trying to open the hw design at D:/Zynq/vitis/version_2020/21_01_axi_vdma_lcd/vitis/system_wrapper/hw/system_wrapper.xsa
TRACE::2026-03-25.11:38:35::SCWPlatform::DSA given D:/Zynq/vitis/version_2020/21_01_axi_vdma_lcd/vitis/system_wrapper/hw/system_wrapper.xsa
TRACE::2026-03-25.11:38:35::SCWPlatform::DSA absoulate path D:/Zynq/vitis/version_2020/21_01_axi_vdma_lcd/vitis/system_wrapper/hw/system_wrapper.xsa
TRACE::2026-03-25.11:38:35::SCWPlatform::DSA directory D:/Zynq/vitis/version_2020/21_01_axi_vdma_lcd/vitis/system_wrapper/hw
TRACE::2026-03-25.11:38:35::SCWPlatform:: Platform Path D:/Zynq/vitis/version_2020/21_01_axi_vdma_lcd/vitis/system_wrapper/hw/system_wrapper.xsa
TRACE::2026-03-25.11:38:35::SCWPlatform:: Unique name xilinx:::0.0
TRACE::2026-03-25.11:38:35::SCWPlatform::Trying to set the existing hwdb with name system_wrapper_0
TRACE::2026-03-25.11:38:35::SCWPlatform::Opened existing hwdb system_wrapper_0
TRACE::2026-03-25.11:38:35::SCWPlatform::Found the Hw Db part of the input DSA
TRACE::2026-03-25.11:38:35::SCWMssOS::Checking the sw design at  D:/Zynq/vitis/version_2020/21_01_axi_vdma_lcd/vitis/system_wrapper/ps7_cortexa9_0/standalone_ps7_cortexa9_0/bsp/system.mss
TRACE::2026-03-25.11:38:35::SCWMssOS::DEBUG:  swdes dump  D:/Zynq/vitis/version_2020/21_01_axi_vdma_lcd/vitis/system_wrapper/ps7_cortexa9_0/standalone_ps7_cortexa9_0/bsp/system.mss|system_0||
D:/Zynq/vitis/version_2020/21_01_axi_vdma_lcd/vitis/system_wrapper/zynq_fsbl/zynq_fsbl_bsp/system.mss|system||

TRACE::2026-03-25.11:38:35::SCWMssOS::Sw design exists and opened at  D:/Zynq/vitis/version_2020/21_01_axi_vdma_lcd/vitis/system_wrapper/ps7_cortexa9_0/standalone_ps7_cortexa9_0/bsp/system.mss
TRACE::2026-03-25.11:38:35::SCWPlatform::Trying to open the hw design at D:/Zynq/vitis/version_2020/21_01_axi_vdma_lcd/vitis/system_wrapper/hw/system_wrapper.xsa
TRACE::2026-03-25.11:38:35::SCWPlatform::DSA given D:/Zynq/vitis/version_2020/21_01_axi_vdma_lcd/vitis/system_wrapper/hw/system_wrapper.xsa
TRACE::2026-03-25.11:38:35::SCWPlatform::DSA absoulate path D:/Zynq/vitis/version_2020/21_01_axi_vdma_lcd/vitis/system_wrapper/hw/system_wrapper.xsa
TRACE::2026-03-25.11:38:35::SCWPlatform::DSA directory D:/Zynq/vitis/version_2020/21_01_axi_vdma_lcd/vitis/system_wrapper/hw
TRACE::2026-03-25.11:38:35::SCWPlatform:: Platform Path D:/Zynq/vitis/version_2020/21_01_axi_vdma_lcd/vitis/system_wrapper/hw/system_wrapper.xsa
TRACE::2026-03-25.11:38:35::SCWPlatform:: Unique name xilinx:::0.0
TRACE::2026-03-25.11:38:35::SCWPlatform::Trying to set the existing hwdb with name system_wrapper_0
TRACE::2026-03-25.11:38:35::SCWPlatform::Opened existing hwdb system_wrapper_0
TRACE::2026-03-25.11:38:35::SCWPlatform::Found the Hw Db part of the input DSA
TRACE::2026-03-25.11:38:35::SCWMssOS::Checking the sw design at  D:/Zynq/vitis/version_2020/21_01_axi_vdma_lcd/vitis/system_wrapper/ps7_cortexa9_0/standalone_ps7_cortexa9_0/bsp/system.mss
TRACE::2026-03-25.11:38:35::SCWMssOS::DEBUG:  swdes dump  D:/Zynq/vitis/version_2020/21_01_axi_vdma_lcd/vitis/system_wrapper/ps7_cortexa9_0/standalone_ps7_cortexa9_0/bsp/system.mss|system_0||
D:/Zynq/vitis/version_2020/21_01_axi_vdma_lcd/vitis/system_wrapper/zynq_fsbl/zynq_fsbl_bsp/system.mss|system||

TRACE::2026-03-25.11:38:35::SCWMssOS::Sw design exists and opened at  D:/Zynq/vitis/version_2020/21_01_axi_vdma_lcd/vitis/system_wrapper/ps7_cortexa9_0/standalone_ps7_cortexa9_0/bsp/system.mss
TRACE::2026-03-25.11:38:35::SCWPlatform::Trying to open the hw design at D:/Zynq/vitis/version_2020/21_01_axi_vdma_lcd/vitis/system_wrapper/hw/system_wrapper.xsa
TRACE::2026-03-25.11:38:35::SCWPlatform::DSA given D:/Zynq/vitis/version_2020/21_01_axi_vdma_lcd/vitis/system_wrapper/hw/system_wrapper.xsa
TRACE::2026-03-25.11:38:35::SCWPlatform::DSA absoulate path D:/Zynq/vitis/version_2020/21_01_axi_vdma_lcd/vitis/system_wrapper/hw/system_wrapper.xsa
TRACE::2026-03-25.11:38:35::SCWPlatform::DSA directory D:/Zynq/vitis/version_2020/21_01_axi_vdma_lcd/vitis/system_wrapper/hw
TRACE::2026-03-25.11:38:35::SCWPlatform:: Platform Path D:/Zynq/vitis/version_2020/21_01_axi_vdma_lcd/vitis/system_wrapper/hw/system_wrapper.xsa
TRACE::2026-03-25.11:38:35::SCWPlatform:: Unique name xilinx:::0.0
TRACE::2026-03-25.11:38:35::SCWPlatform::Trying to set the existing hwdb with name system_wrapper_0
TRACE::2026-03-25.11:38:35::SCWPlatform::Opened existing hwdb system_wrapper_0
TRACE::2026-03-25.11:38:35::SCWPlatform::Found the Hw Db part of the input DSA
TRACE::2026-03-25.11:38:35::SCWMssOS::Checking the sw design at  D:/Zynq/vitis/version_2020/21_01_axi_vdma_lcd/vitis/system_wrapper/ps7_cortexa9_0/standalone_ps7_cortexa9_0/bsp/system.mss
TRACE::2026-03-25.11:38:35::SCWMssOS::DEBUG:  swdes dump  D:/Zynq/vitis/version_2020/21_01_axi_vdma_lcd/vitis/system_wrapper/ps7_cortexa9_0/standalone_ps7_cortexa9_0/bsp/system.mss|system_0||
D:/Zynq/vitis/version_2020/21_01_axi_vdma_lcd/vitis/system_wrapper/zynq_fsbl/zynq_fsbl_bsp/system.mss|system||

TRACE::2026-03-25.11:38:35::SCWMssOS::Sw design exists and opened at  D:/Zynq/vitis/version_2020/21_01_axi_vdma_lcd/vitis/system_wrapper/ps7_cortexa9_0/standalone_ps7_cortexa9_0/bsp/system.mss
TRACE::2026-03-25.11:38:35::SCWWriter::formatted JSON is {
	"platformName":	"system_wrapper",
	"sprVersion":	"2.0",
	"mode":	"gui",
	"dsaType":	"Fixed",
	"platformDesc":	"system_wrapper",
	"platHandOff":	"<platformDir>.xsa",
	"platIntHandOff":	"<platformDir>/hw/system_wrapper.xsa",
	"deviceType":	"zynq",
	"platIsPrebuiltAutogen":	"false",
	"platIsNoBootBsp":	"false",
	"platFsblTarget":	"ps7_cortexa9_0",
	"hasFsblMakeHasChanges":	"false",
	"hasPmufwMakeHasChanges":	"false",
	"fsblExtraCompilerFlags":	"-MMD -MP       -mcpu=cortex-a9 -mfpu=vfpv3 -mfloat-abi=hard ",
	"platPreBuiltFlag":	false,
	"platformSamplesDir":	"",
	"platActiveSys":	"system_wrapper",
	"systems":	[{
			"systemName":	"system_wrapper",
			"systemDesc":	"system_wrapper",
			"sysIsBootAutoGen":	"true",
			"systemDispName":	"system_wrapper",
			"sysActiveDom":	"standalone_ps7_cortexa9_0",
			"sysDefaultDom":	"standalone_ps7_cortexa9_0",
			"domains":	[{
					"domainName":	"zynq_fsbl",
					"domainDispName":	"zynq_fsbl",
					"domainDesc":	"FSBL Application BSP - Auto Generated.",
					"processors":	"ps7_cortexa9_0",
					"os":	"standalone",
					"sdxOs":	"standalone",
					"debugEnable":	"",
					"domRuntimes":	["cpp"],
					"swRepo":	"",
					"mssOsVer":	"7.3",
					"mssFile":	"",
					"md5Digest":	"cc8afc3a1dc8872ebf3f9f9c8d92560d",
					"compatibleApp":	"zynq_fsbl",
					"domType":	"bootDomain",
					"arch":	"32-bit",
					"appSettings":	{
						"appCompilerFlags":	"",
						"appLinkerFlags":	""
					},
					"addedLibs":	["xilffs:4.4", "xilrsa:1.6"],
					"libOptions":	{
						"libsContainingOptions":	[]
					},
					"prebuiltLibs":	{
						"prebuiltIncPath":	[],
						"prebuiltLibPath":	[]
					},
					"isolation":	{
					}
				}, {
					"domainName":	"standalone_ps7_cortexa9_0",
					"domainDispName":	"standalone_ps7_cortexa9_0",
					"domainDesc":	"standalone_ps7_cortexa9_0",
					"processors":	"ps7_cortexa9_0",
					"os":	"standalone",
					"sdxOs":	"standalone",
					"qemuArgs":	"C:/Xilinx/Vitis/2020.2/data/emulation/platforms/zynq/sw/a9_standalone/qemu/qemu_args.txt",
					"qemuData":	"C:/Xilinx/Vitis/2020.2/data/emulation/platforms/zynq/sw/a9_standalone/qemu/",
					"debugEnable":	"False",
					"domRuntimes":	["cpp"],
					"swRepo":	"",
					"mssOsVer":	"7.3",
					"mssFile":	"",
					"md5Digest":	"c15666e5511381267e01d81e7b42ad11",
					"compatibleApp":	"empty_application",
					"domType":	"mssDomain",
					"arch":	"32-bit",
					"appSettings":	{
						"appCompilerFlags":	"",
						"appLinkerFlags":	""
					},
					"addedLibs":	[],
					"libOptions":	{
						"libsContainingOptions":	[]
					},
					"prebuiltLibs":	{
						"prebuiltIncPath":	[],
						"prebuiltLibPath":	[]
					},
					"isolation":	{
					}
				}]
		}]
}
LOG::2026-03-25.11:38:35::SCWPlatform::Started generating the artifacts platform system_wrapper
TRACE::2026-03-25.11:38:35::SCWPlatform::Sanity checking of platform is completed
LOG::2026-03-25.11:38:35::SCWPlatform::Started generating the artifacts for system configuration system_wrapper
LOG::2026-03-25.11:38:35::SCWSystem::Checking the domain zynq_fsbl
LOG::2026-03-25.11:38:35::SCWSystem::Doing application build for :  zynq_fsbl
TRACE::2026-03-25.11:38:35::SCWBDomain::Not a forced makefile updation, No changes are present. 
TRACE::2026-03-25.11:38:35::SCWDomain::Skipping the build for domain :  zynq_fsbl
LOG::2026-03-25.11:38:35::SCWSystem::Checking the domain standalone_ps7_cortexa9_0
LOG::2026-03-25.11:38:35::SCWSystem::Not a boot domain 
LOG::2026-03-25.11:38:35::SCWSystem::Started Processing the domain standalone_ps7_cortexa9_0
TRACE::2026-03-25.11:38:35::SCWDomain::Generating domain artifcats
TRACE::2026-03-25.11:38:35::SCWMssOS::Generating standalone artifcats
TRACE::2026-03-25.11:38:35::SCWMssOS::Copying the qemu file from  C:/Xilinx/Vitis/2020.2/data/emulation/platforms/zynq/sw/a9_standalone/qemu/qemu_args.txt To D:/Zynq/vitis/version_2020/21_01_axi_vdma_lcd/vitis/system_wrapper/export/system_wrapper/sw/system_wrapper/qemu/
TRACE::2026-03-25.11:38:35::SCWMssOS::Copying the qemu file from  C:/Xilinx/Vitis/2020.2/data/emulation/platforms/zynq/sw/a9_standalone/qemu/qemu_args.txt To D:/Zynq/vitis/version_2020/21_01_axi_vdma_lcd/vitis/system_wrapper/export/system_wrapper/sw/system_wrapper/standalone_ps7_cortexa9_0/qemu/
TRACE::2026-03-25.11:38:35::SCWMssOS:: Copying the user libraries. 
TRACE::2026-03-25.11:38:35::SCWPlatform::Trying to open the hw design at D:/Zynq/vitis/version_2020/21_01_axi_vdma_lcd/vitis/system_wrapper/hw/system_wrapper.xsa
TRACE::2026-03-25.11:38:35::SCWPlatform::DSA given D:/Zynq/vitis/version_2020/21_01_axi_vdma_lcd/vitis/system_wrapper/hw/system_wrapper.xsa
TRACE::2026-03-25.11:38:35::SCWPlatform::DSA absoulate path D:/Zynq/vitis/version_2020/21_01_axi_vdma_lcd/vitis/system_wrapper/hw/system_wrapper.xsa
TRACE::2026-03-25.11:38:35::SCWPlatform::DSA directory D:/Zynq/vitis/version_2020/21_01_axi_vdma_lcd/vitis/system_wrapper/hw
TRACE::2026-03-25.11:38:35::SCWPlatform:: Platform Path D:/Zynq/vitis/version_2020/21_01_axi_vdma_lcd/vitis/system_wrapper/hw/system_wrapper.xsa
TRACE::2026-03-25.11:38:35::SCWPlatform:: Unique name xilinx:::0.0
TRACE::2026-03-25.11:38:35::SCWPlatform::Trying to set the existing hwdb with name system_wrapper_0
TRACE::2026-03-25.11:38:35::SCWPlatform::Opened existing hwdb system_wrapper_0
TRACE::2026-03-25.11:38:35::SCWPlatform::Found the Hw Db part of the input DSA
TRACE::2026-03-25.11:38:35::SCWMssOS::Checking the sw design at  D:/Zynq/vitis/version_2020/21_01_axi_vdma_lcd/vitis/system_wrapper/ps7_cortexa9_0/standalone_ps7_cortexa9_0/bsp/system.mss
TRACE::2026-03-25.11:38:35::SCWMssOS::DEBUG:  swdes dump  D:/Zynq/vitis/version_2020/21_01_axi_vdma_lcd/vitis/system_wrapper/ps7_cortexa9_0/standalone_ps7_cortexa9_0/bsp/system.mss|system_0||
D:/Zynq/vitis/version_2020/21_01_axi_vdma_lcd/vitis/system_wrapper/zynq_fsbl/zynq_fsbl_bsp/system.mss|system||

TRACE::2026-03-25.11:38:35::SCWMssOS::Sw design exists and opened at  D:/Zynq/vitis/version_2020/21_01_axi_vdma_lcd/vitis/system_wrapper/ps7_cortexa9_0/standalone_ps7_cortexa9_0/bsp/system.mss
TRACE::2026-03-25.11:38:35::SCWMssOS::Completed writing the mss file at D:/Zynq/vitis/version_2020/21_01_axi_vdma_lcd/vitis/system_wrapper/ps7_cortexa9_0/standalone_ps7_cortexa9_0/bsp
TRACE::2026-03-25.11:38:35::SCWMssOS::Mss edits present, copying mssfile into export location D:/Zynq/vitis/version_2020/21_01_axi_vdma_lcd/vitis/system_wrapper/ps7_cortexa9_0/standalone_ps7_cortexa9_0/bsp/system.mss
TRACE::2026-03-25.11:38:35::SCWMssOS::bsp generated is upto date with the mss file. Skipping bsp generation.
TRACE::2026-03-25.11:38:35::SCWMssOS::BSP is already built. skipping the bsp build ... 
TRACE::2026-03-25.11:38:35::SCWDomain::Skipping the build for domain :  standalone_ps7_cortexa9_0
TRACE::2026-03-25.11:38:35::SCWMssOS::skipping the bsp build ... 
TRACE::2026-03-25.11:38:35::SCWMssOS::Copying to export directory.
TRACE::2026-03-25.11:38:35::SCWMssOS:: Checking if to create the Supporting Applications
TRACE::2026-03-25.11:38:35::SCWMssOS:: No Linux domain exists, trying to generate FSBL 
TRACE::2026-03-25.11:38:35::SCWMssOS:: Completed Standalone Artifacts creation 
LOG::2026-03-25.11:38:35::SCWSystem::Completed Processing the domain standalone_ps7_cortexa9_0
LOG::2026-03-25.11:38:35::SCWSystem::Completed Processing the sysconfig system_wrapper
LOG::2026-03-25.11:38:35::SCWPlatform::Completed generating the artifacts for system configuration system_wrapper
TRACE::2026-03-25.11:38:35::SCWPlatform::Started preparing the platform 
TRACE::2026-03-25.11:38:35::SCWSystem::Writing the bif file for system config system_wrapper
TRACE::2026-03-25.11:38:35::SCWSystem::dir created 
TRACE::2026-03-25.11:38:35::SCWSystem::Writing the bif 
TRACE::2026-03-25.11:38:35::SCWPlatform::Started writing the spfm file 
TRACE::2026-03-25.11:38:35::SCWPlatform::Started writing the xpfm file 
TRACE::2026-03-25.11:38:35::SCWPlatform::Completed generating the platform
TRACE::2026-03-25.11:38:35::SCWMssOS::Saving the mss changes D:/Zynq/vitis/version_2020/21_01_axi_vdma_lcd/vitis/system_wrapper/zynq_fsbl/zynq_fsbl_bsp/system.mss
TRACE::2026-03-25.11:38:35::SCWMssOS::Found a swdesign opened with the mssfile.
TRACE::2026-03-25.11:38:35::SCWMssOS::Completed writemss as part of save.
TRACE::2026-03-25.11:38:35::SCWMssOS::Commit changes completed.
TRACE::2026-03-25.11:38:35::SCWMssOS::Saving the mss changes D:/Zynq/vitis/version_2020/21_01_axi_vdma_lcd/vitis/system_wrapper/ps7_cortexa9_0/standalone_ps7_cortexa9_0/bsp/system.mss
TRACE::2026-03-25.11:38:35::SCWMssOS::Found a swdesign opened with the mssfile.
TRACE::2026-03-25.11:38:35::SCWMssOS::Completed writemss as part of save.
TRACE::2026-03-25.11:38:35::SCWMssOS::Commit changes completed.
TRACE::2026-03-25.11:38:35::SCWPlatform::Trying to open the hw design at D:/Zynq/vitis/version_2020/21_01_axi_vdma_lcd/vitis/system_wrapper/hw/system_wrapper.xsa
TRACE::2026-03-25.11:38:35::SCWPlatform::DSA given D:/Zynq/vitis/version_2020/21_01_axi_vdma_lcd/vitis/system_wrapper/hw/system_wrapper.xsa
TRACE::2026-03-25.11:38:35::SCWPlatform::DSA absoulate path D:/Zynq/vitis/version_2020/21_01_axi_vdma_lcd/vitis/system_wrapper/hw/system_wrapper.xsa
TRACE::2026-03-25.11:38:35::SCWPlatform::DSA directory D:/Zynq/vitis/version_2020/21_01_axi_vdma_lcd/vitis/system_wrapper/hw
TRACE::2026-03-25.11:38:35::SCWPlatform:: Platform Path D:/Zynq/vitis/version_2020/21_01_axi_vdma_lcd/vitis/system_wrapper/hw/system_wrapper.xsa
TRACE::2026-03-25.11:38:35::SCWPlatform:: Unique name xilinx:::0.0
TRACE::2026-03-25.11:38:35::SCWPlatform::Trying to set the existing hwdb with name system_wrapper_0
TRACE::2026-03-25.11:38:35::SCWPlatform::Opened existing hwdb system_wrapper_0
TRACE::2026-03-25.11:38:35::SCWPlatform::Found the Hw Db part of the input DSA
TRACE::2026-03-25.11:38:35::SCWMssOS::Checking the sw design at  D:/Zynq/vitis/version_2020/21_01_axi_vdma_lcd/vitis/system_wrapper/zynq_fsbl/zynq_fsbl_bsp/system.mss
TRACE::2026-03-25.11:38:35::SCWMssOS::DEBUG:  swdes dump  D:/Zynq/vitis/version_2020/21_01_axi_vdma_lcd/vitis/system_wrapper/ps7_cortexa9_0/standalone_ps7_cortexa9_0/bsp/system.mss|system_0||
D:/Zynq/vitis/version_2020/21_01_axi_vdma_lcd/vitis/system_wrapper/zynq_fsbl/zynq_fsbl_bsp/system.mss|system||

TRACE::2026-03-25.11:38:35::SCWMssOS::Sw design exists and opened at  D:/Zynq/vitis/version_2020/21_01_axi_vdma_lcd/vitis/system_wrapper/zynq_fsbl/zynq_fsbl_bsp/system.mss
TRACE::2026-03-25.11:38:35::SCWPlatform::Trying to open the hw design at D:/Zynq/vitis/version_2020/21_01_axi_vdma_lcd/vitis/system_wrapper/hw/system_wrapper.xsa
TRACE::2026-03-25.11:38:35::SCWPlatform::DSA given D:/Zynq/vitis/version_2020/21_01_axi_vdma_lcd/vitis/system_wrapper/hw/system_wrapper.xsa
TRACE::2026-03-25.11:38:35::SCWPlatform::DSA absoulate path D:/Zynq/vitis/version_2020/21_01_axi_vdma_lcd/vitis/system_wrapper/hw/system_wrapper.xsa
TRACE::2026-03-25.11:38:35::SCWPlatform::DSA directory D:/Zynq/vitis/version_2020/21_01_axi_vdma_lcd/vitis/system_wrapper/hw
TRACE::2026-03-25.11:38:35::SCWPlatform:: Platform Path D:/Zynq/vitis/version_2020/21_01_axi_vdma_lcd/vitis/system_wrapper/hw/system_wrapper.xsa
TRACE::2026-03-25.11:38:35::SCWPlatform:: Unique name xilinx:::0.0
TRACE::2026-03-25.11:38:35::SCWPlatform::Trying to set the existing hwdb with name system_wrapper_0
TRACE::2026-03-25.11:38:35::SCWPlatform::Opened existing hwdb system_wrapper_0
TRACE::2026-03-25.11:38:35::SCWPlatform::Found the Hw Db part of the input DSA
TRACE::2026-03-25.11:38:35::SCWMssOS::Checking the sw design at  D:/Zynq/vitis/version_2020/21_01_axi_vdma_lcd/vitis/system_wrapper/zynq_fsbl/zynq_fsbl_bsp/system.mss
TRACE::2026-03-25.11:38:35::SCWMssOS::DEBUG:  swdes dump  D:/Zynq/vitis/version_2020/21_01_axi_vdma_lcd/vitis/system_wrapper/ps7_cortexa9_0/standalone_ps7_cortexa9_0/bsp/system.mss|system_0||
D:/Zynq/vitis/version_2020/21_01_axi_vdma_lcd/vitis/system_wrapper/zynq_fsbl/zynq_fsbl_bsp/system.mss|system||

TRACE::2026-03-25.11:38:35::SCWMssOS::Sw design exists and opened at  D:/Zynq/vitis/version_2020/21_01_axi_vdma_lcd/vitis/system_wrapper/zynq_fsbl/zynq_fsbl_bsp/system.mss
TRACE::2026-03-25.11:38:35::SCWPlatform::Trying to open the hw design at D:/Zynq/vitis/version_2020/21_01_axi_vdma_lcd/vitis/system_wrapper/hw/system_wrapper.xsa
TRACE::2026-03-25.11:38:35::SCWPlatform::DSA given D:/Zynq/vitis/version_2020/21_01_axi_vdma_lcd/vitis/system_wrapper/hw/system_wrapper.xsa
TRACE::2026-03-25.11:38:35::SCWPlatform::DSA absoulate path D:/Zynq/vitis/version_2020/21_01_axi_vdma_lcd/vitis/system_wrapper/hw/system_wrapper.xsa
TRACE::2026-03-25.11:38:35::SCWPlatform::DSA directory D:/Zynq/vitis/version_2020/21_01_axi_vdma_lcd/vitis/system_wrapper/hw
TRACE::2026-03-25.11:38:35::SCWPlatform:: Platform Path D:/Zynq/vitis/version_2020/21_01_axi_vdma_lcd/vitis/system_wrapper/hw/system_wrapper.xsa
TRACE::2026-03-25.11:38:35::SCWPlatform:: Unique name xilinx:::0.0
TRACE::2026-03-25.11:38:35::SCWPlatform::Trying to set the existing hwdb with name system_wrapper_0
TRACE::2026-03-25.11:38:35::SCWPlatform::Opened existing hwdb system_wrapper_0
TRACE::2026-03-25.11:38:35::SCWPlatform::Found the Hw Db part of the input DSA
TRACE::2026-03-25.11:38:35::SCWMssOS::Checking the sw design at  D:/Zynq/vitis/version_2020/21_01_axi_vdma_lcd/vitis/system_wrapper/zynq_fsbl/zynq_fsbl_bsp/system.mss
TRACE::2026-03-25.11:38:35::SCWMssOS::DEBUG:  swdes dump  D:/Zynq/vitis/version_2020/21_01_axi_vdma_lcd/vitis/system_wrapper/ps7_cortexa9_0/standalone_ps7_cortexa9_0/bsp/system.mss|system_0||
D:/Zynq/vitis/version_2020/21_01_axi_vdma_lcd/vitis/system_wrapper/zynq_fsbl/zynq_fsbl_bsp/system.mss|system||

TRACE::2026-03-25.11:38:35::SCWMssOS::Sw design exists and opened at  D:/Zynq/vitis/version_2020/21_01_axi_vdma_lcd/vitis/system_wrapper/zynq_fsbl/zynq_fsbl_bsp/system.mss
TRACE::2026-03-25.11:38:35::SCWPlatform::Trying to open the hw design at D:/Zynq/vitis/version_2020/21_01_axi_vdma_lcd/vitis/system_wrapper/hw/system_wrapper.xsa
TRACE::2026-03-25.11:38:35::SCWPlatform::DSA given D:/Zynq/vitis/version_2020/21_01_axi_vdma_lcd/vitis/system_wrapper/hw/system_wrapper.xsa
TRACE::2026-03-25.11:38:35::SCWPlatform::DSA absoulate path D:/Zynq/vitis/version_2020/21_01_axi_vdma_lcd/vitis/system_wrapper/hw/system_wrapper.xsa
TRACE::2026-03-25.11:38:35::SCWPlatform::DSA directory D:/Zynq/vitis/version_2020/21_01_axi_vdma_lcd/vitis/system_wrapper/hw
TRACE::2026-03-25.11:38:35::SCWPlatform:: Platform Path D:/Zynq/vitis/version_2020/21_01_axi_vdma_lcd/vitis/system_wrapper/hw/system_wrapper.xsa
TRACE::2026-03-25.11:38:35::SCWPlatform:: Unique name xilinx:::0.0
TRACE::2026-03-25.11:38:35::SCWPlatform::Trying to set the existing hwdb with name system_wrapper_0
TRACE::2026-03-25.11:38:35::SCWPlatform::Opened existing hwdb system_wrapper_0
TRACE::2026-03-25.11:38:35::SCWPlatform::Found the Hw Db part of the input DSA
TRACE::2026-03-25.11:38:35::SCWMssOS::Checking the sw design at  D:/Zynq/vitis/version_2020/21_01_axi_vdma_lcd/vitis/system_wrapper/ps7_cortexa9_0/standalone_ps7_cortexa9_0/bsp/system.mss
TRACE::2026-03-25.11:38:35::SCWMssOS::DEBUG:  swdes dump  D:/Zynq/vitis/version_2020/21_01_axi_vdma_lcd/vitis/system_wrapper/ps7_cortexa9_0/standalone_ps7_cortexa9_0/bsp/system.mss|system_0||
D:/Zynq/vitis/version_2020/21_01_axi_vdma_lcd/vitis/system_wrapper/zynq_fsbl/zynq_fsbl_bsp/system.mss|system||

TRACE::2026-03-25.11:38:35::SCWMssOS::Sw design exists and opened at  D:/Zynq/vitis/version_2020/21_01_axi_vdma_lcd/vitis/system_wrapper/ps7_cortexa9_0/standalone_ps7_cortexa9_0/bsp/system.mss
TRACE::2026-03-25.11:38:35::SCWPlatform::Trying to open the hw design at D:/Zynq/vitis/version_2020/21_01_axi_vdma_lcd/vitis/system_wrapper/hw/system_wrapper.xsa
TRACE::2026-03-25.11:38:35::SCWPlatform::DSA given D:/Zynq/vitis/version_2020/21_01_axi_vdma_lcd/vitis/system_wrapper/hw/system_wrapper.xsa
TRACE::2026-03-25.11:38:35::SCWPlatform::DSA absoulate path D:/Zynq/vitis/version_2020/21_01_axi_vdma_lcd/vitis/system_wrapper/hw/system_wrapper.xsa
TRACE::2026-03-25.11:38:35::SCWPlatform::DSA directory D:/Zynq/vitis/version_2020/21_01_axi_vdma_lcd/vitis/system_wrapper/hw
TRACE::2026-03-25.11:38:35::SCWPlatform:: Platform Path D:/Zynq/vitis/version_2020/21_01_axi_vdma_lcd/vitis/system_wrapper/hw/system_wrapper.xsa
TRACE::2026-03-25.11:38:35::SCWPlatform:: Unique name xilinx:::0.0
TRACE::2026-03-25.11:38:35::SCWPlatform::Trying to set the existing hwdb with name system_wrapper_0
TRACE::2026-03-25.11:38:35::SCWPlatform::Opened existing hwdb system_wrapper_0
TRACE::2026-03-25.11:38:35::SCWPlatform::Found the Hw Db part of the input DSA
TRACE::2026-03-25.11:38:35::SCWMssOS::Checking the sw design at  D:/Zynq/vitis/version_2020/21_01_axi_vdma_lcd/vitis/system_wrapper/ps7_cortexa9_0/standalone_ps7_cortexa9_0/bsp/system.mss
TRACE::2026-03-25.11:38:35::SCWMssOS::DEBUG:  swdes dump  D:/Zynq/vitis/version_2020/21_01_axi_vdma_lcd/vitis/system_wrapper/ps7_cortexa9_0/standalone_ps7_cortexa9_0/bsp/system.mss|system_0||
D:/Zynq/vitis/version_2020/21_01_axi_vdma_lcd/vitis/system_wrapper/zynq_fsbl/zynq_fsbl_bsp/system.mss|system||

TRACE::2026-03-25.11:38:35::SCWMssOS::Sw design exists and opened at  D:/Zynq/vitis/version_2020/21_01_axi_vdma_lcd/vitis/system_wrapper/ps7_cortexa9_0/standalone_ps7_cortexa9_0/bsp/system.mss
TRACE::2026-03-25.11:38:35::SCWPlatform::Trying to open the hw design at D:/Zynq/vitis/version_2020/21_01_axi_vdma_lcd/vitis/system_wrapper/hw/system_wrapper.xsa
TRACE::2026-03-25.11:38:35::SCWPlatform::DSA given D:/Zynq/vitis/version_2020/21_01_axi_vdma_lcd/vitis/system_wrapper/hw/system_wrapper.xsa
TRACE::2026-03-25.11:38:35::SCWPlatform::DSA absoulate path D:/Zynq/vitis/version_2020/21_01_axi_vdma_lcd/vitis/system_wrapper/hw/system_wrapper.xsa
TRACE::2026-03-25.11:38:35::SCWPlatform::DSA directory D:/Zynq/vitis/version_2020/21_01_axi_vdma_lcd/vitis/system_wrapper/hw
TRACE::2026-03-25.11:38:35::SCWPlatform:: Platform Path D:/Zynq/vitis/version_2020/21_01_axi_vdma_lcd/vitis/system_wrapper/hw/system_wrapper.xsa
TRACE::2026-03-25.11:38:35::SCWPlatform:: Unique name xilinx:::0.0
TRACE::2026-03-25.11:38:35::SCWPlatform::Trying to set the existing hwdb with name system_wrapper_0
TRACE::2026-03-25.11:38:35::SCWPlatform::Opened existing hwdb system_wrapper_0
TRACE::2026-03-25.11:38:35::SCWPlatform::Found the Hw Db part of the input DSA
TRACE::2026-03-25.11:38:35::SCWMssOS::Checking the sw design at  D:/Zynq/vitis/version_2020/21_01_axi_vdma_lcd/vitis/system_wrapper/ps7_cortexa9_0/standalone_ps7_cortexa9_0/bsp/system.mss
TRACE::2026-03-25.11:38:35::SCWMssOS::DEBUG:  swdes dump  D:/Zynq/vitis/version_2020/21_01_axi_vdma_lcd/vitis/system_wrapper/ps7_cortexa9_0/standalone_ps7_cortexa9_0/bsp/system.mss|system_0||
D:/Zynq/vitis/version_2020/21_01_axi_vdma_lcd/vitis/system_wrapper/zynq_fsbl/zynq_fsbl_bsp/system.mss|system||

TRACE::2026-03-25.11:38:35::SCWMssOS::Sw design exists and opened at  D:/Zynq/vitis/version_2020/21_01_axi_vdma_lcd/vitis/system_wrapper/ps7_cortexa9_0/standalone_ps7_cortexa9_0/bsp/system.mss
TRACE::2026-03-25.11:38:35::SCWWriter::formatted JSON is {
	"platformName":	"system_wrapper",
	"sprVersion":	"2.0",
	"mode":	"gui",
	"dsaType":	"Fixed",
	"platformDesc":	"system_wrapper",
	"platHandOff":	"<platformDir>.xsa",
	"platIntHandOff":	"<platformDir>/hw/system_wrapper.xsa",
	"deviceType":	"zynq",
	"platIsPrebuiltAutogen":	"false",
	"platIsNoBootBsp":	"false",
	"platFsblTarget":	"ps7_cortexa9_0",
	"hasFsblMakeHasChanges":	"false",
	"hasPmufwMakeHasChanges":	"false",
	"fsblExtraCompilerFlags":	"-MMD -MP       -mcpu=cortex-a9 -mfpu=vfpv3 -mfloat-abi=hard ",
	"platPreBuiltFlag":	false,
	"platformSamplesDir":	"",
	"platActiveSys":	"system_wrapper",
	"systems":	[{
			"systemName":	"system_wrapper",
			"systemDesc":	"system_wrapper",
			"sysIsBootAutoGen":	"true",
			"systemDispName":	"system_wrapper",
			"sysActiveDom":	"standalone_ps7_cortexa9_0",
			"sysDefaultDom":	"standalone_ps7_cortexa9_0",
			"domains":	[{
					"domainName":	"zynq_fsbl",
					"domainDispName":	"zynq_fsbl",
					"domainDesc":	"FSBL Application BSP - Auto Generated.",
					"processors":	"ps7_cortexa9_0",
					"os":	"standalone",
					"sdxOs":	"standalone",
					"debugEnable":	"",
					"domRuntimes":	["cpp"],
					"swRepo":	"",
					"mssOsVer":	"7.3",
					"mssFile":	"",
					"md5Digest":	"cc8afc3a1dc8872ebf3f9f9c8d92560d",
					"compatibleApp":	"zynq_fsbl",
					"domType":	"bootDomain",
					"arch":	"32-bit",
					"appSettings":	{
						"appCompilerFlags":	"",
						"appLinkerFlags":	""
					},
					"addedLibs":	["xilffs:4.4", "xilrsa:1.6"],
					"libOptions":	{
						"libsContainingOptions":	[]
					},
					"prebuiltLibs":	{
						"prebuiltIncPath":	[],
						"prebuiltLibPath":	[]
					},
					"isolation":	{
					}
				}, {
					"domainName":	"standalone_ps7_cortexa9_0",
					"domainDispName":	"standalone_ps7_cortexa9_0",
					"domainDesc":	"standalone_ps7_cortexa9_0",
					"processors":	"ps7_cortexa9_0",
					"os":	"standalone",
					"sdxOs":	"standalone",
					"qemuArgs":	"C:/Xilinx/Vitis/2020.2/data/emulation/platforms/zynq/sw/a9_standalone/qemu/qemu_args.txt",
					"qemuData":	"C:/Xilinx/Vitis/2020.2/data/emulation/platforms/zynq/sw/a9_standalone/qemu/",
					"debugEnable":	"False",
					"domRuntimes":	["cpp"],
					"swRepo":	"",
					"mssOsVer":	"7.3",
					"mssFile":	"",
					"md5Digest":	"c15666e5511381267e01d81e7b42ad11",
					"compatibleApp":	"empty_application",
					"domType":	"mssDomain",
					"arch":	"32-bit",
					"appSettings":	{
						"appCompilerFlags":	"",
						"appLinkerFlags":	""
					},
					"addedLibs":	[],
					"libOptions":	{
						"libsContainingOptions":	[]
					},
					"prebuiltLibs":	{
						"prebuiltIncPath":	[],
						"prebuiltLibPath":	[]
					},
					"isolation":	{
					}
				}]
		}]
}
KEYINFO::2026-03-25.11:38:35::SCWPlatform::updated the xpfm file.
TRACE::2026-03-25.11:38:35::SCWPlatform::Trying to open the hw design at D:/Zynq/vitis/version_2020/21_01_axi_vdma_lcd/vitis/system_wrapper/hw/system_wrapper.xsa
TRACE::2026-03-25.11:38:35::SCWPlatform::DSA given D:/Zynq/vitis/version_2020/21_01_axi_vdma_lcd/vitis/system_wrapper/hw/system_wrapper.xsa
TRACE::2026-03-25.11:38:35::SCWPlatform::DSA absoulate path D:/Zynq/vitis/version_2020/21_01_axi_vdma_lcd/vitis/system_wrapper/hw/system_wrapper.xsa
TRACE::2026-03-25.11:38:35::SCWPlatform::DSA directory D:/Zynq/vitis/version_2020/21_01_axi_vdma_lcd/vitis/system_wrapper/hw
TRACE::2026-03-25.11:38:35::SCWPlatform:: Platform Path D:/Zynq/vitis/version_2020/21_01_axi_vdma_lcd/vitis/system_wrapper/hw/system_wrapper.xsa
TRACE::2026-03-25.11:38:35::SCWPlatform:: Unique name xilinx:::0.0
TRACE::2026-03-25.11:38:35::SCWPlatform::Trying to set the existing hwdb with name system_wrapper_0
TRACE::2026-03-25.11:38:35::SCWPlatform::Opened existing hwdb system_wrapper_0
TRACE::2026-03-25.11:38:35::SCWPlatform::Found the Hw Db part of the input DSA
TRACE::2026-03-25.11:38:35::SCWMssOS::Checking the sw design at  D:/Zynq/vitis/version_2020/21_01_axi_vdma_lcd/vitis/system_wrapper/ps7_cortexa9_0/standalone_ps7_cortexa9_0/bsp/system.mss
TRACE::2026-03-25.11:38:35::SCWMssOS::DEBUG:  swdes dump  D:/Zynq/vitis/version_2020/21_01_axi_vdma_lcd/vitis/system_wrapper/ps7_cortexa9_0/standalone_ps7_cortexa9_0/bsp/system.mss|system_0||
D:/Zynq/vitis/version_2020/21_01_axi_vdma_lcd/vitis/system_wrapper/zynq_fsbl/zynq_fsbl_bsp/system.mss|system||

TRACE::2026-03-25.11:38:35::SCWMssOS::Sw design exists and opened at  D:/Zynq/vitis/version_2020/21_01_axi_vdma_lcd/vitis/system_wrapper/ps7_cortexa9_0/standalone_ps7_cortexa9_0/bsp/system.mss
TRACE::2026-03-25.11:38:35::SCWMssOS::Saving the mss changes D:/Zynq/vitis/version_2020/21_01_axi_vdma_lcd/vitis/system_wrapper/zynq_fsbl/zynq_fsbl_bsp/system.mss
TRACE::2026-03-25.11:38:35::SCWMssOS::Found a swdesign opened with the mssfile.
TRACE::2026-03-25.11:38:35::SCWMssOS::Completed writemss as part of save.
TRACE::2026-03-25.11:38:35::SCWMssOS::Commit changes completed.
TRACE::2026-03-25.11:38:35::SCWMssOS::Saving the mss changes D:/Zynq/vitis/version_2020/21_01_axi_vdma_lcd/vitis/system_wrapper/ps7_cortexa9_0/standalone_ps7_cortexa9_0/bsp/system.mss
TRACE::2026-03-25.11:38:35::SCWMssOS::Found a swdesign opened with the mssfile.
TRACE::2026-03-25.11:38:35::SCWMssOS::Completed writemss as part of save.
TRACE::2026-03-25.11:38:35::SCWMssOS::Commit changes completed.
TRACE::2026-03-25.11:38:35::SCWPlatform::Trying to open the hw design at D:/Zynq/vitis/version_2020/21_01_axi_vdma_lcd/vitis/system_wrapper/hw/system_wrapper.xsa
TRACE::2026-03-25.11:38:35::SCWPlatform::DSA given D:/Zynq/vitis/version_2020/21_01_axi_vdma_lcd/vitis/system_wrapper/hw/system_wrapper.xsa
TRACE::2026-03-25.11:38:35::SCWPlatform::DSA absoulate path D:/Zynq/vitis/version_2020/21_01_axi_vdma_lcd/vitis/system_wrapper/hw/system_wrapper.xsa
TRACE::2026-03-25.11:38:35::SCWPlatform::DSA directory D:/Zynq/vitis/version_2020/21_01_axi_vdma_lcd/vitis/system_wrapper/hw
TRACE::2026-03-25.11:38:35::SCWPlatform:: Platform Path D:/Zynq/vitis/version_2020/21_01_axi_vdma_lcd/vitis/system_wrapper/hw/system_wrapper.xsa
TRACE::2026-03-25.11:38:35::SCWPlatform:: Unique name xilinx:::0.0
TRACE::2026-03-25.11:38:35::SCWPlatform::Trying to set the existing hwdb with name system_wrapper_0
TRACE::2026-03-25.11:38:35::SCWPlatform::Opened existing hwdb system_wrapper_0
TRACE::2026-03-25.11:38:35::SCWPlatform::Found the Hw Db part of the input DSA
TRACE::2026-03-25.11:38:35::SCWMssOS::Checking the sw design at  D:/Zynq/vitis/version_2020/21_01_axi_vdma_lcd/vitis/system_wrapper/zynq_fsbl/zynq_fsbl_bsp/system.mss
TRACE::2026-03-25.11:38:35::SCWMssOS::DEBUG:  swdes dump  D:/Zynq/vitis/version_2020/21_01_axi_vdma_lcd/vitis/system_wrapper/ps7_cortexa9_0/standalone_ps7_cortexa9_0/bsp/system.mss|system_0||
D:/Zynq/vitis/version_2020/21_01_axi_vdma_lcd/vitis/system_wrapper/zynq_fsbl/zynq_fsbl_bsp/system.mss|system||

TRACE::2026-03-25.11:38:35::SCWMssOS::Sw design exists and opened at  D:/Zynq/vitis/version_2020/21_01_axi_vdma_lcd/vitis/system_wrapper/zynq_fsbl/zynq_fsbl_bsp/system.mss
TRACE::2026-03-25.11:38:35::SCWPlatform::Trying to open the hw design at D:/Zynq/vitis/version_2020/21_01_axi_vdma_lcd/vitis/system_wrapper/hw/system_wrapper.xsa
TRACE::2026-03-25.11:38:35::SCWPlatform::DSA given D:/Zynq/vitis/version_2020/21_01_axi_vdma_lcd/vitis/system_wrapper/hw/system_wrapper.xsa
TRACE::2026-03-25.11:38:35::SCWPlatform::DSA absoulate path D:/Zynq/vitis/version_2020/21_01_axi_vdma_lcd/vitis/system_wrapper/hw/system_wrapper.xsa
TRACE::2026-03-25.11:38:35::SCWPlatform::DSA directory D:/Zynq/vitis/version_2020/21_01_axi_vdma_lcd/vitis/system_wrapper/hw
TRACE::2026-03-25.11:38:35::SCWPlatform:: Platform Path D:/Zynq/vitis/version_2020/21_01_axi_vdma_lcd/vitis/system_wrapper/hw/system_wrapper.xsa
TRACE::2026-03-25.11:38:35::SCWPlatform:: Unique name xilinx:::0.0
TRACE::2026-03-25.11:38:35::SCWPlatform::Trying to set the existing hwdb with name system_wrapper_0
TRACE::2026-03-25.11:38:35::SCWPlatform::Opened existing hwdb system_wrapper_0
TRACE::2026-03-25.11:38:35::SCWPlatform::Found the Hw Db part of the input DSA
TRACE::2026-03-25.11:38:35::SCWMssOS::Checking the sw design at  D:/Zynq/vitis/version_2020/21_01_axi_vdma_lcd/vitis/system_wrapper/zynq_fsbl/zynq_fsbl_bsp/system.mss
TRACE::2026-03-25.11:38:35::SCWMssOS::DEBUG:  swdes dump  D:/Zynq/vitis/version_2020/21_01_axi_vdma_lcd/vitis/system_wrapper/ps7_cortexa9_0/standalone_ps7_cortexa9_0/bsp/system.mss|system_0||
D:/Zynq/vitis/version_2020/21_01_axi_vdma_lcd/vitis/system_wrapper/zynq_fsbl/zynq_fsbl_bsp/system.mss|system||

TRACE::2026-03-25.11:38:35::SCWMssOS::Sw design exists and opened at  D:/Zynq/vitis/version_2020/21_01_axi_vdma_lcd/vitis/system_wrapper/zynq_fsbl/zynq_fsbl_bsp/system.mss
TRACE::2026-03-25.11:38:35::SCWPlatform::Trying to open the hw design at D:/Zynq/vitis/version_2020/21_01_axi_vdma_lcd/vitis/system_wrapper/hw/system_wrapper.xsa
TRACE::2026-03-25.11:38:35::SCWPlatform::DSA given D:/Zynq/vitis/version_2020/21_01_axi_vdma_lcd/vitis/system_wrapper/hw/system_wrapper.xsa
TRACE::2026-03-25.11:38:35::SCWPlatform::DSA absoulate path D:/Zynq/vitis/version_2020/21_01_axi_vdma_lcd/vitis/system_wrapper/hw/system_wrapper.xsa
TRACE::2026-03-25.11:38:35::SCWPlatform::DSA directory D:/Zynq/vitis/version_2020/21_01_axi_vdma_lcd/vitis/system_wrapper/hw
TRACE::2026-03-25.11:38:35::SCWPlatform:: Platform Path D:/Zynq/vitis/version_2020/21_01_axi_vdma_lcd/vitis/system_wrapper/hw/system_wrapper.xsa
TRACE::2026-03-25.11:38:35::SCWPlatform:: Unique name xilinx:::0.0
TRACE::2026-03-25.11:38:35::SCWPlatform::Trying to set the existing hwdb with name system_wrapper_0
TRACE::2026-03-25.11:38:35::SCWPlatform::Opened existing hwdb system_wrapper_0
TRACE::2026-03-25.11:38:35::SCWPlatform::Found the Hw Db part of the input DSA
TRACE::2026-03-25.11:38:35::SCWMssOS::Checking the sw design at  D:/Zynq/vitis/version_2020/21_01_axi_vdma_lcd/vitis/system_wrapper/zynq_fsbl/zynq_fsbl_bsp/system.mss
TRACE::2026-03-25.11:38:35::SCWMssOS::DEBUG:  swdes dump  D:/Zynq/vitis/version_2020/21_01_axi_vdma_lcd/vitis/system_wrapper/ps7_cortexa9_0/standalone_ps7_cortexa9_0/bsp/system.mss|system_0||
D:/Zynq/vitis/version_2020/21_01_axi_vdma_lcd/vitis/system_wrapper/zynq_fsbl/zynq_fsbl_bsp/system.mss|system||

TRACE::2026-03-25.11:38:35::SCWMssOS::Sw design exists and opened at  D:/Zynq/vitis/version_2020/21_01_axi_vdma_lcd/vitis/system_wrapper/zynq_fsbl/zynq_fsbl_bsp/system.mss
TRACE::2026-03-25.11:38:35::SCWPlatform::Trying to open the hw design at D:/Zynq/vitis/version_2020/21_01_axi_vdma_lcd/vitis/system_wrapper/hw/system_wrapper.xsa
TRACE::2026-03-25.11:38:35::SCWPlatform::DSA given D:/Zynq/vitis/version_2020/21_01_axi_vdma_lcd/vitis/system_wrapper/hw/system_wrapper.xsa
TRACE::2026-03-25.11:38:35::SCWPlatform::DSA absoulate path D:/Zynq/vitis/version_2020/21_01_axi_vdma_lcd/vitis/system_wrapper/hw/system_wrapper.xsa
TRACE::2026-03-25.11:38:35::SCWPlatform::DSA directory D:/Zynq/vitis/version_2020/21_01_axi_vdma_lcd/vitis/system_wrapper/hw
TRACE::2026-03-25.11:38:35::SCWPlatform:: Platform Path D:/Zynq/vitis/version_2020/21_01_axi_vdma_lcd/vitis/system_wrapper/hw/system_wrapper.xsa
TRACE::2026-03-25.11:38:35::SCWPlatform:: Unique name xilinx:::0.0
TRACE::2026-03-25.11:38:35::SCWPlatform::Trying to set the existing hwdb with name system_wrapper_0
TRACE::2026-03-25.11:38:35::SCWPlatform::Opened existing hwdb system_wrapper_0
TRACE::2026-03-25.11:38:35::SCWPlatform::Found the Hw Db part of the input DSA
TRACE::2026-03-25.11:38:35::SCWMssOS::Checking the sw design at  D:/Zynq/vitis/version_2020/21_01_axi_vdma_lcd/vitis/system_wrapper/ps7_cortexa9_0/standalone_ps7_cortexa9_0/bsp/system.mss
TRACE::2026-03-25.11:38:35::SCWMssOS::DEBUG:  swdes dump  D:/Zynq/vitis/version_2020/21_01_axi_vdma_lcd/vitis/system_wrapper/ps7_cortexa9_0/standalone_ps7_cortexa9_0/bsp/system.mss|system_0||
D:/Zynq/vitis/version_2020/21_01_axi_vdma_lcd/vitis/system_wrapper/zynq_fsbl/zynq_fsbl_bsp/system.mss|system||

TRACE::2026-03-25.11:38:35::SCWMssOS::Sw design exists and opened at  D:/Zynq/vitis/version_2020/21_01_axi_vdma_lcd/vitis/system_wrapper/ps7_cortexa9_0/standalone_ps7_cortexa9_0/bsp/system.mss
TRACE::2026-03-25.11:38:35::SCWPlatform::Trying to open the hw design at D:/Zynq/vitis/version_2020/21_01_axi_vdma_lcd/vitis/system_wrapper/hw/system_wrapper.xsa
TRACE::2026-03-25.11:38:35::SCWPlatform::DSA given D:/Zynq/vitis/version_2020/21_01_axi_vdma_lcd/vitis/system_wrapper/hw/system_wrapper.xsa
TRACE::2026-03-25.11:38:35::SCWPlatform::DSA absoulate path D:/Zynq/vitis/version_2020/21_01_axi_vdma_lcd/vitis/system_wrapper/hw/system_wrapper.xsa
TRACE::2026-03-25.11:38:35::SCWPlatform::DSA directory D:/Zynq/vitis/version_2020/21_01_axi_vdma_lcd/vitis/system_wrapper/hw
TRACE::2026-03-25.11:38:35::SCWPlatform:: Platform Path D:/Zynq/vitis/version_2020/21_01_axi_vdma_lcd/vitis/system_wrapper/hw/system_wrapper.xsa
TRACE::2026-03-25.11:38:35::SCWPlatform:: Unique name xilinx:::0.0
TRACE::2026-03-25.11:38:35::SCWPlatform::Trying to set the existing hwdb with name system_wrapper_0
TRACE::2026-03-25.11:38:35::SCWPlatform::Opened existing hwdb system_wrapper_0
TRACE::2026-03-25.11:38:35::SCWPlatform::Found the Hw Db part of the input DSA
TRACE::2026-03-25.11:38:35::SCWMssOS::Checking the sw design at  D:/Zynq/vitis/version_2020/21_01_axi_vdma_lcd/vitis/system_wrapper/ps7_cortexa9_0/standalone_ps7_cortexa9_0/bsp/system.mss
TRACE::2026-03-25.11:38:35::SCWMssOS::DEBUG:  swdes dump  D:/Zynq/vitis/version_2020/21_01_axi_vdma_lcd/vitis/system_wrapper/ps7_cortexa9_0/standalone_ps7_cortexa9_0/bsp/system.mss|system_0||
D:/Zynq/vitis/version_2020/21_01_axi_vdma_lcd/vitis/system_wrapper/zynq_fsbl/zynq_fsbl_bsp/system.mss|system||

TRACE::2026-03-25.11:38:35::SCWMssOS::Sw design exists and opened at  D:/Zynq/vitis/version_2020/21_01_axi_vdma_lcd/vitis/system_wrapper/ps7_cortexa9_0/standalone_ps7_cortexa9_0/bsp/system.mss
TRACE::2026-03-25.11:38:35::SCWPlatform::Trying to open the hw design at D:/Zynq/vitis/version_2020/21_01_axi_vdma_lcd/vitis/system_wrapper/hw/system_wrapper.xsa
TRACE::2026-03-25.11:38:35::SCWPlatform::DSA given D:/Zynq/vitis/version_2020/21_01_axi_vdma_lcd/vitis/system_wrapper/hw/system_wrapper.xsa
TRACE::2026-03-25.11:38:35::SCWPlatform::DSA absoulate path D:/Zynq/vitis/version_2020/21_01_axi_vdma_lcd/vitis/system_wrapper/hw/system_wrapper.xsa
TRACE::2026-03-25.11:38:35::SCWPlatform::DSA directory D:/Zynq/vitis/version_2020/21_01_axi_vdma_lcd/vitis/system_wrapper/hw
TRACE::2026-03-25.11:38:35::SCWPlatform:: Platform Path D:/Zynq/vitis/version_2020/21_01_axi_vdma_lcd/vitis/system_wrapper/hw/system_wrapper.xsa
TRACE::2026-03-25.11:38:35::SCWPlatform:: Unique name xilinx:::0.0
TRACE::2026-03-25.11:38:35::SCWPlatform::Trying to set the existing hwdb with name system_wrapper_0
TRACE::2026-03-25.11:38:35::SCWPlatform::Opened existing hwdb system_wrapper_0
TRACE::2026-03-25.11:38:35::SCWPlatform::Found the Hw Db part of the input DSA
TRACE::2026-03-25.11:38:35::SCWMssOS::Checking the sw design at  D:/Zynq/vitis/version_2020/21_01_axi_vdma_lcd/vitis/system_wrapper/ps7_cortexa9_0/standalone_ps7_cortexa9_0/bsp/system.mss
TRACE::2026-03-25.11:38:35::SCWMssOS::DEBUG:  swdes dump  D:/Zynq/vitis/version_2020/21_01_axi_vdma_lcd/vitis/system_wrapper/ps7_cortexa9_0/standalone_ps7_cortexa9_0/bsp/system.mss|system_0||
D:/Zynq/vitis/version_2020/21_01_axi_vdma_lcd/vitis/system_wrapper/zynq_fsbl/zynq_fsbl_bsp/system.mss|system||

TRACE::2026-03-25.11:38:35::SCWMssOS::Sw design exists and opened at  D:/Zynq/vitis/version_2020/21_01_axi_vdma_lcd/vitis/system_wrapper/ps7_cortexa9_0/standalone_ps7_cortexa9_0/bsp/system.mss
TRACE::2026-03-25.11:38:35::SCWWriter::formatted JSON is {
	"platformName":	"system_wrapper",
	"sprVersion":	"2.0",
	"mode":	"gui",
	"dsaType":	"Fixed",
	"platformDesc":	"system_wrapper",
	"platHandOff":	"<platformDir>.xsa",
	"platIntHandOff":	"<platformDir>/hw/system_wrapper.xsa",
	"deviceType":	"zynq",
	"platIsPrebuiltAutogen":	"false",
	"platIsNoBootBsp":	"false",
	"platFsblTarget":	"ps7_cortexa9_0",
	"hasFsblMakeHasChanges":	"false",
	"hasPmufwMakeHasChanges":	"false",
	"fsblExtraCompilerFlags":	"-MMD -MP       -mcpu=cortex-a9 -mfpu=vfpv3 -mfloat-abi=hard ",
	"platPreBuiltFlag":	false,
	"platformSamplesDir":	"",
	"platActiveSys":	"system_wrapper",
	"systems":	[{
			"systemName":	"system_wrapper",
			"systemDesc":	"system_wrapper",
			"sysIsBootAutoGen":	"true",
			"systemDispName":	"system_wrapper",
			"sysActiveDom":	"standalone_ps7_cortexa9_0",
			"sysDefaultDom":	"standalone_ps7_cortexa9_0",
			"domains":	[{
					"domainName":	"zynq_fsbl",
					"domainDispName":	"zynq_fsbl",
					"domainDesc":	"FSBL Application BSP - Auto Generated.",
					"processors":	"ps7_cortexa9_0",
					"os":	"standalone",
					"sdxOs":	"standalone",
					"debugEnable":	"",
					"domRuntimes":	["cpp"],
					"swRepo":	"",
					"mssOsVer":	"7.3",
					"mssFile":	"",
					"md5Digest":	"cc8afc3a1dc8872ebf3f9f9c8d92560d",
					"compatibleApp":	"zynq_fsbl",
					"domType":	"bootDomain",
					"arch":	"32-bit",
					"appSettings":	{
						"appCompilerFlags":	"",
						"appLinkerFlags":	""
					},
					"addedLibs":	["xilffs:4.4", "xilrsa:1.6"],
					"libOptions":	{
						"libsContainingOptions":	[]
					},
					"prebuiltLibs":	{
						"prebuiltIncPath":	[],
						"prebuiltLibPath":	[]
					},
					"isolation":	{
					}
				}, {
					"domainName":	"standalone_ps7_cortexa9_0",
					"domainDispName":	"standalone_ps7_cortexa9_0",
					"domainDesc":	"standalone_ps7_cortexa9_0",
					"processors":	"ps7_cortexa9_0",
					"os":	"standalone",
					"sdxOs":	"standalone",
					"qemuArgs":	"C:/Xilinx/Vitis/2020.2/data/emulation/platforms/zynq/sw/a9_standalone/qemu/qemu_args.txt",
					"qemuData":	"C:/Xilinx/Vitis/2020.2/data/emulation/platforms/zynq/sw/a9_standalone/qemu/",
					"debugEnable":	"False",
					"domRuntimes":	["cpp"],
					"swRepo":	"",
					"mssOsVer":	"7.3",
					"mssFile":	"",
					"md5Digest":	"c15666e5511381267e01d81e7b42ad11",
					"compatibleApp":	"empty_application",
					"domType":	"mssDomain",
					"arch":	"32-bit",
					"appSettings":	{
						"appCompilerFlags":	"",
						"appLinkerFlags":	""
					},
					"addedLibs":	[],
					"libOptions":	{
						"libsContainingOptions":	[]
					},
					"prebuiltLibs":	{
						"prebuiltIncPath":	[],
						"prebuiltLibPath":	[]
					},
					"isolation":	{
					}
				}]
		}]
}
TRACE::2026-03-25.11:38:35::SCWPlatform::Trying to open the hw design at D:/Zynq/vitis/version_2020/21_01_axi_vdma_lcd/vitis/system_wrapper/hw/system_wrapper.xsa
TRACE::2026-03-25.11:38:35::SCWPlatform::DSA given D:/Zynq/vitis/version_2020/21_01_axi_vdma_lcd/vitis/system_wrapper/hw/system_wrapper.xsa
TRACE::2026-03-25.11:38:35::SCWPlatform::DSA absoulate path D:/Zynq/vitis/version_2020/21_01_axi_vdma_lcd/vitis/system_wrapper/hw/system_wrapper.xsa
TRACE::2026-03-25.11:38:35::SCWPlatform::DSA directory D:/Zynq/vitis/version_2020/21_01_axi_vdma_lcd/vitis/system_wrapper/hw
TRACE::2026-03-25.11:38:35::SCWPlatform:: Platform Path D:/Zynq/vitis/version_2020/21_01_axi_vdma_lcd/vitis/system_wrapper/hw/system_wrapper.xsa
TRACE::2026-03-25.11:38:35::SCWPlatform:: Unique name xilinx:::0.0
TRACE::2026-03-25.11:38:35::SCWPlatform::Trying to set the existing hwdb with name system_wrapper_0
TRACE::2026-03-25.11:38:35::SCWPlatform::Opened existing hwdb system_wrapper_0
TRACE::2026-03-25.11:38:35::SCWPlatform::Found the Hw Db part of the input DSA
TRACE::2026-03-25.11:38:35::SCWMssOS::Checking the sw design at  D:/Zynq/vitis/version_2020/21_01_axi_vdma_lcd/vitis/system_wrapper/ps7_cortexa9_0/standalone_ps7_cortexa9_0/bsp/system.mss
TRACE::2026-03-25.11:38:35::SCWMssOS::DEBUG:  swdes dump  D:/Zynq/vitis/version_2020/21_01_axi_vdma_lcd/vitis/system_wrapper/ps7_cortexa9_0/standalone_ps7_cortexa9_0/bsp/system.mss|system_0||
D:/Zynq/vitis/version_2020/21_01_axi_vdma_lcd/vitis/system_wrapper/zynq_fsbl/zynq_fsbl_bsp/system.mss|system||

TRACE::2026-03-25.11:38:35::SCWMssOS::Sw design exists and opened at  D:/Zynq/vitis/version_2020/21_01_axi_vdma_lcd/vitis/system_wrapper/ps7_cortexa9_0/standalone_ps7_cortexa9_0/bsp/system.mss
TRACE::2026-03-25.11:38:35::SCWPlatform::Trying to open the hw design at D:/Zynq/vitis/version_2020/21_01_axi_vdma_lcd/vitis/system_wrapper/hw/system_wrapper.xsa
TRACE::2026-03-25.11:38:35::SCWPlatform::DSA given D:/Zynq/vitis/version_2020/21_01_axi_vdma_lcd/vitis/system_wrapper/hw/system_wrapper.xsa
TRACE::2026-03-25.11:38:35::SCWPlatform::DSA absoulate path D:/Zynq/vitis/version_2020/21_01_axi_vdma_lcd/vitis/system_wrapper/hw/system_wrapper.xsa
TRACE::2026-03-25.11:38:35::SCWPlatform::DSA directory D:/Zynq/vitis/version_2020/21_01_axi_vdma_lcd/vitis/system_wrapper/hw
TRACE::2026-03-25.11:38:35::SCWPlatform:: Platform Path D:/Zynq/vitis/version_2020/21_01_axi_vdma_lcd/vitis/system_wrapper/hw/system_wrapper.xsa
TRACE::2026-03-25.11:38:35::SCWPlatform:: Unique name xilinx:::0.0
TRACE::2026-03-25.11:38:35::SCWPlatform::Trying to set the existing hwdb with name system_wrapper_0
TRACE::2026-03-25.11:38:35::SCWPlatform::Opened existing hwdb system_wrapper_0
TRACE::2026-03-25.11:38:35::SCWPlatform::Found the Hw Db part of the input DSA
TRACE::2026-03-25.11:38:35::SCWMssOS::Checking the sw design at  D:/Zynq/vitis/version_2020/21_01_axi_vdma_lcd/vitis/system_wrapper/ps7_cortexa9_0/standalone_ps7_cortexa9_0/bsp/system.mss
TRACE::2026-03-25.11:38:35::SCWMssOS::DEBUG:  swdes dump  D:/Zynq/vitis/version_2020/21_01_axi_vdma_lcd/vitis/system_wrapper/ps7_cortexa9_0/standalone_ps7_cortexa9_0/bsp/system.mss|system_0||
D:/Zynq/vitis/version_2020/21_01_axi_vdma_lcd/vitis/system_wrapper/zynq_fsbl/zynq_fsbl_bsp/system.mss|system||

TRACE::2026-03-25.11:38:35::SCWMssOS::Sw design exists and opened at  D:/Zynq/vitis/version_2020/21_01_axi_vdma_lcd/vitis/system_wrapper/ps7_cortexa9_0/standalone_ps7_cortexa9_0/bsp/system.mss
TRACE::2026-03-25.11:38:35::SCWMssOS::Saving the mss changes D:/Zynq/vitis/version_2020/21_01_axi_vdma_lcd/vitis/system_wrapper/zynq_fsbl/zynq_fsbl_bsp/system.mss
TRACE::2026-03-25.11:38:35::SCWMssOS::Found a swdesign opened with the mssfile.
TRACE::2026-03-25.11:38:35::SCWMssOS::Completed writemss as part of save.
TRACE::2026-03-25.11:38:35::SCWMssOS::Commit changes completed.
TRACE::2026-03-25.11:38:35::SCWMssOS::Saving the mss changes D:/Zynq/vitis/version_2020/21_01_axi_vdma_lcd/vitis/system_wrapper/ps7_cortexa9_0/standalone_ps7_cortexa9_0/bsp/system.mss
TRACE::2026-03-25.11:38:35::SCWMssOS::Found a swdesign opened with the mssfile.
TRACE::2026-03-25.11:38:35::SCWMssOS::Completed writemss as part of save.
TRACE::2026-03-25.11:38:35::SCWMssOS::Commit changes completed.
TRACE::2026-03-25.11:38:35::SCWPlatform::Trying to open the hw design at D:/Zynq/vitis/version_2020/21_01_axi_vdma_lcd/vitis/system_wrapper/hw/system_wrapper.xsa
TRACE::2026-03-25.11:38:35::SCWPlatform::DSA given D:/Zynq/vitis/version_2020/21_01_axi_vdma_lcd/vitis/system_wrapper/hw/system_wrapper.xsa
TRACE::2026-03-25.11:38:35::SCWPlatform::DSA absoulate path D:/Zynq/vitis/version_2020/21_01_axi_vdma_lcd/vitis/system_wrapper/hw/system_wrapper.xsa
TRACE::2026-03-25.11:38:35::SCWPlatform::DSA directory D:/Zynq/vitis/version_2020/21_01_axi_vdma_lcd/vitis/system_wrapper/hw
TRACE::2026-03-25.11:38:35::SCWPlatform:: Platform Path D:/Zynq/vitis/version_2020/21_01_axi_vdma_lcd/vitis/system_wrapper/hw/system_wrapper.xsa
TRACE::2026-03-25.11:38:35::SCWPlatform:: Unique name xilinx:::0.0
TRACE::2026-03-25.11:38:35::SCWPlatform::Trying to set the existing hwdb with name system_wrapper_0
TRACE::2026-03-25.11:38:35::SCWPlatform::Opened existing hwdb system_wrapper_0
TRACE::2026-03-25.11:38:35::SCWPlatform::Found the Hw Db part of the input DSA
TRACE::2026-03-25.11:38:35::SCWMssOS::Checking the sw design at  D:/Zynq/vitis/version_2020/21_01_axi_vdma_lcd/vitis/system_wrapper/zynq_fsbl/zynq_fsbl_bsp/system.mss
TRACE::2026-03-25.11:38:35::SCWMssOS::DEBUG:  swdes dump  D:/Zynq/vitis/version_2020/21_01_axi_vdma_lcd/vitis/system_wrapper/ps7_cortexa9_0/standalone_ps7_cortexa9_0/bsp/system.mss|system_0||
D:/Zynq/vitis/version_2020/21_01_axi_vdma_lcd/vitis/system_wrapper/zynq_fsbl/zynq_fsbl_bsp/system.mss|system||

TRACE::2026-03-25.11:38:35::SCWMssOS::Sw design exists and opened at  D:/Zynq/vitis/version_2020/21_01_axi_vdma_lcd/vitis/system_wrapper/zynq_fsbl/zynq_fsbl_bsp/system.mss
TRACE::2026-03-25.11:38:35::SCWPlatform::Trying to open the hw design at D:/Zynq/vitis/version_2020/21_01_axi_vdma_lcd/vitis/system_wrapper/hw/system_wrapper.xsa
TRACE::2026-03-25.11:38:35::SCWPlatform::DSA given D:/Zynq/vitis/version_2020/21_01_axi_vdma_lcd/vitis/system_wrapper/hw/system_wrapper.xsa
TRACE::2026-03-25.11:38:35::SCWPlatform::DSA absoulate path D:/Zynq/vitis/version_2020/21_01_axi_vdma_lcd/vitis/system_wrapper/hw/system_wrapper.xsa
TRACE::2026-03-25.11:38:35::SCWPlatform::DSA directory D:/Zynq/vitis/version_2020/21_01_axi_vdma_lcd/vitis/system_wrapper/hw
TRACE::2026-03-25.11:38:35::SCWPlatform:: Platform Path D:/Zynq/vitis/version_2020/21_01_axi_vdma_lcd/vitis/system_wrapper/hw/system_wrapper.xsa
TRACE::2026-03-25.11:38:35::SCWPlatform:: Unique name xilinx:::0.0
TRACE::2026-03-25.11:38:35::SCWPlatform::Trying to set the existing hwdb with name system_wrapper_0
TRACE::2026-03-25.11:38:35::SCWPlatform::Opened existing hwdb system_wrapper_0
TRACE::2026-03-25.11:38:35::SCWPlatform::Found the Hw Db part of the input DSA
TRACE::2026-03-25.11:38:35::SCWMssOS::Checking the sw design at  D:/Zynq/vitis/version_2020/21_01_axi_vdma_lcd/vitis/system_wrapper/zynq_fsbl/zynq_fsbl_bsp/system.mss
TRACE::2026-03-25.11:38:35::SCWMssOS::DEBUG:  swdes dump  D:/Zynq/vitis/version_2020/21_01_axi_vdma_lcd/vitis/system_wrapper/ps7_cortexa9_0/standalone_ps7_cortexa9_0/bsp/system.mss|system_0||
D:/Zynq/vitis/version_2020/21_01_axi_vdma_lcd/vitis/system_wrapper/zynq_fsbl/zynq_fsbl_bsp/system.mss|system||

TRACE::2026-03-25.11:38:35::SCWMssOS::Sw design exists and opened at  D:/Zynq/vitis/version_2020/21_01_axi_vdma_lcd/vitis/system_wrapper/zynq_fsbl/zynq_fsbl_bsp/system.mss
TRACE::2026-03-25.11:38:35::SCWPlatform::Trying to open the hw design at D:/Zynq/vitis/version_2020/21_01_axi_vdma_lcd/vitis/system_wrapper/hw/system_wrapper.xsa
TRACE::2026-03-25.11:38:35::SCWPlatform::DSA given D:/Zynq/vitis/version_2020/21_01_axi_vdma_lcd/vitis/system_wrapper/hw/system_wrapper.xsa
TRACE::2026-03-25.11:38:35::SCWPlatform::DSA absoulate path D:/Zynq/vitis/version_2020/21_01_axi_vdma_lcd/vitis/system_wrapper/hw/system_wrapper.xsa
TRACE::2026-03-25.11:38:35::SCWPlatform::DSA directory D:/Zynq/vitis/version_2020/21_01_axi_vdma_lcd/vitis/system_wrapper/hw
TRACE::2026-03-25.11:38:35::SCWPlatform:: Platform Path D:/Zynq/vitis/version_2020/21_01_axi_vdma_lcd/vitis/system_wrapper/hw/system_wrapper.xsa
TRACE::2026-03-25.11:38:35::SCWPlatform:: Unique name xilinx:::0.0
TRACE::2026-03-25.11:38:35::SCWPlatform::Trying to set the existing hwdb with name system_wrapper_0
TRACE::2026-03-25.11:38:35::SCWPlatform::Opened existing hwdb system_wrapper_0
TRACE::2026-03-25.11:38:35::SCWPlatform::Found the Hw Db part of the input DSA
TRACE::2026-03-25.11:38:35::SCWMssOS::Checking the sw design at  D:/Zynq/vitis/version_2020/21_01_axi_vdma_lcd/vitis/system_wrapper/zynq_fsbl/zynq_fsbl_bsp/system.mss
TRACE::2026-03-25.11:38:35::SCWMssOS::DEBUG:  swdes dump  D:/Zynq/vitis/version_2020/21_01_axi_vdma_lcd/vitis/system_wrapper/ps7_cortexa9_0/standalone_ps7_cortexa9_0/bsp/system.mss|system_0||
D:/Zynq/vitis/version_2020/21_01_axi_vdma_lcd/vitis/system_wrapper/zynq_fsbl/zynq_fsbl_bsp/system.mss|system||

TRACE::2026-03-25.11:38:35::SCWMssOS::Sw design exists and opened at  D:/Zynq/vitis/version_2020/21_01_axi_vdma_lcd/vitis/system_wrapper/zynq_fsbl/zynq_fsbl_bsp/system.mss
TRACE::2026-03-25.11:38:35::SCWPlatform::Trying to open the hw design at D:/Zynq/vitis/version_2020/21_01_axi_vdma_lcd/vitis/system_wrapper/hw/system_wrapper.xsa
TRACE::2026-03-25.11:38:35::SCWPlatform::DSA given D:/Zynq/vitis/version_2020/21_01_axi_vdma_lcd/vitis/system_wrapper/hw/system_wrapper.xsa
TRACE::2026-03-25.11:38:35::SCWPlatform::DSA absoulate path D:/Zynq/vitis/version_2020/21_01_axi_vdma_lcd/vitis/system_wrapper/hw/system_wrapper.xsa
TRACE::2026-03-25.11:38:35::SCWPlatform::DSA directory D:/Zynq/vitis/version_2020/21_01_axi_vdma_lcd/vitis/system_wrapper/hw
TRACE::2026-03-25.11:38:35::SCWPlatform:: Platform Path D:/Zynq/vitis/version_2020/21_01_axi_vdma_lcd/vitis/system_wrapper/hw/system_wrapper.xsa
TRACE::2026-03-25.11:38:35::SCWPlatform:: Unique name xilinx:::0.0
TRACE::2026-03-25.11:38:35::SCWPlatform::Trying to set the existing hwdb with name system_wrapper_0
TRACE::2026-03-25.11:38:35::SCWPlatform::Opened existing hwdb system_wrapper_0
TRACE::2026-03-25.11:38:35::SCWPlatform::Found the Hw Db part of the input DSA
TRACE::2026-03-25.11:38:35::SCWMssOS::Checking the sw design at  D:/Zynq/vitis/version_2020/21_01_axi_vdma_lcd/vitis/system_wrapper/ps7_cortexa9_0/standalone_ps7_cortexa9_0/bsp/system.mss
TRACE::2026-03-25.11:38:35::SCWMssOS::DEBUG:  swdes dump  D:/Zynq/vitis/version_2020/21_01_axi_vdma_lcd/vitis/system_wrapper/ps7_cortexa9_0/standalone_ps7_cortexa9_0/bsp/system.mss|system_0||
D:/Zynq/vitis/version_2020/21_01_axi_vdma_lcd/vitis/system_wrapper/zynq_fsbl/zynq_fsbl_bsp/system.mss|system||

TRACE::2026-03-25.11:38:35::SCWMssOS::Sw design exists and opened at  D:/Zynq/vitis/version_2020/21_01_axi_vdma_lcd/vitis/system_wrapper/ps7_cortexa9_0/standalone_ps7_cortexa9_0/bsp/system.mss
TRACE::2026-03-25.11:38:35::SCWPlatform::Trying to open the hw design at D:/Zynq/vitis/version_2020/21_01_axi_vdma_lcd/vitis/system_wrapper/hw/system_wrapper.xsa
TRACE::2026-03-25.11:38:35::SCWPlatform::DSA given D:/Zynq/vitis/version_2020/21_01_axi_vdma_lcd/vitis/system_wrapper/hw/system_wrapper.xsa
TRACE::2026-03-25.11:38:35::SCWPlatform::DSA absoulate path D:/Zynq/vitis/version_2020/21_01_axi_vdma_lcd/vitis/system_wrapper/hw/system_wrapper.xsa
TRACE::2026-03-25.11:38:35::SCWPlatform::DSA directory D:/Zynq/vitis/version_2020/21_01_axi_vdma_lcd/vitis/system_wrapper/hw
TRACE::2026-03-25.11:38:35::SCWPlatform:: Platform Path D:/Zynq/vitis/version_2020/21_01_axi_vdma_lcd/vitis/system_wrapper/hw/system_wrapper.xsa
TRACE::2026-03-25.11:38:35::SCWPlatform:: Unique name xilinx:::0.0
TRACE::2026-03-25.11:38:35::SCWPlatform::Trying to set the existing hwdb with name system_wrapper_0
TRACE::2026-03-25.11:38:35::SCWPlatform::Opened existing hwdb system_wrapper_0
TRACE::2026-03-25.11:38:35::SCWPlatform::Found the Hw Db part of the input DSA
TRACE::2026-03-25.11:38:35::SCWMssOS::Checking the sw design at  D:/Zynq/vitis/version_2020/21_01_axi_vdma_lcd/vitis/system_wrapper/ps7_cortexa9_0/standalone_ps7_cortexa9_0/bsp/system.mss
TRACE::2026-03-25.11:38:35::SCWMssOS::DEBUG:  swdes dump  D:/Zynq/vitis/version_2020/21_01_axi_vdma_lcd/vitis/system_wrapper/ps7_cortexa9_0/standalone_ps7_cortexa9_0/bsp/system.mss|system_0||
D:/Zynq/vitis/version_2020/21_01_axi_vdma_lcd/vitis/system_wrapper/zynq_fsbl/zynq_fsbl_bsp/system.mss|system||

TRACE::2026-03-25.11:38:35::SCWMssOS::Sw design exists and opened at  D:/Zynq/vitis/version_2020/21_01_axi_vdma_lcd/vitis/system_wrapper/ps7_cortexa9_0/standalone_ps7_cortexa9_0/bsp/system.mss
TRACE::2026-03-25.11:38:35::SCWPlatform::Trying to open the hw design at D:/Zynq/vitis/version_2020/21_01_axi_vdma_lcd/vitis/system_wrapper/hw/system_wrapper.xsa
TRACE::2026-03-25.11:38:35::SCWPlatform::DSA given D:/Zynq/vitis/version_2020/21_01_axi_vdma_lcd/vitis/system_wrapper/hw/system_wrapper.xsa
TRACE::2026-03-25.11:38:35::SCWPlatform::DSA absoulate path D:/Zynq/vitis/version_2020/21_01_axi_vdma_lcd/vitis/system_wrapper/hw/system_wrapper.xsa
TRACE::2026-03-25.11:38:35::SCWPlatform::DSA directory D:/Zynq/vitis/version_2020/21_01_axi_vdma_lcd/vitis/system_wrapper/hw
TRACE::2026-03-25.11:38:35::SCWPlatform:: Platform Path D:/Zynq/vitis/version_2020/21_01_axi_vdma_lcd/vitis/system_wrapper/hw/system_wrapper.xsa
TRACE::2026-03-25.11:38:35::SCWPlatform:: Unique name xilinx:::0.0
TRACE::2026-03-25.11:38:35::SCWPlatform::Trying to set the existing hwdb with name system_wrapper_0
TRACE::2026-03-25.11:38:35::SCWPlatform::Opened existing hwdb system_wrapper_0
TRACE::2026-03-25.11:38:35::SCWPlatform::Found the Hw Db part of the input DSA
TRACE::2026-03-25.11:38:35::SCWMssOS::Checking the sw design at  D:/Zynq/vitis/version_2020/21_01_axi_vdma_lcd/vitis/system_wrapper/ps7_cortexa9_0/standalone_ps7_cortexa9_0/bsp/system.mss
TRACE::2026-03-25.11:38:35::SCWMssOS::DEBUG:  swdes dump  D:/Zynq/vitis/version_2020/21_01_axi_vdma_lcd/vitis/system_wrapper/ps7_cortexa9_0/standalone_ps7_cortexa9_0/bsp/system.mss|system_0||
D:/Zynq/vitis/version_2020/21_01_axi_vdma_lcd/vitis/system_wrapper/zynq_fsbl/zynq_fsbl_bsp/system.mss|system||

TRACE::2026-03-25.11:38:35::SCWMssOS::Sw design exists and opened at  D:/Zynq/vitis/version_2020/21_01_axi_vdma_lcd/vitis/system_wrapper/ps7_cortexa9_0/standalone_ps7_cortexa9_0/bsp/system.mss
TRACE::2026-03-25.11:38:35::SCWWriter::formatted JSON is {
	"platformName":	"system_wrapper",
	"sprVersion":	"2.0",
	"mode":	"gui",
	"dsaType":	"Fixed",
	"platformDesc":	"system_wrapper",
	"platHandOff":	"<platformDir>.xsa",
	"platIntHandOff":	"<platformDir>/hw/system_wrapper.xsa",
	"deviceType":	"zynq",
	"platIsPrebuiltAutogen":	"false",
	"platIsNoBootBsp":	"false",
	"platFsblTarget":	"ps7_cortexa9_0",
	"hasFsblMakeHasChanges":	"false",
	"hasPmufwMakeHasChanges":	"false",
	"fsblExtraCompilerFlags":	"-MMD -MP       -mcpu=cortex-a9 -mfpu=vfpv3 -mfloat-abi=hard ",
	"platPreBuiltFlag":	false,
	"platformSamplesDir":	"",
	"platActiveSys":	"system_wrapper",
	"systems":	[{
			"systemName":	"system_wrapper",
			"systemDesc":	"system_wrapper",
			"sysIsBootAutoGen":	"true",
			"systemDispName":	"system_wrapper",
			"sysActiveDom":	"standalone_ps7_cortexa9_0",
			"sysDefaultDom":	"standalone_ps7_cortexa9_0",
			"domains":	[{
					"domainName":	"zynq_fsbl",
					"domainDispName":	"zynq_fsbl",
					"domainDesc":	"FSBL Application BSP - Auto Generated.",
					"processors":	"ps7_cortexa9_0",
					"os":	"standalone",
					"sdxOs":	"standalone",
					"debugEnable":	"",
					"domRuntimes":	["cpp"],
					"swRepo":	"",
					"mssOsVer":	"7.3",
					"mssFile":	"",
					"md5Digest":	"cc8afc3a1dc8872ebf3f9f9c8d92560d",
					"compatibleApp":	"zynq_fsbl",
					"domType":	"bootDomain",
					"arch":	"32-bit",
					"appSettings":	{
						"appCompilerFlags":	"",
						"appLinkerFlags":	""
					},
					"addedLibs":	["xilffs:4.4", "xilrsa:1.6"],
					"libOptions":	{
						"libsContainingOptions":	[]
					},
					"prebuiltLibs":	{
						"prebuiltIncPath":	[],
						"prebuiltLibPath":	[]
					},
					"isolation":	{
					}
				}, {
					"domainName":	"standalone_ps7_cortexa9_0",
					"domainDispName":	"standalone_ps7_cortexa9_0",
					"domainDesc":	"standalone_ps7_cortexa9_0",
					"processors":	"ps7_cortexa9_0",
					"os":	"standalone",
					"sdxOs":	"standalone",
					"qemuArgs":	"C:/Xilinx/Vitis/2020.2/data/emulation/platforms/zynq/sw/a9_standalone/qemu/qemu_args.txt",
					"qemuData":	"C:/Xilinx/Vitis/2020.2/data/emulation/platforms/zynq/sw/a9_standalone/qemu/",
					"debugEnable":	"False",
					"domRuntimes":	["cpp"],
					"swRepo":	"",
					"mssOsVer":	"7.3",
					"mssFile":	"",
					"md5Digest":	"c15666e5511381267e01d81e7b42ad11",
					"compatibleApp":	"empty_application",
					"domType":	"mssDomain",
					"arch":	"32-bit",
					"appSettings":	{
						"appCompilerFlags":	"",
						"appLinkerFlags":	""
					},
					"addedLibs":	[],
					"libOptions":	{
						"libsContainingOptions":	[]
					},
					"prebuiltLibs":	{
						"prebuiltIncPath":	[],
						"prebuiltLibPath":	[]
					},
					"isolation":	{
					}
				}]
		}]
}
LOG::2026-03-25.11:38:35::SCWPlatform::Started generating the artifacts platform system_wrapper
TRACE::2026-03-25.11:38:35::SCWPlatform::Sanity checking of platform is completed
LOG::2026-03-25.11:38:35::SCWPlatform::Started generating the artifacts for system configuration system_wrapper
LOG::2026-03-25.11:38:35::SCWSystem::Started Processing the domain standalone_ps7_cortexa9_0
TRACE::2026-03-25.11:38:35::SCWDomain::Generating domain artifcats
TRACE::2026-03-25.11:38:35::SCWMssOS::Generating standalone artifcats
TRACE::2026-03-25.11:38:35::SCWMssOS::Copying the qemu file from  C:/Xilinx/Vitis/2020.2/data/emulation/platforms/zynq/sw/a9_standalone/qemu/qemu_args.txt To D:/Zynq/vitis/version_2020/21_01_axi_vdma_lcd/vitis/system_wrapper/export/system_wrapper/sw/system_wrapper/qemu/
TRACE::2026-03-25.11:38:35::SCWMssOS::Copying the qemu file from  C:/Xilinx/Vitis/2020.2/data/emulation/platforms/zynq/sw/a9_standalone/qemu/qemu_args.txt To D:/Zynq/vitis/version_2020/21_01_axi_vdma_lcd/vitis/system_wrapper/export/system_wrapper/sw/system_wrapper/standalone_ps7_cortexa9_0/qemu/
TRACE::2026-03-25.11:38:35::SCWMssOS:: Copying the user libraries. 
TRACE::2026-03-25.11:38:35::SCWPlatform::Trying to open the hw design at D:/Zynq/vitis/version_2020/21_01_axi_vdma_lcd/vitis/system_wrapper/hw/system_wrapper.xsa
TRACE::2026-03-25.11:38:35::SCWPlatform::DSA given D:/Zynq/vitis/version_2020/21_01_axi_vdma_lcd/vitis/system_wrapper/hw/system_wrapper.xsa
TRACE::2026-03-25.11:38:35::SCWPlatform::DSA absoulate path D:/Zynq/vitis/version_2020/21_01_axi_vdma_lcd/vitis/system_wrapper/hw/system_wrapper.xsa
TRACE::2026-03-25.11:38:35::SCWPlatform::DSA directory D:/Zynq/vitis/version_2020/21_01_axi_vdma_lcd/vitis/system_wrapper/hw
TRACE::2026-03-25.11:38:35::SCWPlatform:: Platform Path D:/Zynq/vitis/version_2020/21_01_axi_vdma_lcd/vitis/system_wrapper/hw/system_wrapper.xsa
TRACE::2026-03-25.11:38:35::SCWPlatform:: Unique name xilinx:::0.0
TRACE::2026-03-25.11:38:35::SCWPlatform::Trying to set the existing hwdb with name system_wrapper_0
TRACE::2026-03-25.11:38:35::SCWPlatform::Opened existing hwdb system_wrapper_0
TRACE::2026-03-25.11:38:35::SCWPlatform::Found the Hw Db part of the input DSA
TRACE::2026-03-25.11:38:35::SCWMssOS::Checking the sw design at  D:/Zynq/vitis/version_2020/21_01_axi_vdma_lcd/vitis/system_wrapper/ps7_cortexa9_0/standalone_ps7_cortexa9_0/bsp/system.mss
TRACE::2026-03-25.11:38:35::SCWMssOS::DEBUG:  swdes dump  D:/Zynq/vitis/version_2020/21_01_axi_vdma_lcd/vitis/system_wrapper/ps7_cortexa9_0/standalone_ps7_cortexa9_0/bsp/system.mss|system_0||
D:/Zynq/vitis/version_2020/21_01_axi_vdma_lcd/vitis/system_wrapper/zynq_fsbl/zynq_fsbl_bsp/system.mss|system||

TRACE::2026-03-25.11:38:35::SCWMssOS::Sw design exists and opened at  D:/Zynq/vitis/version_2020/21_01_axi_vdma_lcd/vitis/system_wrapper/ps7_cortexa9_0/standalone_ps7_cortexa9_0/bsp/system.mss
TRACE::2026-03-25.11:38:35::SCWMssOS::Completed writing the mss file at D:/Zynq/vitis/version_2020/21_01_axi_vdma_lcd/vitis/system_wrapper/ps7_cortexa9_0/standalone_ps7_cortexa9_0/bsp
TRACE::2026-03-25.11:38:35::SCWMssOS::Mss edits present, copying mssfile into export location D:/Zynq/vitis/version_2020/21_01_axi_vdma_lcd/vitis/system_wrapper/ps7_cortexa9_0/standalone_ps7_cortexa9_0/bsp/system.mss
TRACE::2026-03-25.11:38:35::SCWMssOS::bsp generated is upto date with the mss file. Skipping bsp generation.
TRACE::2026-03-25.11:38:35::SCWMssOS::BSP is already built. skipping the bsp build ... 
TRACE::2026-03-25.11:38:35::SCWDomain::Building the domain as part of full build :  standalone_ps7_cortexa9_0
TRACE::2026-03-25.11:38:35::SCWMssOS::skipping the bsp build ... 
TRACE::2026-03-25.11:38:35::SCWMssOS::Copying to export directory.
TRACE::2026-03-25.11:38:35::SCWMssOS:: Checking if to create the Supporting Applications
TRACE::2026-03-25.11:38:35::SCWMssOS:: No Linux domain exists, trying to generate FSBL 
TRACE::2026-03-25.11:38:35::SCWMssOS:: Completed Standalone Artifacts creation 
LOG::2026-03-25.11:38:35::SCWSystem::Completed Processing the domain standalone_ps7_cortexa9_0
LOG::2026-03-25.11:38:35::SCWSystem::Completed Processing the sysconfig system_wrapper
LOG::2026-03-25.11:38:35::SCWPlatform::Completed generating the artifacts for system configuration system_wrapper
TRACE::2026-03-25.11:38:35::SCWPlatform::Started preparing the platform 
TRACE::2026-03-25.11:38:35::SCWSystem::Writing the bif file for system config system_wrapper
TRACE::2026-03-25.11:38:35::SCWSystem::dir created 
TRACE::2026-03-25.11:38:35::SCWSystem::Writing the bif 
TRACE::2026-03-25.11:38:35::SCWPlatform::Started writing the spfm file 
TRACE::2026-03-25.11:38:35::SCWPlatform::Started writing the xpfm file 
TRACE::2026-03-25.11:38:35::SCWPlatform::Completed generating the platform
TRACE::2026-03-25.11:38:35::SCWMssOS::Saving the mss changes D:/Zynq/vitis/version_2020/21_01_axi_vdma_lcd/vitis/system_wrapper/zynq_fsbl/zynq_fsbl_bsp/system.mss
TRACE::2026-03-25.11:38:35::SCWMssOS::Found a swdesign opened with the mssfile.
TRACE::2026-03-25.11:38:35::SCWMssOS::Completed writemss as part of save.
TRACE::2026-03-25.11:38:35::SCWMssOS::Commit changes completed.
TRACE::2026-03-25.11:38:35::SCWMssOS::Saving the mss changes D:/Zynq/vitis/version_2020/21_01_axi_vdma_lcd/vitis/system_wrapper/ps7_cortexa9_0/standalone_ps7_cortexa9_0/bsp/system.mss
TRACE::2026-03-25.11:38:35::SCWMssOS::Found a swdesign opened with the mssfile.
TRACE::2026-03-25.11:38:35::SCWMssOS::Completed writemss as part of save.
TRACE::2026-03-25.11:38:35::SCWMssOS::Commit changes completed.
TRACE::2026-03-25.11:38:35::SCWPlatform::Trying to open the hw design at D:/Zynq/vitis/version_2020/21_01_axi_vdma_lcd/vitis/system_wrapper/hw/system_wrapper.xsa
TRACE::2026-03-25.11:38:35::SCWPlatform::DSA given D:/Zynq/vitis/version_2020/21_01_axi_vdma_lcd/vitis/system_wrapper/hw/system_wrapper.xsa
TRACE::2026-03-25.11:38:35::SCWPlatform::DSA absoulate path D:/Zynq/vitis/version_2020/21_01_axi_vdma_lcd/vitis/system_wrapper/hw/system_wrapper.xsa
TRACE::2026-03-25.11:38:35::SCWPlatform::DSA directory D:/Zynq/vitis/version_2020/21_01_axi_vdma_lcd/vitis/system_wrapper/hw
TRACE::2026-03-25.11:38:35::SCWPlatform:: Platform Path D:/Zynq/vitis/version_2020/21_01_axi_vdma_lcd/vitis/system_wrapper/hw/system_wrapper.xsa
TRACE::2026-03-25.11:38:35::SCWPlatform:: Unique name xilinx:::0.0
TRACE::2026-03-25.11:38:35::SCWPlatform::Trying to set the existing hwdb with name system_wrapper_0
TRACE::2026-03-25.11:38:35::SCWPlatform::Opened existing hwdb system_wrapper_0
TRACE::2026-03-25.11:38:35::SCWPlatform::Found the Hw Db part of the input DSA
TRACE::2026-03-25.11:38:35::SCWMssOS::Checking the sw design at  D:/Zynq/vitis/version_2020/21_01_axi_vdma_lcd/vitis/system_wrapper/zynq_fsbl/zynq_fsbl_bsp/system.mss
TRACE::2026-03-25.11:38:35::SCWMssOS::DEBUG:  swdes dump  D:/Zynq/vitis/version_2020/21_01_axi_vdma_lcd/vitis/system_wrapper/ps7_cortexa9_0/standalone_ps7_cortexa9_0/bsp/system.mss|system_0||
D:/Zynq/vitis/version_2020/21_01_axi_vdma_lcd/vitis/system_wrapper/zynq_fsbl/zynq_fsbl_bsp/system.mss|system||

TRACE::2026-03-25.11:38:35::SCWMssOS::Sw design exists and opened at  D:/Zynq/vitis/version_2020/21_01_axi_vdma_lcd/vitis/system_wrapper/zynq_fsbl/zynq_fsbl_bsp/system.mss
TRACE::2026-03-25.11:38:35::SCWPlatform::Trying to open the hw design at D:/Zynq/vitis/version_2020/21_01_axi_vdma_lcd/vitis/system_wrapper/hw/system_wrapper.xsa
TRACE::2026-03-25.11:38:35::SCWPlatform::DSA given D:/Zynq/vitis/version_2020/21_01_axi_vdma_lcd/vitis/system_wrapper/hw/system_wrapper.xsa
TRACE::2026-03-25.11:38:35::SCWPlatform::DSA absoulate path D:/Zynq/vitis/version_2020/21_01_axi_vdma_lcd/vitis/system_wrapper/hw/system_wrapper.xsa
TRACE::2026-03-25.11:38:35::SCWPlatform::DSA directory D:/Zynq/vitis/version_2020/21_01_axi_vdma_lcd/vitis/system_wrapper/hw
TRACE::2026-03-25.11:38:35::SCWPlatform:: Platform Path D:/Zynq/vitis/version_2020/21_01_axi_vdma_lcd/vitis/system_wrapper/hw/system_wrapper.xsa
TRACE::2026-03-25.11:38:35::SCWPlatform:: Unique name xilinx:::0.0
TRACE::2026-03-25.11:38:35::SCWPlatform::Trying to set the existing hwdb with name system_wrapper_0
TRACE::2026-03-25.11:38:35::SCWPlatform::Opened existing hwdb system_wrapper_0
TRACE::2026-03-25.11:38:35::SCWPlatform::Found the Hw Db part of the input DSA
TRACE::2026-03-25.11:38:35::SCWMssOS::Checking the sw design at  D:/Zynq/vitis/version_2020/21_01_axi_vdma_lcd/vitis/system_wrapper/zynq_fsbl/zynq_fsbl_bsp/system.mss
TRACE::2026-03-25.11:38:35::SCWMssOS::DEBUG:  swdes dump  D:/Zynq/vitis/version_2020/21_01_axi_vdma_lcd/vitis/system_wrapper/ps7_cortexa9_0/standalone_ps7_cortexa9_0/bsp/system.mss|system_0||
D:/Zynq/vitis/version_2020/21_01_axi_vdma_lcd/vitis/system_wrapper/zynq_fsbl/zynq_fsbl_bsp/system.mss|system||

TRACE::2026-03-25.11:38:35::SCWMssOS::Sw design exists and opened at  D:/Zynq/vitis/version_2020/21_01_axi_vdma_lcd/vitis/system_wrapper/zynq_fsbl/zynq_fsbl_bsp/system.mss
TRACE::2026-03-25.11:38:35::SCWPlatform::Trying to open the hw design at D:/Zynq/vitis/version_2020/21_01_axi_vdma_lcd/vitis/system_wrapper/hw/system_wrapper.xsa
TRACE::2026-03-25.11:38:35::SCWPlatform::DSA given D:/Zynq/vitis/version_2020/21_01_axi_vdma_lcd/vitis/system_wrapper/hw/system_wrapper.xsa
TRACE::2026-03-25.11:38:35::SCWPlatform::DSA absoulate path D:/Zynq/vitis/version_2020/21_01_axi_vdma_lcd/vitis/system_wrapper/hw/system_wrapper.xsa
TRACE::2026-03-25.11:38:35::SCWPlatform::DSA directory D:/Zynq/vitis/version_2020/21_01_axi_vdma_lcd/vitis/system_wrapper/hw
TRACE::2026-03-25.11:38:35::SCWPlatform:: Platform Path D:/Zynq/vitis/version_2020/21_01_axi_vdma_lcd/vitis/system_wrapper/hw/system_wrapper.xsa
TRACE::2026-03-25.11:38:35::SCWPlatform:: Unique name xilinx:::0.0
TRACE::2026-03-25.11:38:35::SCWPlatform::Trying to set the existing hwdb with name system_wrapper_0
TRACE::2026-03-25.11:38:35::SCWPlatform::Opened existing hwdb system_wrapper_0
TRACE::2026-03-25.11:38:35::SCWPlatform::Found the Hw Db part of the input DSA
TRACE::2026-03-25.11:38:35::SCWMssOS::Checking the sw design at  D:/Zynq/vitis/version_2020/21_01_axi_vdma_lcd/vitis/system_wrapper/zynq_fsbl/zynq_fsbl_bsp/system.mss
TRACE::2026-03-25.11:38:35::SCWMssOS::DEBUG:  swdes dump  D:/Zynq/vitis/version_2020/21_01_axi_vdma_lcd/vitis/system_wrapper/ps7_cortexa9_0/standalone_ps7_cortexa9_0/bsp/system.mss|system_0||
D:/Zynq/vitis/version_2020/21_01_axi_vdma_lcd/vitis/system_wrapper/zynq_fsbl/zynq_fsbl_bsp/system.mss|system||

TRACE::2026-03-25.11:38:35::SCWMssOS::Sw design exists and opened at  D:/Zynq/vitis/version_2020/21_01_axi_vdma_lcd/vitis/system_wrapper/zynq_fsbl/zynq_fsbl_bsp/system.mss
TRACE::2026-03-25.11:38:35::SCWPlatform::Trying to open the hw design at D:/Zynq/vitis/version_2020/21_01_axi_vdma_lcd/vitis/system_wrapper/hw/system_wrapper.xsa
TRACE::2026-03-25.11:38:35::SCWPlatform::DSA given D:/Zynq/vitis/version_2020/21_01_axi_vdma_lcd/vitis/system_wrapper/hw/system_wrapper.xsa
TRACE::2026-03-25.11:38:35::SCWPlatform::DSA absoulate path D:/Zynq/vitis/version_2020/21_01_axi_vdma_lcd/vitis/system_wrapper/hw/system_wrapper.xsa
TRACE::2026-03-25.11:38:35::SCWPlatform::DSA directory D:/Zynq/vitis/version_2020/21_01_axi_vdma_lcd/vitis/system_wrapper/hw
TRACE::2026-03-25.11:38:35::SCWPlatform:: Platform Path D:/Zynq/vitis/version_2020/21_01_axi_vdma_lcd/vitis/system_wrapper/hw/system_wrapper.xsa
TRACE::2026-03-25.11:38:35::SCWPlatform:: Unique name xilinx:::0.0
TRACE::2026-03-25.11:38:35::SCWPlatform::Trying to set the existing hwdb with name system_wrapper_0
TRACE::2026-03-25.11:38:35::SCWPlatform::Opened existing hwdb system_wrapper_0
TRACE::2026-03-25.11:38:35::SCWPlatform::Found the Hw Db part of the input DSA
TRACE::2026-03-25.11:38:35::SCWMssOS::Checking the sw design at  D:/Zynq/vitis/version_2020/21_01_axi_vdma_lcd/vitis/system_wrapper/ps7_cortexa9_0/standalone_ps7_cortexa9_0/bsp/system.mss
TRACE::2026-03-25.11:38:35::SCWMssOS::DEBUG:  swdes dump  D:/Zynq/vitis/version_2020/21_01_axi_vdma_lcd/vitis/system_wrapper/ps7_cortexa9_0/standalone_ps7_cortexa9_0/bsp/system.mss|system_0||
D:/Zynq/vitis/version_2020/21_01_axi_vdma_lcd/vitis/system_wrapper/zynq_fsbl/zynq_fsbl_bsp/system.mss|system||

TRACE::2026-03-25.11:38:35::SCWMssOS::Sw design exists and opened at  D:/Zynq/vitis/version_2020/21_01_axi_vdma_lcd/vitis/system_wrapper/ps7_cortexa9_0/standalone_ps7_cortexa9_0/bsp/system.mss
TRACE::2026-03-25.11:38:35::SCWPlatform::Trying to open the hw design at D:/Zynq/vitis/version_2020/21_01_axi_vdma_lcd/vitis/system_wrapper/hw/system_wrapper.xsa
TRACE::2026-03-25.11:38:35::SCWPlatform::DSA given D:/Zynq/vitis/version_2020/21_01_axi_vdma_lcd/vitis/system_wrapper/hw/system_wrapper.xsa
TRACE::2026-03-25.11:38:35::SCWPlatform::DSA absoulate path D:/Zynq/vitis/version_2020/21_01_axi_vdma_lcd/vitis/system_wrapper/hw/system_wrapper.xsa
TRACE::2026-03-25.11:38:35::SCWPlatform::DSA directory D:/Zynq/vitis/version_2020/21_01_axi_vdma_lcd/vitis/system_wrapper/hw
TRACE::2026-03-25.11:38:35::SCWPlatform:: Platform Path D:/Zynq/vitis/version_2020/21_01_axi_vdma_lcd/vitis/system_wrapper/hw/system_wrapper.xsa
TRACE::2026-03-25.11:38:35::SCWPlatform:: Unique name xilinx:::0.0
TRACE::2026-03-25.11:38:35::SCWPlatform::Trying to set the existing hwdb with name system_wrapper_0
TRACE::2026-03-25.11:38:35::SCWPlatform::Opened existing hwdb system_wrapper_0
TRACE::2026-03-25.11:38:35::SCWPlatform::Found the Hw Db part of the input DSA
TRACE::2026-03-25.11:38:35::SCWMssOS::Checking the sw design at  D:/Zynq/vitis/version_2020/21_01_axi_vdma_lcd/vitis/system_wrapper/ps7_cortexa9_0/standalone_ps7_cortexa9_0/bsp/system.mss
TRACE::2026-03-25.11:38:35::SCWMssOS::DEBUG:  swdes dump  D:/Zynq/vitis/version_2020/21_01_axi_vdma_lcd/vitis/system_wrapper/ps7_cortexa9_0/standalone_ps7_cortexa9_0/bsp/system.mss|system_0||
D:/Zynq/vitis/version_2020/21_01_axi_vdma_lcd/vitis/system_wrapper/zynq_fsbl/zynq_fsbl_bsp/system.mss|system||

TRACE::2026-03-25.11:38:35::SCWMssOS::Sw design exists and opened at  D:/Zynq/vitis/version_2020/21_01_axi_vdma_lcd/vitis/system_wrapper/ps7_cortexa9_0/standalone_ps7_cortexa9_0/bsp/system.mss
TRACE::2026-03-25.11:38:35::SCWPlatform::Trying to open the hw design at D:/Zynq/vitis/version_2020/21_01_axi_vdma_lcd/vitis/system_wrapper/hw/system_wrapper.xsa
TRACE::2026-03-25.11:38:35::SCWPlatform::DSA given D:/Zynq/vitis/version_2020/21_01_axi_vdma_lcd/vitis/system_wrapper/hw/system_wrapper.xsa
TRACE::2026-03-25.11:38:35::SCWPlatform::DSA absoulate path D:/Zynq/vitis/version_2020/21_01_axi_vdma_lcd/vitis/system_wrapper/hw/system_wrapper.xsa
TRACE::2026-03-25.11:38:35::SCWPlatform::DSA directory D:/Zynq/vitis/version_2020/21_01_axi_vdma_lcd/vitis/system_wrapper/hw
TRACE::2026-03-25.11:38:35::SCWPlatform:: Platform Path D:/Zynq/vitis/version_2020/21_01_axi_vdma_lcd/vitis/system_wrapper/hw/system_wrapper.xsa
TRACE::2026-03-25.11:38:35::SCWPlatform:: Unique name xilinx:::0.0
TRACE::2026-03-25.11:38:35::SCWPlatform::Trying to set the existing hwdb with name system_wrapper_0
TRACE::2026-03-25.11:38:35::SCWPlatform::Opened existing hwdb system_wrapper_0
TRACE::2026-03-25.11:38:35::SCWPlatform::Found the Hw Db part of the input DSA
TRACE::2026-03-25.11:38:35::SCWMssOS::Checking the sw design at  D:/Zynq/vitis/version_2020/21_01_axi_vdma_lcd/vitis/system_wrapper/ps7_cortexa9_0/standalone_ps7_cortexa9_0/bsp/system.mss
TRACE::2026-03-25.11:38:35::SCWMssOS::DEBUG:  swdes dump  D:/Zynq/vitis/version_2020/21_01_axi_vdma_lcd/vitis/system_wrapper/ps7_cortexa9_0/standalone_ps7_cortexa9_0/bsp/system.mss|system_0||
D:/Zynq/vitis/version_2020/21_01_axi_vdma_lcd/vitis/system_wrapper/zynq_fsbl/zynq_fsbl_bsp/system.mss|system||

TRACE::2026-03-25.11:38:35::SCWMssOS::Sw design exists and opened at  D:/Zynq/vitis/version_2020/21_01_axi_vdma_lcd/vitis/system_wrapper/ps7_cortexa9_0/standalone_ps7_cortexa9_0/bsp/system.mss
TRACE::2026-03-25.11:38:35::SCWWriter::formatted JSON is {
	"platformName":	"system_wrapper",
	"sprVersion":	"2.0",
	"mode":	"gui",
	"dsaType":	"Fixed",
	"platformDesc":	"system_wrapper",
	"platHandOff":	"<platformDir>.xsa",
	"platIntHandOff":	"<platformDir>/hw/system_wrapper.xsa",
	"deviceType":	"zynq",
	"platIsPrebuiltAutogen":	"false",
	"platIsNoBootBsp":	"false",
	"platFsblTarget":	"ps7_cortexa9_0",
	"hasFsblMakeHasChanges":	"false",
	"hasPmufwMakeHasChanges":	"false",
	"fsblExtraCompilerFlags":	"-MMD -MP       -mcpu=cortex-a9 -mfpu=vfpv3 -mfloat-abi=hard ",
	"platPreBuiltFlag":	false,
	"platformSamplesDir":	"",
	"platActiveSys":	"system_wrapper",
	"systems":	[{
			"systemName":	"system_wrapper",
			"systemDesc":	"system_wrapper",
			"sysIsBootAutoGen":	"true",
			"systemDispName":	"system_wrapper",
			"sysActiveDom":	"standalone_ps7_cortexa9_0",
			"sysDefaultDom":	"standalone_ps7_cortexa9_0",
			"domains":	[{
					"domainName":	"zynq_fsbl",
					"domainDispName":	"zynq_fsbl",
					"domainDesc":	"FSBL Application BSP - Auto Generated.",
					"processors":	"ps7_cortexa9_0",
					"os":	"standalone",
					"sdxOs":	"standalone",
					"debugEnable":	"",
					"domRuntimes":	["cpp"],
					"swRepo":	"",
					"mssOsVer":	"7.3",
					"mssFile":	"",
					"md5Digest":	"cc8afc3a1dc8872ebf3f9f9c8d92560d",
					"compatibleApp":	"zynq_fsbl",
					"domType":	"bootDomain",
					"arch":	"32-bit",
					"appSettings":	{
						"appCompilerFlags":	"",
						"appLinkerFlags":	""
					},
					"addedLibs":	["xilffs:4.4", "xilrsa:1.6"],
					"libOptions":	{
						"libsContainingOptions":	[]
					},
					"prebuiltLibs":	{
						"prebuiltIncPath":	[],
						"prebuiltLibPath":	[]
					},
					"isolation":	{
					}
				}, {
					"domainName":	"standalone_ps7_cortexa9_0",
					"domainDispName":	"standalone_ps7_cortexa9_0",
					"domainDesc":	"standalone_ps7_cortexa9_0",
					"processors":	"ps7_cortexa9_0",
					"os":	"standalone",
					"sdxOs":	"standalone",
					"qemuArgs":	"C:/Xilinx/Vitis/2020.2/data/emulation/platforms/zynq/sw/a9_standalone/qemu/qemu_args.txt",
					"qemuData":	"C:/Xilinx/Vitis/2020.2/data/emulation/platforms/zynq/sw/a9_standalone/qemu/",
					"debugEnable":	"False",
					"domRuntimes":	["cpp"],
					"swRepo":	"",
					"mssOsVer":	"7.3",
					"mssFile":	"",
					"md5Digest":	"c15666e5511381267e01d81e7b42ad11",
					"compatibleApp":	"empty_application",
					"domType":	"mssDomain",
					"arch":	"32-bit",
					"appSettings":	{
						"appCompilerFlags":	"",
						"appLinkerFlags":	""
					},
					"addedLibs":	[],
					"libOptions":	{
						"libsContainingOptions":	[]
					},
					"prebuiltLibs":	{
						"prebuiltIncPath":	[],
						"prebuiltLibPath":	[]
					},
					"isolation":	{
					}
				}]
		}]
}
KEYINFO::2026-03-25.11:38:35::SCWPlatform::updated the xpfm file.
TRACE::2026-03-25.11:38:56::SCWPlatform::Clearing the existing platform
TRACE::2026-03-25.11:38:56::SCWSystem::Clearing the existing sysconfig
TRACE::2026-03-25.11:38:56::SCWBDomain::clearing the fsbl build
TRACE::2026-03-25.11:38:56::SCWMssOS::Removing the swdes entry for  D:/Zynq/vitis/version_2020/21_01_axi_vdma_lcd/vitis/system_wrapper/zynq_fsbl/zynq_fsbl_bsp/system.mss
TRACE::2026-03-25.11:38:56::SCWMssOS::Removing the swdes entry for  D:/Zynq/vitis/version_2020/21_01_axi_vdma_lcd/vitis/system_wrapper/ps7_cortexa9_0/standalone_ps7_cortexa9_0/bsp/system.mss
TRACE::2026-03-25.11:38:56::SCWSystem::Clearing the domains completed.
TRACE::2026-03-25.11:38:56::SCWPlatform::Clearing the opened hw db.
TRACE::2026-03-25.11:38:56::SCWPlatform::DSA given D:/Zynq/vitis/version_2020/21_01_axi_vdma_lcd/vitis/system_wrapper/hw/system_wrapper.xsa
TRACE::2026-03-25.11:38:56::SCWPlatform::DSA absoulate path D:/Zynq/vitis/version_2020/21_01_axi_vdma_lcd/vitis/system_wrapper/hw/system_wrapper.xsa
TRACE::2026-03-25.11:38:56::SCWPlatform:: Platform location is D:/Zynq/vitis/version_2020/21_01_axi_vdma_lcd/vitis/system_wrapper/hw
TRACE::2026-03-25.11:38:56::SCWPlatform:: Platform Path D:/Zynq/vitis/version_2020/21_01_axi_vdma_lcd/vitis/system_wrapper/hw/system_wrapper.xsa
TRACE::2026-03-25.11:38:56::SCWPlatform:: Unique name xilinx:::0.0
TRACE::2026-03-25.11:38:56::SCWPlatform::Removing the HwDB with name D:/Zynq/vitis/version_2020/21_01_axi_vdma_lcd/vitis/system_wrapper/hw/system_wrapper.xsa
TRACE::2026-03-25.11:38:56::SCWPlatform::Trying to open the hw design at D:/Zynq/vitis/version_2020/21_01_axi_vdma_lcd/vitis/system_wrapper/hw/system_wrapper.xsa
TRACE::2026-03-25.11:38:56::SCWPlatform::DSA given D:/Zynq/vitis/version_2020/21_01_axi_vdma_lcd/vitis/system_wrapper/hw/system_wrapper.xsa
TRACE::2026-03-25.11:38:56::SCWPlatform::DSA absoulate path D:/Zynq/vitis/version_2020/21_01_axi_vdma_lcd/vitis/system_wrapper/hw/system_wrapper.xsa
TRACE::2026-03-25.11:38:56::SCWPlatform::DSA directory D:/Zynq/vitis/version_2020/21_01_axi_vdma_lcd/vitis/system_wrapper/hw
TRACE::2026-03-25.11:38:56::SCWPlatform:: Platform Path D:/Zynq/vitis/version_2020/21_01_axi_vdma_lcd/vitis/system_wrapper/hw/system_wrapper.xsa
TRACE::2026-03-25.11:38:56::SCWPlatform:: Unique name xilinx:::0.0
TRACE::2026-03-25.11:38:56::SCWPlatform::Do not have an existing db opened. 
TRACE::2026-03-25.11:38:57::SCWPlatform::Opened new HwDB with name system_wrapper_2
TRACE::2026-03-25.11:38:57::SCWReader::Active system found as  system_wrapper
TRACE::2026-03-25.11:38:57::SCWReader::Handling sysconfig system_wrapper
TRACE::2026-03-25.11:38:57::SCWDomain::checking for install qemu data   : 
TRACE::2026-03-25.11:38:57::SCWDomain:: Using the QEMU Data from install at  : C:/Xilinx/Vitis/2020.2/data/emulation/platforms/zynq/sw/a9_standalone/qemu/
TRACE::2026-03-25.11:38:57::SCWDomain:: Using the QEMU args  from install at  : C:/Xilinx/Vitis/2020.2/data/emulation/platforms/zynq/sw/a9_standalone/qemu/qemu_args.txt
TRACE::2026-03-25.11:38:57::SCWPlatform::Trying to open the hw design at D:/Zynq/vitis/version_2020/21_01_axi_vdma_lcd/vitis/system_wrapper/hw/system_wrapper.xsa
TRACE::2026-03-25.11:38:57::SCWPlatform::DSA given D:/Zynq/vitis/version_2020/21_01_axi_vdma_lcd/vitis/system_wrapper/hw/system_wrapper.xsa
TRACE::2026-03-25.11:38:57::SCWPlatform::DSA absoulate path D:/Zynq/vitis/version_2020/21_01_axi_vdma_lcd/vitis/system_wrapper/hw/system_wrapper.xsa
TRACE::2026-03-25.11:38:57::SCWPlatform::DSA directory D:/Zynq/vitis/version_2020/21_01_axi_vdma_lcd/vitis/system_wrapper/hw
TRACE::2026-03-25.11:38:57::SCWPlatform:: Platform Path D:/Zynq/vitis/version_2020/21_01_axi_vdma_lcd/vitis/system_wrapper/hw/system_wrapper.xsa
TRACE::2026-03-25.11:38:57::SCWPlatform:: Unique name xilinx:::0.0
TRACE::2026-03-25.11:38:57::SCWPlatform::Trying to set the existing hwdb with name system_wrapper_2
TRACE::2026-03-25.11:38:57::SCWPlatform::Opened existing hwdb system_wrapper_2
TRACE::2026-03-25.11:38:57::SCWPlatform::Found the Hw Db part of the input DSA
TRACE::2026-03-25.11:38:57::SCWPlatform::Trying to open the hw design at D:/Zynq/vitis/version_2020/21_01_axi_vdma_lcd/vitis/system_wrapper/hw/system_wrapper.xsa
TRACE::2026-03-25.11:38:57::SCWPlatform::DSA given D:/Zynq/vitis/version_2020/21_01_axi_vdma_lcd/vitis/system_wrapper/hw/system_wrapper.xsa
TRACE::2026-03-25.11:38:57::SCWPlatform::DSA absoulate path D:/Zynq/vitis/version_2020/21_01_axi_vdma_lcd/vitis/system_wrapper/hw/system_wrapper.xsa
TRACE::2026-03-25.11:38:57::SCWPlatform::DSA directory D:/Zynq/vitis/version_2020/21_01_axi_vdma_lcd/vitis/system_wrapper/hw
TRACE::2026-03-25.11:38:57::SCWPlatform:: Platform Path D:/Zynq/vitis/version_2020/21_01_axi_vdma_lcd/vitis/system_wrapper/hw/system_wrapper.xsa
TRACE::2026-03-25.11:38:57::SCWPlatform:: Unique name xilinx:::0.0
TRACE::2026-03-25.11:38:57::SCWPlatform::Trying to set the existing hwdb with name system_wrapper_2
TRACE::2026-03-25.11:38:57::SCWPlatform::Opened existing hwdb system_wrapper_2
TRACE::2026-03-25.11:38:57::SCWPlatform::Found the Hw Db part of the input DSA
TRACE::2026-03-25.11:38:57::SCWPlatform::Trying to open the hw design at D:/Zynq/vitis/version_2020/21_01_axi_vdma_lcd/vitis/system_wrapper/hw/system_wrapper.xsa
TRACE::2026-03-25.11:38:57::SCWPlatform::DSA given D:/Zynq/vitis/version_2020/21_01_axi_vdma_lcd/vitis/system_wrapper/hw/system_wrapper.xsa
TRACE::2026-03-25.11:38:57::SCWPlatform::DSA absoulate path D:/Zynq/vitis/version_2020/21_01_axi_vdma_lcd/vitis/system_wrapper/hw/system_wrapper.xsa
TRACE::2026-03-25.11:38:57::SCWPlatform::DSA directory D:/Zynq/vitis/version_2020/21_01_axi_vdma_lcd/vitis/system_wrapper/hw
TRACE::2026-03-25.11:38:57::SCWPlatform:: Platform Path D:/Zynq/vitis/version_2020/21_01_axi_vdma_lcd/vitis/system_wrapper/hw/system_wrapper.xsa
TRACE::2026-03-25.11:38:57::SCWPlatform:: Unique name xilinx:::0.0
TRACE::2026-03-25.11:38:57::SCWPlatform::Trying to set the existing hwdb with name system_wrapper_2
TRACE::2026-03-25.11:38:57::SCWPlatform::Opened existing hwdb system_wrapper_2
TRACE::2026-03-25.11:38:57::SCWPlatform::Found the Hw Db part of the input DSA
TRACE::2026-03-25.11:38:57::SCWReader::Boot application domain added for zynq_fsbl
TRACE::2026-03-25.11:38:57::SCWPlatform::Trying to open the hw design at D:/Zynq/vitis/version_2020/21_01_axi_vdma_lcd/vitis/system_wrapper/hw/system_wrapper.xsa
TRACE::2026-03-25.11:38:57::SCWPlatform::DSA given D:/Zynq/vitis/version_2020/21_01_axi_vdma_lcd/vitis/system_wrapper/hw/system_wrapper.xsa
TRACE::2026-03-25.11:38:57::SCWPlatform::DSA absoulate path D:/Zynq/vitis/version_2020/21_01_axi_vdma_lcd/vitis/system_wrapper/hw/system_wrapper.xsa
TRACE::2026-03-25.11:38:57::SCWPlatform::DSA directory D:/Zynq/vitis/version_2020/21_01_axi_vdma_lcd/vitis/system_wrapper/hw
TRACE::2026-03-25.11:38:57::SCWPlatform:: Platform Path D:/Zynq/vitis/version_2020/21_01_axi_vdma_lcd/vitis/system_wrapper/hw/system_wrapper.xsa
TRACE::2026-03-25.11:38:57::SCWPlatform:: Unique name xilinx:::0.0
TRACE::2026-03-25.11:38:57::SCWPlatform::Trying to set the existing hwdb with name system_wrapper_2
TRACE::2026-03-25.11:38:57::SCWPlatform::Opened existing hwdb system_wrapper_2
TRACE::2026-03-25.11:38:57::SCWPlatform::Found the Hw Db part of the input DSA
TRACE::2026-03-25.11:38:57::SCWMssOS::Checking the sw design at  D:/Zynq/vitis/version_2020/21_01_axi_vdma_lcd/vitis/system_wrapper/zynq_fsbl/zynq_fsbl_bsp/system.mss
TRACE::2026-03-25.11:38:57::SCWMssOS::DEBUG:  swdes dump  
TRACE::2026-03-25.11:38:57::SCWMssOS::No sw design opened at  D:/Zynq/vitis/version_2020/21_01_axi_vdma_lcd/vitis/system_wrapper/zynq_fsbl/zynq_fsbl_bsp/system.mss
TRACE::2026-03-25.11:38:57::SCWMssOS::mss exists loading the mss file  D:/Zynq/vitis/version_2020/21_01_axi_vdma_lcd/vitis/system_wrapper/zynq_fsbl/zynq_fsbl_bsp/system.mss
TRACE::2026-03-25.11:38:57::SCWMssOS::Opened the sw design from mss  D:/Zynq/vitis/version_2020/21_01_axi_vdma_lcd/vitis/system_wrapper/zynq_fsbl/zynq_fsbl_bsp/system.mss
TRACE::2026-03-25.11:38:57::SCWMssOS::Adding the swdes entry D:/Zynq/vitis/version_2020/21_01_axi_vdma_lcd/vitis/system_wrapper/zynq_fsbl/zynq_fsbl_bsp/system.mss with des name system
TRACE::2026-03-25.11:38:57::SCWMssOS::updating the scw layer about changes
TRACE::2026-03-25.11:38:57::SCWMssOS::Opened the sw design.  D:/Zynq/vitis/version_2020/21_01_axi_vdma_lcd/vitis/system_wrapper/zynq_fsbl/zynq_fsbl_bsp/system.mss
TRACE::2026-03-25.11:38:57::SCWPlatform::Trying to open the hw design at D:/Zynq/vitis/version_2020/21_01_axi_vdma_lcd/vitis/system_wrapper/hw/system_wrapper.xsa
TRACE::2026-03-25.11:38:57::SCWPlatform::DSA given D:/Zynq/vitis/version_2020/21_01_axi_vdma_lcd/vitis/system_wrapper/hw/system_wrapper.xsa
TRACE::2026-03-25.11:38:57::SCWPlatform::DSA absoulate path D:/Zynq/vitis/version_2020/21_01_axi_vdma_lcd/vitis/system_wrapper/hw/system_wrapper.xsa
TRACE::2026-03-25.11:38:57::SCWPlatform::DSA directory D:/Zynq/vitis/version_2020/21_01_axi_vdma_lcd/vitis/system_wrapper/hw
TRACE::2026-03-25.11:38:57::SCWPlatform:: Platform Path D:/Zynq/vitis/version_2020/21_01_axi_vdma_lcd/vitis/system_wrapper/hw/system_wrapper.xsa
TRACE::2026-03-25.11:38:57::SCWPlatform:: Unique name xilinx:::0.0
TRACE::2026-03-25.11:38:57::SCWPlatform::Trying to set the existing hwdb with name system_wrapper_2
TRACE::2026-03-25.11:38:57::SCWPlatform::Opened existing hwdb system_wrapper_2
TRACE::2026-03-25.11:38:57::SCWPlatform::Found the Hw Db part of the input DSA
TRACE::2026-03-25.11:38:57::SCWMssOS::Checking the sw design at  D:/Zynq/vitis/version_2020/21_01_axi_vdma_lcd/vitis/system_wrapper/zynq_fsbl/zynq_fsbl_bsp/system.mss
TRACE::2026-03-25.11:38:57::SCWMssOS::DEBUG:  swdes dump  D:/Zynq/vitis/version_2020/21_01_axi_vdma_lcd/vitis/system_wrapper/zynq_fsbl/zynq_fsbl_bsp/system.mss|system||

TRACE::2026-03-25.11:38:57::SCWMssOS::Sw design exists and opened at  D:/Zynq/vitis/version_2020/21_01_axi_vdma_lcd/vitis/system_wrapper/zynq_fsbl/zynq_fsbl_bsp/system.mss
TRACE::2026-03-25.11:38:57::SCWMssOS:: library already available in sw design:  xilffs:4.4
TRACE::2026-03-25.11:38:57::SCWPlatform::Trying to open the hw design at D:/Zynq/vitis/version_2020/21_01_axi_vdma_lcd/vitis/system_wrapper/hw/system_wrapper.xsa
TRACE::2026-03-25.11:38:57::SCWPlatform::DSA given D:/Zynq/vitis/version_2020/21_01_axi_vdma_lcd/vitis/system_wrapper/hw/system_wrapper.xsa
TRACE::2026-03-25.11:38:57::SCWPlatform::DSA absoulate path D:/Zynq/vitis/version_2020/21_01_axi_vdma_lcd/vitis/system_wrapper/hw/system_wrapper.xsa
TRACE::2026-03-25.11:38:57::SCWPlatform::DSA directory D:/Zynq/vitis/version_2020/21_01_axi_vdma_lcd/vitis/system_wrapper/hw
TRACE::2026-03-25.11:38:57::SCWPlatform:: Platform Path D:/Zynq/vitis/version_2020/21_01_axi_vdma_lcd/vitis/system_wrapper/hw/system_wrapper.xsa
TRACE::2026-03-25.11:38:57::SCWPlatform:: Unique name xilinx:::0.0
TRACE::2026-03-25.11:38:57::SCWPlatform::Trying to set the existing hwdb with name system_wrapper_2
TRACE::2026-03-25.11:38:57::SCWPlatform::Opened existing hwdb system_wrapper_2
TRACE::2026-03-25.11:38:57::SCWPlatform::Found the Hw Db part of the input DSA
TRACE::2026-03-25.11:38:57::SCWMssOS::Checking the sw design at  D:/Zynq/vitis/version_2020/21_01_axi_vdma_lcd/vitis/system_wrapper/zynq_fsbl/zynq_fsbl_bsp/system.mss
TRACE::2026-03-25.11:38:57::SCWMssOS::DEBUG:  swdes dump  D:/Zynq/vitis/version_2020/21_01_axi_vdma_lcd/vitis/system_wrapper/zynq_fsbl/zynq_fsbl_bsp/system.mss|system||

TRACE::2026-03-25.11:38:57::SCWMssOS::Sw design exists and opened at  D:/Zynq/vitis/version_2020/21_01_axi_vdma_lcd/vitis/system_wrapper/zynq_fsbl/zynq_fsbl_bsp/system.mss
TRACE::2026-03-25.11:38:57::SCWMssOS:: library already available in sw design:  xilrsa:1.6
TRACE::2026-03-25.11:38:57::SCWMssOS::Saving the mss changes D:/Zynq/vitis/version_2020/21_01_axi_vdma_lcd/vitis/system_wrapper/zynq_fsbl/zynq_fsbl_bsp/system.mss
TRACE::2026-03-25.11:38:57::SCWMssOS::Found a swdesign opened with the mssfile.
TRACE::2026-03-25.11:38:57::SCWMssOS::Completed writemss as part of save.
TRACE::2026-03-25.11:38:57::SCWMssOS::Commit changes completed.
TRACE::2026-03-25.11:38:57::SCWReader::Adding prebuilt librarypaths as   
TRACE::2026-03-25.11:38:57::SCWReader::Adding prebuilt incpaths  as   
TRACE::2026-03-25.11:38:57::SCWPlatform::Trying to open the hw design at D:/Zynq/vitis/version_2020/21_01_axi_vdma_lcd/vitis/system_wrapper/hw/system_wrapper.xsa
TRACE::2026-03-25.11:38:57::SCWPlatform::DSA given D:/Zynq/vitis/version_2020/21_01_axi_vdma_lcd/vitis/system_wrapper/hw/system_wrapper.xsa
TRACE::2026-03-25.11:38:57::SCWPlatform::DSA absoulate path D:/Zynq/vitis/version_2020/21_01_axi_vdma_lcd/vitis/system_wrapper/hw/system_wrapper.xsa
TRACE::2026-03-25.11:38:57::SCWPlatform::DSA directory D:/Zynq/vitis/version_2020/21_01_axi_vdma_lcd/vitis/system_wrapper/hw
TRACE::2026-03-25.11:38:57::SCWPlatform:: Platform Path D:/Zynq/vitis/version_2020/21_01_axi_vdma_lcd/vitis/system_wrapper/hw/system_wrapper.xsa
TRACE::2026-03-25.11:38:57::SCWPlatform:: Unique name xilinx:::0.0
TRACE::2026-03-25.11:38:57::SCWPlatform::Trying to set the existing hwdb with name system_wrapper_2
TRACE::2026-03-25.11:38:57::SCWPlatform::Opened existing hwdb system_wrapper_2
TRACE::2026-03-25.11:38:57::SCWPlatform::Found the Hw Db part of the input DSA
TRACE::2026-03-25.11:38:57::SCWMssOS::Checking the sw design at  D:/Zynq/vitis/version_2020/21_01_axi_vdma_lcd/vitis/system_wrapper/zynq_fsbl/zynq_fsbl_bsp/system.mss
TRACE::2026-03-25.11:38:57::SCWMssOS::DEBUG:  swdes dump  D:/Zynq/vitis/version_2020/21_01_axi_vdma_lcd/vitis/system_wrapper/zynq_fsbl/zynq_fsbl_bsp/system.mss|system||

TRACE::2026-03-25.11:38:57::SCWMssOS::Sw design exists and opened at  D:/Zynq/vitis/version_2020/21_01_axi_vdma_lcd/vitis/system_wrapper/zynq_fsbl/zynq_fsbl_bsp/system.mss
TRACE::2026-03-25.11:38:57::SCWReader::No isolation master present  
TRACE::2026-03-25.11:38:57::SCWDomain::checking for install qemu data   : 
TRACE::2026-03-25.11:38:57::SCWDomain:: Using the QEMU Data from install at  : C:/Xilinx/Vitis/2020.2/data/emulation/platforms/zynq/sw/a9_standalone/qemu/
TRACE::2026-03-25.11:38:57::SCWDomain:: Using the QEMU args  from install at  : C:/Xilinx/Vitis/2020.2/data/emulation/platforms/zynq/sw/a9_standalone/qemu/qemu_args.txt
TRACE::2026-03-25.11:38:57::SCWPlatform::Trying to open the hw design at D:/Zynq/vitis/version_2020/21_01_axi_vdma_lcd/vitis/system_wrapper/hw/system_wrapper.xsa
TRACE::2026-03-25.11:38:57::SCWPlatform::DSA given D:/Zynq/vitis/version_2020/21_01_axi_vdma_lcd/vitis/system_wrapper/hw/system_wrapper.xsa
TRACE::2026-03-25.11:38:57::SCWPlatform::DSA absoulate path D:/Zynq/vitis/version_2020/21_01_axi_vdma_lcd/vitis/system_wrapper/hw/system_wrapper.xsa
TRACE::2026-03-25.11:38:57::SCWPlatform::DSA directory D:/Zynq/vitis/version_2020/21_01_axi_vdma_lcd/vitis/system_wrapper/hw
TRACE::2026-03-25.11:38:57::SCWPlatform:: Platform Path D:/Zynq/vitis/version_2020/21_01_axi_vdma_lcd/vitis/system_wrapper/hw/system_wrapper.xsa
TRACE::2026-03-25.11:38:57::SCWPlatform:: Unique name xilinx:::0.0
TRACE::2026-03-25.11:38:57::SCWPlatform::Trying to set the existing hwdb with name system_wrapper_2
TRACE::2026-03-25.11:38:57::SCWPlatform::Opened existing hwdb system_wrapper_2
TRACE::2026-03-25.11:38:57::SCWPlatform::Found the Hw Db part of the input DSA
TRACE::2026-03-25.11:38:57::SCWPlatform::Trying to open the hw design at D:/Zynq/vitis/version_2020/21_01_axi_vdma_lcd/vitis/system_wrapper/hw/system_wrapper.xsa
TRACE::2026-03-25.11:38:57::SCWPlatform::DSA given D:/Zynq/vitis/version_2020/21_01_axi_vdma_lcd/vitis/system_wrapper/hw/system_wrapper.xsa
TRACE::2026-03-25.11:38:57::SCWPlatform::DSA absoulate path D:/Zynq/vitis/version_2020/21_01_axi_vdma_lcd/vitis/system_wrapper/hw/system_wrapper.xsa
TRACE::2026-03-25.11:38:57::SCWPlatform::DSA directory D:/Zynq/vitis/version_2020/21_01_axi_vdma_lcd/vitis/system_wrapper/hw
TRACE::2026-03-25.11:38:57::SCWPlatform:: Platform Path D:/Zynq/vitis/version_2020/21_01_axi_vdma_lcd/vitis/system_wrapper/hw/system_wrapper.xsa
TRACE::2026-03-25.11:38:57::SCWPlatform:: Unique name xilinx:::0.0
TRACE::2026-03-25.11:38:57::SCWPlatform::Trying to set the existing hwdb with name system_wrapper_2
TRACE::2026-03-25.11:38:57::SCWPlatform::Opened existing hwdb system_wrapper_2
TRACE::2026-03-25.11:38:57::SCWPlatform::Found the Hw Db part of the input DSA
TRACE::2026-03-25.11:38:57::SCWPlatform::Trying to open the hw design at D:/Zynq/vitis/version_2020/21_01_axi_vdma_lcd/vitis/system_wrapper/hw/system_wrapper.xsa
TRACE::2026-03-25.11:38:57::SCWPlatform::DSA given D:/Zynq/vitis/version_2020/21_01_axi_vdma_lcd/vitis/system_wrapper/hw/system_wrapper.xsa
TRACE::2026-03-25.11:38:57::SCWPlatform::DSA absoulate path D:/Zynq/vitis/version_2020/21_01_axi_vdma_lcd/vitis/system_wrapper/hw/system_wrapper.xsa
TRACE::2026-03-25.11:38:57::SCWPlatform::DSA directory D:/Zynq/vitis/version_2020/21_01_axi_vdma_lcd/vitis/system_wrapper/hw
TRACE::2026-03-25.11:38:57::SCWPlatform:: Platform Path D:/Zynq/vitis/version_2020/21_01_axi_vdma_lcd/vitis/system_wrapper/hw/system_wrapper.xsa
TRACE::2026-03-25.11:38:57::SCWPlatform:: Unique name xilinx:::0.0
TRACE::2026-03-25.11:38:57::SCWPlatform::Trying to set the existing hwdb with name system_wrapper_2
TRACE::2026-03-25.11:38:57::SCWPlatform::Opened existing hwdb system_wrapper_2
TRACE::2026-03-25.11:38:57::SCWPlatform::Found the Hw Db part of the input DSA
TRACE::2026-03-25.11:38:57::SCWMssOS::Checking the sw design at  D:/Zynq/vitis/version_2020/21_01_axi_vdma_lcd/vitis/system_wrapper/ps7_cortexa9_0/standalone_ps7_cortexa9_0/bsp/system.mss
TRACE::2026-03-25.11:38:57::SCWMssOS::DEBUG:  swdes dump  D:/Zynq/vitis/version_2020/21_01_axi_vdma_lcd/vitis/system_wrapper/zynq_fsbl/zynq_fsbl_bsp/system.mss|system||

TRACE::2026-03-25.11:38:57::SCWMssOS::No sw design opened at  D:/Zynq/vitis/version_2020/21_01_axi_vdma_lcd/vitis/system_wrapper/ps7_cortexa9_0/standalone_ps7_cortexa9_0/bsp/system.mss
TRACE::2026-03-25.11:38:57::SCWMssOS::mss exists loading the mss file  D:/Zynq/vitis/version_2020/21_01_axi_vdma_lcd/vitis/system_wrapper/ps7_cortexa9_0/standalone_ps7_cortexa9_0/bsp/system.mss
TRACE::2026-03-25.11:38:57::SCWMssOS::Opened the sw design from mss  D:/Zynq/vitis/version_2020/21_01_axi_vdma_lcd/vitis/system_wrapper/ps7_cortexa9_0/standalone_ps7_cortexa9_0/bsp/system.mss
TRACE::2026-03-25.11:38:57::SCWMssOS::Adding the swdes entry D:/Zynq/vitis/version_2020/21_01_axi_vdma_lcd/vitis/system_wrapper/ps7_cortexa9_0/standalone_ps7_cortexa9_0/bsp/system.mss with des name system_0
TRACE::2026-03-25.11:38:57::SCWMssOS::updating the scw layer about changes
TRACE::2026-03-25.11:38:57::SCWMssOS::Opened the sw design.  D:/Zynq/vitis/version_2020/21_01_axi_vdma_lcd/vitis/system_wrapper/ps7_cortexa9_0/standalone_ps7_cortexa9_0/bsp/system.mss
TRACE::2026-03-25.11:38:57::SCWMssOS::Saving the mss changes D:/Zynq/vitis/version_2020/21_01_axi_vdma_lcd/vitis/system_wrapper/ps7_cortexa9_0/standalone_ps7_cortexa9_0/bsp/system.mss
TRACE::2026-03-25.11:38:57::SCWMssOS::Found a swdesign opened with the mssfile.
TRACE::2026-03-25.11:38:57::SCWMssOS::Completed writemss as part of save.
TRACE::2026-03-25.11:38:57::SCWMssOS::Commit changes completed.
TRACE::2026-03-25.11:38:57::SCWReader::Adding prebuilt librarypaths as   
TRACE::2026-03-25.11:38:57::SCWReader::Adding prebuilt incpaths  as   
TRACE::2026-03-25.11:38:57::SCWPlatform::Trying to open the hw design at D:/Zynq/vitis/version_2020/21_01_axi_vdma_lcd/vitis/system_wrapper/hw/system_wrapper.xsa
TRACE::2026-03-25.11:38:57::SCWPlatform::DSA given D:/Zynq/vitis/version_2020/21_01_axi_vdma_lcd/vitis/system_wrapper/hw/system_wrapper.xsa
TRACE::2026-03-25.11:38:57::SCWPlatform::DSA absoulate path D:/Zynq/vitis/version_2020/21_01_axi_vdma_lcd/vitis/system_wrapper/hw/system_wrapper.xsa
TRACE::2026-03-25.11:38:57::SCWPlatform::DSA directory D:/Zynq/vitis/version_2020/21_01_axi_vdma_lcd/vitis/system_wrapper/hw
TRACE::2026-03-25.11:38:57::SCWPlatform:: Platform Path D:/Zynq/vitis/version_2020/21_01_axi_vdma_lcd/vitis/system_wrapper/hw/system_wrapper.xsa
TRACE::2026-03-25.11:38:57::SCWPlatform:: Unique name xilinx:::0.0
TRACE::2026-03-25.11:38:57::SCWPlatform::Trying to set the existing hwdb with name system_wrapper_2
TRACE::2026-03-25.11:38:57::SCWPlatform::Opened existing hwdb system_wrapper_2
TRACE::2026-03-25.11:38:57::SCWPlatform::Found the Hw Db part of the input DSA
TRACE::2026-03-25.11:38:57::SCWMssOS::Checking the sw design at  D:/Zynq/vitis/version_2020/21_01_axi_vdma_lcd/vitis/system_wrapper/ps7_cortexa9_0/standalone_ps7_cortexa9_0/bsp/system.mss
TRACE::2026-03-25.11:38:57::SCWMssOS::DEBUG:  swdes dump  D:/Zynq/vitis/version_2020/21_01_axi_vdma_lcd/vitis/system_wrapper/ps7_cortexa9_0/standalone_ps7_cortexa9_0/bsp/system.mss|system_0||
D:/Zynq/vitis/version_2020/21_01_axi_vdma_lcd/vitis/system_wrapper/zynq_fsbl/zynq_fsbl_bsp/system.mss|system||

TRACE::2026-03-25.11:38:57::SCWMssOS::Sw design exists and opened at  D:/Zynq/vitis/version_2020/21_01_axi_vdma_lcd/vitis/system_wrapper/ps7_cortexa9_0/standalone_ps7_cortexa9_0/bsp/system.mss
TRACE::2026-03-25.11:38:57::SCWReader::No isolation master present  
TRACE::2026-03-25.11:38:57::SCWPlatform::Trying to open the hw design at D:/Zynq/vitis/version_2020/21_01_axi_vdma_lcd/vitis/system_wrapper/hw/system_wrapper.xsa
TRACE::2026-03-25.11:38:57::SCWPlatform::DSA given D:/Zynq/vitis/version_2020/21_01_axi_vdma_lcd/vitis/system_wrapper/hw/system_wrapper.xsa
TRACE::2026-03-25.11:38:57::SCWPlatform::DSA absoulate path D:/Zynq/vitis/version_2020/21_01_axi_vdma_lcd/vitis/system_wrapper/hw/system_wrapper.xsa
TRACE::2026-03-25.11:38:57::SCWPlatform::DSA directory D:/Zynq/vitis/version_2020/21_01_axi_vdma_lcd/vitis/system_wrapper/hw
TRACE::2026-03-25.11:38:57::SCWPlatform:: Platform Path D:/Zynq/vitis/version_2020/21_01_axi_vdma_lcd/vitis/system_wrapper/hw/system_wrapper.xsa
TRACE::2026-03-25.11:38:57::SCWPlatform:: Unique name xilinx:::0.0
TRACE::2026-03-25.11:38:57::SCWPlatform::Trying to set the existing hwdb with name system_wrapper_2
TRACE::2026-03-25.11:38:57::SCWPlatform::Opened existing hwdb system_wrapper_2
TRACE::2026-03-25.11:38:57::SCWPlatform::Found the Hw Db part of the input DSA
TRACE::2026-03-25.11:38:57::SCWMssOS::Checking the sw design at  D:/Zynq/vitis/version_2020/21_01_axi_vdma_lcd/vitis/system_wrapper/ps7_cortexa9_0/standalone_ps7_cortexa9_0/bsp/system.mss
TRACE::2026-03-25.11:38:57::SCWMssOS::DEBUG:  swdes dump  D:/Zynq/vitis/version_2020/21_01_axi_vdma_lcd/vitis/system_wrapper/ps7_cortexa9_0/standalone_ps7_cortexa9_0/bsp/system.mss|system_0||
D:/Zynq/vitis/version_2020/21_01_axi_vdma_lcd/vitis/system_wrapper/zynq_fsbl/zynq_fsbl_bsp/system.mss|system||

TRACE::2026-03-25.11:38:57::SCWMssOS::Sw design exists and opened at  D:/Zynq/vitis/version_2020/21_01_axi_vdma_lcd/vitis/system_wrapper/ps7_cortexa9_0/standalone_ps7_cortexa9_0/bsp/system.mss
TRACE::2026-03-25.11:38:58::SCWMssOS::In reload Mss file.
TRACE::2026-03-25.11:38:58::SCWPlatform::Trying to open the hw design at D:/Zynq/vitis/version_2020/21_01_axi_vdma_lcd/vitis/system_wrapper/hw/system_wrapper.xsa
TRACE::2026-03-25.11:38:58::SCWPlatform::DSA given D:/Zynq/vitis/version_2020/21_01_axi_vdma_lcd/vitis/system_wrapper/hw/system_wrapper.xsa
TRACE::2026-03-25.11:38:58::SCWPlatform::DSA absoulate path D:/Zynq/vitis/version_2020/21_01_axi_vdma_lcd/vitis/system_wrapper/hw/system_wrapper.xsa
TRACE::2026-03-25.11:38:58::SCWPlatform::DSA directory D:/Zynq/vitis/version_2020/21_01_axi_vdma_lcd/vitis/system_wrapper/hw
TRACE::2026-03-25.11:38:58::SCWPlatform:: Platform Path D:/Zynq/vitis/version_2020/21_01_axi_vdma_lcd/vitis/system_wrapper/hw/system_wrapper.xsa
TRACE::2026-03-25.11:38:58::SCWPlatform:: Unique name xilinx:::0.0
TRACE::2026-03-25.11:38:58::SCWPlatform::Trying to set the existing hwdb with name system_wrapper_2
TRACE::2026-03-25.11:38:58::SCWPlatform::Opened existing hwdb system_wrapper_2
TRACE::2026-03-25.11:38:58::SCWPlatform::Found the Hw Db part of the input DSA
TRACE::2026-03-25.11:38:58::SCWMssOS::Checking the sw design at  D:/Zynq/vitis/version_2020/21_01_axi_vdma_lcd/vitis/system_wrapper/ps7_cortexa9_0/standalone_ps7_cortexa9_0/bsp/system.mss
TRACE::2026-03-25.11:38:58::SCWMssOS::DEBUG:  swdes dump  D:/Zynq/vitis/version_2020/21_01_axi_vdma_lcd/vitis/system_wrapper/ps7_cortexa9_0/standalone_ps7_cortexa9_0/bsp/system.mss|system_0||
D:/Zynq/vitis/version_2020/21_01_axi_vdma_lcd/vitis/system_wrapper/zynq_fsbl/zynq_fsbl_bsp/system.mss|system||

KEYINFO::2026-03-25.11:38:58::SCWMssOS::Could not open the swdb for system_0
KEYINFO::2026-03-25.11:38:58::SCWMssOS::Could not open the sw design at  system_0
ERROR: [Hsi 55-1558] Software Design system_0 is not found

TRACE::2026-03-25.11:38:58::SCWMssOS::Cleared the swdb table entry
TRACE::2026-03-25.11:38:58::SCWMssOS::No sw design opened at  D:/Zynq/vitis/version_2020/21_01_axi_vdma_lcd/vitis/system_wrapper/ps7_cortexa9_0/standalone_ps7_cortexa9_0/bsp/system.mss
TRACE::2026-03-25.11:38:58::SCWMssOS::mss exists loading the mss file  D:/Zynq/vitis/version_2020/21_01_axi_vdma_lcd/vitis/system_wrapper/ps7_cortexa9_0/standalone_ps7_cortexa9_0/bsp/system.mss
TRACE::2026-03-25.11:38:58::SCWMssOS::Opened the sw design from mss  D:/Zynq/vitis/version_2020/21_01_axi_vdma_lcd/vitis/system_wrapper/ps7_cortexa9_0/standalone_ps7_cortexa9_0/bsp/system.mss
TRACE::2026-03-25.11:38:58::SCWMssOS::Adding the swdes entry D:/Zynq/vitis/version_2020/21_01_axi_vdma_lcd/vitis/system_wrapper/ps7_cortexa9_0/standalone_ps7_cortexa9_0/bsp/system.mss with des name system_0
TRACE::2026-03-25.11:38:58::SCWMssOS::updating the scw layer about changes
TRACE::2026-03-25.11:38:58::SCWMssOS::Opened the sw design.  D:/Zynq/vitis/version_2020/21_01_axi_vdma_lcd/vitis/system_wrapper/ps7_cortexa9_0/standalone_ps7_cortexa9_0/bsp/system.mss
TRACE::2026-03-25.11:38:58::SCWMssOS::Saving the mss changes D:/Zynq/vitis/version_2020/21_01_axi_vdma_lcd/vitis/system_wrapper/ps7_cortexa9_0/standalone_ps7_cortexa9_0/bsp/system.mss
TRACE::2026-03-25.11:38:58::SCWMssOS::Found a swdesign opened with the mssfile.
TRACE::2026-03-25.11:38:58::SCWMssOS::Completed writemss as part of save.
TRACE::2026-03-25.11:38:58::SCWMssOS::Commit changes completed.
TRACE::2026-03-25.11:38:58::SCWPlatform::Trying to open the hw design at D:/Zynq/vitis/version_2020/21_01_axi_vdma_lcd/vitis/system_wrapper/hw/system_wrapper.xsa
TRACE::2026-03-25.11:38:58::SCWPlatform::DSA given D:/Zynq/vitis/version_2020/21_01_axi_vdma_lcd/vitis/system_wrapper/hw/system_wrapper.xsa
TRACE::2026-03-25.11:38:58::SCWPlatform::DSA absoulate path D:/Zynq/vitis/version_2020/21_01_axi_vdma_lcd/vitis/system_wrapper/hw/system_wrapper.xsa
TRACE::2026-03-25.11:38:58::SCWPlatform::DSA directory D:/Zynq/vitis/version_2020/21_01_axi_vdma_lcd/vitis/system_wrapper/hw
TRACE::2026-03-25.11:38:58::SCWPlatform:: Platform Path D:/Zynq/vitis/version_2020/21_01_axi_vdma_lcd/vitis/system_wrapper/hw/system_wrapper.xsa
TRACE::2026-03-25.11:38:58::SCWPlatform:: Unique name xilinx:::0.0
TRACE::2026-03-25.11:38:58::SCWPlatform::Trying to set the existing hwdb with name system_wrapper_2
TRACE::2026-03-25.11:38:58::SCWPlatform::Opened existing hwdb system_wrapper_2
TRACE::2026-03-25.11:38:58::SCWPlatform::Found the Hw Db part of the input DSA
TRACE::2026-03-25.11:38:58::SCWMssOS::Checking the sw design at  D:/Zynq/vitis/version_2020/21_01_axi_vdma_lcd/vitis/system_wrapper/ps7_cortexa9_0/standalone_ps7_cortexa9_0/bsp/system.mss
TRACE::2026-03-25.11:38:58::SCWMssOS::DEBUG:  swdes dump  D:/Zynq/vitis/version_2020/21_01_axi_vdma_lcd/vitis/system_wrapper/ps7_cortexa9_0/standalone_ps7_cortexa9_0/bsp/system.mss|system_0||
D:/Zynq/vitis/version_2020/21_01_axi_vdma_lcd/vitis/system_wrapper/zynq_fsbl/zynq_fsbl_bsp/system.mss|system||

TRACE::2026-03-25.11:38:58::SCWMssOS::Sw design exists and opened at  D:/Zynq/vitis/version_2020/21_01_axi_vdma_lcd/vitis/system_wrapper/ps7_cortexa9_0/standalone_ps7_cortexa9_0/bsp/system.mss
TRACE::2026-03-25.11:38:58::SCWMssOS::Removing the swdes entry for  D:/Zynq/vitis/version_2020/21_01_axi_vdma_lcd/vitis/system_wrapper/ps7_cortexa9_0/standalone_ps7_cortexa9_0/bsp/system.mss
LOG::2026-03-25.11:40:22::SCWPlatform::Started generating the artifacts platform system_wrapper
TRACE::2026-03-25.11:40:22::SCWPlatform::Sanity checking of platform is completed
LOG::2026-03-25.11:40:22::SCWPlatform::Started generating the artifacts for system configuration system_wrapper
LOG::2026-03-25.11:40:22::SCWSystem::Checking the domain zynq_fsbl
LOG::2026-03-25.11:40:22::SCWSystem::Doing application build for :  zynq_fsbl
TRACE::2026-03-25.11:40:22::SCWBDomain::Not a forced makefile updation, No changes are present. 
TRACE::2026-03-25.11:40:22::SCWDomain::Building the domain as part of full build :  zynq_fsbl
TRACE::2026-03-25.11:40:22::SCWPlatform::Trying to open the hw design at D:/Zynq/vitis/version_2020/21_01_axi_vdma_lcd/vitis/system_wrapper/hw/system_wrapper.xsa
TRACE::2026-03-25.11:40:22::SCWPlatform::DSA given D:/Zynq/vitis/version_2020/21_01_axi_vdma_lcd/vitis/system_wrapper/hw/system_wrapper.xsa
TRACE::2026-03-25.11:40:22::SCWPlatform::DSA absoulate path D:/Zynq/vitis/version_2020/21_01_axi_vdma_lcd/vitis/system_wrapper/hw/system_wrapper.xsa
TRACE::2026-03-25.11:40:22::SCWPlatform::DSA directory D:/Zynq/vitis/version_2020/21_01_axi_vdma_lcd/vitis/system_wrapper/hw
TRACE::2026-03-25.11:40:22::SCWPlatform:: Platform Path D:/Zynq/vitis/version_2020/21_01_axi_vdma_lcd/vitis/system_wrapper/hw/system_wrapper.xsa
TRACE::2026-03-25.11:40:22::SCWPlatform:: Unique name xilinx:::0.0
TRACE::2026-03-25.11:40:22::SCWPlatform::Trying to set the existing hwdb with name system_wrapper_2
TRACE::2026-03-25.11:40:22::SCWPlatform::Opened existing hwdb system_wrapper_2
TRACE::2026-03-25.11:40:22::SCWPlatform::Found the Hw Db part of the input DSA
TRACE::2026-03-25.11:40:22::SCWMssOS::Checking the sw design at  D:/Zynq/vitis/version_2020/21_01_axi_vdma_lcd/vitis/system_wrapper/zynq_fsbl/zynq_fsbl_bsp/system.mss
TRACE::2026-03-25.11:40:22::SCWMssOS::DEBUG:  swdes dump  D:/Zynq/vitis/version_2020/21_01_axi_vdma_lcd/vitis/system_wrapper/zynq_fsbl/zynq_fsbl_bsp/system.mss|system||

TRACE::2026-03-25.11:40:22::SCWMssOS::Sw design exists and opened at  D:/Zynq/vitis/version_2020/21_01_axi_vdma_lcd/vitis/system_wrapper/zynq_fsbl/zynq_fsbl_bsp/system.mss
TRACE::2026-03-25.11:40:22::SCWBDomain::Completed writing the mss file at D:/Zynq/vitis/version_2020/21_01_axi_vdma_lcd/vitis/system_wrapper/zynq_fsbl/zynq_fsbl_bsp
TRACE::2026-03-25.11:40:22::SCWBDomain::bsp generated is upto date with the mss file. Skipping bsp generation.
TRACE::2026-03-25.11:40:22::SCWBDomain::Not a forced makefile updation, No changes are present. 
TRACE::2026-03-25.11:40:22::SCWBDomain::System Command Ran  D:&  cd  D:/Zynq/vitis/version_2020/21_01_axi_vdma_lcd/vitis/system_wrapper/zynq_fsbl& make -C  zynq_fsbl_bsp & make 
TRACE::2026-03-25.11:40:22::SCWBDomain::make: Entering directory 'D:/Zynq/vitis/version_2020/21_01_axi_vdma_lcd/vitis/system_wrapper/zynq_fsbl/zynq_fsbl_bsp'

TRACE::2026-03-25.11:40:22::SCWBDomain::make --no-print-directory seq_libs

TRACE::2026-03-25.11:40:22::SCWBDomain::"Running Make include in ps7_cortexa9_0/libsrc/axivdma_v6_8/src"

TRACE::2026-03-25.11:40:22::SCWBDomain::make -C ps7_cortexa9_0/libsrc/axivdma_v6_8/src -s include  "SHELL=CMD" "COMPILER=arm-none-eabi-gcc" "ASSEMBLER=arm-none-eabi-as
TRACE::2026-03-25.11:40:22::SCWBDomain::" "ARCHIVER=arm-none-eabi-ar" "COMPILER_FLAGS=  -O2 -c" "EXTRA_COMPILER_FLAGS=-mcpu=cortex-a9 -mfpu=vfpv3 -mfloat-abi=hard -nos
TRACE::2026-03-25.11:40:22::SCWBDomain::tartfiles -g -Wall -Wextra"

TRACE::2026-03-25.11:40:22::SCWBDomain::"Running Make include in ps7_cortexa9_0/libsrc/clk_wiz_v1_4/src"

TRACE::2026-03-25.11:40:22::SCWBDomain::make -C ps7_cortexa9_0/libsrc/clk_wiz_v1_4/src -s include  "SHELL=CMD" "COMPILER=arm-none-eabi-gcc" "ASSEMBLER=arm-none-eabi-as
TRACE::2026-03-25.11:40:22::SCWBDomain::" "ARCHIVER=arm-none-eabi-ar" "COMPILER_FLAGS=  -O2 -c" "EXTRA_COMPILER_FLAGS=-mcpu=cortex-a9 -mfpu=vfpv3 -mfloat-abi=hard -nos
TRACE::2026-03-25.11:40:22::SCWBDomain::tartfiles -g -Wall -Wextra"

TRACE::2026-03-25.11:40:23::SCWBDomain::"Running Make include in ps7_cortexa9_0/libsrc/coresightps_dcc_v1_8/src"

TRACE::2026-03-25.11:40:23::SCWBDomain::make -C ps7_cortexa9_0/libsrc/coresightps_dcc_v1_8/src -s include  "SHELL=CMD" "COMPILER=arm-none-eabi-gcc" "ASSEMBLER=arm-none
TRACE::2026-03-25.11:40:23::SCWBDomain::-eabi-as" "ARCHIVER=arm-none-eabi-ar" "COMPILER_FLAGS=  -O2 -c" "EXTRA_COMPILER_FLAGS=-mcpu=cortex-a9 -mfpu=vfpv3 -mfloat-abi=h
TRACE::2026-03-25.11:40:23::SCWBDomain::ard -nostartfiles -g -Wall -Wextra"

TRACE::2026-03-25.11:40:23::SCWBDomain::"Running Make include in ps7_cortexa9_0/libsrc/cpu_cortexa9_v2_10/src"

TRACE::2026-03-25.11:40:23::SCWBDomain::make -C ps7_cortexa9_0/libsrc/cpu_cortexa9_v2_10/src -s include  "SHELL=CMD" "COMPILER=arm-none-eabi-gcc" "ASSEMBLER=arm-none-e
TRACE::2026-03-25.11:40:23::SCWBDomain::abi-as" "ARCHIVER=arm-none-eabi-ar" "COMPILER_FLAGS=  -O2 -c" "EXTRA_COMPILER_FLAGS=-mcpu=cortex-a9 -mfpu=vfpv3 -mfloat-abi=har
TRACE::2026-03-25.11:40:23::SCWBDomain::d -nostartfiles -g -Wall -Wextra"

TRACE::2026-03-25.11:40:23::SCWBDomain::"Running Make include in ps7_cortexa9_0/libsrc/ddrps_v1_2/src"

TRACE::2026-03-25.11:40:23::SCWBDomain::make -C ps7_cortexa9_0/libsrc/ddrps_v1_2/src -s include  "SHELL=CMD" "COMPILER=arm-none-eabi-gcc" "ASSEMBLER=arm-none-eabi-as" 
TRACE::2026-03-25.11:40:23::SCWBDomain::"ARCHIVER=arm-none-eabi-ar" "COMPILER_FLAGS=  -O2 -c" "EXTRA_COMPILER_FLAGS=-mcpu=cortex-a9 -mfpu=vfpv3 -mfloat-abi=hard -nosta
TRACE::2026-03-25.11:40:23::SCWBDomain::rtfiles -g -Wall -Wextra"

TRACE::2026-03-25.11:40:23::SCWBDomain::"Running Make include in ps7_cortexa9_0/libsrc/devcfg_v3_7/src"

TRACE::2026-03-25.11:40:23::SCWBDomain::make -C ps7_cortexa9_0/libsrc/devcfg_v3_7/src -s include  "SHELL=CMD" "COMPILER=arm-none-eabi-gcc" "ASSEMBLER=arm-none-eabi-as"
TRACE::2026-03-25.11:40:23::SCWBDomain:: "ARCHIVER=arm-none-eabi-ar" "COMPILER_FLAGS=  -O2 -c" "EXTRA_COMPILER_FLAGS=-mcpu=cortex-a9 -mfpu=vfpv3 -mfloat-abi=hard -nost
TRACE::2026-03-25.11:40:23::SCWBDomain::artfiles -g -Wall -Wextra"

TRACE::2026-03-25.11:40:23::SCWBDomain::"Running Make include in ps7_cortexa9_0/libsrc/dmaps_v2_7/src"

TRACE::2026-03-25.11:40:23::SCWBDomain::make -C ps7_cortexa9_0/libsrc/dmaps_v2_7/src -s include  "SHELL=CMD" "COMPILER=arm-none-eabi-gcc" "ASSEMBLER=arm-none-eabi-as" 
TRACE::2026-03-25.11:40:23::SCWBDomain::"ARCHIVER=arm-none-eabi-ar" "COMPILER_FLAGS=  -O2 -c" "EXTRA_COMPILER_FLAGS=-mcpu=cortex-a9 -mfpu=vfpv3 -mfloat-abi=hard -nosta
TRACE::2026-03-25.11:40:23::SCWBDomain::rtfiles -g -Wall -Wextra"

TRACE::2026-03-25.11:40:23::SCWBDomain::"Running Make include in ps7_cortexa9_0/libsrc/gpio_v4_7/src"

TRACE::2026-03-25.11:40:23::SCWBDomain::make -C ps7_cortexa9_0/libsrc/gpio_v4_7/src -s include  "SHELL=CMD" "COMPILER=arm-none-eabi-gcc" "ASSEMBLER=arm-none-eabi-as" "
TRACE::2026-03-25.11:40:23::SCWBDomain::ARCHIVER=arm-none-eabi-ar" "COMPILER_FLAGS=  -O2 -c" "EXTRA_COMPILER_FLAGS=-mcpu=cortex-a9 -mfpu=vfpv3 -mfloat-abi=hard -nostar
TRACE::2026-03-25.11:40:23::SCWBDomain::tfiles -g -Wall -Wextra"

TRACE::2026-03-25.11:40:23::SCWBDomain::"Running Make include in ps7_cortexa9_0/libsrc/scugic_v4_3/src"

TRACE::2026-03-25.11:40:23::SCWBDomain::make -C ps7_cortexa9_0/libsrc/scugic_v4_3/src -s include  "SHELL=CMD" "COMPILER=arm-none-eabi-gcc" "ASSEMBLER=arm-none-eabi-as"
TRACE::2026-03-25.11:40:23::SCWBDomain:: "ARCHIVER=arm-none-eabi-ar" "COMPILER_FLAGS=  -O2 -c" "EXTRA_COMPILER_FLAGS=-mcpu=cortex-a9 -mfpu=vfpv3 -mfloat-abi=hard -nost
TRACE::2026-03-25.11:40:23::SCWBDomain::artfiles -g -Wall -Wextra"

TRACE::2026-03-25.11:40:23::SCWBDomain::"Running Make include in ps7_cortexa9_0/libsrc/scutimer_v2_3/src"

TRACE::2026-03-25.11:40:23::SCWBDomain::make -C ps7_cortexa9_0/libsrc/scutimer_v2_3/src -s include  "SHELL=CMD" "COMPILER=arm-none-eabi-gcc" "ASSEMBLER=arm-none-eabi-a
TRACE::2026-03-25.11:40:23::SCWBDomain::s" "ARCHIVER=arm-none-eabi-ar" "COMPILER_FLAGS=  -O2 -c" "EXTRA_COMPILER_FLAGS=-mcpu=cortex-a9 -mfpu=vfpv3 -mfloat-abi=hard -no
TRACE::2026-03-25.11:40:23::SCWBDomain::startfiles -g -Wall -Wextra"

TRACE::2026-03-25.11:40:23::SCWBDomain::"Running Make include in ps7_cortexa9_0/libsrc/scuwdt_v2_3/src"

TRACE::2026-03-25.11:40:23::SCWBDomain::make -C ps7_cortexa9_0/libsrc/scuwdt_v2_3/src -s include  "SHELL=CMD" "COMPILER=arm-none-eabi-gcc" "ASSEMBLER=arm-none-eabi-as"
TRACE::2026-03-25.11:40:23::SCWBDomain:: "ARCHIVER=arm-none-eabi-ar" "COMPILER_FLAGS=  -O2 -c" "EXTRA_COMPILER_FLAGS=-mcpu=cortex-a9 -mfpu=vfpv3 -mfloat-abi=hard -nost
TRACE::2026-03-25.11:40:23::SCWBDomain::artfiles -g -Wall -Wextra"

TRACE::2026-03-25.11:40:23::SCWBDomain::"Running Make include in ps7_cortexa9_0/libsrc/standalone_v7_3/src"

TRACE::2026-03-25.11:40:23::SCWBDomain::make -C ps7_cortexa9_0/libsrc/standalone_v7_3/src -s include  "SHELL=CMD" "COMPILER=arm-none-eabi-gcc" "ASSEMBLER=arm-none-eabi
TRACE::2026-03-25.11:40:23::SCWBDomain::-as" "ARCHIVER=arm-none-eabi-ar" "COMPILER_FLAGS=  -O2 -c" "EXTRA_COMPILER_FLAGS=-mcpu=cortex-a9 -mfpu=vfpv3 -mfloat-abi=hard -
TRACE::2026-03-25.11:40:23::SCWBDomain::nostartfiles -g -Wall -Wextra"

TRACE::2026-03-25.11:40:24::SCWBDomain::"Running Make include in ps7_cortexa9_0/libsrc/uartps_v3_10/src"

TRACE::2026-03-25.11:40:24::SCWBDomain::make -C ps7_cortexa9_0/libsrc/uartps_v3_10/src -s include  "SHELL=CMD" "COMPILER=arm-none-eabi-gcc" "ASSEMBLER=arm-none-eabi-as
TRACE::2026-03-25.11:40:24::SCWBDomain::" "ARCHIVER=arm-none-eabi-ar" "COMPILER_FLAGS=  -O2 -c" "EXTRA_COMPILER_FLAGS=-mcpu=cortex-a9 -mfpu=vfpv3 -mfloat-abi=hard -nos
TRACE::2026-03-25.11:40:24::SCWBDomain::tartfiles -g -Wall -Wextra"

TRACE::2026-03-25.11:40:24::SCWBDomain::"Running Make include in ps7_cortexa9_0/libsrc/vtc_v8_3/src"

TRACE::2026-03-25.11:40:24::SCWBDomain::make -C ps7_cortexa9_0/libsrc/vtc_v8_3/src -s include  "SHELL=CMD" "COMPILER=arm-none-eabi-gcc" "ASSEMBLER=arm-none-eabi-as" "A
TRACE::2026-03-25.11:40:24::SCWBDomain::RCHIVER=arm-none-eabi-ar" "COMPILER_FLAGS=  -O2 -c" "EXTRA_COMPILER_FLAGS=-mcpu=cortex-a9 -mfpu=vfpv3 -mfloat-abi=hard -nostart
TRACE::2026-03-25.11:40:24::SCWBDomain::files -g -Wall -Wextra"

TRACE::2026-03-25.11:40:24::SCWBDomain::"Running Make include in ps7_cortexa9_0/libsrc/xadcps_v2_5/src"

TRACE::2026-03-25.11:40:24::SCWBDomain::make -C ps7_cortexa9_0/libsrc/xadcps_v2_5/src -s include  "SHELL=CMD" "COMPILER=arm-none-eabi-gcc" "ASSEMBLER=arm-none-eabi-as"
TRACE::2026-03-25.11:40:24::SCWBDomain:: "ARCHIVER=arm-none-eabi-ar" "COMPILER_FLAGS=  -O2 -c" "EXTRA_COMPILER_FLAGS=-mcpu=cortex-a9 -mfpu=vfpv3 -mfloat-abi=hard -nost
TRACE::2026-03-25.11:40:24::SCWBDomain::artfiles -g -Wall -Wextra"

TRACE::2026-03-25.11:40:24::SCWBDomain::"Running Make include in ps7_cortexa9_0/libsrc/xilffs_v4_4/src"

TRACE::2026-03-25.11:40:24::SCWBDomain::make -C ps7_cortexa9_0/libsrc/xilffs_v4_4/src -s include  "SHELL=CMD" "COMPILER=arm-none-eabi-gcc" "ASSEMBLER=arm-none-eabi-as"
TRACE::2026-03-25.11:40:24::SCWBDomain:: "ARCHIVER=arm-none-eabi-ar" "COMPILER_FLAGS=  -O2 -c" "EXTRA_COMPILER_FLAGS=-mcpu=cortex-a9 -mfpu=vfpv3 -mfloat-abi=hard -nost
TRACE::2026-03-25.11:40:24::SCWBDomain::artfiles -g -Wall -Wextra"

TRACE::2026-03-25.11:40:24::SCWBDomain::"Running Make include in ps7_cortexa9_0/libsrc/xilrsa_v1_6/src"

TRACE::2026-03-25.11:40:24::SCWBDomain::make -C ps7_cortexa9_0/libsrc/xilrsa_v1_6/src -s include  "SHELL=CMD" "COMPILER=arm-none-eabi-gcc" "ASSEMBLER=arm-none-eabi-as"
TRACE::2026-03-25.11:40:24::SCWBDomain:: "ARCHIVER=arm-none-eabi-ar" "COMPILER_FLAGS=  -O2 -c" "EXTRA_COMPILER_FLAGS=-mcpu=cortex-a9 -mfpu=vfpv3 -mfloat-abi=hard -nost
TRACE::2026-03-25.11:40:24::SCWBDomain::artfiles -g -Wall -Wextra"

TRACE::2026-03-25.11:40:24::SCWBDomain::"Running Make libs in ps7_cortexa9_0/libsrc/xilrsa_v1_6/src"

TRACE::2026-03-25.11:40:24::SCWBDomain::make -C ps7_cortexa9_0/libsrc/xilrsa_v1_6/src -s libs  "SHELL=CMD" "COMPILER=arm-none-eabi-gcc" "ASSEMBLER=arm-none-eabi-as" "A
TRACE::2026-03-25.11:40:24::SCWBDomain::RCHIVER=arm-none-eabi-ar" "COMPILER_FLAGS=  -O2 -c" "EXTRA_COMPILER_FLAGS=-mcpu=cortex-a9 -mfpu=vfpv3 -mfloat-abi=hard -nostart
TRACE::2026-03-25.11:40:24::SCWBDomain::files -g -Wall -Wextra"

TRACE::2026-03-25.11:40:24::SCWBDomain::'Finished building libraries sequentially.'

TRACE::2026-03-25.11:40:24::SCWBDomain::make -j --no-print-directory par_libs

TRACE::2026-03-25.11:40:24::SCWBDomain::"Running Make include in ps7_cortexa9_0/libsrc/axivdma_v6_8/src"

TRACE::2026-03-25.11:40:24::SCWBDomain::make -C ps7_cortexa9_0/libsrc/axivdma_v6_8/src -s include  "SHELL=CMD" "COMPILER=arm-none-eabi-gcc" "ASSEMBLER=arm-none-eabi-as
TRACE::2026-03-25.11:40:24::SCWBDomain::" "ARCHIVER=arm-none-eabi-ar" "COMPILER_FLAGS=  -O2 -c" "EXTRA_COMPILER_FLAGS=-mcpu=cortex-a9 -mfpu=vfpv3 -mfloat-abi=hard -nos
TRACE::2026-03-25.11:40:24::SCWBDomain::tartfiles -g -Wall -Wextra"

TRACE::2026-03-25.11:40:24::SCWBDomain::"Running Make include in ps7_cortexa9_0/libsrc/clk_wiz_v1_4/src"

TRACE::2026-03-25.11:40:24::SCWBDomain::make -C ps7_cortexa9_0/libsrc/clk_wiz_v1_4/src -s include  "SHELL=CMD" "COMPILER=arm-none-eabi-gcc" "ASSEMBLER=arm-none-eabi-as
TRACE::2026-03-25.11:40:24::SCWBDomain::" "ARCHIVER=arm-none-eabi-ar" "COMPILER_FLAGS=  -O2 -c" "EXTRA_COMPILER_FLAGS=-mcpu=cortex-a9 -mfpu=vfpv3 -mfloat-abi=hard -nos
TRACE::2026-03-25.11:40:24::SCWBDomain::tartfiles -g -Wall -Wextra"

TRACE::2026-03-25.11:40:24::SCWBDomain::"Running Make include in ps7_cortexa9_0/libsrc/coresightps_dcc_v1_8/src"

TRACE::2026-03-25.11:40:24::SCWBDomain::make -C ps7_cortexa9_0/libsrc/coresightps_dcc_v1_8/src -s include  "SHELL=CMD" "COMPILER=arm-none-eabi-gcc" "ASSEMBLER=arm-none
TRACE::2026-03-25.11:40:24::SCWBDomain::-eabi-as" "ARCHIVER=arm-none-eabi-ar" "COMPILER_FLAGS=  -O2 -c" "EXTRA_COMPILER_FLAGS=-mcpu=cortex-a9 -mfpu=vfpv3 -mfloat-abi=h
TRACE::2026-03-25.11:40:24::SCWBDomain::ard -nostartfiles -g -Wall -Wextra"

TRACE::2026-03-25.11:40:24::SCWBDomain::"Running Make include in ps7_cortexa9_0/libsrc/cpu_cortexa9_v2_10/src"

TRACE::2026-03-25.11:40:24::SCWBDomain::make -C ps7_cortexa9_0/libsrc/cpu_cortexa9_v2_10/src -s include  "SHELL=CMD" "COMPILER=arm-none-eabi-gcc" "ASSEMBLER=arm-none-e
TRACE::2026-03-25.11:40:24::SCWBDomain::abi-as" "ARCHIVER=arm-none-eabi-ar" "COMPILER_FLAGS=  -O2 -c" "EXTRA_COMPILER_FLAGS=-mcpu=cortex-a9 -mfpu=vfpv3 -mfloat-abi=har
TRACE::2026-03-25.11:40:24::SCWBDomain::d -nostartfiles -g -Wall -Wextra"

TRACE::2026-03-25.11:40:24::SCWBDomain::"Running Make include in ps7_cortexa9_0/libsrc/ddrps_v1_2/src"

TRACE::2026-03-25.11:40:24::SCWBDomain::make -C ps7_cortexa9_0/libsrc/ddrps_v1_2/src -s include  "SHELL=CMD" "COMPILER=arm-none-eabi-gcc" "ASSEMBLER=arm-none-eabi-as" 
TRACE::2026-03-25.11:40:24::SCWBDomain::"ARCHIVER=arm-none-eabi-ar" "COMPILER_FLAGS=  -O2 -c" "EXTRA_COMPILER_FLAGS=-mcpu=cortex-a9 -mfpu=vfpv3 -mfloat-abi=hard -nosta
TRACE::2026-03-25.11:40:24::SCWBDomain::rtfiles -g -Wall -Wextra"

TRACE::2026-03-25.11:40:24::SCWBDomain::"Running Make include in ps7_cortexa9_0/libsrc/devcfg_v3_7/src"

TRACE::2026-03-25.11:40:24::SCWBDomain::make -C ps7_cortexa9_0/libsrc/devcfg_v3_7/src -s include  "SHELL=CMD" "COMPILER=arm-none-eabi-gcc" "ASSEMBLER=arm-none-eabi-as"
TRACE::2026-03-25.11:40:24::SCWBDomain:: "ARCHIVER=arm-none-eabi-ar" "COMPILER_FLAGS=  -O2 -c" "EXTRA_COMPILER_FLAGS=-mcpu=cortex-a9 -mfpu=vfpv3 -mfloat-abi=hard -nost
TRACE::2026-03-25.11:40:24::SCWBDomain::artfiles -g -Wall -Wextra"

TRACE::2026-03-25.11:40:24::SCWBDomain::"Running Make include in ps7_cortexa9_0/libsrc/dmaps_v2_7/src"

TRACE::2026-03-25.11:40:24::SCWBDomain::make -C ps7_cortexa9_0/libsrc/dmaps_v2_7/src -s include  "SHELL=CMD" "COMPILER=arm-none-eabi-gcc" "ASSEMBLER=arm-none-eabi-as" 
TRACE::2026-03-25.11:40:24::SCWBDomain::"ARCHIVER=arm-none-eabi-ar" "COMPILER_FLAGS=  -O2 -c" "EXTRA_COMPILER_FLAGS=-mcpu=cortex-a9 -mfpu=vfpv3 -mfloat-abi=hard -nosta
TRACE::2026-03-25.11:40:24::SCWBDomain::rtfiles -g -Wall -Wextra"

TRACE::2026-03-25.11:40:24::SCWBDomain::"Running Make include in ps7_cortexa9_0/libsrc/gpio_v4_7/src"

TRACE::2026-03-25.11:40:24::SCWBDomain::make -C ps7_cortexa9_0/libsrc/gpio_v4_7/src -s include  "SHELL=CMD" "COMPILER=arm-none-eabi-gcc" "ASSEMBLER=arm-none-eabi-as" "
TRACE::2026-03-25.11:40:24::SCWBDomain::ARCHIVER=arm-none-eabi-ar" "COMPILER_FLAGS=  -O2 -c" "EXTRA_COMPILER_FLAGS=-mcpu=cortex-a9 -mfpu=vfpv3 -mfloat-abi=hard -nostar
TRACE::2026-03-25.11:40:24::SCWBDomain::tfiles -g -Wall -Wextra"

TRACE::2026-03-25.11:40:24::SCWBDomain::"Running Make include in ps7_cortexa9_0/libsrc/scugic_v4_3/src"

TRACE::2026-03-25.11:40:24::SCWBDomain::make -C ps7_cortexa9_0/libsrc/scugic_v4_3/src -s include  "SHELL=CMD" "COMPILER=arm-none-eabi-gcc" "ASSEMBLER=arm-none-eabi-as"
TRACE::2026-03-25.11:40:24::SCWBDomain:: "ARCHIVER=arm-none-eabi-ar" "COMPILER_FLAGS=  -O2 -c" "EXTRA_COMPILER_FLAGS=-mcpu=cortex-a9 -mfpu=vfpv3 -mfloat-abi=hard -nost
TRACE::2026-03-25.11:40:24::SCWBDomain::artfiles -g -Wall -Wextra"

TRACE::2026-03-25.11:40:24::SCWBDomain::"Running Make include in ps7_cortexa9_0/libsrc/scutimer_v2_3/src"

TRACE::2026-03-25.11:40:24::SCWBDomain::make -C ps7_cortexa9_0/libsrc/scutimer_v2_3/src -s include  "SHELL=CMD" "COMPILER=arm-none-eabi-gcc" "ASSEMBLER=arm-none-eabi-a
TRACE::2026-03-25.11:40:24::SCWBDomain::s" "ARCHIVER=arm-none-eabi-ar" "COMPILER_FLAGS=  -O2 -c" "EXTRA_COMPILER_FLAGS=-mcpu=cortex-a9 -mfpu=vfpv3 -mfloat-abi=hard -no
TRACE::2026-03-25.11:40:24::SCWBDomain::startfiles -g -Wall -Wextra"

TRACE::2026-03-25.11:40:24::SCWBDomain::"Running Make include in ps7_cortexa9_0/libsrc/scuwdt_v2_3/src"

TRACE::2026-03-25.11:40:24::SCWBDomain::make -C ps7_cortexa9_0/libsrc/scuwdt_v2_3/src -s include  "SHELL=CMD" "COMPILER=arm-none-eabi-gcc" "ASSEMBLER=arm-none-eabi-as"
TRACE::2026-03-25.11:40:24::SCWBDomain:: "ARCHIVER=arm-none-eabi-ar" "COMPILER_FLAGS=  -O2 -c" "EXTRA_COMPILER_FLAGS=-mcpu=cortex-a9 -mfpu=vfpv3 -mfloat-abi=hard -nost
TRACE::2026-03-25.11:40:24::SCWBDomain::artfiles -g -Wall -Wextra"

TRACE::2026-03-25.11:40:24::SCWBDomain::"Running Make include in ps7_cortexa9_0/libsrc/standalone_v7_3/src"

TRACE::2026-03-25.11:40:24::SCWBDomain::make -C ps7_cortexa9_0/libsrc/standalone_v7_3/src -s include  "SHELL=CMD" "COMPILER=arm-none-eabi-gcc" "ASSEMBLER=arm-none-eabi
TRACE::2026-03-25.11:40:24::SCWBDomain::-as" "ARCHIVER=arm-none-eabi-ar" "COMPILER_FLAGS=  -O2 -c" "EXTRA_COMPILER_FLAGS=-mcpu=cortex-a9 -mfpu=vfpv3 -mfloat-abi=hard -
TRACE::2026-03-25.11:40:24::SCWBDomain::nostartfiles -g -Wall -Wextra"

TRACE::2026-03-25.11:40:24::SCWBDomain::"Running Make include in ps7_cortexa9_0/libsrc/uartps_v3_10/src"

TRACE::2026-03-25.11:40:24::SCWBDomain::make -C ps7_cortexa9_0/libsrc/uartps_v3_10/src -s include  "SHELL=CMD" "COMPILER=arm-none-eabi-gcc" "ASSEMBLER=arm-none-eabi-as
TRACE::2026-03-25.11:40:24::SCWBDomain::" "ARCHIVER=arm-none-eabi-ar" "COMPILER_FLAGS=  -O2 -c" "EXTRA_COMPILER_FLAGS=-mcpu=cortex-a9 -mfpu=vfpv3 -mfloat-abi=hard -nos
TRACE::2026-03-25.11:40:24::SCWBDomain::tartfiles -g -Wall -Wextra"

TRACE::2026-03-25.11:40:24::SCWBDomain::"Running Make include in ps7_cortexa9_0/libsrc/vtc_v8_3/src"

TRACE::2026-03-25.11:40:24::SCWBDomain::make -C ps7_cortexa9_0/libsrc/vtc_v8_3/src -s include  "SHELL=CMD" "COMPILER=arm-none-eabi-gcc" "ASSEMBLER=arm-none-eabi-as" "A
TRACE::2026-03-25.11:40:24::SCWBDomain::RCHIVER=arm-none-eabi-ar" "COMPILER_FLAGS=  -O2 -c" "EXTRA_COMPILER_FLAGS=-mcpu=cortex-a9 -mfpu=vfpv3 -mfloat-abi=hard -nostart
TRACE::2026-03-25.11:40:24::SCWBDomain::files -g -Wall -Wextra"

TRACE::2026-03-25.11:40:24::SCWBDomain::"Running Make include in ps7_cortexa9_0/libsrc/xadcps_v2_5/src"

TRACE::2026-03-25.11:40:24::SCWBDomain::make -C ps7_cortexa9_0/libsrc/xadcps_v2_5/src -s include  "SHELL=CMD" "COMPILER=arm-none-eabi-gcc" "ASSEMBLER=arm-none-eabi-as"
TRACE::2026-03-25.11:40:24::SCWBDomain:: "ARCHIVER=arm-none-eabi-ar" "COMPILER_FLAGS=  -O2 -c" "EXTRA_COMPILER_FLAGS=-mcpu=cortex-a9 -mfpu=vfpv3 -mfloat-abi=hard -nost
TRACE::2026-03-25.11:40:24::SCWBDomain::artfiles -g -Wall -Wextra"

TRACE::2026-03-25.11:40:24::SCWBDomain::"Running Make include in ps7_cortexa9_0/libsrc/xilffs_v4_4/src"

TRACE::2026-03-25.11:40:24::SCWBDomain::make -C ps7_cortexa9_0/libsrc/xilffs_v4_4/src -s include  "SHELL=CMD" "COMPILER=arm-none-eabi-gcc" "ASSEMBLER=arm-none-eabi-as"
TRACE::2026-03-25.11:40:24::SCWBDomain:: "ARCHIVER=arm-none-eabi-ar" "COMPILER_FLAGS=  -O2 -c" "EXTRA_COMPILER_FLAGS=-mcpu=cortex-a9 -mfpu=vfpv3 -mfloat-abi=hard -nost
TRACE::2026-03-25.11:40:24::SCWBDomain::artfiles -g -Wall -Wextra"

TRACE::2026-03-25.11:40:24::SCWBDomain::"Running Make include in ps7_cortexa9_0/libsrc/xilrsa_v1_6/src"

TRACE::2026-03-25.11:40:24::SCWBDomain::make -C ps7_cortexa9_0/libsrc/xilrsa_v1_6/src -s include  "SHELL=CMD" "COMPILER=arm-none-eabi-gcc" "ASSEMBLER=arm-none-eabi-as"
TRACE::2026-03-25.11:40:24::SCWBDomain:: "ARCHIVER=arm-none-eabi-ar" "COMPILER_FLAGS=  -O2 -c" "EXTRA_COMPILER_FLAGS=-mcpu=cortex-a9 -mfpu=vfpv3 -mfloat-abi=hard -nost
TRACE::2026-03-25.11:40:24::SCWBDomain::artfiles -g -Wall -Wextra"

TRACE::2026-03-25.11:40:24::SCWBDomain::"Running Make libs in ps7_cortexa9_0/libsrc/axivdma_v6_8/src"

TRACE::2026-03-25.11:40:24::SCWBDomain::make -C ps7_cortexa9_0/libsrc/axivdma_v6_8/src -s libs  "SHELL=CMD" "COMPILER=arm-none-eabi-gcc" "ASSEMBLER=arm-none-eabi-as" "
TRACE::2026-03-25.11:40:24::SCWBDomain::ARCHIVER=arm-none-eabi-ar" "COMPILER_FLAGS=  -O2 -c" "EXTRA_COMPILER_FLAGS=-mcpu=cortex-a9 -mfpu=vfpv3 -mfloat-abi=hard -nostar
TRACE::2026-03-25.11:40:24::SCWBDomain::tfiles -g -Wall -Wextra"

TRACE::2026-03-25.11:40:24::SCWBDomain::"Running Make libs in ps7_cortexa9_0/libsrc/clk_wiz_v1_4/src"

TRACE::2026-03-25.11:40:24::SCWBDomain::make -C ps7_cortexa9_0/libsrc/clk_wiz_v1_4/src -s libs  "SHELL=CMD" "COMPILER=arm-none-eabi-gcc" "ASSEMBLER=arm-none-eabi-as" "
TRACE::2026-03-25.11:40:24::SCWBDomain::ARCHIVER=arm-none-eabi-ar" "COMPILER_FLAGS=  -O2 -c" "EXTRA_COMPILER_FLAGS=-mcpu=cortex-a9 -mfpu=vfpv3 -mfloat-abi=hard -nostar
TRACE::2026-03-25.11:40:24::SCWBDomain::tfiles -g -Wall -Wextra"

TRACE::2026-03-25.11:40:24::SCWBDomain::"Running Make libs in ps7_cortexa9_0/libsrc/coresightps_dcc_v1_8/src"

TRACE::2026-03-25.11:40:24::SCWBDomain::make -C ps7_cortexa9_0/libsrc/coresightps_dcc_v1_8/src -s libs  "SHELL=CMD" "COMPILER=arm-none-eabi-gcc" "ASSEMBLER=arm-none-ea
TRACE::2026-03-25.11:40:24::SCWBDomain::bi-as" "ARCHIVER=arm-none-eabi-ar" "COMPILER_FLAGS=  -O2 -c" "EXTRA_COMPILER_FLAGS=-mcpu=cortex-a9 -mfpu=vfpv3 -mfloat-abi=hard
TRACE::2026-03-25.11:40:24::SCWBDomain:: -nostartfiles -g -Wall -Wextra"

TRACE::2026-03-25.11:40:24::SCWBDomain::"Running Make libs in ps7_cortexa9_0/libsrc/cpu_cortexa9_v2_10/src"

TRACE::2026-03-25.11:40:24::SCWBDomain::make -C ps7_cortexa9_0/libsrc/cpu_cortexa9_v2_10/src -s libs  "SHELL=CMD" "COMPILER=arm-none-eabi-gcc" "ASSEMBLER=arm-none-eabi
TRACE::2026-03-25.11:40:24::SCWBDomain::-as" "ARCHIVER=arm-none-eabi-ar" "COMPILER_FLAGS=  -O2 -c" "EXTRA_COMPILER_FLAGS=-mcpu=cortex-a9 -mfpu=vfpv3 -mfloat-abi=hard -
TRACE::2026-03-25.11:40:24::SCWBDomain::nostartfiles -g -Wall -Wextra"

TRACE::2026-03-25.11:40:24::SCWBDomain::"Running Make libs in ps7_cortexa9_0/libsrc/ddrps_v1_2/src"

TRACE::2026-03-25.11:40:24::SCWBDomain::make -C ps7_cortexa9_0/libsrc/ddrps_v1_2/src -s libs  "SHELL=CMD" "COMPILER=arm-none-eabi-gcc" "ASSEMBLER=arm-none-eabi-as" "AR
TRACE::2026-03-25.11:40:24::SCWBDomain::CHIVER=arm-none-eabi-ar" "COMPILER_FLAGS=  -O2 -c" "EXTRA_COMPILER_FLAGS=-mcpu=cortex-a9 -mfpu=vfpv3 -mfloat-abi=hard -nostartf
TRACE::2026-03-25.11:40:24::SCWBDomain::iles -g -Wall -Wextra"

TRACE::2026-03-25.11:40:24::SCWBDomain::"Running Make libs in ps7_cortexa9_0/libsrc/devcfg_v3_7/src"

TRACE::2026-03-25.11:40:24::SCWBDomain::make -C ps7_cortexa9_0/libsrc/devcfg_v3_7/src -s libs  "SHELL=CMD" "COMPILER=arm-none-eabi-gcc" "ASSEMBLER=arm-none-eabi-as" "A
TRACE::2026-03-25.11:40:24::SCWBDomain::RCHIVER=arm-none-eabi-ar" "COMPILER_FLAGS=  -O2 -c" "EXTRA_COMPILER_FLAGS=-mcpu=cortex-a9 -mfpu=vfpv3 -mfloat-abi=hard -nostart
TRACE::2026-03-25.11:40:24::SCWBDomain::files -g -Wall -Wextra"

TRACE::2026-03-25.11:40:24::SCWBDomain::"Running Make libs in ps7_cortexa9_0/libsrc/dmaps_v2_7/src"

TRACE::2026-03-25.11:40:24::SCWBDomain::make -C ps7_cortexa9_0/libsrc/dmaps_v2_7/src -s libs  "SHELL=CMD" "COMPILER=arm-none-eabi-gcc" "ASSEMBLER=arm-none-eabi-as" "AR
TRACE::2026-03-25.11:40:24::SCWBDomain::CHIVER=arm-none-eabi-ar" "COMPILER_FLAGS=  -O2 -c" "EXTRA_COMPILER_FLAGS=-mcpu=cortex-a9 -mfpu=vfpv3 -mfloat-abi=hard -nostartf
TRACE::2026-03-25.11:40:24::SCWBDomain::iles -g -Wall -Wextra"

TRACE::2026-03-25.11:40:24::SCWBDomain::"Running Make libs in ps7_cortexa9_0/libsrc/gpio_v4_7/src"

TRACE::2026-03-25.11:40:24::SCWBDomain::make -C ps7_cortexa9_0/libsrc/gpio_v4_7/src -s libs  "SHELL=CMD" "COMPILER=arm-none-eabi-gcc" "ASSEMBLER=arm-none-eabi-as" "ARC
TRACE::2026-03-25.11:40:24::SCWBDomain::HIVER=arm-none-eabi-ar" "COMPILER_FLAGS=  -O2 -c" "EXTRA_COMPILER_FLAGS=-mcpu=cortex-a9 -mfpu=vfpv3 -mfloat-abi=hard -nostartfi
TRACE::2026-03-25.11:40:24::SCWBDomain::les -g -Wall -Wextra"

TRACE::2026-03-25.11:40:24::SCWBDomain::"Running Make libs in ps7_cortexa9_0/libsrc/scugic_v4_3/src"

TRACE::2026-03-25.11:40:24::SCWBDomain::make -C ps7_cortexa9_0/libsrc/scugic_v4_3/src -s libs  "SHELL=CMD" "COMPILER=arm-none-eabi-gcc" "ASSEMBLER=arm-none-eabi-as" "A
TRACE::2026-03-25.11:40:24::SCWBDomain::RCHIVER=arm-none-eabi-ar" "COMPILER_FLAGS=  -O2 -c" "EXTRA_COMPILER_FLAGS=-mcpu=cortex-a9 -mfpu=vfpv3 -mfloat-abi=hard -nostart
TRACE::2026-03-25.11:40:24::SCWBDomain::files -g -Wall -Wextra"

TRACE::2026-03-25.11:40:24::SCWBDomain::"Running Make libs in ps7_cortexa9_0/libsrc/scutimer_v2_3/src"

TRACE::2026-03-25.11:40:24::SCWBDomain::make -C ps7_cortexa9_0/libsrc/scutimer_v2_3/src -s libs  "SHELL=CMD" "COMPILER=arm-none-eabi-gcc" "ASSEMBLER=arm-none-eabi-as" 
TRACE::2026-03-25.11:40:24::SCWBDomain::"ARCHIVER=arm-none-eabi-ar" "COMPILER_FLAGS=  -O2 -c" "EXTRA_COMPILER_FLAGS=-mcpu=cortex-a9 -mfpu=vfpv3 -mfloat-abi=hard -nosta
TRACE::2026-03-25.11:40:24::SCWBDomain::rtfiles -g -Wall -Wextra"

TRACE::2026-03-25.11:40:24::SCWBDomain::"Running Make libs in ps7_cortexa9_0/libsrc/scuwdt_v2_3/src"

TRACE::2026-03-25.11:40:24::SCWBDomain::make -C ps7_cortexa9_0/libsrc/scuwdt_v2_3/src -s libs  "SHELL=CMD" "COMPILER=arm-none-eabi-gcc" "ASSEMBLER=arm-none-eabi-as" "A
TRACE::2026-03-25.11:40:24::SCWBDomain::RCHIVER=arm-none-eabi-ar" "COMPILER_FLAGS=  -O2 -c" "EXTRA_COMPILER_FLAGS=-mcpu=cortex-a9 -mfpu=vfpv3 -mfloat-abi=hard -nostart
TRACE::2026-03-25.11:40:24::SCWBDomain::files -g -Wall -Wextra"

TRACE::2026-03-25.11:40:25::SCWBDomain::"Running Make libs in ps7_cortexa9_0/libsrc/standalone_v7_3/src"

TRACE::2026-03-25.11:40:25::SCWBDomain::make -C ps7_cortexa9_0/libsrc/standalone_v7_3/src -s libs  "SHELL=CMD" "COMPILER=arm-none-eabi-gcc" "ASSEMBLER=arm-none-eabi-as
TRACE::2026-03-25.11:40:25::SCWBDomain::" "ARCHIVER=arm-none-eabi-ar" "COMPILER_FLAGS=  -O2 -c" "EXTRA_COMPILER_FLAGS=-mcpu=cortex-a9 -mfpu=vfpv3 -mfloat-abi=hard -nos
TRACE::2026-03-25.11:40:25::SCWBDomain::tartfiles -g -Wall -Wextra"

TRACE::2026-03-25.11:40:25::SCWBDomain::"Running Make libs in ps7_cortexa9_0/libsrc/uartps_v3_10/src"

TRACE::2026-03-25.11:40:25::SCWBDomain::make -C ps7_cortexa9_0/libsrc/uartps_v3_10/src -s libs  "SHELL=CMD" "COMPILER=arm-none-eabi-gcc" "ASSEMBLER=arm-none-eabi-as" "
TRACE::2026-03-25.11:40:25::SCWBDomain::ARCHIVER=arm-none-eabi-ar" "COMPILER_FLAGS=  -O2 -c" "EXTRA_COMPILER_FLAGS=-mcpu=cortex-a9 -mfpu=vfpv3 -mfloat-abi=hard -nostar
TRACE::2026-03-25.11:40:25::SCWBDomain::tfiles -g -Wall -Wextra"

TRACE::2026-03-25.11:40:25::SCWBDomain::"Running Make libs in ps7_cortexa9_0/libsrc/vtc_v8_3/src"

TRACE::2026-03-25.11:40:25::SCWBDomain::make -C ps7_cortexa9_0/libsrc/vtc_v8_3/src -s libs  "SHELL=CMD" "COMPILER=arm-none-eabi-gcc" "ASSEMBLER=arm-none-eabi-as" "ARCH
TRACE::2026-03-25.11:40:25::SCWBDomain::IVER=arm-none-eabi-ar" "COMPILER_FLAGS=  -O2 -c" "EXTRA_COMPILER_FLAGS=-mcpu=cortex-a9 -mfpu=vfpv3 -mfloat-abi=hard -nostartfil
TRACE::2026-03-25.11:40:25::SCWBDomain::es -g -Wall -Wextra"

TRACE::2026-03-25.11:40:25::SCWBDomain::"Running Make libs in ps7_cortexa9_0/libsrc/xadcps_v2_5/src"

TRACE::2026-03-25.11:40:25::SCWBDomain::make -C ps7_cortexa9_0/libsrc/xadcps_v2_5/src -s libs  "SHELL=CMD" "COMPILER=arm-none-eabi-gcc" "ASSEMBLER=arm-none-eabi-as" "A
TRACE::2026-03-25.11:40:25::SCWBDomain::RCHIVER=arm-none-eabi-ar" "COMPILER_FLAGS=  -O2 -c" "EXTRA_COMPILER_FLAGS=-mcpu=cortex-a9 -mfpu=vfpv3 -mfloat-abi=hard -nostart
TRACE::2026-03-25.11:40:25::SCWBDomain::files -g -Wall -Wextra"

TRACE::2026-03-25.11:40:25::SCWBDomain::"Running Make libs in ps7_cortexa9_0/libsrc/xilffs_v4_4/src"

TRACE::2026-03-25.11:40:25::SCWBDomain::make -C ps7_cortexa9_0/libsrc/xilffs_v4_4/src -s libs  "SHELL=CMD" "COMPILER=arm-none-eabi-gcc" "ASSEMBLER=arm-none-eabi-as" "A
TRACE::2026-03-25.11:40:25::SCWBDomain::RCHIVER=arm-none-eabi-ar" "COMPILER_FLAGS=  -O2 -c" "EXTRA_COMPILER_FLAGS=-mcpu=cortex-a9 -mfpu=vfpv3 -mfloat-abi=hard -nostart
TRACE::2026-03-25.11:40:25::SCWBDomain::files -g -Wall -Wextra"

TRACE::2026-03-25.11:40:25::SCWBDomain::'Finished building libraries parallelly.'

TRACE::2026-03-25.11:40:25::SCWBDomain::make --no-print-directory archive

TRACE::2026-03-25.11:40:25::SCWBDomain::arm-none-eabi-ar -r  ps7_cortexa9_0/lib/libxil.a ps7_cortexa9_0/lib/xil_printf.o ps7_cortexa9_0/lib/xadcps_selftest.o ps7_corte
TRACE::2026-03-25.11:40:25::SCWBDomain::xa9_0/lib/usleep.o ps7_cortexa9_0/lib/xscuwdt.o ps7_cortexa9_0/lib/xplatform_info.o ps7_cortexa9_0/lib/print.o ps7_cortexa9_0/l
TRACE::2026-03-25.11:40:25::SCWBDomain::ib/xscutimer.o ps7_cortexa9_0/lib/xclk_wiz_sinit.o ps7_cortexa9_0/lib/_exit.o ps7_cortexa9_0/lib/xvtc_selftest.o ps7_cortexa9_0
TRACE::2026-03-25.11:40:25::SCWBDomain::/lib/xil_testio.o ps7_cortexa9_0/lib/sleep.o ps7_cortexa9_0/lib/xdevcfg_hw.o ps7_cortexa9_0/lib/xadcps_intr.o ps7_cortexa9_0/li
TRACE::2026-03-25.11:40:25::SCWBDomain::b/xpm_counter.o ps7_cortexa9_0/lib/xscutimer_sinit.o ps7_cortexa9_0/lib/xdmaps_g.o ps7_cortexa9_0/lib/xclk_wiz_g.o ps7_cortexa9
TRACE::2026-03-25.11:40:25::SCWBDomain::_0/lib/xdmaps_sinit.o ps7_cortexa9_0/lib/xil_cache.o ps7_cortexa9_0/lib/inbyte.o ps7_cortexa9_0/lib/xdmaps_selftest.o ps7_corte
TRACE::2026-03-25.11:40:25::SCWBDomain::xa9_0/lib/xil_misc_psreset_api.o ps7_cortexa9_0/lib/cpputest_time.o ps7_cortexa9_0/lib/xuartps_options.o ps7_cortexa9_0/lib/clo
TRACE::2026-03-25.11:40:25::SCWBDomain::se.o ps7_cortexa9_0/lib/xuartps_g.o ps7_cortexa9_0/lib/xil_mem.o ps7_cortexa9_0/lib/xscugic_hw.o ps7_cortexa9_0/lib/xvtc_g.o ps
TRACE::2026-03-25.11:40:25::SCWBDomain::7_cortexa9_0/lib/xscuwdt_selftest.o ps7_cortexa9_0/lib/xgpio_g.o ps7_cortexa9_0/lib/translation_table.o ps7_cortexa9_0/lib/xaxi
TRACE::2026-03-25.11:40:25::SCWBDomain::vdma_g.o ps7_cortexa9_0/lib/xaxivdma_sinit.o ps7_cortexa9_0/lib/cpu_init.o ps7_cortexa9_0/lib/xscugic_g.o ps7_cortexa9_0/lib/xu
TRACE::2026-03-25.11:40:25::SCWBDomain::artps_sinit.o ps7_cortexa9_0/lib/xgpio_selftest.o ps7_cortexa9_0/lib/xaxivdma_selftest.o ps7_cortexa9_0/lib/xgpio_intr.o ps7_co
TRACE::2026-03-25.11:40:25::SCWBDomain::rtexa9_0/lib/xil_sleepcommon.o ps7_cortexa9_0/lib/unlink.o ps7_cortexa9_0/lib/xadcps.o ps7_cortexa9_0/lib/xdmaps_hw.o ps7_corte
TRACE::2026-03-25.11:40:25::SCWBDomain::xa9_0/lib/xscugic_intr.o ps7_cortexa9_0/lib/xscugic_sinit.o ps7_cortexa9_0/lib/fcntl.o ps7_cortexa9_0/lib/open.o ps7_cortexa9_0
TRACE::2026-03-25.11:40:25::SCWBDomain::/lib/outbyte.o ps7_cortexa9_0/lib/xuartps_selftest.o ps7_cortexa9_0/lib/xuartps_hw.o ps7_cortexa9_0/lib/lseek.o ps7_cortexa9_0/
TRACE::2026-03-25.11:40:25::SCWBDomain::lib/xscutimer_selftest.o ps7_cortexa9_0/lib/read.o ps7_cortexa9_0/lib/xil_testmem.o ps7_cortexa9_0/lib/xil_sleeptimer.o ps7_cor
TRACE::2026-03-25.11:40:25::SCWBDomain::texa9_0/lib/xl2cc_counter.o ps7_cortexa9_0/lib/xtime_l.o ps7_cortexa9_0/lib/kill.o ps7_cortexa9_0/lib/xil_mmu.o ps7_cortexa9_0/
TRACE::2026-03-25.11:40:25::SCWBDomain::lib/asm_vectors.o ps7_cortexa9_0/lib/abort.o ps7_cortexa9_0/lib/xdevcfg_g.o ps7_cortexa9_0/lib/xuartps_intr.o ps7_cortexa9_0/li
TRACE::2026-03-25.11:40:25::SCWBDomain::b/xuartps.o ps7_cortexa9_0/lib/getpid.o ps7_cortexa9_0/lib/xil_testcache.o ps7_cortexa9_0/lib/xdevcfg_sinit.o ps7_cortexa9_0/li
TRACE::2026-03-25.11:40:25::SCWBDomain::b/xdmaps.o ps7_cortexa9_0/lib/xaxivdma_channel.o ps7_cortexa9_0/lib/xdevcfg_selftest.o ps7_cortexa9_0/lib/xclk_wiz.o ps7_cortex
TRACE::2026-03-25.11:40:25::SCWBDomain::a9_0/lib/xvtc_intr.o ps7_cortexa9_0/lib/xvtc.o ps7_cortexa9_0/lib/xscuwdt_sinit.o ps7_cortexa9_0/lib/sbrk.o ps7_cortexa9_0/lib/
TRACE::2026-03-25.11:40:25::SCWBDomain::xaxivdma.o ps7_cortexa9_0/lib/fstat.o ps7_cortexa9_0/lib/xscuwdt_g.o ps7_cortexa9_0/lib/errno.o ps7_cortexa9_0/lib/xil_util.o p
TRACE::2026-03-25.11:40:25::SCWBDomain::s7_cortexa9_0/lib/xdevcfg_intr.o ps7_cortexa9_0/lib/xscutimer_g.o ps7_cortexa9_0/lib/_sbrk.o ps7_cortexa9_0/lib/vectors.o ps7_c
TRACE::2026-03-25.11:40:25::SCWBDomain::ortexa9_0/lib/xil_exception.o ps7_cortexa9_0/lib/xgpio.o ps7_cortexa9_0/lib/write.o ps7_cortexa9_0/lib/xvtc_sinit.o ps7_cortexa
TRACE::2026-03-25.11:40:25::SCWBDomain::9_0/lib/xclk_wiz_intr.o ps7_cortexa9_0/lib/putnum.o ps7_cortexa9_0/lib/xil_clocking.o ps7_cortexa9_0/lib/xgpio_sinit.o ps7_cort
TRACE::2026-03-25.11:40:25::SCWBDomain::exa9_0/lib/xil_assert.o ps7_cortexa9_0/lib/xaxivdma_intr.o ps7_cortexa9_0/lib/xgpio_extra.o ps7_cortexa9_0/lib/xcoresightpsdcc.
TRACE::2026-03-25.11:40:25::SCWBDomain::o ps7_cortexa9_0/lib/isatty.o ps7_cortexa9_0/lib/xil-crt0.o ps7_cortexa9_0/lib/xscugic.o ps7_cortexa9_0/lib/xadcps_g.o ps7_cort
TRACE::2026-03-25.11:40:25::SCWBDomain::exa9_0/lib/xscugic_selftest.o ps7_cortexa9_0/lib/xadcps_sinit.o ps7_cortexa9_0/lib/boot.o ps7_cortexa9_0/lib/_open.o ps7_cortex
TRACE::2026-03-25.11:40:25::SCWBDomain::a9_0/lib/xdevcfg.o

TRACE::2026-03-25.11:40:25::SCWBDomain::'Finished building libraries'

TRACE::2026-03-25.11:40:25::SCWBDomain::make: Leaving directory 'D:/Zynq/vitis/version_2020/21_01_axi_vdma_lcd/vitis/system_wrapper/zynq_fsbl/zynq_fsbl_bsp'

TRACE::2026-03-25.11:40:26::SCWBDomain::arm-none-eabi-gcc -MMD -MP       -mcpu=cortex-a9 -mfpu=vfpv3 -mfloat-abi=hard   -O2 -c -c sd.c -o sd.o -Izynq_fsbl_bsp/ps7_cort
TRACE::2026-03-25.11:40:26::SCWBDomain::exa9_0/include -I.

TRACE::2026-03-25.11:40:26::SCWBDomain::arm-none-eabi-gcc -MMD -MP       -mcpu=cortex-a9 -mfpu=vfpv3 -mfloat-abi=hard   -O2 -c -c nand.c -o nand.o -Izynq_fsbl_bsp/ps7_
TRACE::2026-03-25.11:40:26::SCWBDomain::cortexa9_0/include -I.

TRACE::2026-03-25.11:40:26::SCWBDomain::arm-none-eabi-gcc -MMD -MP       -mcpu=cortex-a9 -mfpu=vfpv3 -mfloat-abi=hard   -O2 -c -c nor.c -o nor.o -Izynq_fsbl_bsp/ps7_co
TRACE::2026-03-25.11:40:26::SCWBDomain::rtexa9_0/include -I.

TRACE::2026-03-25.11:40:26::SCWBDomain::arm-none-eabi-gcc -MMD -MP       -mcpu=cortex-a9 -mfpu=vfpv3 -mfloat-abi=hard   -O2 -c -c image_mover.c -o image_mover.o -Izynq
TRACE::2026-03-25.11:40:26::SCWBDomain::_fsbl_bsp/ps7_cortexa9_0/include -I.

TRACE::2026-03-25.11:40:26::SCWBDomain::arm-none-eabi-gcc -MMD -MP       -mcpu=cortex-a9 -mfpu=vfpv3 -mfloat-abi=hard   -O2 -c -c md5.c -o md5.o -Izynq_fsbl_bsp/ps7_co
TRACE::2026-03-25.11:40:26::SCWBDomain::rtexa9_0/include -I.

TRACE::2026-03-25.11:40:26::SCWBDomain::arm-none-eabi-gcc -MMD -MP       -mcpu=cortex-a9 -mfpu=vfpv3 -mfloat-abi=hard   -O2 -c -c fsbl_hooks.c -o fsbl_hooks.o -Izynq_f
TRACE::2026-03-25.11:40:26::SCWBDomain::sbl_bsp/ps7_cortexa9_0/include -I.

TRACE::2026-03-25.11:40:26::SCWBDomain::arm-none-eabi-gcc -MMD -MP       -mcpu=cortex-a9 -mfpu=vfpv3 -mfloat-abi=hard   -O2 -c -c main.c -o main.o -Izynq_fsbl_bsp/ps7_
TRACE::2026-03-25.11:40:26::SCWBDomain::cortexa9_0/include -I.

TRACE::2026-03-25.11:40:26::SCWBDomain::arm-none-eabi-gcc -MMD -MP       -mcpu=cortex-a9 -mfpu=vfpv3 -mfloat-abi=hard   -O2 -c -c rsa.c -o rsa.o -Izynq_fsbl_bsp/ps7_co
TRACE::2026-03-25.11:40:26::SCWBDomain::rtexa9_0/include -I.

TRACE::2026-03-25.11:40:26::SCWBDomain::arm-none-eabi-gcc -MMD -MP       -mcpu=cortex-a9 -mfpu=vfpv3 -mfloat-abi=hard   -O2 -c -c qspi.c -o qspi.o -Izynq_fsbl_bsp/ps7_
TRACE::2026-03-25.11:40:26::SCWBDomain::cortexa9_0/include -I.

TRACE::2026-03-25.11:40:26::SCWBDomain::arm-none-eabi-gcc -MMD -MP       -mcpu=cortex-a9 -mfpu=vfpv3 -mfloat-abi=hard   -O2 -c -c ps7_init.c -o ps7_init.o -Izynq_fsbl_
TRACE::2026-03-25.11:40:26::SCWBDomain::bsp/ps7_cortexa9_0/include -I.

TRACE::2026-03-25.11:40:26::SCWBDomain::arm-none-eabi-gcc -MMD -MP       -mcpu=cortex-a9 -mfpu=vfpv3 -mfloat-abi=hard   -O2 -c -c pcap.c -o pcap.o -Izynq_fsbl_bsp/ps7_
TRACE::2026-03-25.11:40:26::SCWBDomain::cortexa9_0/include -I.

TRACE::2026-03-25.11:40:26::SCWBDomain::arm-none-eabi-gcc -MMD -MP       -mcpu=cortex-a9 -mfpu=vfpv3 -mfloat-abi=hard   -O2 -c -c fsbl_handoff.S -o fsbl_handoff.o -Izy
TRACE::2026-03-25.11:40:26::SCWBDomain::nq_fsbl_bsp/ps7_cortexa9_0/include -I.

TRACE::2026-03-25.11:40:26::SCWBDomain::arm-none-eabi-gcc -o fsbl.elf  sd.o  nand.o  nor.o  image_mover.o  md5.o  fsbl_hooks.o  main.o  rsa.o  qspi.o  ps7_init.o  pcap
TRACE::2026-03-25.11:40:26::SCWBDomain::.o  fsbl_handoff.o -MMD -MP       -mcpu=cortex-a9 -mfpu=vfpv3 -mfloat-abi=hard   -mcpu=cortex-a9 -mfpu=vfpv3 -mfloat-abi=hard -
TRACE::2026-03-25.11:40:26::SCWBDomain::Wl,-build-id=none -specs=Xilinx.spec  -lrsa -Wl,--start-group,-lxil,-lgcc,-lc,--end-group -Wl,--start-group,-lxilffs,-lxil,-lgc
TRACE::2026-03-25.11:40:26::SCWBDomain::c,-lc,--end-group -Wl,--start-group,-lrsa,-lxil,-lgcc,-lc,--end-group                                 -Wl,--gc-sections -Lzynq_
TRACE::2026-03-25.11:40:26::SCWBDomain::fsbl_bsp/ps7_cortexa9_0/lib -L./ -Tlscript.ld

LOG::2026-03-25.11:40:26::SCWSystem::Checking the domain standalone_ps7_cortexa9_0
LOG::2026-03-25.11:40:26::SCWSystem::Not a boot domain 
LOG::2026-03-25.11:40:26::SCWSystem::Started Processing the domain standalone_ps7_cortexa9_0
TRACE::2026-03-25.11:40:26::SCWDomain::Generating domain artifcats
TRACE::2026-03-25.11:40:26::SCWMssOS::Generating standalone artifcats
TRACE::2026-03-25.11:40:26::SCWMssOS::Copying the qemu file from  C:/Xilinx/Vitis/2020.2/data/emulation/platforms/zynq/sw/a9_standalone/qemu/qemu_args.txt To D:/Zynq/vitis/version_2020/21_01_axi_vdma_lcd/vitis/system_wrapper/export/system_wrapper/sw/system_wrapper/qemu/
TRACE::2026-03-25.11:40:26::SCWMssOS::Copying the qemu file from  C:/Xilinx/Vitis/2020.2/data/emulation/platforms/zynq/sw/a9_standalone/qemu/qemu_args.txt To D:/Zynq/vitis/version_2020/21_01_axi_vdma_lcd/vitis/system_wrapper/export/system_wrapper/sw/system_wrapper/standalone_ps7_cortexa9_0/qemu/
TRACE::2026-03-25.11:40:26::SCWMssOS:: Copying the user libraries. 
TRACE::2026-03-25.11:40:26::SCWPlatform::Trying to open the hw design at D:/Zynq/vitis/version_2020/21_01_axi_vdma_lcd/vitis/system_wrapper/hw/system_wrapper.xsa
TRACE::2026-03-25.11:40:26::SCWPlatform::DSA given D:/Zynq/vitis/version_2020/21_01_axi_vdma_lcd/vitis/system_wrapper/hw/system_wrapper.xsa
TRACE::2026-03-25.11:40:26::SCWPlatform::DSA absoulate path D:/Zynq/vitis/version_2020/21_01_axi_vdma_lcd/vitis/system_wrapper/hw/system_wrapper.xsa
TRACE::2026-03-25.11:40:26::SCWPlatform::DSA directory D:/Zynq/vitis/version_2020/21_01_axi_vdma_lcd/vitis/system_wrapper/hw
TRACE::2026-03-25.11:40:26::SCWPlatform:: Platform Path D:/Zynq/vitis/version_2020/21_01_axi_vdma_lcd/vitis/system_wrapper/hw/system_wrapper.xsa
TRACE::2026-03-25.11:40:26::SCWPlatform:: Unique name xilinx:::0.0
TRACE::2026-03-25.11:40:26::SCWPlatform::Trying to set the existing hwdb with name system_wrapper_2
TRACE::2026-03-25.11:40:26::SCWPlatform::Opened existing hwdb system_wrapper_2
TRACE::2026-03-25.11:40:26::SCWPlatform::Found the Hw Db part of the input DSA
TRACE::2026-03-25.11:40:26::SCWMssOS::Checking the sw design at  D:/Zynq/vitis/version_2020/21_01_axi_vdma_lcd/vitis/system_wrapper/ps7_cortexa9_0/standalone_ps7_cortexa9_0/bsp/system.mss
TRACE::2026-03-25.11:40:26::SCWMssOS::DEBUG:  swdes dump  D:/Zynq/vitis/version_2020/21_01_axi_vdma_lcd/vitis/system_wrapper/zynq_fsbl/zynq_fsbl_bsp/system.mss|system||

TRACE::2026-03-25.11:40:26::SCWMssOS::No sw design opened at  D:/Zynq/vitis/version_2020/21_01_axi_vdma_lcd/vitis/system_wrapper/ps7_cortexa9_0/standalone_ps7_cortexa9_0/bsp/system.mss
TRACE::2026-03-25.11:40:26::SCWMssOS::mss exists loading the mss file  D:/Zynq/vitis/version_2020/21_01_axi_vdma_lcd/vitis/system_wrapper/ps7_cortexa9_0/standalone_ps7_cortexa9_0/bsp/system.mss
TRACE::2026-03-25.11:40:26::SCWMssOS::Opened the sw design from mss  D:/Zynq/vitis/version_2020/21_01_axi_vdma_lcd/vitis/system_wrapper/ps7_cortexa9_0/standalone_ps7_cortexa9_0/bsp/system.mss
TRACE::2026-03-25.11:40:26::SCWMssOS::Adding the swdes entry D:/Zynq/vitis/version_2020/21_01_axi_vdma_lcd/vitis/system_wrapper/ps7_cortexa9_0/standalone_ps7_cortexa9_0/bsp/system.mss with des name system_0
TRACE::2026-03-25.11:40:26::SCWMssOS::updating the scw layer about changes
TRACE::2026-03-25.11:40:26::SCWMssOS::Opened the sw design.  D:/Zynq/vitis/version_2020/21_01_axi_vdma_lcd/vitis/system_wrapper/ps7_cortexa9_0/standalone_ps7_cortexa9_0/bsp/system.mss
TRACE::2026-03-25.11:40:26::SCWMssOS::Completed writing the mss file at D:/Zynq/vitis/version_2020/21_01_axi_vdma_lcd/vitis/system_wrapper/ps7_cortexa9_0/standalone_ps7_cortexa9_0/bsp
TRACE::2026-03-25.11:40:26::SCWMssOS::Mss edits present, copying mssfile into export location D:/Zynq/vitis/version_2020/21_01_axi_vdma_lcd/vitis/system_wrapper/ps7_cortexa9_0/standalone_ps7_cortexa9_0/bsp/system.mss
TRACE::2026-03-25.11:40:26::SCWMssOS::bsp generated is upto date with the mss file. Skipping bsp generation.
TRACE::2026-03-25.11:40:26::SCWMssOS::BSP is already built. skipping the bsp build ... 
TRACE::2026-03-25.11:40:26::SCWDomain::Building the domain as part of full build :  standalone_ps7_cortexa9_0
TRACE::2026-03-25.11:40:26::SCWMssOS::doing bsp build ... 
TRACE::2026-03-25.11:40:26::SCWMssOS::System Command Ran  D: & cd  D:/Zynq/vitis/version_2020/21_01_axi_vdma_lcd/vitis/system_wrapper/ps7_cortexa9_0/standalone_ps7_cortexa9_0/bsp & make 
TRACE::2026-03-25.11:40:27::SCWMssOS::make --no-print-directory seq_libs

TRACE::2026-03-25.11:40:27::SCWMssOS::'Finished building libraries sequentially.'

TRACE::2026-03-25.11:40:27::SCWMssOS::make -j --no-print-directory par_libs

TRACE::2026-03-25.11:40:27::SCWMssOS::"Running Make include in ps7_cortexa9_0/libsrc/axivdma_v6_8/src"

TRACE::2026-03-25.11:40:27::SCWMssOS::make -C ps7_cortexa9_0/libsrc/axivdma_v6_8/src -s include  "SHELL=CMD" "COMPILER=arm-none-eabi-gcc" "ASSEMBLER=arm-none-eabi-as
TRACE::2026-03-25.11:40:27::SCWMssOS::" "ARCHIVER=arm-none-eabi-ar" "COMPILER_FLAGS=  -O2 -c" "EXTRA_COMPILER_FLAGS=-mcpu=cortex-a9 -mfpu=vfpv3 -mfloat-abi=hard -nos
TRACE::2026-03-25.11:40:27::SCWMssOS::tartfiles -g -Wall -Wextra"

TRACE::2026-03-25.11:40:27::SCWMssOS::"Running Make include in ps7_cortexa9_0/libsrc/clk_wiz_v1_4/src"

TRACE::2026-03-25.11:40:27::SCWMssOS::make -C ps7_cortexa9_0/libsrc/clk_wiz_v1_4/src -s include  "SHELL=CMD" "COMPILER=arm-none-eabi-gcc" "ASSEMBLER=arm-none-eabi-as
TRACE::2026-03-25.11:40:27::SCWMssOS::" "ARCHIVER=arm-none-eabi-ar" "COMPILER_FLAGS=  -O2 -c" "EXTRA_COMPILER_FLAGS=-mcpu=cortex-a9 -mfpu=vfpv3 -mfloat-abi=hard -nos
TRACE::2026-03-25.11:40:27::SCWMssOS::tartfiles -g -Wall -Wextra"

TRACE::2026-03-25.11:40:27::SCWMssOS::"Running Make include in ps7_cortexa9_0/libsrc/coresightps_dcc_v1_8/src"

TRACE::2026-03-25.11:40:27::SCWMssOS::make -C ps7_cortexa9_0/libsrc/coresightps_dcc_v1_8/src -s include  "SHELL=CMD" "COMPILER=arm-none-eabi-gcc" "ASSEMBLER=arm-none
TRACE::2026-03-25.11:40:27::SCWMssOS::-eabi-as" "ARCHIVER=arm-none-eabi-ar" "COMPILER_FLAGS=  -O2 -c" "EXTRA_COMPILER_FLAGS=-mcpu=cortex-a9 -mfpu=vfpv3 -mfloat-abi=h
TRACE::2026-03-25.11:40:27::SCWMssOS::ard -nostartfiles -g -Wall -Wextra"

TRACE::2026-03-25.11:40:27::SCWMssOS::"Running Make include in ps7_cortexa9_0/libsrc/cpu_cortexa9_v2_10/src"

TRACE::2026-03-25.11:40:27::SCWMssOS::make -C ps7_cortexa9_0/libsrc/cpu_cortexa9_v2_10/src -s include  "SHELL=CMD" "COMPILER=arm-none-eabi-gcc" "ASSEMBLER=arm-none-e
TRACE::2026-03-25.11:40:27::SCWMssOS::abi-as" "ARCHIVER=arm-none-eabi-ar" "COMPILER_FLAGS=  -O2 -c" "EXTRA_COMPILER_FLAGS=-mcpu=cortex-a9 -mfpu=vfpv3 -mfloat-abi=har
TRACE::2026-03-25.11:40:27::SCWMssOS::d -nostartfiles -g -Wall -Wextra"

TRACE::2026-03-25.11:40:27::SCWMssOS::"Running Make include in ps7_cortexa9_0/libsrc/ddrps_v1_2/src"

TRACE::2026-03-25.11:40:27::SCWMssOS::make -C ps7_cortexa9_0/libsrc/ddrps_v1_2/src -s include  "SHELL=CMD" "COMPILER=arm-none-eabi-gcc" "ASSEMBLER=arm-none-eabi-as" 
TRACE::2026-03-25.11:40:27::SCWMssOS::"ARCHIVER=arm-none-eabi-ar" "COMPILER_FLAGS=  -O2 -c" "EXTRA_COMPILER_FLAGS=-mcpu=cortex-a9 -mfpu=vfpv3 -mfloat-abi=hard -nosta
TRACE::2026-03-25.11:40:27::SCWMssOS::rtfiles -g -Wall -Wextra"

TRACE::2026-03-25.11:40:27::SCWMssOS::"Running Make include in ps7_cortexa9_0/libsrc/devcfg_v3_7/src"

TRACE::2026-03-25.11:40:27::SCWMssOS::make -C ps7_cortexa9_0/libsrc/devcfg_v3_7/src -s include  "SHELL=CMD" "COMPILER=arm-none-eabi-gcc" "ASSEMBLER=arm-none-eabi-as"
TRACE::2026-03-25.11:40:27::SCWMssOS:: "ARCHIVER=arm-none-eabi-ar" "COMPILER_FLAGS=  -O2 -c" "EXTRA_COMPILER_FLAGS=-mcpu=cortex-a9 -mfpu=vfpv3 -mfloat-abi=hard -nost
TRACE::2026-03-25.11:40:27::SCWMssOS::artfiles -g -Wall -Wextra"

TRACE::2026-03-25.11:40:27::SCWMssOS::"Running Make include in ps7_cortexa9_0/libsrc/dmaps_v2_7/src"

TRACE::2026-03-25.11:40:27::SCWMssOS::make -C ps7_cortexa9_0/libsrc/dmaps_v2_7/src -s include  "SHELL=CMD" "COMPILER=arm-none-eabi-gcc" "ASSEMBLER=arm-none-eabi-as" 
TRACE::2026-03-25.11:40:27::SCWMssOS::"ARCHIVER=arm-none-eabi-ar" "COMPILER_FLAGS=  -O2 -c" "EXTRA_COMPILER_FLAGS=-mcpu=cortex-a9 -mfpu=vfpv3 -mfloat-abi=hard -nosta
TRACE::2026-03-25.11:40:27::SCWMssOS::rtfiles -g -Wall -Wextra"

TRACE::2026-03-25.11:40:27::SCWMssOS::"Running Make include in ps7_cortexa9_0/libsrc/gpio_v4_7/src"

TRACE::2026-03-25.11:40:27::SCWMssOS::make -C ps7_cortexa9_0/libsrc/gpio_v4_7/src -s include  "SHELL=CMD" "COMPILER=arm-none-eabi-gcc" "ASSEMBLER=arm-none-eabi-as" "
TRACE::2026-03-25.11:40:27::SCWMssOS::ARCHIVER=arm-none-eabi-ar" "COMPILER_FLAGS=  -O2 -c" "EXTRA_COMPILER_FLAGS=-mcpu=cortex-a9 -mfpu=vfpv3 -mfloat-abi=hard -nostar
TRACE::2026-03-25.11:40:27::SCWMssOS::tfiles -g -Wall -Wextra"

TRACE::2026-03-25.11:40:27::SCWMssOS::"Running Make include in ps7_cortexa9_0/libsrc/scugic_v4_3/src"

TRACE::2026-03-25.11:40:27::SCWMssOS::make -C ps7_cortexa9_0/libsrc/scugic_v4_3/src -s include  "SHELL=CMD" "COMPILER=arm-none-eabi-gcc" "ASSEMBLER=arm-none-eabi-as"
TRACE::2026-03-25.11:40:27::SCWMssOS:: "ARCHIVER=arm-none-eabi-ar" "COMPILER_FLAGS=  -O2 -c" "EXTRA_COMPILER_FLAGS=-mcpu=cortex-a9 -mfpu=vfpv3 -mfloat-abi=hard -nost
TRACE::2026-03-25.11:40:27::SCWMssOS::artfiles -g -Wall -Wextra"

TRACE::2026-03-25.11:40:27::SCWMssOS::"Running Make include in ps7_cortexa9_0/libsrc/scutimer_v2_3/src"

TRACE::2026-03-25.11:40:27::SCWMssOS::make -C ps7_cortexa9_0/libsrc/scutimer_v2_3/src -s include  "SHELL=CMD" "COMPILER=arm-none-eabi-gcc" "ASSEMBLER=arm-none-eabi-a
TRACE::2026-03-25.11:40:27::SCWMssOS::s" "ARCHIVER=arm-none-eabi-ar" "COMPILER_FLAGS=  -O2 -c" "EXTRA_COMPILER_FLAGS=-mcpu=cortex-a9 -mfpu=vfpv3 -mfloat-abi=hard -no
TRACE::2026-03-25.11:40:27::SCWMssOS::startfiles -g -Wall -Wextra"

TRACE::2026-03-25.11:40:27::SCWMssOS::"Running Make include in ps7_cortexa9_0/libsrc/scuwdt_v2_3/src"

TRACE::2026-03-25.11:40:27::SCWMssOS::make -C ps7_cortexa9_0/libsrc/scuwdt_v2_3/src -s include  "SHELL=CMD" "COMPILER=arm-none-eabi-gcc" "ASSEMBLER=arm-none-eabi-as"
TRACE::2026-03-25.11:40:27::SCWMssOS:: "ARCHIVER=arm-none-eabi-ar" "COMPILER_FLAGS=  -O2 -c" "EXTRA_COMPILER_FLAGS=-mcpu=cortex-a9 -mfpu=vfpv3 -mfloat-abi=hard -nost
TRACE::2026-03-25.11:40:27::SCWMssOS::artfiles -g -Wall -Wextra"

TRACE::2026-03-25.11:40:27::SCWMssOS::"Running Make include in ps7_cortexa9_0/libsrc/standalone_v7_3/src"

TRACE::2026-03-25.11:40:27::SCWMssOS::make -C ps7_cortexa9_0/libsrc/standalone_v7_3/src -s include  "SHELL=CMD" "COMPILER=arm-none-eabi-gcc" "ASSEMBLER=arm-none-eabi
TRACE::2026-03-25.11:40:27::SCWMssOS::-as" "ARCHIVER=arm-none-eabi-ar" "COMPILER_FLAGS=  -O2 -c" "EXTRA_COMPILER_FLAGS=-mcpu=cortex-a9 -mfpu=vfpv3 -mfloat-abi=hard -
TRACE::2026-03-25.11:40:27::SCWMssOS::nostartfiles -g -Wall -Wextra"

TRACE::2026-03-25.11:40:27::SCWMssOS::"Running Make include in ps7_cortexa9_0/libsrc/uartps_v3_10/src"

TRACE::2026-03-25.11:40:27::SCWMssOS::make -C ps7_cortexa9_0/libsrc/uartps_v3_10/src -s include  "SHELL=CMD" "COMPILER=arm-none-eabi-gcc" "ASSEMBLER=arm-none-eabi-as
TRACE::2026-03-25.11:40:27::SCWMssOS::" "ARCHIVER=arm-none-eabi-ar" "COMPILER_FLAGS=  -O2 -c" "EXTRA_COMPILER_FLAGS=-mcpu=cortex-a9 -mfpu=vfpv3 -mfloat-abi=hard -nos
TRACE::2026-03-25.11:40:27::SCWMssOS::tartfiles -g -Wall -Wextra"

TRACE::2026-03-25.11:40:27::SCWMssOS::"Running Make include in ps7_cortexa9_0/libsrc/vtc_v8_3/src"

TRACE::2026-03-25.11:40:27::SCWMssOS::make -C ps7_cortexa9_0/libsrc/vtc_v8_3/src -s include  "SHELL=CMD" "COMPILER=arm-none-eabi-gcc" "ASSEMBLER=arm-none-eabi-as" "A
TRACE::2026-03-25.11:40:27::SCWMssOS::RCHIVER=arm-none-eabi-ar" "COMPILER_FLAGS=  -O2 -c" "EXTRA_COMPILER_FLAGS=-mcpu=cortex-a9 -mfpu=vfpv3 -mfloat-abi=hard -nostart
TRACE::2026-03-25.11:40:27::SCWMssOS::files -g -Wall -Wextra"

TRACE::2026-03-25.11:40:27::SCWMssOS::"Running Make include in ps7_cortexa9_0/libsrc/xadcps_v2_5/src"

TRACE::2026-03-25.11:40:27::SCWMssOS::make -C ps7_cortexa9_0/libsrc/xadcps_v2_5/src -s include  "SHELL=CMD" "COMPILER=arm-none-eabi-gcc" "ASSEMBLER=arm-none-eabi-as"
TRACE::2026-03-25.11:40:27::SCWMssOS:: "ARCHIVER=arm-none-eabi-ar" "COMPILER_FLAGS=  -O2 -c" "EXTRA_COMPILER_FLAGS=-mcpu=cortex-a9 -mfpu=vfpv3 -mfloat-abi=hard -nost
TRACE::2026-03-25.11:40:27::SCWMssOS::artfiles -g -Wall -Wextra"

TRACE::2026-03-25.11:40:27::SCWMssOS::"Running Make libs in ps7_cortexa9_0/libsrc/axivdma_v6_8/src"

TRACE::2026-03-25.11:40:27::SCWMssOS::make -C ps7_cortexa9_0/libsrc/axivdma_v6_8/src -s libs  "SHELL=CMD" "COMPILER=arm-none-eabi-gcc" "ASSEMBLER=arm-none-eabi-as" "
TRACE::2026-03-25.11:40:27::SCWMssOS::ARCHIVER=arm-none-eabi-ar" "COMPILER_FLAGS=  -O2 -c" "EXTRA_COMPILER_FLAGS=-mcpu=cortex-a9 -mfpu=vfpv3 -mfloat-abi=hard -nostar
TRACE::2026-03-25.11:40:27::SCWMssOS::tfiles -g -Wall -Wextra"

TRACE::2026-03-25.11:40:27::SCWMssOS::"Running Make libs in ps7_cortexa9_0/libsrc/clk_wiz_v1_4/src"

TRACE::2026-03-25.11:40:27::SCWMssOS::make -C ps7_cortexa9_0/libsrc/clk_wiz_v1_4/src -s libs  "SHELL=CMD" "COMPILER=arm-none-eabi-gcc" "ASSEMBLER=arm-none-eabi-as" "
TRACE::2026-03-25.11:40:27::SCWMssOS::ARCHIVER=arm-none-eabi-ar" "COMPILER_FLAGS=  -O2 -c" "EXTRA_COMPILER_FLAGS=-mcpu=cortex-a9 -mfpu=vfpv3 -mfloat-abi=hard -nostar
TRACE::2026-03-25.11:40:27::SCWMssOS::tfiles -g -Wall -Wextra"

TRACE::2026-03-25.11:40:27::SCWMssOS::"Running Make libs in ps7_cortexa9_0/libsrc/coresightps_dcc_v1_8/src"

TRACE::2026-03-25.11:40:27::SCWMssOS::make -C ps7_cortexa9_0/libsrc/coresightps_dcc_v1_8/src -s libs  "SHELL=CMD" "COMPILER=arm-none-eabi-gcc" "ASSEMBLER=arm-none-ea
TRACE::2026-03-25.11:40:27::SCWMssOS::bi-as" "ARCHIVER=arm-none-eabi-ar" "COMPILER_FLAGS=  -O2 -c" "EXTRA_COMPILER_FLAGS=-mcpu=cortex-a9 -mfpu=vfpv3 -mfloat-abi=hard
TRACE::2026-03-25.11:40:27::SCWMssOS:: -nostartfiles -g -Wall -Wextra"

TRACE::2026-03-25.11:40:27::SCWMssOS::"Running Make libs in ps7_cortexa9_0/libsrc/cpu_cortexa9_v2_10/src"

TRACE::2026-03-25.11:40:27::SCWMssOS::make -C ps7_cortexa9_0/libsrc/cpu_cortexa9_v2_10/src -s libs  "SHELL=CMD" "COMPILER=arm-none-eabi-gcc" "ASSEMBLER=arm-none-eabi
TRACE::2026-03-25.11:40:27::SCWMssOS::-as" "ARCHIVER=arm-none-eabi-ar" "COMPILER_FLAGS=  -O2 -c" "EXTRA_COMPILER_FLAGS=-mcpu=cortex-a9 -mfpu=vfpv3 -mfloat-abi=hard -
TRACE::2026-03-25.11:40:27::SCWMssOS::nostartfiles -g -Wall -Wextra"

TRACE::2026-03-25.11:40:27::SCWMssOS::"Running Make libs in ps7_cortexa9_0/libsrc/ddrps_v1_2/src"

TRACE::2026-03-25.11:40:27::SCWMssOS::make -C ps7_cortexa9_0/libsrc/ddrps_v1_2/src -s libs  "SHELL=CMD" "COMPILER=arm-none-eabi-gcc" "ASSEMBLER=arm-none-eabi-as" "AR
TRACE::2026-03-25.11:40:27::SCWMssOS::CHIVER=arm-none-eabi-ar" "COMPILER_FLAGS=  -O2 -c" "EXTRA_COMPILER_FLAGS=-mcpu=cortex-a9 -mfpu=vfpv3 -mfloat-abi=hard -nostartf
TRACE::2026-03-25.11:40:27::SCWMssOS::iles -g -Wall -Wextra"

TRACE::2026-03-25.11:40:27::SCWMssOS::"Running Make libs in ps7_cortexa9_0/libsrc/devcfg_v3_7/src"

TRACE::2026-03-25.11:40:27::SCWMssOS::make -C ps7_cortexa9_0/libsrc/devcfg_v3_7/src -s libs  "SHELL=CMD" "COMPILER=arm-none-eabi-gcc" "ASSEMBLER=arm-none-eabi-as" "A
TRACE::2026-03-25.11:40:27::SCWMssOS::RCHIVER=arm-none-eabi-ar" "COMPILER_FLAGS=  -O2 -c" "EXTRA_COMPILER_FLAGS=-mcpu=cortex-a9 -mfpu=vfpv3 -mfloat-abi=hard -nostart
TRACE::2026-03-25.11:40:27::SCWMssOS::files -g -Wall -Wextra"

TRACE::2026-03-25.11:40:27::SCWMssOS::"Running Make libs in ps7_cortexa9_0/libsrc/dmaps_v2_7/src"

TRACE::2026-03-25.11:40:27::SCWMssOS::make -C ps7_cortexa9_0/libsrc/dmaps_v2_7/src -s libs  "SHELL=CMD" "COMPILER=arm-none-eabi-gcc" "ASSEMBLER=arm-none-eabi-as" "AR
TRACE::2026-03-25.11:40:27::SCWMssOS::CHIVER=arm-none-eabi-ar" "COMPILER_FLAGS=  -O2 -c" "EXTRA_COMPILER_FLAGS=-mcpu=cortex-a9 -mfpu=vfpv3 -mfloat-abi=hard -nostartf
TRACE::2026-03-25.11:40:27::SCWMssOS::iles -g -Wall -Wextra"

TRACE::2026-03-25.11:40:27::SCWMssOS::"Running Make libs in ps7_cortexa9_0/libsrc/gpio_v4_7/src"

TRACE::2026-03-25.11:40:27::SCWMssOS::make -C ps7_cortexa9_0/libsrc/gpio_v4_7/src -s libs  "SHELL=CMD" "COMPILER=arm-none-eabi-gcc" "ASSEMBLER=arm-none-eabi-as" "ARC
TRACE::2026-03-25.11:40:27::SCWMssOS::HIVER=arm-none-eabi-ar" "COMPILER_FLAGS=  -O2 -c" "EXTRA_COMPILER_FLAGS=-mcpu=cortex-a9 -mfpu=vfpv3 -mfloat-abi=hard -nostartfi
TRACE::2026-03-25.11:40:27::SCWMssOS::les -g -Wall -Wextra"

TRACE::2026-03-25.11:40:27::SCWMssOS::"Running Make libs in ps7_cortexa9_0/libsrc/scugic_v4_3/src"

TRACE::2026-03-25.11:40:27::SCWMssOS::make -C ps7_cortexa9_0/libsrc/scugic_v4_3/src -s libs  "SHELL=CMD" "COMPILER=arm-none-eabi-gcc" "ASSEMBLER=arm-none-eabi-as" "A
TRACE::2026-03-25.11:40:27::SCWMssOS::RCHIVER=arm-none-eabi-ar" "COMPILER_FLAGS=  -O2 -c" "EXTRA_COMPILER_FLAGS=-mcpu=cortex-a9 -mfpu=vfpv3 -mfloat-abi=hard -nostart
TRACE::2026-03-25.11:40:27::SCWMssOS::files -g -Wall -Wextra"

TRACE::2026-03-25.11:40:27::SCWMssOS::"Running Make libs in ps7_cortexa9_0/libsrc/scutimer_v2_3/src"

TRACE::2026-03-25.11:40:27::SCWMssOS::make -C ps7_cortexa9_0/libsrc/scutimer_v2_3/src -s libs  "SHELL=CMD" "COMPILER=arm-none-eabi-gcc" "ASSEMBLER=arm-none-eabi-as" 
TRACE::2026-03-25.11:40:27::SCWMssOS::"ARCHIVER=arm-none-eabi-ar" "COMPILER_FLAGS=  -O2 -c" "EXTRA_COMPILER_FLAGS=-mcpu=cortex-a9 -mfpu=vfpv3 -mfloat-abi=hard -nosta
TRACE::2026-03-25.11:40:27::SCWMssOS::rtfiles -g -Wall -Wextra"

TRACE::2026-03-25.11:40:27::SCWMssOS::"Running Make libs in ps7_cortexa9_0/libsrc/scuwdt_v2_3/src"

TRACE::2026-03-25.11:40:27::SCWMssOS::make -C ps7_cortexa9_0/libsrc/scuwdt_v2_3/src -s libs  "SHELL=CMD" "COMPILER=arm-none-eabi-gcc" "ASSEMBLER=arm-none-eabi-as" "A
TRACE::2026-03-25.11:40:27::SCWMssOS::RCHIVER=arm-none-eabi-ar" "COMPILER_FLAGS=  -O2 -c" "EXTRA_COMPILER_FLAGS=-mcpu=cortex-a9 -mfpu=vfpv3 -mfloat-abi=hard -nostart
TRACE::2026-03-25.11:40:27::SCWMssOS::files -g -Wall -Wextra"

TRACE::2026-03-25.11:40:27::SCWMssOS::"Running Make libs in ps7_cortexa9_0/libsrc/standalone_v7_3/src"

TRACE::2026-03-25.11:40:27::SCWMssOS::make -C ps7_cortexa9_0/libsrc/standalone_v7_3/src -s libs  "SHELL=CMD" "COMPILER=arm-none-eabi-gcc" "ASSEMBLER=arm-none-eabi-as
TRACE::2026-03-25.11:40:27::SCWMssOS::" "ARCHIVER=arm-none-eabi-ar" "COMPILER_FLAGS=  -O2 -c" "EXTRA_COMPILER_FLAGS=-mcpu=cortex-a9 -mfpu=vfpv3 -mfloat-abi=hard -nos
TRACE::2026-03-25.11:40:27::SCWMssOS::tartfiles -g -Wall -Wextra"

TRACE::2026-03-25.11:40:27::SCWMssOS::"Running Make libs in ps7_cortexa9_0/libsrc/uartps_v3_10/src"

TRACE::2026-03-25.11:40:27::SCWMssOS::make -C ps7_cortexa9_0/libsrc/uartps_v3_10/src -s libs  "SHELL=CMD" "COMPILER=arm-none-eabi-gcc" "ASSEMBLER=arm-none-eabi-as" "
TRACE::2026-03-25.11:40:27::SCWMssOS::ARCHIVER=arm-none-eabi-ar" "COMPILER_FLAGS=  -O2 -c" "EXTRA_COMPILER_FLAGS=-mcpu=cortex-a9 -mfpu=vfpv3 -mfloat-abi=hard -nostar
TRACE::2026-03-25.11:40:27::SCWMssOS::tfiles -g -Wall -Wextra"

TRACE::2026-03-25.11:40:27::SCWMssOS::"Running Make libs in ps7_cortexa9_0/libsrc/vtc_v8_3/src"

TRACE::2026-03-25.11:40:28::SCWMssOS::make -C ps7_cortexa9_0/libsrc/vtc_v8_3/src -s libs  "SHELL=CMD" "COMPILER=arm-none-eabi-gcc" "ASSEMBLER=arm-none-eabi-as" "ARCH
TRACE::2026-03-25.11:40:28::SCWMssOS::IVER=arm-none-eabi-ar" "COMPILER_FLAGS=  -O2 -c" "EXTRA_COMPILER_FLAGS=-mcpu=cortex-a9 -mfpu=vfpv3 -mfloat-abi=hard -nostartfil
TRACE::2026-03-25.11:40:28::SCWMssOS::es -g -Wall -Wextra"

TRACE::2026-03-25.11:40:28::SCWMssOS::"Running Make libs in ps7_cortexa9_0/libsrc/xadcps_v2_5/src"

TRACE::2026-03-25.11:40:28::SCWMssOS::make -C ps7_cortexa9_0/libsrc/xadcps_v2_5/src -s libs  "SHELL=CMD" "COMPILER=arm-none-eabi-gcc" "ASSEMBLER=arm-none-eabi-as" "A
TRACE::2026-03-25.11:40:28::SCWMssOS::RCHIVER=arm-none-eabi-ar" "COMPILER_FLAGS=  -O2 -c" "EXTRA_COMPILER_FLAGS=-mcpu=cortex-a9 -mfpu=vfpv3 -mfloat-abi=hard -nostart
TRACE::2026-03-25.11:40:28::SCWMssOS::files -g -Wall -Wextra"

TRACE::2026-03-25.11:40:28::SCWMssOS::'Finished building libraries parallelly.'

TRACE::2026-03-25.11:40:28::SCWMssOS::make --no-print-directory archive

TRACE::2026-03-25.11:40:28::SCWMssOS::arm-none-eabi-ar -r  ps7_cortexa9_0/lib/libxil.a ps7_cortexa9_0/lib/xil_printf.o ps7_cortexa9_0/lib/xadcps_selftest.o ps7_corte
TRACE::2026-03-25.11:40:28::SCWMssOS::xa9_0/lib/usleep.o ps7_cortexa9_0/lib/xscuwdt.o ps7_cortexa9_0/lib/xplatform_info.o ps7_cortexa9_0/lib/print.o ps7_cortexa9_0/l
TRACE::2026-03-25.11:40:28::SCWMssOS::ib/xscutimer.o ps7_cortexa9_0/lib/xclk_wiz_sinit.o ps7_cortexa9_0/lib/_exit.o ps7_cortexa9_0/lib/xvtc_selftest.o ps7_cortexa9_0
TRACE::2026-03-25.11:40:28::SCWMssOS::/lib/xil_testio.o ps7_cortexa9_0/lib/sleep.o ps7_cortexa9_0/lib/xdevcfg_hw.o ps7_cortexa9_0/lib/xadcps_intr.o ps7_cortexa9_0/li
TRACE::2026-03-25.11:40:28::SCWMssOS::b/xpm_counter.o ps7_cortexa9_0/lib/xscutimer_sinit.o ps7_cortexa9_0/lib/xdmaps_g.o ps7_cortexa9_0/lib/xclk_wiz_g.o ps7_cortexa9
TRACE::2026-03-25.11:40:28::SCWMssOS::_0/lib/xdmaps_sinit.o ps7_cortexa9_0/lib/xil_cache.o ps7_cortexa9_0/lib/inbyte.o ps7_cortexa9_0/lib/xdmaps_selftest.o ps7_corte
TRACE::2026-03-25.11:40:28::SCWMssOS::xa9_0/lib/xil_misc_psreset_api.o ps7_cortexa9_0/lib/cpputest_time.o ps7_cortexa9_0/lib/xuartps_options.o ps7_cortexa9_0/lib/clo
TRACE::2026-03-25.11:40:28::SCWMssOS::se.o ps7_cortexa9_0/lib/xil_mem.o ps7_cortexa9_0/lib/xscugic_hw.o ps7_cortexa9_0/lib/xvtc_g.o ps7_cortexa9_0/lib/xscuwdt_selfte
TRACE::2026-03-25.11:40:28::SCWMssOS::st.o ps7_cortexa9_0/lib/xgpio_g.o ps7_cortexa9_0/lib/translation_table.o ps7_cortexa9_0/lib/xaxivdma_g.o ps7_cortexa9_0/lib/xcl
TRACE::2026-03-25.11:40:28::SCWMssOS::k_wiz_intr.o ps7_cortexa9_0/lib/xaxivdma_sinit.o ps7_cortexa9_0/lib/cpu_init.o ps7_cortexa9_0/lib/xscugic_g.o ps7_cortexa9_0/li
TRACE::2026-03-25.11:40:28::SCWMssOS::b/xuartps_sinit.o ps7_cortexa9_0/lib/xgpio_selftest.o ps7_cortexa9_0/lib/xaxivdma_selftest.o ps7_cortexa9_0/lib/xgpio_intr.o ps
TRACE::2026-03-25.11:40:28::SCWMssOS::7_cortexa9_0/lib/xil_sleepcommon.o ps7_cortexa9_0/lib/unlink.o ps7_cortexa9_0/lib/xadcps.o ps7_cortexa9_0/lib/xdmaps_hw.o ps7_c
TRACE::2026-03-25.11:40:28::SCWMssOS::ortexa9_0/lib/xscugic_intr.o ps7_cortexa9_0/lib/xscugic_sinit.o ps7_cortexa9_0/lib/fcntl.o ps7_cortexa9_0/lib/open.o ps7_cortex
TRACE::2026-03-25.11:40:28::SCWMssOS::a9_0/lib/outbyte.o ps7_cortexa9_0/lib/xuartps_selftest.o ps7_cortexa9_0/lib/xuartps_hw.o ps7_cortexa9_0/lib/lseek.o ps7_cortexa
TRACE::2026-03-25.11:40:28::SCWMssOS::9_0/lib/xscutimer_selftest.o ps7_cortexa9_0/lib/read.o ps7_cortexa9_0/lib/xil_testmem.o ps7_cortexa9_0/lib/xtime_l.o ps7_cortex
TRACE::2026-03-25.11:40:28::SCWMssOS::a9_0/lib/xl2cc_counter.o ps7_cortexa9_0/lib/kill.o ps7_cortexa9_0/lib/xil_mmu.o ps7_cortexa9_0/lib/asm_vectors.o ps7_cortexa9_0
TRACE::2026-03-25.11:40:28::SCWMssOS::/lib/abort.o ps7_cortexa9_0/lib/xdevcfg_g.o ps7_cortexa9_0/lib/xuartps_intr.o ps7_cortexa9_0/lib/xuartps.o ps7_cortexa9_0/lib/g
TRACE::2026-03-25.11:40:28::SCWMssOS::etpid.o ps7_cortexa9_0/lib/xil_testcache.o ps7_cortexa9_0/lib/xdevcfg_sinit.o ps7_cortexa9_0/lib/xdmaps.o ps7_cortexa9_0/lib/xa
TRACE::2026-03-25.11:40:28::SCWMssOS::xivdma_channel.o ps7_cortexa9_0/lib/xdevcfg_selftest.o ps7_cortexa9_0/lib/xclk_wiz.o ps7_cortexa9_0/lib/xvtc_intr.o ps7_cortexa
TRACE::2026-03-25.11:40:28::SCWMssOS::9_0/lib/xvtc.o ps7_cortexa9_0/lib/xscuwdt_sinit.o ps7_cortexa9_0/lib/sbrk.o ps7_cortexa9_0/lib/xaxivdma.o ps7_cortexa9_0/lib/fs
TRACE::2026-03-25.11:40:28::SCWMssOS::tat.o ps7_cortexa9_0/lib/xscuwdt_g.o ps7_cortexa9_0/lib/errno.o ps7_cortexa9_0/lib/xil_util.o ps7_cortexa9_0/lib/xdevcfg_intr.o
TRACE::2026-03-25.11:40:28::SCWMssOS:: ps7_cortexa9_0/lib/xscutimer_g.o ps7_cortexa9_0/lib/_sbrk.o ps7_cortexa9_0/lib/xil_sleeptimer.o ps7_cortexa9_0/lib/vectors.o p
TRACE::2026-03-25.11:40:28::SCWMssOS::s7_cortexa9_0/lib/xil_exception.o ps7_cortexa9_0/lib/xgpio.o ps7_cortexa9_0/lib/write.o ps7_cortexa9_0/lib/xvtc_sinit.o ps7_cor
TRACE::2026-03-25.11:40:28::SCWMssOS::texa9_0/lib/putnum.o ps7_cortexa9_0/lib/xil_clocking.o ps7_cortexa9_0/lib/xgpio_sinit.o ps7_cortexa9_0/lib/xil_assert.o ps7_cor
TRACE::2026-03-25.11:40:28::SCWMssOS::texa9_0/lib/xaxivdma_intr.o ps7_cortexa9_0/lib/xgpio_extra.o ps7_cortexa9_0/lib/xcoresightpsdcc.o ps7_cortexa9_0/lib/isatty.o p
TRACE::2026-03-25.11:40:28::SCWMssOS::s7_cortexa9_0/lib/xil-crt0.o ps7_cortexa9_0/lib/xscugic.o ps7_cortexa9_0/lib/xadcps_g.o ps7_cortexa9_0/lib/xscugic_selftest.o p
TRACE::2026-03-25.11:40:28::SCWMssOS::s7_cortexa9_0/lib/xuartps_g.o ps7_cortexa9_0/lib/xadcps_sinit.o ps7_cortexa9_0/lib/boot.o ps7_cortexa9_0/lib/_open.o ps7_cortex
TRACE::2026-03-25.11:40:28::SCWMssOS::a9_0/lib/xdevcfg.o

TRACE::2026-03-25.11:40:28::SCWMssOS::'Finished building libraries'

TRACE::2026-03-25.11:40:28::SCWMssOS::Copying to export directory.
TRACE::2026-03-25.11:40:29::SCWMssOS:: Checking if to create the Supporting Applications
TRACE::2026-03-25.11:40:29::SCWMssOS:: No Linux domain exists, trying to generate FSBL 
LOG::2026-03-25.11:40:29::SCWSystem::Completed Processing the domain standalone_ps7_cortexa9_0
LOG::2026-03-25.11:40:29::SCWSystem::Completed Processing the sysconfig system_wrapper
LOG::2026-03-25.11:40:29::SCWPlatform::Completed generating the artifacts for system configuration system_wrapper
TRACE::2026-03-25.11:40:29::SCWPlatform::Started preparing the platform 
TRACE::2026-03-25.11:40:29::SCWSystem::Writing the bif file for system config system_wrapper
TRACE::2026-03-25.11:40:29::SCWSystem::dir created 
TRACE::2026-03-25.11:40:29::SCWSystem::Writing the bif 
TRACE::2026-03-25.11:40:29::SCWPlatform::Started writing the spfm file 
TRACE::2026-03-25.11:40:29::SCWPlatform::Started writing the xpfm file 
TRACE::2026-03-25.11:40:29::SCWPlatform::Completed generating the platform
TRACE::2026-03-25.11:40:29::SCWMssOS::Saving the mss changes D:/Zynq/vitis/version_2020/21_01_axi_vdma_lcd/vitis/system_wrapper/zynq_fsbl/zynq_fsbl_bsp/system.mss
TRACE::2026-03-25.11:40:29::SCWMssOS::Found a swdesign opened with the mssfile.
TRACE::2026-03-25.11:40:29::SCWMssOS::Completed writemss as part of save.
TRACE::2026-03-25.11:40:29::SCWMssOS::Commit changes completed.
TRACE::2026-03-25.11:40:29::SCWMssOS::Saving the mss changes D:/Zynq/vitis/version_2020/21_01_axi_vdma_lcd/vitis/system_wrapper/ps7_cortexa9_0/standalone_ps7_cortexa9_0/bsp/system.mss
TRACE::2026-03-25.11:40:29::SCWMssOS::Found a swdesign opened with the mssfile.
TRACE::2026-03-25.11:40:29::SCWMssOS::Completed writemss as part of save.
TRACE::2026-03-25.11:40:29::SCWMssOS::Commit changes completed.
TRACE::2026-03-25.11:40:29::SCWPlatform::Trying to open the hw design at D:/Zynq/vitis/version_2020/21_01_axi_vdma_lcd/vitis/system_wrapper/hw/system_wrapper.xsa
TRACE::2026-03-25.11:40:29::SCWPlatform::DSA given D:/Zynq/vitis/version_2020/21_01_axi_vdma_lcd/vitis/system_wrapper/hw/system_wrapper.xsa
TRACE::2026-03-25.11:40:29::SCWPlatform::DSA absoulate path D:/Zynq/vitis/version_2020/21_01_axi_vdma_lcd/vitis/system_wrapper/hw/system_wrapper.xsa
TRACE::2026-03-25.11:40:29::SCWPlatform::DSA directory D:/Zynq/vitis/version_2020/21_01_axi_vdma_lcd/vitis/system_wrapper/hw
TRACE::2026-03-25.11:40:29::SCWPlatform:: Platform Path D:/Zynq/vitis/version_2020/21_01_axi_vdma_lcd/vitis/system_wrapper/hw/system_wrapper.xsa
TRACE::2026-03-25.11:40:29::SCWPlatform:: Unique name xilinx:::0.0
TRACE::2026-03-25.11:40:29::SCWPlatform::Trying to set the existing hwdb with name system_wrapper_2
TRACE::2026-03-25.11:40:29::SCWPlatform::Opened existing hwdb system_wrapper_2
TRACE::2026-03-25.11:40:29::SCWPlatform::Found the Hw Db part of the input DSA
TRACE::2026-03-25.11:40:29::SCWMssOS::Checking the sw design at  D:/Zynq/vitis/version_2020/21_01_axi_vdma_lcd/vitis/system_wrapper/zynq_fsbl/zynq_fsbl_bsp/system.mss
TRACE::2026-03-25.11:40:29::SCWMssOS::DEBUG:  swdes dump  D:/Zynq/vitis/version_2020/21_01_axi_vdma_lcd/vitis/system_wrapper/ps7_cortexa9_0/standalone_ps7_cortexa9_0/bsp/system.mss|system_0||
D:/Zynq/vitis/version_2020/21_01_axi_vdma_lcd/vitis/system_wrapper/zynq_fsbl/zynq_fsbl_bsp/system.mss|system||

TRACE::2026-03-25.11:40:29::SCWMssOS::Sw design exists and opened at  D:/Zynq/vitis/version_2020/21_01_axi_vdma_lcd/vitis/system_wrapper/zynq_fsbl/zynq_fsbl_bsp/system.mss
TRACE::2026-03-25.11:40:29::SCWPlatform::Trying to open the hw design at D:/Zynq/vitis/version_2020/21_01_axi_vdma_lcd/vitis/system_wrapper/hw/system_wrapper.xsa
TRACE::2026-03-25.11:40:29::SCWPlatform::DSA given D:/Zynq/vitis/version_2020/21_01_axi_vdma_lcd/vitis/system_wrapper/hw/system_wrapper.xsa
TRACE::2026-03-25.11:40:29::SCWPlatform::DSA absoulate path D:/Zynq/vitis/version_2020/21_01_axi_vdma_lcd/vitis/system_wrapper/hw/system_wrapper.xsa
TRACE::2026-03-25.11:40:29::SCWPlatform::DSA directory D:/Zynq/vitis/version_2020/21_01_axi_vdma_lcd/vitis/system_wrapper/hw
TRACE::2026-03-25.11:40:29::SCWPlatform:: Platform Path D:/Zynq/vitis/version_2020/21_01_axi_vdma_lcd/vitis/system_wrapper/hw/system_wrapper.xsa
TRACE::2026-03-25.11:40:29::SCWPlatform:: Unique name xilinx:::0.0
TRACE::2026-03-25.11:40:29::SCWPlatform::Trying to set the existing hwdb with name system_wrapper_2
TRACE::2026-03-25.11:40:29::SCWPlatform::Opened existing hwdb system_wrapper_2
TRACE::2026-03-25.11:40:29::SCWPlatform::Found the Hw Db part of the input DSA
TRACE::2026-03-25.11:40:29::SCWMssOS::Checking the sw design at  D:/Zynq/vitis/version_2020/21_01_axi_vdma_lcd/vitis/system_wrapper/ps7_cortexa9_0/standalone_ps7_cortexa9_0/bsp/system.mss
TRACE::2026-03-25.11:40:29::SCWMssOS::DEBUG:  swdes dump  D:/Zynq/vitis/version_2020/21_01_axi_vdma_lcd/vitis/system_wrapper/ps7_cortexa9_0/standalone_ps7_cortexa9_0/bsp/system.mss|system_0||
D:/Zynq/vitis/version_2020/21_01_axi_vdma_lcd/vitis/system_wrapper/zynq_fsbl/zynq_fsbl_bsp/system.mss|system||

TRACE::2026-03-25.11:40:29::SCWMssOS::Sw design exists and opened at  D:/Zynq/vitis/version_2020/21_01_axi_vdma_lcd/vitis/system_wrapper/ps7_cortexa9_0/standalone_ps7_cortexa9_0/bsp/system.mss
TRACE::2026-03-25.11:40:29::SCWWriter::formatted JSON is {
	"platformName":	"system_wrapper",
	"sprVersion":	"2.0",
	"mode":	"gui",
	"dsaType":	"Fixed",
	"platformDesc":	"system_wrapper",
	"platHandOff":	"<platformDir>.xsa",
	"platIntHandOff":	"<platformDir>/hw/system_wrapper.xsa",
	"deviceType":	"zynq",
	"platIsPrebuiltAutogen":	"false",
	"platIsNoBootBsp":	"false",
	"hasFsblMakeHasChanges":	"false",
	"hasPmufwMakeHasChanges":	"false",
	"fsblExtraCompilerFlags":	"-MMD -MP       -mcpu=cortex-a9 -mfpu=vfpv3 -mfloat-abi=hard ",
	"platPreBuiltFlag":	false,
	"platformSamplesDir":	"",
	"platActiveSys":	"system_wrapper",
	"systems":	[{
			"systemName":	"system_wrapper",
			"systemDesc":	"system_wrapper",
			"sysIsBootAutoGen":	"true",
			"systemDispName":	"system_wrapper",
			"sysActiveDom":	"standalone_ps7_cortexa9_0",
			"sysDefaultDom":	"standalone_ps7_cortexa9_0",
			"domains":	[{
					"domainName":	"zynq_fsbl",
					"domainDispName":	"zynq_fsbl",
					"domainDesc":	"FSBL Application BSP - Auto Generated.",
					"processors":	"ps7_cortexa9_0",
					"os":	"standalone",
					"sdxOs":	"standalone",
					"debugEnable":	"",
					"domRuntimes":	["cpp"],
					"swRepo":	"",
					"mssOsVer":	"7.3",
					"mssFile":	"",
					"md5Digest":	"cc8afc3a1dc8872ebf3f9f9c8d92560d",
					"compatibleApp":	"zynq_fsbl",
					"domType":	"bootDomain",
					"arch":	"32-bit",
					"appSettings":	{
						"appCompilerFlags":	"",
						"appLinkerFlags":	""
					},
					"addedLibs":	["xilffs:4.4", "xilrsa:1.6"],
					"libOptions":	{
						"libsContainingOptions":	[]
					},
					"prebuiltLibs":	{
						"prebuiltIncPath":	[],
						"prebuiltLibPath":	[]
					},
					"isolation":	{
					}
				}, {
					"domainName":	"standalone_ps7_cortexa9_0",
					"domainDispName":	"standalone_ps7_cortexa9_0",
					"domainDesc":	"standalone_ps7_cortexa9_0",
					"processors":	"ps7_cortexa9_0",
					"os":	"standalone",
					"sdxOs":	"standalone",
					"qemuArgs":	"C:/Xilinx/Vitis/2020.2/data/emulation/platforms/zynq/sw/a9_standalone/qemu/qemu_args.txt",
					"qemuData":	"C:/Xilinx/Vitis/2020.2/data/emulation/platforms/zynq/sw/a9_standalone/qemu/",
					"debugEnable":	"False",
					"domRuntimes":	["cpp"],
					"swRepo":	"",
					"mssOsVer":	"7.3",
					"mssFile":	"",
					"md5Digest":	"c15666e5511381267e01d81e7b42ad11",
					"compatibleApp":	"",
					"domType":	"mssDomain",
					"arch":	"32-bit",
					"appSettings":	{
						"appCompilerFlags":	"",
						"appLinkerFlags":	""
					},
					"addedLibs":	[],
					"libOptions":	{
						"libsContainingOptions":	[]
					},
					"prebuiltLibs":	{
						"prebuiltIncPath":	[],
						"prebuiltLibPath":	[]
					},
					"isolation":	{
					}
				}]
		}]
}
KEYINFO::2026-03-25.11:40:29::SCWPlatform::updated the xpfm file.
TRACE::2026-03-25.11:40:29::SCWPlatform::Trying to open the hw design at D:/Zynq/vitis/version_2020/21_01_axi_vdma_lcd/vitis/system_wrapper/hw/system_wrapper.xsa
TRACE::2026-03-25.11:40:29::SCWPlatform::DSA given D:/Zynq/vitis/version_2020/21_01_axi_vdma_lcd/vitis/system_wrapper/hw/system_wrapper.xsa
TRACE::2026-03-25.11:40:29::SCWPlatform::DSA absoulate path D:/Zynq/vitis/version_2020/21_01_axi_vdma_lcd/vitis/system_wrapper/hw/system_wrapper.xsa
TRACE::2026-03-25.11:40:29::SCWPlatform::DSA directory D:/Zynq/vitis/version_2020/21_01_axi_vdma_lcd/vitis/system_wrapper/hw
TRACE::2026-03-25.11:40:29::SCWPlatform:: Platform Path D:/Zynq/vitis/version_2020/21_01_axi_vdma_lcd/vitis/system_wrapper/hw/system_wrapper.xsa
TRACE::2026-03-25.11:40:29::SCWPlatform:: Unique name xilinx:::0.0
TRACE::2026-03-25.11:40:29::SCWPlatform::Trying to set the existing hwdb with name system_wrapper_2
TRACE::2026-03-25.11:40:29::SCWPlatform::Opened existing hwdb system_wrapper_2
TRACE::2026-03-25.11:40:29::SCWPlatform::Found the Hw Db part of the input DSA
TRACE::2026-03-25.11:40:29::SCWMssOS::Checking the sw design at  D:/Zynq/vitis/version_2020/21_01_axi_vdma_lcd/vitis/system_wrapper/ps7_cortexa9_0/standalone_ps7_cortexa9_0/bsp/system.mss
TRACE::2026-03-25.11:40:29::SCWMssOS::DEBUG:  swdes dump  D:/Zynq/vitis/version_2020/21_01_axi_vdma_lcd/vitis/system_wrapper/ps7_cortexa9_0/standalone_ps7_cortexa9_0/bsp/system.mss|system_0||
D:/Zynq/vitis/version_2020/21_01_axi_vdma_lcd/vitis/system_wrapper/zynq_fsbl/zynq_fsbl_bsp/system.mss|system||

TRACE::2026-03-25.11:40:29::SCWMssOS::Sw design exists and opened at  D:/Zynq/vitis/version_2020/21_01_axi_vdma_lcd/vitis/system_wrapper/ps7_cortexa9_0/standalone_ps7_cortexa9_0/bsp/system.mss
TRACE::2026-03-25.11:41:32::SCWBDomain::System Command Ran  D:&  cd  D:/Zynq/vitis/version_2020/21_01_axi_vdma_lcd/vitis/system_wrapper/zynq_fsbl & make clean
TRACE::2026-03-25.11:41:33::SCWBDomain::rm -rf  sd.o  nand.o  image_mover.o  md5.o  fsbl_hooks.o  main.o  nor.o  qspi.o  rsa.o  ps7_init.o  pcap.o  fsbl_handoff.o zynq
TRACE::2026-03-25.11:41:33::SCWBDomain::_fsbl_bsp/ps7_cortexa9_0/lib/libxil.a fsbl.elf *.o

TRACE::2026-03-25.11:41:33::SCWBDomain::System Command Ran  D:&  cd  D:/Zynq/vitis/version_2020/21_01_axi_vdma_lcd/vitis/system_wrapper/zynq_fsbl/zynq_fsbl_bsp & make clean
TRACE::2026-03-25.11:41:33::SCWBDomain::make -C ps7_cortexa9_0/libsrc/axivdma_v6_8/src -s clean 

TRACE::2026-03-25.11:41:33::SCWBDomain::make -C ps7_cortexa9_0/libsrc/clk_wiz_v1_4/src -s clean 

TRACE::2026-03-25.11:41:33::SCWBDomain::make -C ps7_cortexa9_0/libsrc/coresightps_dcc_v1_8/src -s clean 

TRACE::2026-03-25.11:41:33::SCWBDomain::make -C ps7_cortexa9_0/libsrc/cpu_cortexa9_v2_10/src -s clean 

TRACE::2026-03-25.11:41:33::SCWBDomain::make -C ps7_cortexa9_0/libsrc/ddrps_v1_2/src -s clean 

TRACE::2026-03-25.11:41:33::SCWBDomain::make -C ps7_cortexa9_0/libsrc/devcfg_v3_7/src -s clean 

TRACE::2026-03-25.11:41:33::SCWBDomain::make -C ps7_cortexa9_0/libsrc/dmaps_v2_7/src -s clean 

TRACE::2026-03-25.11:41:33::SCWBDomain::make -C ps7_cortexa9_0/libsrc/gpio_v4_7/src -s clean 

TRACE::2026-03-25.11:41:33::SCWBDomain::make -C ps7_cortexa9_0/libsrc/scugic_v4_3/src -s clean 

TRACE::2026-03-25.11:41:33::SCWBDomain::make -C ps7_cortexa9_0/libsrc/scutimer_v2_3/src -s clean 

TRACE::2026-03-25.11:41:33::SCWBDomain::make -C ps7_cortexa9_0/libsrc/scuwdt_v2_3/src -s clean 

TRACE::2026-03-25.11:41:33::SCWBDomain::make -C ps7_cortexa9_0/libsrc/standalone_v7_3/src -s clean 

TRACE::2026-03-25.11:41:33::SCWBDomain::make -C ps7_cortexa9_0/libsrc/uartps_v3_10/src -s clean 

TRACE::2026-03-25.11:41:33::SCWBDomain::make -C ps7_cortexa9_0/libsrc/vtc_v8_3/src -s clean 

TRACE::2026-03-25.11:41:33::SCWBDomain::make -C ps7_cortexa9_0/libsrc/xadcps_v2_5/src -s clean 

TRACE::2026-03-25.11:41:33::SCWBDomain::make -C ps7_cortexa9_0/libsrc/xilffs_v4_4/src -s clean 

TRACE::2026-03-25.11:41:33::SCWBDomain::make -C ps7_cortexa9_0/libsrc/xilrsa_v1_6/src -s clean 

TRACE::2026-03-25.11:41:33::SCWBDomain::rm -f ps7_cortexa9_0/lib/libxil.a

TRACE::2026-03-25.11:41:33::SCWMssOS::cleaning the bsp 
TRACE::2026-03-25.11:41:33::SCWMssOS::System Command Ran  D: & cd  D:/Zynq/vitis/version_2020/21_01_axi_vdma_lcd/vitis/system_wrapper/ps7_cortexa9_0/standalone_ps7_cortexa9_0/bsp & make clean 
TRACE::2026-03-25.11:41:34::SCWMssOS::make -C ps7_cortexa9_0/libsrc/axivdma_v6_8/src -s clean 

TRACE::2026-03-25.11:41:34::SCWMssOS::make -C ps7_cortexa9_0/libsrc/clk_wiz_v1_4/src -s clean 

TRACE::2026-03-25.11:41:34::SCWMssOS::make -C ps7_cortexa9_0/libsrc/coresightps_dcc_v1_8/src -s clean 

TRACE::2026-03-25.11:41:34::SCWMssOS::make -C ps7_cortexa9_0/libsrc/cpu_cortexa9_v2_10/src -s clean 

TRACE::2026-03-25.11:41:34::SCWMssOS::make -C ps7_cortexa9_0/libsrc/ddrps_v1_2/src -s clean 

TRACE::2026-03-25.11:41:34::SCWMssOS::make -C ps7_cortexa9_0/libsrc/devcfg_v3_7/src -s clean 

TRACE::2026-03-25.11:41:34::SCWMssOS::make -C ps7_cortexa9_0/libsrc/dmaps_v2_7/src -s clean 

TRACE::2026-03-25.11:41:34::SCWMssOS::make -C ps7_cortexa9_0/libsrc/gpio_v4_7/src -s clean 

TRACE::2026-03-25.11:41:34::SCWMssOS::make -C ps7_cortexa9_0/libsrc/scugic_v4_3/src -s clean 

TRACE::2026-03-25.11:41:34::SCWMssOS::make -C ps7_cortexa9_0/libsrc/scutimer_v2_3/src -s clean 

TRACE::2026-03-25.11:41:34::SCWMssOS::make -C ps7_cortexa9_0/libsrc/scuwdt_v2_3/src -s clean 

TRACE::2026-03-25.11:41:34::SCWMssOS::make -C ps7_cortexa9_0/libsrc/standalone_v7_3/src -s clean 

TRACE::2026-03-25.11:41:34::SCWMssOS::make -C ps7_cortexa9_0/libsrc/uartps_v3_10/src -s clean 

TRACE::2026-03-25.11:41:34::SCWMssOS::make -C ps7_cortexa9_0/libsrc/vtc_v8_3/src -s clean 

TRACE::2026-03-25.11:41:34::SCWMssOS::make -C ps7_cortexa9_0/libsrc/xadcps_v2_5/src -s clean 

TRACE::2026-03-25.11:41:34::SCWMssOS::rm -f ps7_cortexa9_0/lib/libxil.a

LOG::2026-03-25.11:41:42::SCWPlatform::Started generating the artifacts platform system_wrapper
TRACE::2026-03-25.11:41:42::SCWPlatform::Sanity checking of platform is completed
LOG::2026-03-25.11:41:42::SCWPlatform::Started generating the artifacts for system configuration system_wrapper
LOG::2026-03-25.11:41:42::SCWSystem::Checking the domain zynq_fsbl
LOG::2026-03-25.11:41:42::SCWSystem::Doing application build for :  zynq_fsbl
TRACE::2026-03-25.11:41:42::SCWBDomain::Not a forced makefile updation, No changes are present. 
TRACE::2026-03-25.11:41:42::SCWDomain::Building the domain as part of full build :  zynq_fsbl
TRACE::2026-03-25.11:41:42::SCWPlatform::Trying to open the hw design at D:/Zynq/vitis/version_2020/21_01_axi_vdma_lcd/vitis/system_wrapper/hw/system_wrapper.xsa
TRACE::2026-03-25.11:41:42::SCWPlatform::DSA given D:/Zynq/vitis/version_2020/21_01_axi_vdma_lcd/vitis/system_wrapper/hw/system_wrapper.xsa
TRACE::2026-03-25.11:41:42::SCWPlatform::DSA absoulate path D:/Zynq/vitis/version_2020/21_01_axi_vdma_lcd/vitis/system_wrapper/hw/system_wrapper.xsa
TRACE::2026-03-25.11:41:42::SCWPlatform::DSA directory D:/Zynq/vitis/version_2020/21_01_axi_vdma_lcd/vitis/system_wrapper/hw
TRACE::2026-03-25.11:41:42::SCWPlatform:: Platform Path D:/Zynq/vitis/version_2020/21_01_axi_vdma_lcd/vitis/system_wrapper/hw/system_wrapper.xsa
TRACE::2026-03-25.11:41:42::SCWPlatform:: Unique name xilinx:::0.0
TRACE::2026-03-25.11:41:42::SCWPlatform::Trying to set the existing hwdb with name system_wrapper_2
TRACE::2026-03-25.11:41:42::SCWPlatform::Opened existing hwdb system_wrapper_2
TRACE::2026-03-25.11:41:42::SCWPlatform::Found the Hw Db part of the input DSA
TRACE::2026-03-25.11:41:42::SCWMssOS::Checking the sw design at  D:/Zynq/vitis/version_2020/21_01_axi_vdma_lcd/vitis/system_wrapper/zynq_fsbl/zynq_fsbl_bsp/system.mss
TRACE::2026-03-25.11:41:42::SCWMssOS::DEBUG:  swdes dump  D:/Zynq/vitis/version_2020/21_01_axi_vdma_lcd/vitis/system_wrapper/ps7_cortexa9_0/standalone_ps7_cortexa9_0/bsp/system.mss|system_0||
D:/Zynq/vitis/version_2020/21_01_axi_vdma_lcd/vitis/system_wrapper/zynq_fsbl/zynq_fsbl_bsp/system.mss|system||

TRACE::2026-03-25.11:41:42::SCWMssOS::Sw design exists and opened at  D:/Zynq/vitis/version_2020/21_01_axi_vdma_lcd/vitis/system_wrapper/zynq_fsbl/zynq_fsbl_bsp/system.mss
TRACE::2026-03-25.11:41:42::SCWBDomain::Completed writing the mss file at D:/Zynq/vitis/version_2020/21_01_axi_vdma_lcd/vitis/system_wrapper/zynq_fsbl/zynq_fsbl_bsp
TRACE::2026-03-25.11:41:42::SCWBDomain::bsp generated is upto date with the mss file. Skipping bsp generation.
TRACE::2026-03-25.11:41:42::SCWBDomain::Not a forced makefile updation, No changes are present. 
TRACE::2026-03-25.11:41:42::SCWBDomain::System Command Ran  D:&  cd  D:/Zynq/vitis/version_2020/21_01_axi_vdma_lcd/vitis/system_wrapper/zynq_fsbl& make -C  zynq_fsbl_bsp & make 
TRACE::2026-03-25.11:41:42::SCWBDomain::make: Entering directory 'D:/Zynq/vitis/version_2020/21_01_axi_vdma_lcd/vitis/system_wrapper/zynq_fsbl/zynq_fsbl_bsp'

TRACE::2026-03-25.11:41:42::SCWBDomain::make --no-print-directory seq_libs

TRACE::2026-03-25.11:41:43::SCWBDomain::"Running Make include in ps7_cortexa9_0/libsrc/axivdma_v6_8/src"

TRACE::2026-03-25.11:41:43::SCWBDomain::make -C ps7_cortexa9_0/libsrc/axivdma_v6_8/src -s include  "SHELL=CMD" "COMPILER=arm-none-eabi-gcc" "ASSEMBLER=arm-none-eabi-as
TRACE::2026-03-25.11:41:43::SCWBDomain::" "ARCHIVER=arm-none-eabi-ar" "COMPILER_FLAGS=  -O2 -c" "EXTRA_COMPILER_FLAGS=-mcpu=cortex-a9 -mfpu=vfpv3 -mfloat-abi=hard -nos
TRACE::2026-03-25.11:41:43::SCWBDomain::tartfiles -g -Wall -Wextra"

TRACE::2026-03-25.11:41:43::SCWBDomain::"Running Make include in ps7_cortexa9_0/libsrc/clk_wiz_v1_4/src"

TRACE::2026-03-25.11:41:43::SCWBDomain::make -C ps7_cortexa9_0/libsrc/clk_wiz_v1_4/src -s include  "SHELL=CMD" "COMPILER=arm-none-eabi-gcc" "ASSEMBLER=arm-none-eabi-as
TRACE::2026-03-25.11:41:43::SCWBDomain::" "ARCHIVER=arm-none-eabi-ar" "COMPILER_FLAGS=  -O2 -c" "EXTRA_COMPILER_FLAGS=-mcpu=cortex-a9 -mfpu=vfpv3 -mfloat-abi=hard -nos
TRACE::2026-03-25.11:41:43::SCWBDomain::tartfiles -g -Wall -Wextra"

TRACE::2026-03-25.11:41:43::SCWBDomain::"Running Make include in ps7_cortexa9_0/libsrc/coresightps_dcc_v1_8/src"

TRACE::2026-03-25.11:41:43::SCWBDomain::make -C ps7_cortexa9_0/libsrc/coresightps_dcc_v1_8/src -s include  "SHELL=CMD" "COMPILER=arm-none-eabi-gcc" "ASSEMBLER=arm-none
TRACE::2026-03-25.11:41:43::SCWBDomain::-eabi-as" "ARCHIVER=arm-none-eabi-ar" "COMPILER_FLAGS=  -O2 -c" "EXTRA_COMPILER_FLAGS=-mcpu=cortex-a9 -mfpu=vfpv3 -mfloat-abi=h
TRACE::2026-03-25.11:41:43::SCWBDomain::ard -nostartfiles -g -Wall -Wextra"

TRACE::2026-03-25.11:41:43::SCWBDomain::"Running Make include in ps7_cortexa9_0/libsrc/cpu_cortexa9_v2_10/src"

TRACE::2026-03-25.11:41:43::SCWBDomain::make -C ps7_cortexa9_0/libsrc/cpu_cortexa9_v2_10/src -s include  "SHELL=CMD" "COMPILER=arm-none-eabi-gcc" "ASSEMBLER=arm-none-e
TRACE::2026-03-25.11:41:43::SCWBDomain::abi-as" "ARCHIVER=arm-none-eabi-ar" "COMPILER_FLAGS=  -O2 -c" "EXTRA_COMPILER_FLAGS=-mcpu=cortex-a9 -mfpu=vfpv3 -mfloat-abi=har
TRACE::2026-03-25.11:41:43::SCWBDomain::d -nostartfiles -g -Wall -Wextra"

TRACE::2026-03-25.11:41:43::SCWBDomain::"Running Make include in ps7_cortexa9_0/libsrc/ddrps_v1_2/src"

TRACE::2026-03-25.11:41:43::SCWBDomain::make -C ps7_cortexa9_0/libsrc/ddrps_v1_2/src -s include  "SHELL=CMD" "COMPILER=arm-none-eabi-gcc" "ASSEMBLER=arm-none-eabi-as" 
TRACE::2026-03-25.11:41:43::SCWBDomain::"ARCHIVER=arm-none-eabi-ar" "COMPILER_FLAGS=  -O2 -c" "EXTRA_COMPILER_FLAGS=-mcpu=cortex-a9 -mfpu=vfpv3 -mfloat-abi=hard -nosta
TRACE::2026-03-25.11:41:43::SCWBDomain::rtfiles -g -Wall -Wextra"

TRACE::2026-03-25.11:41:43::SCWBDomain::"Running Make include in ps7_cortexa9_0/libsrc/devcfg_v3_7/src"

TRACE::2026-03-25.11:41:43::SCWBDomain::make -C ps7_cortexa9_0/libsrc/devcfg_v3_7/src -s include  "SHELL=CMD" "COMPILER=arm-none-eabi-gcc" "ASSEMBLER=arm-none-eabi-as"
TRACE::2026-03-25.11:41:43::SCWBDomain:: "ARCHIVER=arm-none-eabi-ar" "COMPILER_FLAGS=  -O2 -c" "EXTRA_COMPILER_FLAGS=-mcpu=cortex-a9 -mfpu=vfpv3 -mfloat-abi=hard -nost
TRACE::2026-03-25.11:41:43::SCWBDomain::artfiles -g -Wall -Wextra"

TRACE::2026-03-25.11:41:43::SCWBDomain::"Running Make include in ps7_cortexa9_0/libsrc/dmaps_v2_7/src"

TRACE::2026-03-25.11:41:43::SCWBDomain::make -C ps7_cortexa9_0/libsrc/dmaps_v2_7/src -s include  "SHELL=CMD" "COMPILER=arm-none-eabi-gcc" "ASSEMBLER=arm-none-eabi-as" 
TRACE::2026-03-25.11:41:43::SCWBDomain::"ARCHIVER=arm-none-eabi-ar" "COMPILER_FLAGS=  -O2 -c" "EXTRA_COMPILER_FLAGS=-mcpu=cortex-a9 -mfpu=vfpv3 -mfloat-abi=hard -nosta
TRACE::2026-03-25.11:41:43::SCWBDomain::rtfiles -g -Wall -Wextra"

TRACE::2026-03-25.11:41:43::SCWBDomain::"Running Make include in ps7_cortexa9_0/libsrc/gpio_v4_7/src"

TRACE::2026-03-25.11:41:43::SCWBDomain::make -C ps7_cortexa9_0/libsrc/gpio_v4_7/src -s include  "SHELL=CMD" "COMPILER=arm-none-eabi-gcc" "ASSEMBLER=arm-none-eabi-as" "
TRACE::2026-03-25.11:41:43::SCWBDomain::ARCHIVER=arm-none-eabi-ar" "COMPILER_FLAGS=  -O2 -c" "EXTRA_COMPILER_FLAGS=-mcpu=cortex-a9 -mfpu=vfpv3 -mfloat-abi=hard -nostar
TRACE::2026-03-25.11:41:43::SCWBDomain::tfiles -g -Wall -Wextra"

TRACE::2026-03-25.11:41:43::SCWBDomain::"Running Make include in ps7_cortexa9_0/libsrc/scugic_v4_3/src"

TRACE::2026-03-25.11:41:43::SCWBDomain::make -C ps7_cortexa9_0/libsrc/scugic_v4_3/src -s include  "SHELL=CMD" "COMPILER=arm-none-eabi-gcc" "ASSEMBLER=arm-none-eabi-as"
TRACE::2026-03-25.11:41:43::SCWBDomain:: "ARCHIVER=arm-none-eabi-ar" "COMPILER_FLAGS=  -O2 -c" "EXTRA_COMPILER_FLAGS=-mcpu=cortex-a9 -mfpu=vfpv3 -mfloat-abi=hard -nost
TRACE::2026-03-25.11:41:43::SCWBDomain::artfiles -g -Wall -Wextra"

TRACE::2026-03-25.11:41:43::SCWBDomain::"Running Make include in ps7_cortexa9_0/libsrc/scutimer_v2_3/src"

TRACE::2026-03-25.11:41:43::SCWBDomain::make -C ps7_cortexa9_0/libsrc/scutimer_v2_3/src -s include  "SHELL=CMD" "COMPILER=arm-none-eabi-gcc" "ASSEMBLER=arm-none-eabi-a
TRACE::2026-03-25.11:41:43::SCWBDomain::s" "ARCHIVER=arm-none-eabi-ar" "COMPILER_FLAGS=  -O2 -c" "EXTRA_COMPILER_FLAGS=-mcpu=cortex-a9 -mfpu=vfpv3 -mfloat-abi=hard -no
TRACE::2026-03-25.11:41:43::SCWBDomain::startfiles -g -Wall -Wextra"

TRACE::2026-03-25.11:41:43::SCWBDomain::"Running Make include in ps7_cortexa9_0/libsrc/scuwdt_v2_3/src"

TRACE::2026-03-25.11:41:43::SCWBDomain::make -C ps7_cortexa9_0/libsrc/scuwdt_v2_3/src -s include  "SHELL=CMD" "COMPILER=arm-none-eabi-gcc" "ASSEMBLER=arm-none-eabi-as"
TRACE::2026-03-25.11:41:43::SCWBDomain:: "ARCHIVER=arm-none-eabi-ar" "COMPILER_FLAGS=  -O2 -c" "EXTRA_COMPILER_FLAGS=-mcpu=cortex-a9 -mfpu=vfpv3 -mfloat-abi=hard -nost
TRACE::2026-03-25.11:41:43::SCWBDomain::artfiles -g -Wall -Wextra"

TRACE::2026-03-25.11:41:43::SCWBDomain::"Running Make include in ps7_cortexa9_0/libsrc/standalone_v7_3/src"

TRACE::2026-03-25.11:41:43::SCWBDomain::make -C ps7_cortexa9_0/libsrc/standalone_v7_3/src -s include  "SHELL=CMD" "COMPILER=arm-none-eabi-gcc" "ASSEMBLER=arm-none-eabi
TRACE::2026-03-25.11:41:43::SCWBDomain::-as" "ARCHIVER=arm-none-eabi-ar" "COMPILER_FLAGS=  -O2 -c" "EXTRA_COMPILER_FLAGS=-mcpu=cortex-a9 -mfpu=vfpv3 -mfloat-abi=hard -
TRACE::2026-03-25.11:41:43::SCWBDomain::nostartfiles -g -Wall -Wextra"

TRACE::2026-03-25.11:41:43::SCWBDomain::"Running Make include in ps7_cortexa9_0/libsrc/uartps_v3_10/src"

TRACE::2026-03-25.11:41:43::SCWBDomain::make -C ps7_cortexa9_0/libsrc/uartps_v3_10/src -s include  "SHELL=CMD" "COMPILER=arm-none-eabi-gcc" "ASSEMBLER=arm-none-eabi-as
TRACE::2026-03-25.11:41:43::SCWBDomain::" "ARCHIVER=arm-none-eabi-ar" "COMPILER_FLAGS=  -O2 -c" "EXTRA_COMPILER_FLAGS=-mcpu=cortex-a9 -mfpu=vfpv3 -mfloat-abi=hard -nos
TRACE::2026-03-25.11:41:43::SCWBDomain::tartfiles -g -Wall -Wextra"

TRACE::2026-03-25.11:41:43::SCWBDomain::"Running Make include in ps7_cortexa9_0/libsrc/vtc_v8_3/src"

TRACE::2026-03-25.11:41:43::SCWBDomain::make -C ps7_cortexa9_0/libsrc/vtc_v8_3/src -s include  "SHELL=CMD" "COMPILER=arm-none-eabi-gcc" "ASSEMBLER=arm-none-eabi-as" "A
TRACE::2026-03-25.11:41:43::SCWBDomain::RCHIVER=arm-none-eabi-ar" "COMPILER_FLAGS=  -O2 -c" "EXTRA_COMPILER_FLAGS=-mcpu=cortex-a9 -mfpu=vfpv3 -mfloat-abi=hard -nostart
TRACE::2026-03-25.11:41:43::SCWBDomain::files -g -Wall -Wextra"

TRACE::2026-03-25.11:41:43::SCWBDomain::"Running Make include in ps7_cortexa9_0/libsrc/xadcps_v2_5/src"

TRACE::2026-03-25.11:41:43::SCWBDomain::make -C ps7_cortexa9_0/libsrc/xadcps_v2_5/src -s include  "SHELL=CMD" "COMPILER=arm-none-eabi-gcc" "ASSEMBLER=arm-none-eabi-as"
TRACE::2026-03-25.11:41:43::SCWBDomain:: "ARCHIVER=arm-none-eabi-ar" "COMPILER_FLAGS=  -O2 -c" "EXTRA_COMPILER_FLAGS=-mcpu=cortex-a9 -mfpu=vfpv3 -mfloat-abi=hard -nost
TRACE::2026-03-25.11:41:43::SCWBDomain::artfiles -g -Wall -Wextra"

TRACE::2026-03-25.11:41:43::SCWBDomain::"Running Make include in ps7_cortexa9_0/libsrc/xilffs_v4_4/src"

TRACE::2026-03-25.11:41:43::SCWBDomain::make -C ps7_cortexa9_0/libsrc/xilffs_v4_4/src -s include  "SHELL=CMD" "COMPILER=arm-none-eabi-gcc" "ASSEMBLER=arm-none-eabi-as"
TRACE::2026-03-25.11:41:43::SCWBDomain:: "ARCHIVER=arm-none-eabi-ar" "COMPILER_FLAGS=  -O2 -c" "EXTRA_COMPILER_FLAGS=-mcpu=cortex-a9 -mfpu=vfpv3 -mfloat-abi=hard -nost
TRACE::2026-03-25.11:41:43::SCWBDomain::artfiles -g -Wall -Wextra"

TRACE::2026-03-25.11:41:43::SCWBDomain::"Running Make include in ps7_cortexa9_0/libsrc/xilrsa_v1_6/src"

TRACE::2026-03-25.11:41:43::SCWBDomain::make -C ps7_cortexa9_0/libsrc/xilrsa_v1_6/src -s include  "SHELL=CMD" "COMPILER=arm-none-eabi-gcc" "ASSEMBLER=arm-none-eabi-as"
TRACE::2026-03-25.11:41:43::SCWBDomain:: "ARCHIVER=arm-none-eabi-ar" "COMPILER_FLAGS=  -O2 -c" "EXTRA_COMPILER_FLAGS=-mcpu=cortex-a9 -mfpu=vfpv3 -mfloat-abi=hard -nost
TRACE::2026-03-25.11:41:43::SCWBDomain::artfiles -g -Wall -Wextra"

TRACE::2026-03-25.11:41:43::SCWBDomain::"Running Make libs in ps7_cortexa9_0/libsrc/xilrsa_v1_6/src"

TRACE::2026-03-25.11:41:43::SCWBDomain::make -C ps7_cortexa9_0/libsrc/xilrsa_v1_6/src -s libs  "SHELL=CMD" "COMPILER=arm-none-eabi-gcc" "ASSEMBLER=arm-none-eabi-as" "A
TRACE::2026-03-25.11:41:43::SCWBDomain::RCHIVER=arm-none-eabi-ar" "COMPILER_FLAGS=  -O2 -c" "EXTRA_COMPILER_FLAGS=-mcpu=cortex-a9 -mfpu=vfpv3 -mfloat-abi=hard -nostart
TRACE::2026-03-25.11:41:43::SCWBDomain::files -g -Wall -Wextra"

TRACE::2026-03-25.11:41:43::SCWBDomain::'Finished building libraries sequentially.'

TRACE::2026-03-25.11:41:43::SCWBDomain::make -j --no-print-directory par_libs

TRACE::2026-03-25.11:41:43::SCWBDomain::"Running Make include in ps7_cortexa9_0/libsrc/axivdma_v6_8/src"

TRACE::2026-03-25.11:41:43::SCWBDomain::make -C ps7_cortexa9_0/libsrc/axivdma_v6_8/src -s include  "SHELL=CMD" "COMPILER=arm-none-eabi-gcc" "ASSEMBLER=arm-none-eabi-as
TRACE::2026-03-25.11:41:43::SCWBDomain::" "ARCHIVER=arm-none-eabi-ar" "COMPILER_FLAGS=  -O2 -c" "EXTRA_COMPILER_FLAGS=-mcpu=cortex-a9 -mfpu=vfpv3 -mfloat-abi=hard -nos
TRACE::2026-03-25.11:41:43::SCWBDomain::tartfiles -g -Wall -Wextra"

TRACE::2026-03-25.11:41:43::SCWBDomain::"Running Make include in ps7_cortexa9_0/libsrc/clk_wiz_v1_4/src"

TRACE::2026-03-25.11:41:43::SCWBDomain::make -C ps7_cortexa9_0/libsrc/clk_wiz_v1_4/src -s include  "SHELL=CMD" "COMPILER=arm-none-eabi-gcc" "ASSEMBLER=arm-none-eabi-as
TRACE::2026-03-25.11:41:43::SCWBDomain::" "ARCHIVER=arm-none-eabi-ar" "COMPILER_FLAGS=  -O2 -c" "EXTRA_COMPILER_FLAGS=-mcpu=cortex-a9 -mfpu=vfpv3 -mfloat-abi=hard -nos
TRACE::2026-03-25.11:41:43::SCWBDomain::tartfiles -g -Wall -Wextra"

TRACE::2026-03-25.11:41:43::SCWBDomain::"Running Make include in ps7_cortexa9_0/libsrc/coresightps_dcc_v1_8/src"

TRACE::2026-03-25.11:41:43::SCWBDomain::make -C ps7_cortexa9_0/libsrc/coresightps_dcc_v1_8/src -s include  "SHELL=CMD" "COMPILER=arm-none-eabi-gcc" "ASSEMBLER=arm-none
TRACE::2026-03-25.11:41:43::SCWBDomain::-eabi-as" "ARCHIVER=arm-none-eabi-ar" "COMPILER_FLAGS=  -O2 -c" "EXTRA_COMPILER_FLAGS=-mcpu=cortex-a9 -mfpu=vfpv3 -mfloat-abi=h
TRACE::2026-03-25.11:41:43::SCWBDomain::ard -nostartfiles -g -Wall -Wextra"

TRACE::2026-03-25.11:41:43::SCWBDomain::"Running Make include in ps7_cortexa9_0/libsrc/cpu_cortexa9_v2_10/src"

TRACE::2026-03-25.11:41:43::SCWBDomain::make -C ps7_cortexa9_0/libsrc/cpu_cortexa9_v2_10/src -s include  "SHELL=CMD" "COMPILER=arm-none-eabi-gcc" "ASSEMBLER=arm-none-e
TRACE::2026-03-25.11:41:43::SCWBDomain::abi-as" "ARCHIVER=arm-none-eabi-ar" "COMPILER_FLAGS=  -O2 -c" "EXTRA_COMPILER_FLAGS=-mcpu=cortex-a9 -mfpu=vfpv3 -mfloat-abi=har
TRACE::2026-03-25.11:41:43::SCWBDomain::d -nostartfiles -g -Wall -Wextra"

TRACE::2026-03-25.11:41:43::SCWBDomain::"Running Make include in ps7_cortexa9_0/libsrc/ddrps_v1_2/src"

TRACE::2026-03-25.11:41:43::SCWBDomain::make -C ps7_cortexa9_0/libsrc/ddrps_v1_2/src -s include  "SHELL=CMD" "COMPILER=arm-none-eabi-gcc" "ASSEMBLER=arm-none-eabi-as" 
TRACE::2026-03-25.11:41:43::SCWBDomain::"ARCHIVER=arm-none-eabi-ar" "COMPILER_FLAGS=  -O2 -c" "EXTRA_COMPILER_FLAGS=-mcpu=cortex-a9 -mfpu=vfpv3 -mfloat-abi=hard -nosta
TRACE::2026-03-25.11:41:43::SCWBDomain::rtfiles -g -Wall -Wextra"

TRACE::2026-03-25.11:41:43::SCWBDomain::"Running Make include in ps7_cortexa9_0/libsrc/devcfg_v3_7/src"

TRACE::2026-03-25.11:41:43::SCWBDomain::make -C ps7_cortexa9_0/libsrc/devcfg_v3_7/src -s include  "SHELL=CMD" "COMPILER=arm-none-eabi-gcc" "ASSEMBLER=arm-none-eabi-as"
TRACE::2026-03-25.11:41:43::SCWBDomain:: "ARCHIVER=arm-none-eabi-ar" "COMPILER_FLAGS=  -O2 -c" "EXTRA_COMPILER_FLAGS=-mcpu=cortex-a9 -mfpu=vfpv3 -mfloat-abi=hard -nost
TRACE::2026-03-25.11:41:43::SCWBDomain::artfiles -g -Wall -Wextra"

TRACE::2026-03-25.11:41:43::SCWBDomain::"Running Make include in ps7_cortexa9_0/libsrc/dmaps_v2_7/src"

TRACE::2026-03-25.11:41:43::SCWBDomain::make -C ps7_cortexa9_0/libsrc/dmaps_v2_7/src -s include  "SHELL=CMD" "COMPILER=arm-none-eabi-gcc" "ASSEMBLER=arm-none-eabi-as" 
TRACE::2026-03-25.11:41:43::SCWBDomain::"ARCHIVER=arm-none-eabi-ar" "COMPILER_FLAGS=  -O2 -c" "EXTRA_COMPILER_FLAGS=-mcpu=cortex-a9 -mfpu=vfpv3 -mfloat-abi=hard -nosta
TRACE::2026-03-25.11:41:43::SCWBDomain::rtfiles -g -Wall -Wextra"

TRACE::2026-03-25.11:41:43::SCWBDomain::"Running Make include in ps7_cortexa9_0/libsrc/gpio_v4_7/src"

TRACE::2026-03-25.11:41:43::SCWBDomain::make -C ps7_cortexa9_0/libsrc/gpio_v4_7/src -s include  "SHELL=CMD" "COMPILER=arm-none-eabi-gcc" "ASSEMBLER=arm-none-eabi-as" "
TRACE::2026-03-25.11:41:43::SCWBDomain::ARCHIVER=arm-none-eabi-ar" "COMPILER_FLAGS=  -O2 -c" "EXTRA_COMPILER_FLAGS=-mcpu=cortex-a9 -mfpu=vfpv3 -mfloat-abi=hard -nostar
TRACE::2026-03-25.11:41:43::SCWBDomain::tfiles -g -Wall -Wextra"

TRACE::2026-03-25.11:41:43::SCWBDomain::"Running Make include in ps7_cortexa9_0/libsrc/scugic_v4_3/src"

TRACE::2026-03-25.11:41:43::SCWBDomain::make -C ps7_cortexa9_0/libsrc/scugic_v4_3/src -s include  "SHELL=CMD" "COMPILER=arm-none-eabi-gcc" "ASSEMBLER=arm-none-eabi-as"
TRACE::2026-03-25.11:41:43::SCWBDomain:: "ARCHIVER=arm-none-eabi-ar" "COMPILER_FLAGS=  -O2 -c" "EXTRA_COMPILER_FLAGS=-mcpu=cortex-a9 -mfpu=vfpv3 -mfloat-abi=hard -nost
TRACE::2026-03-25.11:41:43::SCWBDomain::artfiles -g -Wall -Wextra"

TRACE::2026-03-25.11:41:43::SCWBDomain::"Running Make include in ps7_cortexa9_0/libsrc/scutimer_v2_3/src"

TRACE::2026-03-25.11:41:43::SCWBDomain::make -C ps7_cortexa9_0/libsrc/scutimer_v2_3/src -s include  "SHELL=CMD" "COMPILER=arm-none-eabi-gcc" "ASSEMBLER=arm-none-eabi-a
TRACE::2026-03-25.11:41:43::SCWBDomain::s" "ARCHIVER=arm-none-eabi-ar" "COMPILER_FLAGS=  -O2 -c" "EXTRA_COMPILER_FLAGS=-mcpu=cortex-a9 -mfpu=vfpv3 -mfloat-abi=hard -no
TRACE::2026-03-25.11:41:43::SCWBDomain::startfiles -g -Wall -Wextra"

TRACE::2026-03-25.11:41:43::SCWBDomain::"Running Make include in ps7_cortexa9_0/libsrc/scuwdt_v2_3/src"

TRACE::2026-03-25.11:41:43::SCWBDomain::make -C ps7_cortexa9_0/libsrc/scuwdt_v2_3/src -s include  "SHELL=CMD" "COMPILER=arm-none-eabi-gcc" "ASSEMBLER=arm-none-eabi-as"
TRACE::2026-03-25.11:41:43::SCWBDomain:: "ARCHIVER=arm-none-eabi-ar" "COMPILER_FLAGS=  -O2 -c" "EXTRA_COMPILER_FLAGS=-mcpu=cortex-a9 -mfpu=vfpv3 -mfloat-abi=hard -nost
TRACE::2026-03-25.11:41:43::SCWBDomain::artfiles -g -Wall -Wextra"

TRACE::2026-03-25.11:41:43::SCWBDomain::"Running Make include in ps7_cortexa9_0/libsrc/standalone_v7_3/src"

TRACE::2026-03-25.11:41:43::SCWBDomain::make -C ps7_cortexa9_0/libsrc/standalone_v7_3/src -s include  "SHELL=CMD" "COMPILER=arm-none-eabi-gcc" "ASSEMBLER=arm-none-eabi
TRACE::2026-03-25.11:41:43::SCWBDomain::-as" "ARCHIVER=arm-none-eabi-ar" "COMPILER_FLAGS=  -O2 -c" "EXTRA_COMPILER_FLAGS=-mcpu=cortex-a9 -mfpu=vfpv3 -mfloat-abi=hard -
TRACE::2026-03-25.11:41:43::SCWBDomain::nostartfiles -g -Wall -Wextra"

TRACE::2026-03-25.11:41:43::SCWBDomain::"Running Make include in ps7_cortexa9_0/libsrc/uartps_v3_10/src"

TRACE::2026-03-25.11:41:43::SCWBDomain::make -C ps7_cortexa9_0/libsrc/uartps_v3_10/src -s include  "SHELL=CMD" "COMPILER=arm-none-eabi-gcc" "ASSEMBLER=arm-none-eabi-as
TRACE::2026-03-25.11:41:43::SCWBDomain::" "ARCHIVER=arm-none-eabi-ar" "COMPILER_FLAGS=  -O2 -c" "EXTRA_COMPILER_FLAGS=-mcpu=cortex-a9 -mfpu=vfpv3 -mfloat-abi=hard -nos
TRACE::2026-03-25.11:41:43::SCWBDomain::tartfiles -g -Wall -Wextra"

TRACE::2026-03-25.11:41:43::SCWBDomain::"Running Make include in ps7_cortexa9_0/libsrc/vtc_v8_3/src"

TRACE::2026-03-25.11:41:43::SCWBDomain::make -C ps7_cortexa9_0/libsrc/vtc_v8_3/src -s include  "SHELL=CMD" "COMPILER=arm-none-eabi-gcc" "ASSEMBLER=arm-none-eabi-as" "A
TRACE::2026-03-25.11:41:43::SCWBDomain::RCHIVER=arm-none-eabi-ar" "COMPILER_FLAGS=  -O2 -c" "EXTRA_COMPILER_FLAGS=-mcpu=cortex-a9 -mfpu=vfpv3 -mfloat-abi=hard -nostart
TRACE::2026-03-25.11:41:43::SCWBDomain::files -g -Wall -Wextra"

TRACE::2026-03-25.11:41:43::SCWBDomain::"Running Make include in ps7_cortexa9_0/libsrc/xadcps_v2_5/src"

TRACE::2026-03-25.11:41:43::SCWBDomain::make -C ps7_cortexa9_0/libsrc/xadcps_v2_5/src -s include  "SHELL=CMD" "COMPILER=arm-none-eabi-gcc" "ASSEMBLER=arm-none-eabi-as"
TRACE::2026-03-25.11:41:43::SCWBDomain:: "ARCHIVER=arm-none-eabi-ar" "COMPILER_FLAGS=  -O2 -c" "EXTRA_COMPILER_FLAGS=-mcpu=cortex-a9 -mfpu=vfpv3 -mfloat-abi=hard -nost
TRACE::2026-03-25.11:41:43::SCWBDomain::artfiles -g -Wall -Wextra"

TRACE::2026-03-25.11:41:43::SCWBDomain::"Running Make include in ps7_cortexa9_0/libsrc/xilffs_v4_4/src"

TRACE::2026-03-25.11:41:43::SCWBDomain::make -C ps7_cortexa9_0/libsrc/xilffs_v4_4/src -s include  "SHELL=CMD" "COMPILER=arm-none-eabi-gcc" "ASSEMBLER=arm-none-eabi-as"
TRACE::2026-03-25.11:41:43::SCWBDomain:: "ARCHIVER=arm-none-eabi-ar" "COMPILER_FLAGS=  -O2 -c" "EXTRA_COMPILER_FLAGS=-mcpu=cortex-a9 -mfpu=vfpv3 -mfloat-abi=hard -nost
TRACE::2026-03-25.11:41:43::SCWBDomain::artfiles -g -Wall -Wextra"

TRACE::2026-03-25.11:41:43::SCWBDomain::"Running Make include in ps7_cortexa9_0/libsrc/xilrsa_v1_6/src"

TRACE::2026-03-25.11:41:43::SCWBDomain::make -C ps7_cortexa9_0/libsrc/xilrsa_v1_6/src -s include  "SHELL=CMD" "COMPILER=arm-none-eabi-gcc" "ASSEMBLER=arm-none-eabi-as"
TRACE::2026-03-25.11:41:43::SCWBDomain:: "ARCHIVER=arm-none-eabi-ar" "COMPILER_FLAGS=  -O2 -c" "EXTRA_COMPILER_FLAGS=-mcpu=cortex-a9 -mfpu=vfpv3 -mfloat-abi=hard -nost
TRACE::2026-03-25.11:41:43::SCWBDomain::artfiles -g -Wall -Wextra"

TRACE::2026-03-25.11:41:44::SCWBDomain::"Running Make libs in ps7_cortexa9_0/libsrc/axivdma_v6_8/src"

TRACE::2026-03-25.11:41:44::SCWBDomain::make -C ps7_cortexa9_0/libsrc/axivdma_v6_8/src -s libs  "SHELL=CMD" "COMPILER=arm-none-eabi-gcc" "ASSEMBLER=arm-none-eabi-as" "
TRACE::2026-03-25.11:41:44::SCWBDomain::ARCHIVER=arm-none-eabi-ar" "COMPILER_FLAGS=  -O2 -c" "EXTRA_COMPILER_FLAGS=-mcpu=cortex-a9 -mfpu=vfpv3 -mfloat-abi=hard -nostar
TRACE::2026-03-25.11:41:44::SCWBDomain::tfiles -g -Wall -Wextra"

TRACE::2026-03-25.11:41:44::SCWBDomain::"Running Make libs in ps7_cortexa9_0/libsrc/clk_wiz_v1_4/src"

TRACE::2026-03-25.11:41:44::SCWBDomain::make -C ps7_cortexa9_0/libsrc/clk_wiz_v1_4/src -s libs  "SHELL=CMD" "COMPILER=arm-none-eabi-gcc" "ASSEMBLER=arm-none-eabi-as" "
TRACE::2026-03-25.11:41:44::SCWBDomain::ARCHIVER=arm-none-eabi-ar" "COMPILER_FLAGS=  -O2 -c" "EXTRA_COMPILER_FLAGS=-mcpu=cortex-a9 -mfpu=vfpv3 -mfloat-abi=hard -nostar
TRACE::2026-03-25.11:41:44::SCWBDomain::tfiles -g -Wall -Wextra"

TRACE::2026-03-25.11:41:44::SCWBDomain::"Running Make libs in ps7_cortexa9_0/libsrc/coresightps_dcc_v1_8/src"

TRACE::2026-03-25.11:41:44::SCWBDomain::make -C ps7_cortexa9_0/libsrc/coresightps_dcc_v1_8/src -s libs  "SHELL=CMD" "COMPILER=arm-none-eabi-gcc" "ASSEMBLER=arm-none-ea
TRACE::2026-03-25.11:41:44::SCWBDomain::bi-as" "ARCHIVER=arm-none-eabi-ar" "COMPILER_FLAGS=  -O2 -c" "EXTRA_COMPILER_FLAGS=-mcpu=cortex-a9 -mfpu=vfpv3 -mfloat-abi=hard
TRACE::2026-03-25.11:41:44::SCWBDomain:: -nostartfiles -g -Wall -Wextra"

TRACE::2026-03-25.11:41:44::SCWBDomain::"Running Make libs in ps7_cortexa9_0/libsrc/cpu_cortexa9_v2_10/src"

TRACE::2026-03-25.11:41:44::SCWBDomain::make -C ps7_cortexa9_0/libsrc/cpu_cortexa9_v2_10/src -s libs  "SHELL=CMD" "COMPILER=arm-none-eabi-gcc" "ASSEMBLER=arm-none-eabi
TRACE::2026-03-25.11:41:44::SCWBDomain::-as" "ARCHIVER=arm-none-eabi-ar" "COMPILER_FLAGS=  -O2 -c" "EXTRA_COMPILER_FLAGS=-mcpu=cortex-a9 -mfpu=vfpv3 -mfloat-abi=hard -
TRACE::2026-03-25.11:41:44::SCWBDomain::nostartfiles -g -Wall -Wextra"

TRACE::2026-03-25.11:41:44::SCWBDomain::"Running Make libs in ps7_cortexa9_0/libsrc/ddrps_v1_2/src"

TRACE::2026-03-25.11:41:44::SCWBDomain::make -C ps7_cortexa9_0/libsrc/ddrps_v1_2/src -s libs  "SHELL=CMD" "COMPILER=arm-none-eabi-gcc" "ASSEMBLER=arm-none-eabi-as" "AR
TRACE::2026-03-25.11:41:44::SCWBDomain::CHIVER=arm-none-eabi-ar" "COMPILER_FLAGS=  -O2 -c" "EXTRA_COMPILER_FLAGS=-mcpu=cortex-a9 -mfpu=vfpv3 -mfloat-abi=hard -nostartf
TRACE::2026-03-25.11:41:44::SCWBDomain::iles -g -Wall -Wextra"

TRACE::2026-03-25.11:41:44::SCWBDomain::"Running Make libs in ps7_cortexa9_0/libsrc/devcfg_v3_7/src"

TRACE::2026-03-25.11:41:44::SCWBDomain::make -C ps7_cortexa9_0/libsrc/devcfg_v3_7/src -s libs  "SHELL=CMD" "COMPILER=arm-none-eabi-gcc" "ASSEMBLER=arm-none-eabi-as" "A
TRACE::2026-03-25.11:41:44::SCWBDomain::RCHIVER=arm-none-eabi-ar" "COMPILER_FLAGS=  -O2 -c" "EXTRA_COMPILER_FLAGS=-mcpu=cortex-a9 -mfpu=vfpv3 -mfloat-abi=hard -nostart
TRACE::2026-03-25.11:41:44::SCWBDomain::files -g -Wall -Wextra"

TRACE::2026-03-25.11:41:44::SCWBDomain::"Running Make libs in ps7_cortexa9_0/libsrc/dmaps_v2_7/src"

TRACE::2026-03-25.11:41:44::SCWBDomain::make -C ps7_cortexa9_0/libsrc/dmaps_v2_7/src -s libs  "SHELL=CMD" "COMPILER=arm-none-eabi-gcc" "ASSEMBLER=arm-none-eabi-as" "AR
TRACE::2026-03-25.11:41:44::SCWBDomain::CHIVER=arm-none-eabi-ar" "COMPILER_FLAGS=  -O2 -c" "EXTRA_COMPILER_FLAGS=-mcpu=cortex-a9 -mfpu=vfpv3 -mfloat-abi=hard -nostartf
TRACE::2026-03-25.11:41:44::SCWBDomain::iles -g -Wall -Wextra"

TRACE::2026-03-25.11:41:44::SCWBDomain::"Running Make libs in ps7_cortexa9_0/libsrc/gpio_v4_7/src"

TRACE::2026-03-25.11:41:44::SCWBDomain::make -C ps7_cortexa9_0/libsrc/gpio_v4_7/src -s libs  "SHELL=CMD" "COMPILER=arm-none-eabi-gcc" "ASSEMBLER=arm-none-eabi-as" "ARC
TRACE::2026-03-25.11:41:44::SCWBDomain::HIVER=arm-none-eabi-ar" "COMPILER_FLAGS=  -O2 -c" "EXTRA_COMPILER_FLAGS=-mcpu=cortex-a9 -mfpu=vfpv3 -mfloat-abi=hard -nostartfi
TRACE::2026-03-25.11:41:44::SCWBDomain::les -g -Wall -Wextra"

TRACE::2026-03-25.11:41:44::SCWBDomain::"Running Make libs in ps7_cortexa9_0/libsrc/scugic_v4_3/src"

TRACE::2026-03-25.11:41:44::SCWBDomain::make -C ps7_cortexa9_0/libsrc/scugic_v4_3/src -s libs  "SHELL=CMD" "COMPILER=arm-none-eabi-gcc" "ASSEMBLER=arm-none-eabi-as" "A
TRACE::2026-03-25.11:41:44::SCWBDomain::RCHIVER=arm-none-eabi-ar" "COMPILER_FLAGS=  -O2 -c" "EXTRA_COMPILER_FLAGS=-mcpu=cortex-a9 -mfpu=vfpv3 -mfloat-abi=hard -nostart
TRACE::2026-03-25.11:41:44::SCWBDomain::files -g -Wall -Wextra"

TRACE::2026-03-25.11:41:44::SCWBDomain::"Running Make libs in ps7_cortexa9_0/libsrc/scutimer_v2_3/src"

TRACE::2026-03-25.11:41:44::SCWBDomain::make -C ps7_cortexa9_0/libsrc/scutimer_v2_3/src -s libs  "SHELL=CMD" "COMPILER=arm-none-eabi-gcc" "ASSEMBLER=arm-none-eabi-as" 
TRACE::2026-03-25.11:41:44::SCWBDomain::"ARCHIVER=arm-none-eabi-ar" "COMPILER_FLAGS=  -O2 -c" "EXTRA_COMPILER_FLAGS=-mcpu=cortex-a9 -mfpu=vfpv3 -mfloat-abi=hard -nosta
TRACE::2026-03-25.11:41:44::SCWBDomain::rtfiles -g -Wall -Wextra"

TRACE::2026-03-25.11:41:44::SCWBDomain::"Running Make libs in ps7_cortexa9_0/libsrc/scuwdt_v2_3/src"

TRACE::2026-03-25.11:41:44::SCWBDomain::make -C ps7_cortexa9_0/libsrc/scuwdt_v2_3/src -s libs  "SHELL=CMD" "COMPILER=arm-none-eabi-gcc" "ASSEMBLER=arm-none-eabi-as" "A
TRACE::2026-03-25.11:41:44::SCWBDomain::RCHIVER=arm-none-eabi-ar" "COMPILER_FLAGS=  -O2 -c" "EXTRA_COMPILER_FLAGS=-mcpu=cortex-a9 -mfpu=vfpv3 -mfloat-abi=hard -nostart
TRACE::2026-03-25.11:41:44::SCWBDomain::files -g -Wall -Wextra"

TRACE::2026-03-25.11:41:44::SCWBDomain::"Running Make libs in ps7_cortexa9_0/libsrc/standalone_v7_3/src"

TRACE::2026-03-25.11:41:44::SCWBDomain::make -C ps7_cortexa9_0/libsrc/standalone_v7_3/src -s libs  "SHELL=CMD" "COMPILER=arm-none-eabi-gcc" "ASSEMBLER=arm-none-eabi-as
TRACE::2026-03-25.11:41:44::SCWBDomain::" "ARCHIVER=arm-none-eabi-ar" "COMPILER_FLAGS=  -O2 -c" "EXTRA_COMPILER_FLAGS=-mcpu=cortex-a9 -mfpu=vfpv3 -mfloat-abi=hard -nos
TRACE::2026-03-25.11:41:44::SCWBDomain::tartfiles -g -Wall -Wextra"

TRACE::2026-03-25.11:41:44::SCWBDomain::"Running Make libs in ps7_cortexa9_0/libsrc/uartps_v3_10/src"

TRACE::2026-03-25.11:41:44::SCWBDomain::make -C ps7_cortexa9_0/libsrc/uartps_v3_10/src -s libs  "SHELL=CMD" "COMPILER=arm-none-eabi-gcc" "ASSEMBLER=arm-none-eabi-as" "
TRACE::2026-03-25.11:41:44::SCWBDomain::ARCHIVER=arm-none-eabi-ar" "COMPILER_FLAGS=  -O2 -c" "EXTRA_COMPILER_FLAGS=-mcpu=cortex-a9 -mfpu=vfpv3 -mfloat-abi=hard -nostar
TRACE::2026-03-25.11:41:44::SCWBDomain::tfiles -g -Wall -Wextra"

TRACE::2026-03-25.11:41:44::SCWBDomain::"Running Make libs in ps7_cortexa9_0/libsrc/vtc_v8_3/src"

TRACE::2026-03-25.11:41:44::SCWBDomain::make -C ps7_cortexa9_0/libsrc/vtc_v8_3/src -s libs  "SHELL=CMD" "COMPILER=arm-none-eabi-gcc" "ASSEMBLER=arm-none-eabi-as" "ARCH
TRACE::2026-03-25.11:41:44::SCWBDomain::IVER=arm-none-eabi-ar" "COMPILER_FLAGS=  -O2 -c" "EXTRA_COMPILER_FLAGS=-mcpu=cortex-a9 -mfpu=vfpv3 -mfloat-abi=hard -nostartfil
TRACE::2026-03-25.11:41:44::SCWBDomain::es -g -Wall -Wextra"

TRACE::2026-03-25.11:41:44::SCWBDomain::"Running Make libs in ps7_cortexa9_0/libsrc/xadcps_v2_5/src"

TRACE::2026-03-25.11:41:44::SCWBDomain::make -C ps7_cortexa9_0/libsrc/xadcps_v2_5/src -s libs  "SHELL=CMD" "COMPILER=arm-none-eabi-gcc" "ASSEMBLER=arm-none-eabi-as" "A
TRACE::2026-03-25.11:41:44::SCWBDomain::RCHIVER=arm-none-eabi-ar" "COMPILER_FLAGS=  -O2 -c" "EXTRA_COMPILER_FLAGS=-mcpu=cortex-a9 -mfpu=vfpv3 -mfloat-abi=hard -nostart
TRACE::2026-03-25.11:41:44::SCWBDomain::files -g -Wall -Wextra"

TRACE::2026-03-25.11:41:44::SCWBDomain::"Running Make libs in ps7_cortexa9_0/libsrc/xilffs_v4_4/src"

TRACE::2026-03-25.11:41:44::SCWBDomain::make -C ps7_cortexa9_0/libsrc/xilffs_v4_4/src -s libs  "SHELL=CMD" "COMPILER=arm-none-eabi-gcc" "ASSEMBLER=arm-none-eabi-as" "A
TRACE::2026-03-25.11:41:44::SCWBDomain::RCHIVER=arm-none-eabi-ar" "COMPILER_FLAGS=  -O2 -c" "EXTRA_COMPILER_FLAGS=-mcpu=cortex-a9 -mfpu=vfpv3 -mfloat-abi=hard -nostart
TRACE::2026-03-25.11:41:44::SCWBDomain::files -g -Wall -Wextra"

TRACE::2026-03-25.11:41:45::SCWBDomain::'Finished building libraries parallelly.'

TRACE::2026-03-25.11:41:45::SCWBDomain::make --no-print-directory archive

TRACE::2026-03-25.11:41:45::SCWBDomain::arm-none-eabi-ar -r  ps7_cortexa9_0/lib/libxil.a ps7_cortexa9_0/lib/xil_printf.o ps7_cortexa9_0/lib/xadcps_selftest.o ps7_corte
TRACE::2026-03-25.11:41:45::SCWBDomain::xa9_0/lib/usleep.o ps7_cortexa9_0/lib/xscuwdt.o ps7_cortexa9_0/lib/xplatform_info.o ps7_cortexa9_0/lib/print.o ps7_cortexa9_0/l
TRACE::2026-03-25.11:41:45::SCWBDomain::ib/xscutimer.o ps7_cortexa9_0/lib/xclk_wiz_sinit.o ps7_cortexa9_0/lib/_exit.o ps7_cortexa9_0/lib/xvtc_selftest.o ps7_cortexa9_0
TRACE::2026-03-25.11:41:45::SCWBDomain::/lib/xil_testio.o ps7_cortexa9_0/lib/sleep.o ps7_cortexa9_0/lib/xdevcfg_hw.o ps7_cortexa9_0/lib/xadcps_intr.o ps7_cortexa9_0/li
TRACE::2026-03-25.11:41:45::SCWBDomain::b/xpm_counter.o ps7_cortexa9_0/lib/xscutimer_sinit.o ps7_cortexa9_0/lib/xdmaps_g.o ps7_cortexa9_0/lib/xclk_wiz_g.o ps7_cortexa9
TRACE::2026-03-25.11:41:45::SCWBDomain::_0/lib/xdmaps_sinit.o ps7_cortexa9_0/lib/xil_cache.o ps7_cortexa9_0/lib/inbyte.o ps7_cortexa9_0/lib/xdmaps_selftest.o ps7_corte
TRACE::2026-03-25.11:41:45::SCWBDomain::xa9_0/lib/xil_misc_psreset_api.o ps7_cortexa9_0/lib/cpputest_time.o ps7_cortexa9_0/lib/xuartps_options.o ps7_cortexa9_0/lib/clo
TRACE::2026-03-25.11:41:45::SCWBDomain::se.o ps7_cortexa9_0/lib/xuartps_g.o ps7_cortexa9_0/lib/xil_mem.o ps7_cortexa9_0/lib/xscugic_hw.o ps7_cortexa9_0/lib/xvtc_g.o ps
TRACE::2026-03-25.11:41:45::SCWBDomain::7_cortexa9_0/lib/xscuwdt_selftest.o ps7_cortexa9_0/lib/xgpio_g.o ps7_cortexa9_0/lib/translation_table.o ps7_cortexa9_0/lib/xaxi
TRACE::2026-03-25.11:41:45::SCWBDomain::vdma_g.o ps7_cortexa9_0/lib/xaxivdma_sinit.o ps7_cortexa9_0/lib/cpu_init.o ps7_cortexa9_0/lib/xscugic_g.o ps7_cortexa9_0/lib/xu
TRACE::2026-03-25.11:41:45::SCWBDomain::artps_sinit.o ps7_cortexa9_0/lib/xgpio_selftest.o ps7_cortexa9_0/lib/xaxivdma_selftest.o ps7_cortexa9_0/lib/xgpio_intr.o ps7_co
TRACE::2026-03-25.11:41:45::SCWBDomain::rtexa9_0/lib/xil_sleepcommon.o ps7_cortexa9_0/lib/unlink.o ps7_cortexa9_0/lib/xadcps.o ps7_cortexa9_0/lib/xdmaps_hw.o ps7_corte
TRACE::2026-03-25.11:41:45::SCWBDomain::xa9_0/lib/xscugic_intr.o ps7_cortexa9_0/lib/xscugic_sinit.o ps7_cortexa9_0/lib/fcntl.o ps7_cortexa9_0/lib/open.o ps7_cortexa9_0
TRACE::2026-03-25.11:41:45::SCWBDomain::/lib/outbyte.o ps7_cortexa9_0/lib/xuartps_selftest.o ps7_cortexa9_0/lib/xuartps_hw.o ps7_cortexa9_0/lib/lseek.o ps7_cortexa9_0/
TRACE::2026-03-25.11:41:45::SCWBDomain::lib/xscutimer_selftest.o ps7_cortexa9_0/lib/read.o ps7_cortexa9_0/lib/xil_testmem.o ps7_cortexa9_0/lib/xil_sleeptimer.o ps7_cor
TRACE::2026-03-25.11:41:45::SCWBDomain::texa9_0/lib/xl2cc_counter.o ps7_cortexa9_0/lib/xtime_l.o ps7_cortexa9_0/lib/kill.o ps7_cortexa9_0/lib/xil_mmu.o ps7_cortexa9_0/
TRACE::2026-03-25.11:41:45::SCWBDomain::lib/asm_vectors.o ps7_cortexa9_0/lib/abort.o ps7_cortexa9_0/lib/xdevcfg_g.o ps7_cortexa9_0/lib/xuartps_intr.o ps7_cortexa9_0/li
TRACE::2026-03-25.11:41:45::SCWBDomain::b/xuartps.o ps7_cortexa9_0/lib/getpid.o ps7_cortexa9_0/lib/xil_testcache.o ps7_cortexa9_0/lib/xdevcfg_sinit.o ps7_cortexa9_0/li
TRACE::2026-03-25.11:41:45::SCWBDomain::b/xdmaps.o ps7_cortexa9_0/lib/xaxivdma_channel.o ps7_cortexa9_0/lib/xdevcfg_selftest.o ps7_cortexa9_0/lib/xclk_wiz.o ps7_cortex
TRACE::2026-03-25.11:41:45::SCWBDomain::a9_0/lib/xvtc_intr.o ps7_cortexa9_0/lib/xvtc.o ps7_cortexa9_0/lib/xscuwdt_sinit.o ps7_cortexa9_0/lib/sbrk.o ps7_cortexa9_0/lib/
TRACE::2026-03-25.11:41:45::SCWBDomain::xaxivdma.o ps7_cortexa9_0/lib/fstat.o ps7_cortexa9_0/lib/xscuwdt_g.o ps7_cortexa9_0/lib/errno.o ps7_cortexa9_0/lib/xil_util.o p
TRACE::2026-03-25.11:41:45::SCWBDomain::s7_cortexa9_0/lib/xdevcfg_intr.o ps7_cortexa9_0/lib/xscutimer_g.o ps7_cortexa9_0/lib/_sbrk.o ps7_cortexa9_0/lib/vectors.o ps7_c
TRACE::2026-03-25.11:41:45::SCWBDomain::ortexa9_0/lib/xil_exception.o ps7_cortexa9_0/lib/xgpio.o ps7_cortexa9_0/lib/write.o ps7_cortexa9_0/lib/xvtc_sinit.o ps7_cortexa
TRACE::2026-03-25.11:41:45::SCWBDomain::9_0/lib/xclk_wiz_intr.o ps7_cortexa9_0/lib/putnum.o ps7_cortexa9_0/lib/xil_clocking.o ps7_cortexa9_0/lib/xgpio_sinit.o ps7_cort
TRACE::2026-03-25.11:41:45::SCWBDomain::exa9_0/lib/xil_assert.o ps7_cortexa9_0/lib/xaxivdma_intr.o ps7_cortexa9_0/lib/xgpio_extra.o ps7_cortexa9_0/lib/xcoresightpsdcc.
TRACE::2026-03-25.11:41:45::SCWBDomain::o ps7_cortexa9_0/lib/isatty.o ps7_cortexa9_0/lib/xil-crt0.o ps7_cortexa9_0/lib/xscugic.o ps7_cortexa9_0/lib/xadcps_g.o ps7_cort
TRACE::2026-03-25.11:41:45::SCWBDomain::exa9_0/lib/xscugic_selftest.o ps7_cortexa9_0/lib/xadcps_sinit.o ps7_cortexa9_0/lib/boot.o ps7_cortexa9_0/lib/_open.o ps7_cortex
TRACE::2026-03-25.11:41:45::SCWBDomain::a9_0/lib/xdevcfg.o

TRACE::2026-03-25.11:41:45::SCWBDomain::'Finished building libraries'

TRACE::2026-03-25.11:41:45::SCWBDomain::make: Leaving directory 'D:/Zynq/vitis/version_2020/21_01_axi_vdma_lcd/vitis/system_wrapper/zynq_fsbl/zynq_fsbl_bsp'

TRACE::2026-03-25.11:41:45::SCWBDomain::arm-none-eabi-gcc -MMD -MP       -mcpu=cortex-a9 -mfpu=vfpv3 -mfloat-abi=hard   -O2 -c -c sd.c -o sd.o -Izynq_fsbl_bsp/ps7_cort
TRACE::2026-03-25.11:41:45::SCWBDomain::exa9_0/include -I.

TRACE::2026-03-25.11:41:45::SCWBDomain::arm-none-eabi-gcc -MMD -MP       -mcpu=cortex-a9 -mfpu=vfpv3 -mfloat-abi=hard   -O2 -c -c nand.c -o nand.o -Izynq_fsbl_bsp/ps7_
TRACE::2026-03-25.11:41:45::SCWBDomain::cortexa9_0/include -I.

TRACE::2026-03-25.11:41:45::SCWBDomain::arm-none-eabi-gcc -MMD -MP       -mcpu=cortex-a9 -mfpu=vfpv3 -mfloat-abi=hard   -O2 -c -c image_mover.c -o image_mover.o -Izynq
TRACE::2026-03-25.11:41:45::SCWBDomain::_fsbl_bsp/ps7_cortexa9_0/include -I.

TRACE::2026-03-25.11:41:45::SCWBDomain::arm-none-eabi-gcc -MMD -MP       -mcpu=cortex-a9 -mfpu=vfpv3 -mfloat-abi=hard   -O2 -c -c md5.c -o md5.o -Izynq_fsbl_bsp/ps7_co
TRACE::2026-03-25.11:41:45::SCWBDomain::rtexa9_0/include -I.

TRACE::2026-03-25.11:41:45::SCWBDomain::arm-none-eabi-gcc -MMD -MP       -mcpu=cortex-a9 -mfpu=vfpv3 -mfloat-abi=hard   -O2 -c -c fsbl_hooks.c -o fsbl_hooks.o -Izynq_f
TRACE::2026-03-25.11:41:45::SCWBDomain::sbl_bsp/ps7_cortexa9_0/include -I.

TRACE::2026-03-25.11:41:45::SCWBDomain::arm-none-eabi-gcc -MMD -MP       -mcpu=cortex-a9 -mfpu=vfpv3 -mfloat-abi=hard   -O2 -c -c main.c -o main.o -Izynq_fsbl_bsp/ps7_
TRACE::2026-03-25.11:41:45::SCWBDomain::cortexa9_0/include -I.

TRACE::2026-03-25.11:41:45::SCWBDomain::arm-none-eabi-gcc -MMD -MP       -mcpu=cortex-a9 -mfpu=vfpv3 -mfloat-abi=hard   -O2 -c -c rsa.c -o rsa.o -Izynq_fsbl_bsp/ps7_co
TRACE::2026-03-25.11:41:45::SCWBDomain::rtexa9_0/include -I.

TRACE::2026-03-25.11:41:45::SCWBDomain::arm-none-eabi-gcc -MMD -MP       -mcpu=cortex-a9 -mfpu=vfpv3 -mfloat-abi=hard   -O2 -c -c nor.c -o nor.o -Izynq_fsbl_bsp/ps7_co
TRACE::2026-03-25.11:41:45::SCWBDomain::rtexa9_0/include -I.

TRACE::2026-03-25.11:41:45::SCWBDomain::arm-none-eabi-gcc -MMD -MP       -mcpu=cortex-a9 -mfpu=vfpv3 -mfloat-abi=hard   -O2 -c -c qspi.c -o qspi.o -Izynq_fsbl_bsp/ps7_
TRACE::2026-03-25.11:41:45::SCWBDomain::cortexa9_0/include -I.

TRACE::2026-03-25.11:41:46::SCWBDomain::arm-none-eabi-gcc -MMD -MP       -mcpu=cortex-a9 -mfpu=vfpv3 -mfloat-abi=hard   -O2 -c -c ps7_init.c -o ps7_init.o -Izynq_fsbl_
TRACE::2026-03-25.11:41:46::SCWBDomain::bsp/ps7_cortexa9_0/include -I.

TRACE::2026-03-25.11:41:46::SCWBDomain::arm-none-eabi-gcc -MMD -MP       -mcpu=cortex-a9 -mfpu=vfpv3 -mfloat-abi=hard   -O2 -c -c pcap.c -o pcap.o -Izynq_fsbl_bsp/ps7_
TRACE::2026-03-25.11:41:46::SCWBDomain::cortexa9_0/include -I.

TRACE::2026-03-25.11:41:46::SCWBDomain::arm-none-eabi-gcc -MMD -MP       -mcpu=cortex-a9 -mfpu=vfpv3 -mfloat-abi=hard   -O2 -c -c fsbl_handoff.S -o fsbl_handoff.o -Izy
TRACE::2026-03-25.11:41:46::SCWBDomain::nq_fsbl_bsp/ps7_cortexa9_0/include -I.

TRACE::2026-03-25.11:41:46::SCWBDomain::arm-none-eabi-gcc -o fsbl.elf  sd.o  nand.o  image_mover.o  md5.o  fsbl_hooks.o  main.o  rsa.o  nor.o  qspi.o  ps7_init.o  pcap
TRACE::2026-03-25.11:41:46::SCWBDomain::.o  fsbl_handoff.o -MMD -MP       -mcpu=cortex-a9 -mfpu=vfpv3 -mfloat-abi=hard   -mcpu=cortex-a9 -mfpu=vfpv3 -mfloat-abi=hard -
TRACE::2026-03-25.11:41:46::SCWBDomain::Wl,-build-id=none -specs=Xilinx.spec  -lrsa -Wl,--start-group,-lxil,-lgcc,-lc,--end-group -Wl,--start-group,-lxilffs,-lxil,-lgc
TRACE::2026-03-25.11:41:46::SCWBDomain::c,-lc,--end-group -Wl,--start-group,-lrsa,-lxil,-lgcc,-lc,--end-group                                 -Wl,--gc-sections -Lzynq_
TRACE::2026-03-25.11:41:46::SCWBDomain::fsbl_bsp/ps7_cortexa9_0/lib -L./ -Tlscript.ld

LOG::2026-03-25.11:41:46::SCWSystem::Checking the domain standalone_ps7_cortexa9_0
LOG::2026-03-25.11:41:46::SCWSystem::Not a boot domain 
LOG::2026-03-25.11:41:46::SCWSystem::Started Processing the domain standalone_ps7_cortexa9_0
TRACE::2026-03-25.11:41:46::SCWDomain::Generating domain artifcats
TRACE::2026-03-25.11:41:46::SCWMssOS::Generating standalone artifcats
TRACE::2026-03-25.11:41:46::SCWMssOS::Copying the qemu file from  C:/Xilinx/Vitis/2020.2/data/emulation/platforms/zynq/sw/a9_standalone/qemu/qemu_args.txt To D:/Zynq/vitis/version_2020/21_01_axi_vdma_lcd/vitis/system_wrapper/export/system_wrapper/sw/system_wrapper/qemu/
TRACE::2026-03-25.11:41:46::SCWMssOS::Copying the qemu file from  C:/Xilinx/Vitis/2020.2/data/emulation/platforms/zynq/sw/a9_standalone/qemu/qemu_args.txt To D:/Zynq/vitis/version_2020/21_01_axi_vdma_lcd/vitis/system_wrapper/export/system_wrapper/sw/system_wrapper/standalone_ps7_cortexa9_0/qemu/
TRACE::2026-03-25.11:41:46::SCWMssOS:: Copying the user libraries. 
TRACE::2026-03-25.11:41:46::SCWPlatform::Trying to open the hw design at D:/Zynq/vitis/version_2020/21_01_axi_vdma_lcd/vitis/system_wrapper/hw/system_wrapper.xsa
TRACE::2026-03-25.11:41:46::SCWPlatform::DSA given D:/Zynq/vitis/version_2020/21_01_axi_vdma_lcd/vitis/system_wrapper/hw/system_wrapper.xsa
TRACE::2026-03-25.11:41:46::SCWPlatform::DSA absoulate path D:/Zynq/vitis/version_2020/21_01_axi_vdma_lcd/vitis/system_wrapper/hw/system_wrapper.xsa
TRACE::2026-03-25.11:41:46::SCWPlatform::DSA directory D:/Zynq/vitis/version_2020/21_01_axi_vdma_lcd/vitis/system_wrapper/hw
TRACE::2026-03-25.11:41:46::SCWPlatform:: Platform Path D:/Zynq/vitis/version_2020/21_01_axi_vdma_lcd/vitis/system_wrapper/hw/system_wrapper.xsa
TRACE::2026-03-25.11:41:46::SCWPlatform:: Unique name xilinx:::0.0
TRACE::2026-03-25.11:41:46::SCWPlatform::Trying to set the existing hwdb with name system_wrapper_2
TRACE::2026-03-25.11:41:46::SCWPlatform::Opened existing hwdb system_wrapper_2
TRACE::2026-03-25.11:41:46::SCWPlatform::Found the Hw Db part of the input DSA
TRACE::2026-03-25.11:41:46::SCWMssOS::Checking the sw design at  D:/Zynq/vitis/version_2020/21_01_axi_vdma_lcd/vitis/system_wrapper/ps7_cortexa9_0/standalone_ps7_cortexa9_0/bsp/system.mss
TRACE::2026-03-25.11:41:46::SCWMssOS::DEBUG:  swdes dump  D:/Zynq/vitis/version_2020/21_01_axi_vdma_lcd/vitis/system_wrapper/ps7_cortexa9_0/standalone_ps7_cortexa9_0/bsp/system.mss|system_0||
D:/Zynq/vitis/version_2020/21_01_axi_vdma_lcd/vitis/system_wrapper/zynq_fsbl/zynq_fsbl_bsp/system.mss|system||

TRACE::2026-03-25.11:41:46::SCWMssOS::Sw design exists and opened at  D:/Zynq/vitis/version_2020/21_01_axi_vdma_lcd/vitis/system_wrapper/ps7_cortexa9_0/standalone_ps7_cortexa9_0/bsp/system.mss
TRACE::2026-03-25.11:41:46::SCWMssOS::Completed writing the mss file at D:/Zynq/vitis/version_2020/21_01_axi_vdma_lcd/vitis/system_wrapper/ps7_cortexa9_0/standalone_ps7_cortexa9_0/bsp
TRACE::2026-03-25.11:41:46::SCWMssOS::Mss edits present, copying mssfile into export location D:/Zynq/vitis/version_2020/21_01_axi_vdma_lcd/vitis/system_wrapper/ps7_cortexa9_0/standalone_ps7_cortexa9_0/bsp/system.mss
TRACE::2026-03-25.11:41:46::SCWMssOS::bsp generated is upto date with the mss file. Skipping bsp generation.
TRACE::2026-03-25.11:41:46::SCWMssOS::BSP is already built. skipping the bsp build ... 
TRACE::2026-03-25.11:41:46::SCWDomain::Building the domain as part of full build :  standalone_ps7_cortexa9_0
TRACE::2026-03-25.11:41:46::SCWMssOS::doing bsp build ... 
TRACE::2026-03-25.11:41:46::SCWMssOS::System Command Ran  D: & cd  D:/Zynq/vitis/version_2020/21_01_axi_vdma_lcd/vitis/system_wrapper/ps7_cortexa9_0/standalone_ps7_cortexa9_0/bsp & make 
TRACE::2026-03-25.11:41:46::SCWMssOS::make --no-print-directory seq_libs

TRACE::2026-03-25.11:41:46::SCWMssOS::'Finished building libraries sequentially.'

TRACE::2026-03-25.11:41:46::SCWMssOS::make -j --no-print-directory par_libs

TRACE::2026-03-25.11:41:46::SCWMssOS::"Running Make include in ps7_cortexa9_0/libsrc/axivdma_v6_8/src"

TRACE::2026-03-25.11:41:46::SCWMssOS::make -C ps7_cortexa9_0/libsrc/axivdma_v6_8/src -s include  "SHELL=CMD" "COMPILER=arm-none-eabi-gcc" "ASSEMBLER=arm-none-eabi-as
TRACE::2026-03-25.11:41:46::SCWMssOS::" "ARCHIVER=arm-none-eabi-ar" "COMPILER_FLAGS=  -O2 -c" "EXTRA_COMPILER_FLAGS=-mcpu=cortex-a9 -mfpu=vfpv3 -mfloat-abi=hard -nos
TRACE::2026-03-25.11:41:46::SCWMssOS::tartfiles -g -Wall -Wextra"

TRACE::2026-03-25.11:41:46::SCWMssOS::"Running Make include in ps7_cortexa9_0/libsrc/clk_wiz_v1_4/src"

TRACE::2026-03-25.11:41:46::SCWMssOS::make -C ps7_cortexa9_0/libsrc/clk_wiz_v1_4/src -s include  "SHELL=CMD" "COMPILER=arm-none-eabi-gcc" "ASSEMBLER=arm-none-eabi-as
TRACE::2026-03-25.11:41:46::SCWMssOS::" "ARCHIVER=arm-none-eabi-ar" "COMPILER_FLAGS=  -O2 -c" "EXTRA_COMPILER_FLAGS=-mcpu=cortex-a9 -mfpu=vfpv3 -mfloat-abi=hard -nos
TRACE::2026-03-25.11:41:46::SCWMssOS::tartfiles -g -Wall -Wextra"

TRACE::2026-03-25.11:41:46::SCWMssOS::"Running Make include in ps7_cortexa9_0/libsrc/coresightps_dcc_v1_8/src"

TRACE::2026-03-25.11:41:46::SCWMssOS::make -C ps7_cortexa9_0/libsrc/coresightps_dcc_v1_8/src -s include  "SHELL=CMD" "COMPILER=arm-none-eabi-gcc" "ASSEMBLER=arm-none
TRACE::2026-03-25.11:41:46::SCWMssOS::-eabi-as" "ARCHIVER=arm-none-eabi-ar" "COMPILER_FLAGS=  -O2 -c" "EXTRA_COMPILER_FLAGS=-mcpu=cortex-a9 -mfpu=vfpv3 -mfloat-abi=h
TRACE::2026-03-25.11:41:46::SCWMssOS::ard -nostartfiles -g -Wall -Wextra"

TRACE::2026-03-25.11:41:46::SCWMssOS::"Running Make include in ps7_cortexa9_0/libsrc/cpu_cortexa9_v2_10/src"

TRACE::2026-03-25.11:41:46::SCWMssOS::make -C ps7_cortexa9_0/libsrc/cpu_cortexa9_v2_10/src -s include  "SHELL=CMD" "COMPILER=arm-none-eabi-gcc" "ASSEMBLER=arm-none-e
TRACE::2026-03-25.11:41:46::SCWMssOS::abi-as" "ARCHIVER=arm-none-eabi-ar" "COMPILER_FLAGS=  -O2 -c" "EXTRA_COMPILER_FLAGS=-mcpu=cortex-a9 -mfpu=vfpv3 -mfloat-abi=har
TRACE::2026-03-25.11:41:46::SCWMssOS::d -nostartfiles -g -Wall -Wextra"

TRACE::2026-03-25.11:41:46::SCWMssOS::"Running Make include in ps7_cortexa9_0/libsrc/ddrps_v1_2/src"

TRACE::2026-03-25.11:41:46::SCWMssOS::make -C ps7_cortexa9_0/libsrc/ddrps_v1_2/src -s include  "SHELL=CMD" "COMPILER=arm-none-eabi-gcc" "ASSEMBLER=arm-none-eabi-as" 
TRACE::2026-03-25.11:41:46::SCWMssOS::"ARCHIVER=arm-none-eabi-ar" "COMPILER_FLAGS=  -O2 -c" "EXTRA_COMPILER_FLAGS=-mcpu=cortex-a9 -mfpu=vfpv3 -mfloat-abi=hard -nosta
TRACE::2026-03-25.11:41:46::SCWMssOS::rtfiles -g -Wall -Wextra"

TRACE::2026-03-25.11:41:46::SCWMssOS::"Running Make include in ps7_cortexa9_0/libsrc/devcfg_v3_7/src"

TRACE::2026-03-25.11:41:46::SCWMssOS::make -C ps7_cortexa9_0/libsrc/devcfg_v3_7/src -s include  "SHELL=CMD" "COMPILER=arm-none-eabi-gcc" "ASSEMBLER=arm-none-eabi-as"
TRACE::2026-03-25.11:41:46::SCWMssOS:: "ARCHIVER=arm-none-eabi-ar" "COMPILER_FLAGS=  -O2 -c" "EXTRA_COMPILER_FLAGS=-mcpu=cortex-a9 -mfpu=vfpv3 -mfloat-abi=hard -nost
TRACE::2026-03-25.11:41:46::SCWMssOS::artfiles -g -Wall -Wextra"

TRACE::2026-03-25.11:41:46::SCWMssOS::"Running Make include in ps7_cortexa9_0/libsrc/dmaps_v2_7/src"

TRACE::2026-03-25.11:41:46::SCWMssOS::make -C ps7_cortexa9_0/libsrc/dmaps_v2_7/src -s include  "SHELL=CMD" "COMPILER=arm-none-eabi-gcc" "ASSEMBLER=arm-none-eabi-as" 
TRACE::2026-03-25.11:41:46::SCWMssOS::"ARCHIVER=arm-none-eabi-ar" "COMPILER_FLAGS=  -O2 -c" "EXTRA_COMPILER_FLAGS=-mcpu=cortex-a9 -mfpu=vfpv3 -mfloat-abi=hard -nosta
TRACE::2026-03-25.11:41:46::SCWMssOS::rtfiles -g -Wall -Wextra"

TRACE::2026-03-25.11:41:46::SCWMssOS::"Running Make include in ps7_cortexa9_0/libsrc/gpio_v4_7/src"

TRACE::2026-03-25.11:41:46::SCWMssOS::make -C ps7_cortexa9_0/libsrc/gpio_v4_7/src -s include  "SHELL=CMD" "COMPILER=arm-none-eabi-gcc" "ASSEMBLER=arm-none-eabi-as" "
TRACE::2026-03-25.11:41:46::SCWMssOS::ARCHIVER=arm-none-eabi-ar" "COMPILER_FLAGS=  -O2 -c" "EXTRA_COMPILER_FLAGS=-mcpu=cortex-a9 -mfpu=vfpv3 -mfloat-abi=hard -nostar
TRACE::2026-03-25.11:41:46::SCWMssOS::tfiles -g -Wall -Wextra"

TRACE::2026-03-25.11:41:46::SCWMssOS::"Running Make include in ps7_cortexa9_0/libsrc/scugic_v4_3/src"

TRACE::2026-03-25.11:41:46::SCWMssOS::make -C ps7_cortexa9_0/libsrc/scugic_v4_3/src -s include  "SHELL=CMD" "COMPILER=arm-none-eabi-gcc" "ASSEMBLER=arm-none-eabi-as"
TRACE::2026-03-25.11:41:46::SCWMssOS:: "ARCHIVER=arm-none-eabi-ar" "COMPILER_FLAGS=  -O2 -c" "EXTRA_COMPILER_FLAGS=-mcpu=cortex-a9 -mfpu=vfpv3 -mfloat-abi=hard -nost
TRACE::2026-03-25.11:41:46::SCWMssOS::artfiles -g -Wall -Wextra"

TRACE::2026-03-25.11:41:46::SCWMssOS::"Running Make include in ps7_cortexa9_0/libsrc/scutimer_v2_3/src"

TRACE::2026-03-25.11:41:46::SCWMssOS::make -C ps7_cortexa9_0/libsrc/scutimer_v2_3/src -s include  "SHELL=CMD" "COMPILER=arm-none-eabi-gcc" "ASSEMBLER=arm-none-eabi-a
TRACE::2026-03-25.11:41:46::SCWMssOS::s" "ARCHIVER=arm-none-eabi-ar" "COMPILER_FLAGS=  -O2 -c" "EXTRA_COMPILER_FLAGS=-mcpu=cortex-a9 -mfpu=vfpv3 -mfloat-abi=hard -no
TRACE::2026-03-25.11:41:46::SCWMssOS::startfiles -g -Wall -Wextra"

TRACE::2026-03-25.11:41:46::SCWMssOS::"Running Make include in ps7_cortexa9_0/libsrc/scuwdt_v2_3/src"

TRACE::2026-03-25.11:41:46::SCWMssOS::make -C ps7_cortexa9_0/libsrc/scuwdt_v2_3/src -s include  "SHELL=CMD" "COMPILER=arm-none-eabi-gcc" "ASSEMBLER=arm-none-eabi-as"
TRACE::2026-03-25.11:41:46::SCWMssOS:: "ARCHIVER=arm-none-eabi-ar" "COMPILER_FLAGS=  -O2 -c" "EXTRA_COMPILER_FLAGS=-mcpu=cortex-a9 -mfpu=vfpv3 -mfloat-abi=hard -nost
TRACE::2026-03-25.11:41:46::SCWMssOS::artfiles -g -Wall -Wextra"

TRACE::2026-03-25.11:41:46::SCWMssOS::"Running Make include in ps7_cortexa9_0/libsrc/standalone_v7_3/src"

TRACE::2026-03-25.11:41:46::SCWMssOS::make -C ps7_cortexa9_0/libsrc/standalone_v7_3/src -s include  "SHELL=CMD" "COMPILER=arm-none-eabi-gcc" "ASSEMBLER=arm-none-eabi
TRACE::2026-03-25.11:41:46::SCWMssOS::-as" "ARCHIVER=arm-none-eabi-ar" "COMPILER_FLAGS=  -O2 -c" "EXTRA_COMPILER_FLAGS=-mcpu=cortex-a9 -mfpu=vfpv3 -mfloat-abi=hard -
TRACE::2026-03-25.11:41:46::SCWMssOS::nostartfiles -g -Wall -Wextra"

TRACE::2026-03-25.11:41:46::SCWMssOS::"Running Make include in ps7_cortexa9_0/libsrc/uartps_v3_10/src"

TRACE::2026-03-25.11:41:46::SCWMssOS::make -C ps7_cortexa9_0/libsrc/uartps_v3_10/src -s include  "SHELL=CMD" "COMPILER=arm-none-eabi-gcc" "ASSEMBLER=arm-none-eabi-as
TRACE::2026-03-25.11:41:46::SCWMssOS::" "ARCHIVER=arm-none-eabi-ar" "COMPILER_FLAGS=  -O2 -c" "EXTRA_COMPILER_FLAGS=-mcpu=cortex-a9 -mfpu=vfpv3 -mfloat-abi=hard -nos
TRACE::2026-03-25.11:41:46::SCWMssOS::tartfiles -g -Wall -Wextra"

TRACE::2026-03-25.11:41:46::SCWMssOS::"Running Make include in ps7_cortexa9_0/libsrc/vtc_v8_3/src"

TRACE::2026-03-25.11:41:46::SCWMssOS::make -C ps7_cortexa9_0/libsrc/vtc_v8_3/src -s include  "SHELL=CMD" "COMPILER=arm-none-eabi-gcc" "ASSEMBLER=arm-none-eabi-as" "A
TRACE::2026-03-25.11:41:46::SCWMssOS::RCHIVER=arm-none-eabi-ar" "COMPILER_FLAGS=  -O2 -c" "EXTRA_COMPILER_FLAGS=-mcpu=cortex-a9 -mfpu=vfpv3 -mfloat-abi=hard -nostart
TRACE::2026-03-25.11:41:46::SCWMssOS::files -g -Wall -Wextra"

TRACE::2026-03-25.11:41:46::SCWMssOS::"Running Make include in ps7_cortexa9_0/libsrc/xadcps_v2_5/src"

TRACE::2026-03-25.11:41:46::SCWMssOS::make -C ps7_cortexa9_0/libsrc/xadcps_v2_5/src -s include  "SHELL=CMD" "COMPILER=arm-none-eabi-gcc" "ASSEMBLER=arm-none-eabi-as"
TRACE::2026-03-25.11:41:46::SCWMssOS:: "ARCHIVER=arm-none-eabi-ar" "COMPILER_FLAGS=  -O2 -c" "EXTRA_COMPILER_FLAGS=-mcpu=cortex-a9 -mfpu=vfpv3 -mfloat-abi=hard -nost
TRACE::2026-03-25.11:41:46::SCWMssOS::artfiles -g -Wall -Wextra"

TRACE::2026-03-25.11:41:46::SCWMssOS::"Running Make libs in ps7_cortexa9_0/libsrc/axivdma_v6_8/src"

TRACE::2026-03-25.11:41:46::SCWMssOS::make -C ps7_cortexa9_0/libsrc/axivdma_v6_8/src -s libs  "SHELL=CMD" "COMPILER=arm-none-eabi-gcc" "ASSEMBLER=arm-none-eabi-as" "
TRACE::2026-03-25.11:41:46::SCWMssOS::ARCHIVER=arm-none-eabi-ar" "COMPILER_FLAGS=  -O2 -c" "EXTRA_COMPILER_FLAGS=-mcpu=cortex-a9 -mfpu=vfpv3 -mfloat-abi=hard -nostar
TRACE::2026-03-25.11:41:46::SCWMssOS::tfiles -g -Wall -Wextra"

TRACE::2026-03-25.11:41:46::SCWMssOS::"Running Make libs in ps7_cortexa9_0/libsrc/clk_wiz_v1_4/src"

TRACE::2026-03-25.11:41:46::SCWMssOS::make -C ps7_cortexa9_0/libsrc/clk_wiz_v1_4/src -s libs  "SHELL=CMD" "COMPILER=arm-none-eabi-gcc" "ASSEMBLER=arm-none-eabi-as" "
TRACE::2026-03-25.11:41:46::SCWMssOS::ARCHIVER=arm-none-eabi-ar" "COMPILER_FLAGS=  -O2 -c" "EXTRA_COMPILER_FLAGS=-mcpu=cortex-a9 -mfpu=vfpv3 -mfloat-abi=hard -nostar
TRACE::2026-03-25.11:41:46::SCWMssOS::tfiles -g -Wall -Wextra"

TRACE::2026-03-25.11:41:46::SCWMssOS::"Running Make libs in ps7_cortexa9_0/libsrc/coresightps_dcc_v1_8/src"

TRACE::2026-03-25.11:41:46::SCWMssOS::make -C ps7_cortexa9_0/libsrc/coresightps_dcc_v1_8/src -s libs  "SHELL=CMD" "COMPILER=arm-none-eabi-gcc" "ASSEMBLER=arm-none-ea
TRACE::2026-03-25.11:41:46::SCWMssOS::bi-as" "ARCHIVER=arm-none-eabi-ar" "COMPILER_FLAGS=  -O2 -c" "EXTRA_COMPILER_FLAGS=-mcpu=cortex-a9 -mfpu=vfpv3 -mfloat-abi=hard
TRACE::2026-03-25.11:41:46::SCWMssOS:: -nostartfiles -g -Wall -Wextra"

TRACE::2026-03-25.11:41:46::SCWMssOS::"Running Make libs in ps7_cortexa9_0/libsrc/cpu_cortexa9_v2_10/src"

TRACE::2026-03-25.11:41:46::SCWMssOS::make -C ps7_cortexa9_0/libsrc/cpu_cortexa9_v2_10/src -s libs  "SHELL=CMD" "COMPILER=arm-none-eabi-gcc" "ASSEMBLER=arm-none-eabi
TRACE::2026-03-25.11:41:46::SCWMssOS::-as" "ARCHIVER=arm-none-eabi-ar" "COMPILER_FLAGS=  -O2 -c" "EXTRA_COMPILER_FLAGS=-mcpu=cortex-a9 -mfpu=vfpv3 -mfloat-abi=hard -
TRACE::2026-03-25.11:41:46::SCWMssOS::nostartfiles -g -Wall -Wextra"

TRACE::2026-03-25.11:41:46::SCWMssOS::"Running Make libs in ps7_cortexa9_0/libsrc/ddrps_v1_2/src"

TRACE::2026-03-25.11:41:46::SCWMssOS::make -C ps7_cortexa9_0/libsrc/ddrps_v1_2/src -s libs  "SHELL=CMD" "COMPILER=arm-none-eabi-gcc" "ASSEMBLER=arm-none-eabi-as" "AR
TRACE::2026-03-25.11:41:46::SCWMssOS::CHIVER=arm-none-eabi-ar" "COMPILER_FLAGS=  -O2 -c" "EXTRA_COMPILER_FLAGS=-mcpu=cortex-a9 -mfpu=vfpv3 -mfloat-abi=hard -nostartf
TRACE::2026-03-25.11:41:46::SCWMssOS::iles -g -Wall -Wextra"

TRACE::2026-03-25.11:41:46::SCWMssOS::"Running Make libs in ps7_cortexa9_0/libsrc/devcfg_v3_7/src"

TRACE::2026-03-25.11:41:46::SCWMssOS::make -C ps7_cortexa9_0/libsrc/devcfg_v3_7/src -s libs  "SHELL=CMD" "COMPILER=arm-none-eabi-gcc" "ASSEMBLER=arm-none-eabi-as" "A
TRACE::2026-03-25.11:41:46::SCWMssOS::RCHIVER=arm-none-eabi-ar" "COMPILER_FLAGS=  -O2 -c" "EXTRA_COMPILER_FLAGS=-mcpu=cortex-a9 -mfpu=vfpv3 -mfloat-abi=hard -nostart
TRACE::2026-03-25.11:41:46::SCWMssOS::files -g -Wall -Wextra"

TRACE::2026-03-25.11:41:46::SCWMssOS::"Running Make libs in ps7_cortexa9_0/libsrc/dmaps_v2_7/src"

TRACE::2026-03-25.11:41:46::SCWMssOS::make -C ps7_cortexa9_0/libsrc/dmaps_v2_7/src -s libs  "SHELL=CMD" "COMPILER=arm-none-eabi-gcc" "ASSEMBLER=arm-none-eabi-as" "AR
TRACE::2026-03-25.11:41:46::SCWMssOS::CHIVER=arm-none-eabi-ar" "COMPILER_FLAGS=  -O2 -c" "EXTRA_COMPILER_FLAGS=-mcpu=cortex-a9 -mfpu=vfpv3 -mfloat-abi=hard -nostartf
TRACE::2026-03-25.11:41:46::SCWMssOS::iles -g -Wall -Wextra"

TRACE::2026-03-25.11:41:46::SCWMssOS::"Running Make libs in ps7_cortexa9_0/libsrc/gpio_v4_7/src"

TRACE::2026-03-25.11:41:46::SCWMssOS::make -C ps7_cortexa9_0/libsrc/gpio_v4_7/src -s libs  "SHELL=CMD" "COMPILER=arm-none-eabi-gcc" "ASSEMBLER=arm-none-eabi-as" "ARC
TRACE::2026-03-25.11:41:46::SCWMssOS::HIVER=arm-none-eabi-ar" "COMPILER_FLAGS=  -O2 -c" "EXTRA_COMPILER_FLAGS=-mcpu=cortex-a9 -mfpu=vfpv3 -mfloat-abi=hard -nostartfi
TRACE::2026-03-25.11:41:46::SCWMssOS::les -g -Wall -Wextra"

TRACE::2026-03-25.11:41:46::SCWMssOS::"Running Make libs in ps7_cortexa9_0/libsrc/scugic_v4_3/src"

TRACE::2026-03-25.11:41:46::SCWMssOS::make -C ps7_cortexa9_0/libsrc/scugic_v4_3/src -s libs  "SHELL=CMD" "COMPILER=arm-none-eabi-gcc" "ASSEMBLER=arm-none-eabi-as" "A
TRACE::2026-03-25.11:41:46::SCWMssOS::RCHIVER=arm-none-eabi-ar" "COMPILER_FLAGS=  -O2 -c" "EXTRA_COMPILER_FLAGS=-mcpu=cortex-a9 -mfpu=vfpv3 -mfloat-abi=hard -nostart
TRACE::2026-03-25.11:41:46::SCWMssOS::files -g -Wall -Wextra"

TRACE::2026-03-25.11:41:46::SCWMssOS::"Running Make libs in ps7_cortexa9_0/libsrc/scutimer_v2_3/src"

TRACE::2026-03-25.11:41:46::SCWMssOS::make -C ps7_cortexa9_0/libsrc/scutimer_v2_3/src -s libs  "SHELL=CMD" "COMPILER=arm-none-eabi-gcc" "ASSEMBLER=arm-none-eabi-as" 
TRACE::2026-03-25.11:41:46::SCWMssOS::"ARCHIVER=arm-none-eabi-ar" "COMPILER_FLAGS=  -O2 -c" "EXTRA_COMPILER_FLAGS=-mcpu=cortex-a9 -mfpu=vfpv3 -mfloat-abi=hard -nosta
TRACE::2026-03-25.11:41:46::SCWMssOS::rtfiles -g -Wall -Wextra"

TRACE::2026-03-25.11:41:46::SCWMssOS::"Running Make libs in ps7_cortexa9_0/libsrc/scuwdt_v2_3/src"

TRACE::2026-03-25.11:41:47::SCWMssOS::make -C ps7_cortexa9_0/libsrc/scuwdt_v2_3/src -s libs  "SHELL=CMD" "COMPILER=arm-none-eabi-gcc" "ASSEMBLER=arm-none-eabi-as" "A
TRACE::2026-03-25.11:41:47::SCWMssOS::RCHIVER=arm-none-eabi-ar" "COMPILER_FLAGS=  -O2 -c" "EXTRA_COMPILER_FLAGS=-mcpu=cortex-a9 -mfpu=vfpv3 -mfloat-abi=hard -nostart
TRACE::2026-03-25.11:41:47::SCWMssOS::files -g -Wall -Wextra"

TRACE::2026-03-25.11:41:47::SCWMssOS::"Running Make libs in ps7_cortexa9_0/libsrc/standalone_v7_3/src"

TRACE::2026-03-25.11:41:47::SCWMssOS::make -C ps7_cortexa9_0/libsrc/standalone_v7_3/src -s libs  "SHELL=CMD" "COMPILER=arm-none-eabi-gcc" "ASSEMBLER=arm-none-eabi-as
TRACE::2026-03-25.11:41:47::SCWMssOS::" "ARCHIVER=arm-none-eabi-ar" "COMPILER_FLAGS=  -O2 -c" "EXTRA_COMPILER_FLAGS=-mcpu=cortex-a9 -mfpu=vfpv3 -mfloat-abi=hard -nos
TRACE::2026-03-25.11:41:47::SCWMssOS::tartfiles -g -Wall -Wextra"

TRACE::2026-03-25.11:41:47::SCWMssOS::"Running Make libs in ps7_cortexa9_0/libsrc/uartps_v3_10/src"

TRACE::2026-03-25.11:41:47::SCWMssOS::make -C ps7_cortexa9_0/libsrc/uartps_v3_10/src -s libs  "SHELL=CMD" "COMPILER=arm-none-eabi-gcc" "ASSEMBLER=arm-none-eabi-as" "
TRACE::2026-03-25.11:41:47::SCWMssOS::ARCHIVER=arm-none-eabi-ar" "COMPILER_FLAGS=  -O2 -c" "EXTRA_COMPILER_FLAGS=-mcpu=cortex-a9 -mfpu=vfpv3 -mfloat-abi=hard -nostar
TRACE::2026-03-25.11:41:47::SCWMssOS::tfiles -g -Wall -Wextra"

TRACE::2026-03-25.11:41:47::SCWMssOS::"Running Make libs in ps7_cortexa9_0/libsrc/vtc_v8_3/src"

TRACE::2026-03-25.11:41:47::SCWMssOS::make -C ps7_cortexa9_0/libsrc/vtc_v8_3/src -s libs  "SHELL=CMD" "COMPILER=arm-none-eabi-gcc" "ASSEMBLER=arm-none-eabi-as" "ARCH
TRACE::2026-03-25.11:41:47::SCWMssOS::IVER=arm-none-eabi-ar" "COMPILER_FLAGS=  -O2 -c" "EXTRA_COMPILER_FLAGS=-mcpu=cortex-a9 -mfpu=vfpv3 -mfloat-abi=hard -nostartfil
TRACE::2026-03-25.11:41:47::SCWMssOS::es -g -Wall -Wextra"

TRACE::2026-03-25.11:41:47::SCWMssOS::"Running Make libs in ps7_cortexa9_0/libsrc/xadcps_v2_5/src"

TRACE::2026-03-25.11:41:47::SCWMssOS::make -C ps7_cortexa9_0/libsrc/xadcps_v2_5/src -s libs  "SHELL=CMD" "COMPILER=arm-none-eabi-gcc" "ASSEMBLER=arm-none-eabi-as" "A
TRACE::2026-03-25.11:41:47::SCWMssOS::RCHIVER=arm-none-eabi-ar" "COMPILER_FLAGS=  -O2 -c" "EXTRA_COMPILER_FLAGS=-mcpu=cortex-a9 -mfpu=vfpv3 -mfloat-abi=hard -nostart
TRACE::2026-03-25.11:41:47::SCWMssOS::files -g -Wall -Wextra"

TRACE::2026-03-25.11:41:47::SCWMssOS::'Finished building libraries parallelly.'

TRACE::2026-03-25.11:41:47::SCWMssOS::make --no-print-directory archive

TRACE::2026-03-25.11:41:47::SCWMssOS::arm-none-eabi-ar -r  ps7_cortexa9_0/lib/libxil.a ps7_cortexa9_0/lib/xil_printf.o ps7_cortexa9_0/lib/xadcps_selftest.o ps7_corte
TRACE::2026-03-25.11:41:47::SCWMssOS::xa9_0/lib/usleep.o ps7_cortexa9_0/lib/xscuwdt.o ps7_cortexa9_0/lib/xplatform_info.o ps7_cortexa9_0/lib/print.o ps7_cortexa9_0/l
TRACE::2026-03-25.11:41:47::SCWMssOS::ib/xscutimer.o ps7_cortexa9_0/lib/xclk_wiz_sinit.o ps7_cortexa9_0/lib/_exit.o ps7_cortexa9_0/lib/xvtc_selftest.o ps7_cortexa9_0
TRACE::2026-03-25.11:41:47::SCWMssOS::/lib/xil_testio.o ps7_cortexa9_0/lib/sleep.o ps7_cortexa9_0/lib/xdevcfg_hw.o ps7_cortexa9_0/lib/xadcps_intr.o ps7_cortexa9_0/li
TRACE::2026-03-25.11:41:47::SCWMssOS::b/xpm_counter.o ps7_cortexa9_0/lib/xscutimer_sinit.o ps7_cortexa9_0/lib/xdmaps_g.o ps7_cortexa9_0/lib/xclk_wiz_g.o ps7_cortexa9
TRACE::2026-03-25.11:41:47::SCWMssOS::_0/lib/xdmaps_sinit.o ps7_cortexa9_0/lib/xil_cache.o ps7_cortexa9_0/lib/inbyte.o ps7_cortexa9_0/lib/xdmaps_selftest.o ps7_corte
TRACE::2026-03-25.11:41:47::SCWMssOS::xa9_0/lib/xil_misc_psreset_api.o ps7_cortexa9_0/lib/cpputest_time.o ps7_cortexa9_0/lib/xuartps_options.o ps7_cortexa9_0/lib/clo
TRACE::2026-03-25.11:41:47::SCWMssOS::se.o ps7_cortexa9_0/lib/xil_mem.o ps7_cortexa9_0/lib/xscugic_hw.o ps7_cortexa9_0/lib/xvtc_g.o ps7_cortexa9_0/lib/xscuwdt_selfte
TRACE::2026-03-25.11:41:47::SCWMssOS::st.o ps7_cortexa9_0/lib/xgpio_g.o ps7_cortexa9_0/lib/translation_table.o ps7_cortexa9_0/lib/xaxivdma_g.o ps7_cortexa9_0/lib/xcl
TRACE::2026-03-25.11:41:47::SCWMssOS::k_wiz_intr.o ps7_cortexa9_0/lib/xaxivdma_sinit.o ps7_cortexa9_0/lib/cpu_init.o ps7_cortexa9_0/lib/xscugic_g.o ps7_cortexa9_0/li
TRACE::2026-03-25.11:41:47::SCWMssOS::b/xuartps_sinit.o ps7_cortexa9_0/lib/xgpio_selftest.o ps7_cortexa9_0/lib/xaxivdma_selftest.o ps7_cortexa9_0/lib/xgpio_intr.o ps
TRACE::2026-03-25.11:41:47::SCWMssOS::7_cortexa9_0/lib/xil_sleepcommon.o ps7_cortexa9_0/lib/unlink.o ps7_cortexa9_0/lib/xadcps.o ps7_cortexa9_0/lib/xdmaps_hw.o ps7_c
TRACE::2026-03-25.11:41:47::SCWMssOS::ortexa9_0/lib/xscugic_intr.o ps7_cortexa9_0/lib/xscugic_sinit.o ps7_cortexa9_0/lib/fcntl.o ps7_cortexa9_0/lib/open.o ps7_cortex
TRACE::2026-03-25.11:41:47::SCWMssOS::a9_0/lib/outbyte.o ps7_cortexa9_0/lib/xuartps_selftest.o ps7_cortexa9_0/lib/xuartps_hw.o ps7_cortexa9_0/lib/lseek.o ps7_cortexa
TRACE::2026-03-25.11:41:47::SCWMssOS::9_0/lib/xscutimer_selftest.o ps7_cortexa9_0/lib/read.o ps7_cortexa9_0/lib/xil_testmem.o ps7_cortexa9_0/lib/xtime_l.o ps7_cortex
TRACE::2026-03-25.11:41:47::SCWMssOS::a9_0/lib/xl2cc_counter.o ps7_cortexa9_0/lib/kill.o ps7_cortexa9_0/lib/xil_mmu.o ps7_cortexa9_0/lib/asm_vectors.o ps7_cortexa9_0
TRACE::2026-03-25.11:41:47::SCWMssOS::/lib/abort.o ps7_cortexa9_0/lib/xdevcfg_g.o ps7_cortexa9_0/lib/xuartps_intr.o ps7_cortexa9_0/lib/xuartps.o ps7_cortexa9_0/lib/g
TRACE::2026-03-25.11:41:47::SCWMssOS::etpid.o ps7_cortexa9_0/lib/xil_testcache.o ps7_cortexa9_0/lib/xdevcfg_sinit.o ps7_cortexa9_0/lib/xdmaps.o ps7_cortexa9_0/lib/xa
TRACE::2026-03-25.11:41:47::SCWMssOS::xivdma_channel.o ps7_cortexa9_0/lib/xdevcfg_selftest.o ps7_cortexa9_0/lib/xclk_wiz.o ps7_cortexa9_0/lib/xvtc_intr.o ps7_cortexa
TRACE::2026-03-25.11:41:47::SCWMssOS::9_0/lib/xvtc.o ps7_cortexa9_0/lib/xscuwdt_sinit.o ps7_cortexa9_0/lib/sbrk.o ps7_cortexa9_0/lib/xaxivdma.o ps7_cortexa9_0/lib/fs
TRACE::2026-03-25.11:41:47::SCWMssOS::tat.o ps7_cortexa9_0/lib/xscuwdt_g.o ps7_cortexa9_0/lib/errno.o ps7_cortexa9_0/lib/xil_util.o ps7_cortexa9_0/lib/xdevcfg_intr.o
TRACE::2026-03-25.11:41:47::SCWMssOS:: ps7_cortexa9_0/lib/xscutimer_g.o ps7_cortexa9_0/lib/_sbrk.o ps7_cortexa9_0/lib/xil_sleeptimer.o ps7_cortexa9_0/lib/vectors.o p
TRACE::2026-03-25.11:41:47::SCWMssOS::s7_cortexa9_0/lib/xil_exception.o ps7_cortexa9_0/lib/xgpio.o ps7_cortexa9_0/lib/write.o ps7_cortexa9_0/lib/xvtc_sinit.o ps7_cor
TRACE::2026-03-25.11:41:47::SCWMssOS::texa9_0/lib/putnum.o ps7_cortexa9_0/lib/xil_clocking.o ps7_cortexa9_0/lib/xgpio_sinit.o ps7_cortexa9_0/lib/xil_assert.o ps7_cor
TRACE::2026-03-25.11:41:47::SCWMssOS::texa9_0/lib/xaxivdma_intr.o ps7_cortexa9_0/lib/xgpio_extra.o ps7_cortexa9_0/lib/xcoresightpsdcc.o ps7_cortexa9_0/lib/isatty.o p
TRACE::2026-03-25.11:41:47::SCWMssOS::s7_cortexa9_0/lib/xil-crt0.o ps7_cortexa9_0/lib/xscugic.o ps7_cortexa9_0/lib/xadcps_g.o ps7_cortexa9_0/lib/xscugic_selftest.o p
TRACE::2026-03-25.11:41:47::SCWMssOS::s7_cortexa9_0/lib/xuartps_g.o ps7_cortexa9_0/lib/xadcps_sinit.o ps7_cortexa9_0/lib/boot.o ps7_cortexa9_0/lib/_open.o ps7_cortex
TRACE::2026-03-25.11:41:47::SCWMssOS::a9_0/lib/xdevcfg.o

TRACE::2026-03-25.11:41:47::SCWMssOS::'Finished building libraries'

TRACE::2026-03-25.11:41:48::SCWMssOS::Copying to export directory.
TRACE::2026-03-25.11:41:48::SCWMssOS:: Checking if to create the Supporting Applications
TRACE::2026-03-25.11:41:48::SCWMssOS:: No Linux domain exists, trying to generate FSBL 
LOG::2026-03-25.11:41:48::SCWSystem::Completed Processing the domain standalone_ps7_cortexa9_0
LOG::2026-03-25.11:41:48::SCWSystem::Completed Processing the sysconfig system_wrapper
LOG::2026-03-25.11:41:48::SCWPlatform::Completed generating the artifacts for system configuration system_wrapper
TRACE::2026-03-25.11:41:48::SCWPlatform::Started preparing the platform 
TRACE::2026-03-25.11:41:48::SCWSystem::Writing the bif file for system config system_wrapper
TRACE::2026-03-25.11:41:48::SCWSystem::dir created 
TRACE::2026-03-25.11:41:48::SCWSystem::Writing the bif 
TRACE::2026-03-25.11:41:48::SCWPlatform::Started writing the spfm file 
TRACE::2026-03-25.11:41:48::SCWPlatform::Started writing the xpfm file 
TRACE::2026-03-25.11:41:48::SCWPlatform::Completed generating the platform
TRACE::2026-03-25.11:41:48::SCWMssOS::Saving the mss changes D:/Zynq/vitis/version_2020/21_01_axi_vdma_lcd/vitis/system_wrapper/zynq_fsbl/zynq_fsbl_bsp/system.mss
TRACE::2026-03-25.11:41:48::SCWMssOS::Found a swdesign opened with the mssfile.
TRACE::2026-03-25.11:41:48::SCWMssOS::Completed writemss as part of save.
TRACE::2026-03-25.11:41:48::SCWMssOS::Commit changes completed.
TRACE::2026-03-25.11:41:48::SCWMssOS::Saving the mss changes D:/Zynq/vitis/version_2020/21_01_axi_vdma_lcd/vitis/system_wrapper/ps7_cortexa9_0/standalone_ps7_cortexa9_0/bsp/system.mss
TRACE::2026-03-25.11:41:48::SCWMssOS::Found a swdesign opened with the mssfile.
TRACE::2026-03-25.11:41:48::SCWMssOS::Completed writemss as part of save.
TRACE::2026-03-25.11:41:48::SCWMssOS::Commit changes completed.
TRACE::2026-03-25.11:41:48::SCWPlatform::Trying to open the hw design at D:/Zynq/vitis/version_2020/21_01_axi_vdma_lcd/vitis/system_wrapper/hw/system_wrapper.xsa
TRACE::2026-03-25.11:41:48::SCWPlatform::DSA given D:/Zynq/vitis/version_2020/21_01_axi_vdma_lcd/vitis/system_wrapper/hw/system_wrapper.xsa
TRACE::2026-03-25.11:41:48::SCWPlatform::DSA absoulate path D:/Zynq/vitis/version_2020/21_01_axi_vdma_lcd/vitis/system_wrapper/hw/system_wrapper.xsa
TRACE::2026-03-25.11:41:48::SCWPlatform::DSA directory D:/Zynq/vitis/version_2020/21_01_axi_vdma_lcd/vitis/system_wrapper/hw
TRACE::2026-03-25.11:41:48::SCWPlatform:: Platform Path D:/Zynq/vitis/version_2020/21_01_axi_vdma_lcd/vitis/system_wrapper/hw/system_wrapper.xsa
TRACE::2026-03-25.11:41:48::SCWPlatform:: Unique name xilinx:::0.0
TRACE::2026-03-25.11:41:48::SCWPlatform::Trying to set the existing hwdb with name system_wrapper_2
TRACE::2026-03-25.11:41:48::SCWPlatform::Opened existing hwdb system_wrapper_2
TRACE::2026-03-25.11:41:48::SCWPlatform::Found the Hw Db part of the input DSA
TRACE::2026-03-25.11:41:48::SCWMssOS::Checking the sw design at  D:/Zynq/vitis/version_2020/21_01_axi_vdma_lcd/vitis/system_wrapper/zynq_fsbl/zynq_fsbl_bsp/system.mss
TRACE::2026-03-25.11:41:48::SCWMssOS::DEBUG:  swdes dump  D:/Zynq/vitis/version_2020/21_01_axi_vdma_lcd/vitis/system_wrapper/ps7_cortexa9_0/standalone_ps7_cortexa9_0/bsp/system.mss|system_0||
D:/Zynq/vitis/version_2020/21_01_axi_vdma_lcd/vitis/system_wrapper/zynq_fsbl/zynq_fsbl_bsp/system.mss|system||

TRACE::2026-03-25.11:41:48::SCWMssOS::Sw design exists and opened at  D:/Zynq/vitis/version_2020/21_01_axi_vdma_lcd/vitis/system_wrapper/zynq_fsbl/zynq_fsbl_bsp/system.mss
TRACE::2026-03-25.11:41:48::SCWPlatform::Trying to open the hw design at D:/Zynq/vitis/version_2020/21_01_axi_vdma_lcd/vitis/system_wrapper/hw/system_wrapper.xsa
TRACE::2026-03-25.11:41:48::SCWPlatform::DSA given D:/Zynq/vitis/version_2020/21_01_axi_vdma_lcd/vitis/system_wrapper/hw/system_wrapper.xsa
TRACE::2026-03-25.11:41:48::SCWPlatform::DSA absoulate path D:/Zynq/vitis/version_2020/21_01_axi_vdma_lcd/vitis/system_wrapper/hw/system_wrapper.xsa
TRACE::2026-03-25.11:41:48::SCWPlatform::DSA directory D:/Zynq/vitis/version_2020/21_01_axi_vdma_lcd/vitis/system_wrapper/hw
TRACE::2026-03-25.11:41:48::SCWPlatform:: Platform Path D:/Zynq/vitis/version_2020/21_01_axi_vdma_lcd/vitis/system_wrapper/hw/system_wrapper.xsa
TRACE::2026-03-25.11:41:48::SCWPlatform:: Unique name xilinx:::0.0
TRACE::2026-03-25.11:41:48::SCWPlatform::Trying to set the existing hwdb with name system_wrapper_2
TRACE::2026-03-25.11:41:48::SCWPlatform::Opened existing hwdb system_wrapper_2
TRACE::2026-03-25.11:41:48::SCWPlatform::Found the Hw Db part of the input DSA
TRACE::2026-03-25.11:41:48::SCWMssOS::Checking the sw design at  D:/Zynq/vitis/version_2020/21_01_axi_vdma_lcd/vitis/system_wrapper/ps7_cortexa9_0/standalone_ps7_cortexa9_0/bsp/system.mss
TRACE::2026-03-25.11:41:48::SCWMssOS::DEBUG:  swdes dump  D:/Zynq/vitis/version_2020/21_01_axi_vdma_lcd/vitis/system_wrapper/ps7_cortexa9_0/standalone_ps7_cortexa9_0/bsp/system.mss|system_0||
D:/Zynq/vitis/version_2020/21_01_axi_vdma_lcd/vitis/system_wrapper/zynq_fsbl/zynq_fsbl_bsp/system.mss|system||

TRACE::2026-03-25.11:41:48::SCWMssOS::Sw design exists and opened at  D:/Zynq/vitis/version_2020/21_01_axi_vdma_lcd/vitis/system_wrapper/ps7_cortexa9_0/standalone_ps7_cortexa9_0/bsp/system.mss
TRACE::2026-03-25.11:41:48::SCWWriter::formatted JSON is {
	"platformName":	"system_wrapper",
	"sprVersion":	"2.0",
	"mode":	"gui",
	"dsaType":	"Fixed",
	"platformDesc":	"system_wrapper",
	"platHandOff":	"<platformDir>.xsa",
	"platIntHandOff":	"<platformDir>/hw/system_wrapper.xsa",
	"deviceType":	"zynq",
	"platIsPrebuiltAutogen":	"false",
	"platIsNoBootBsp":	"false",
	"hasFsblMakeHasChanges":	"false",
	"hasPmufwMakeHasChanges":	"false",
	"fsblExtraCompilerFlags":	"-MMD -MP       -mcpu=cortex-a9 -mfpu=vfpv3 -mfloat-abi=hard ",
	"platPreBuiltFlag":	false,
	"platformSamplesDir":	"",
	"platActiveSys":	"system_wrapper",
	"systems":	[{
			"systemName":	"system_wrapper",
			"systemDesc":	"system_wrapper",
			"sysIsBootAutoGen":	"true",
			"systemDispName":	"system_wrapper",
			"sysActiveDom":	"standalone_ps7_cortexa9_0",
			"sysDefaultDom":	"standalone_ps7_cortexa9_0",
			"domains":	[{
					"domainName":	"zynq_fsbl",
					"domainDispName":	"zynq_fsbl",
					"domainDesc":	"FSBL Application BSP - Auto Generated.",
					"processors":	"ps7_cortexa9_0",
					"os":	"standalone",
					"sdxOs":	"standalone",
					"debugEnable":	"",
					"domRuntimes":	["cpp"],
					"swRepo":	"",
					"mssOsVer":	"7.3",
					"mssFile":	"",
					"md5Digest":	"cc8afc3a1dc8872ebf3f9f9c8d92560d",
					"compatibleApp":	"zynq_fsbl",
					"domType":	"bootDomain",
					"arch":	"32-bit",
					"appSettings":	{
						"appCompilerFlags":	"",
						"appLinkerFlags":	""
					},
					"addedLibs":	["xilffs:4.4", "xilrsa:1.6"],
					"libOptions":	{
						"libsContainingOptions":	[]
					},
					"prebuiltLibs":	{
						"prebuiltIncPath":	[],
						"prebuiltLibPath":	[]
					},
					"isolation":	{
					}
				}, {
					"domainName":	"standalone_ps7_cortexa9_0",
					"domainDispName":	"standalone_ps7_cortexa9_0",
					"domainDesc":	"standalone_ps7_cortexa9_0",
					"processors":	"ps7_cortexa9_0",
					"os":	"standalone",
					"sdxOs":	"standalone",
					"qemuArgs":	"C:/Xilinx/Vitis/2020.2/data/emulation/platforms/zynq/sw/a9_standalone/qemu/qemu_args.txt",
					"qemuData":	"C:/Xilinx/Vitis/2020.2/data/emulation/platforms/zynq/sw/a9_standalone/qemu/",
					"debugEnable":	"False",
					"domRuntimes":	["cpp"],
					"swRepo":	"",
					"mssOsVer":	"7.3",
					"mssFile":	"",
					"md5Digest":	"c15666e5511381267e01d81e7b42ad11",
					"compatibleApp":	"",
					"domType":	"mssDomain",
					"arch":	"32-bit",
					"appSettings":	{
						"appCompilerFlags":	"",
						"appLinkerFlags":	""
					},
					"addedLibs":	[],
					"libOptions":	{
						"libsContainingOptions":	[]
					},
					"prebuiltLibs":	{
						"prebuiltIncPath":	[],
						"prebuiltLibPath":	[]
					},
					"isolation":	{
					}
				}]
		}]
}
KEYINFO::2026-03-25.11:41:48::SCWPlatform::updated the xpfm file.
TRACE::2026-03-25.11:41:48::SCWPlatform::Trying to open the hw design at D:/Zynq/vitis/version_2020/21_01_axi_vdma_lcd/vitis/system_wrapper/hw/system_wrapper.xsa
TRACE::2026-03-25.11:41:48::SCWPlatform::DSA given D:/Zynq/vitis/version_2020/21_01_axi_vdma_lcd/vitis/system_wrapper/hw/system_wrapper.xsa
TRACE::2026-03-25.11:41:48::SCWPlatform::DSA absoulate path D:/Zynq/vitis/version_2020/21_01_axi_vdma_lcd/vitis/system_wrapper/hw/system_wrapper.xsa
TRACE::2026-03-25.11:41:48::SCWPlatform::DSA directory D:/Zynq/vitis/version_2020/21_01_axi_vdma_lcd/vitis/system_wrapper/hw
TRACE::2026-03-25.11:41:48::SCWPlatform:: Platform Path D:/Zynq/vitis/version_2020/21_01_axi_vdma_lcd/vitis/system_wrapper/hw/system_wrapper.xsa
TRACE::2026-03-25.11:41:48::SCWPlatform:: Unique name xilinx:::0.0
TRACE::2026-03-25.11:41:48::SCWPlatform::Trying to set the existing hwdb with name system_wrapper_2
TRACE::2026-03-25.11:41:48::SCWPlatform::Opened existing hwdb system_wrapper_2
TRACE::2026-03-25.11:41:48::SCWPlatform::Found the Hw Db part of the input DSA
TRACE::2026-03-25.11:41:48::SCWMssOS::Checking the sw design at  D:/Zynq/vitis/version_2020/21_01_axi_vdma_lcd/vitis/system_wrapper/ps7_cortexa9_0/standalone_ps7_cortexa9_0/bsp/system.mss
TRACE::2026-03-25.11:41:48::SCWMssOS::DEBUG:  swdes dump  D:/Zynq/vitis/version_2020/21_01_axi_vdma_lcd/vitis/system_wrapper/ps7_cortexa9_0/standalone_ps7_cortexa9_0/bsp/system.mss|system_0||
D:/Zynq/vitis/version_2020/21_01_axi_vdma_lcd/vitis/system_wrapper/zynq_fsbl/zynq_fsbl_bsp/system.mss|system||

TRACE::2026-03-25.11:41:48::SCWMssOS::Sw design exists and opened at  D:/Zynq/vitis/version_2020/21_01_axi_vdma_lcd/vitis/system_wrapper/ps7_cortexa9_0/standalone_ps7_cortexa9_0/bsp/system.mss
TRACE::2026-04-01.14:11:59::SCWPlatform::Trying to open the hw design at D:/Zynq/vitis/version_2020/21_01_axi_vdma_lcd/vitis/system_wrapper/hw/system_wrapper.xsa
TRACE::2026-04-01.14:11:59::SCWPlatform::DSA given D:/Zynq/vitis/version_2020/21_01_axi_vdma_lcd/vitis/system_wrapper/hw/system_wrapper.xsa
TRACE::2026-04-01.14:11:59::SCWPlatform::DSA absoulate path D:/Zynq/vitis/version_2020/21_01_axi_vdma_lcd/vitis/system_wrapper/hw/system_wrapper.xsa
TRACE::2026-04-01.14:12:01::SCWPlatform::DSA directory D:/Zynq/vitis/version_2020/21_01_axi_vdma_lcd/vitis/system_wrapper/hw
TRACE::2026-04-01.14:12:01::SCWPlatform:: Platform Path D:/Zynq/vitis/version_2020/21_01_axi_vdma_lcd/vitis/system_wrapper/hw/system_wrapper.xsa
TRACE::2026-04-01.14:12:01::SCWPlatform:: Unique name xilinx:::0.0
TRACE::2026-04-01.14:12:01::SCWPlatform::Do not have an existing db opened. 
TRACE::2026-04-01.14:12:02::SCWPlatform::Opened new HwDB with name system_wrapper_0
TRACE::2026-04-01.14:12:02::SCWReader::Active system found as  system_wrapper
TRACE::2026-04-01.14:12:02::SCWReader::Handling sysconfig system_wrapper
TRACE::2026-04-01.14:12:02::SCWDomain::checking for install qemu data   : 
TRACE::2026-04-01.14:12:02::SCWDomain:: Using the QEMU Data from install at  : C:/Xilinx/Vitis/2020.2/data/emulation/platforms/zynq/sw/a9_standalone/qemu/
TRACE::2026-04-01.14:12:02::SCWDomain:: Using the QEMU args  from install at  : C:/Xilinx/Vitis/2020.2/data/emulation/platforms/zynq/sw/a9_standalone/qemu/qemu_args.txt
TRACE::2026-04-01.14:12:02::SCWPlatform::Trying to open the hw design at D:/Zynq/vitis/version_2020/21_01_axi_vdma_lcd/vitis/system_wrapper/hw/system_wrapper.xsa
TRACE::2026-04-01.14:12:02::SCWPlatform::DSA given D:/Zynq/vitis/version_2020/21_01_axi_vdma_lcd/vitis/system_wrapper/hw/system_wrapper.xsa
TRACE::2026-04-01.14:12:02::SCWPlatform::DSA absoulate path D:/Zynq/vitis/version_2020/21_01_axi_vdma_lcd/vitis/system_wrapper/hw/system_wrapper.xsa
TRACE::2026-04-01.14:12:02::SCWPlatform::DSA directory D:/Zynq/vitis/version_2020/21_01_axi_vdma_lcd/vitis/system_wrapper/hw
TRACE::2026-04-01.14:12:02::SCWPlatform:: Platform Path D:/Zynq/vitis/version_2020/21_01_axi_vdma_lcd/vitis/system_wrapper/hw/system_wrapper.xsa
TRACE::2026-04-01.14:12:02::SCWPlatform:: Unique name xilinx:::0.0
TRACE::2026-04-01.14:12:02::SCWPlatform::Trying to set the existing hwdb with name system_wrapper_0
TRACE::2026-04-01.14:12:02::SCWPlatform::Opened existing hwdb system_wrapper_0
TRACE::2026-04-01.14:12:02::SCWPlatform::Found the Hw Db part of the input DSA
TRACE::2026-04-01.14:12:02::SCWPlatform::Trying to open the hw design at D:/Zynq/vitis/version_2020/21_01_axi_vdma_lcd/vitis/system_wrapper/hw/system_wrapper.xsa
TRACE::2026-04-01.14:12:02::SCWPlatform::DSA given D:/Zynq/vitis/version_2020/21_01_axi_vdma_lcd/vitis/system_wrapper/hw/system_wrapper.xsa
TRACE::2026-04-01.14:12:02::SCWPlatform::DSA absoulate path D:/Zynq/vitis/version_2020/21_01_axi_vdma_lcd/vitis/system_wrapper/hw/system_wrapper.xsa
TRACE::2026-04-01.14:12:02::SCWPlatform::DSA directory D:/Zynq/vitis/version_2020/21_01_axi_vdma_lcd/vitis/system_wrapper/hw
TRACE::2026-04-01.14:12:02::SCWPlatform:: Platform Path D:/Zynq/vitis/version_2020/21_01_axi_vdma_lcd/vitis/system_wrapper/hw/system_wrapper.xsa
TRACE::2026-04-01.14:12:02::SCWPlatform:: Unique name xilinx:::0.0
TRACE::2026-04-01.14:12:02::SCWPlatform::Trying to set the existing hwdb with name system_wrapper_0
TRACE::2026-04-01.14:12:02::SCWPlatform::Opened existing hwdb system_wrapper_0
TRACE::2026-04-01.14:12:02::SCWPlatform::Found the Hw Db part of the input DSA
TRACE::2026-04-01.14:12:02::SCWPlatform::Trying to open the hw design at D:/Zynq/vitis/version_2020/21_01_axi_vdma_lcd/vitis/system_wrapper/hw/system_wrapper.xsa
TRACE::2026-04-01.14:12:02::SCWPlatform::DSA given D:/Zynq/vitis/version_2020/21_01_axi_vdma_lcd/vitis/system_wrapper/hw/system_wrapper.xsa
TRACE::2026-04-01.14:12:02::SCWPlatform::DSA absoulate path D:/Zynq/vitis/version_2020/21_01_axi_vdma_lcd/vitis/system_wrapper/hw/system_wrapper.xsa
TRACE::2026-04-01.14:12:02::SCWPlatform::DSA directory D:/Zynq/vitis/version_2020/21_01_axi_vdma_lcd/vitis/system_wrapper/hw
TRACE::2026-04-01.14:12:02::SCWPlatform:: Platform Path D:/Zynq/vitis/version_2020/21_01_axi_vdma_lcd/vitis/system_wrapper/hw/system_wrapper.xsa
TRACE::2026-04-01.14:12:02::SCWPlatform:: Unique name xilinx:::0.0
TRACE::2026-04-01.14:12:02::SCWPlatform::Trying to set the existing hwdb with name system_wrapper_0
TRACE::2026-04-01.14:12:02::SCWPlatform::Opened existing hwdb system_wrapper_0
TRACE::2026-04-01.14:12:02::SCWPlatform::Found the Hw Db part of the input DSA
TRACE::2026-04-01.14:12:02::SCWReader::Boot application domain added for zynq_fsbl
TRACE::2026-04-01.14:12:02::SCWPlatform::Trying to open the hw design at D:/Zynq/vitis/version_2020/21_01_axi_vdma_lcd/vitis/system_wrapper/hw/system_wrapper.xsa
TRACE::2026-04-01.14:12:02::SCWPlatform::DSA given D:/Zynq/vitis/version_2020/21_01_axi_vdma_lcd/vitis/system_wrapper/hw/system_wrapper.xsa
TRACE::2026-04-01.14:12:02::SCWPlatform::DSA absoulate path D:/Zynq/vitis/version_2020/21_01_axi_vdma_lcd/vitis/system_wrapper/hw/system_wrapper.xsa
TRACE::2026-04-01.14:12:02::SCWPlatform::DSA directory D:/Zynq/vitis/version_2020/21_01_axi_vdma_lcd/vitis/system_wrapper/hw
TRACE::2026-04-01.14:12:02::SCWPlatform:: Platform Path D:/Zynq/vitis/version_2020/21_01_axi_vdma_lcd/vitis/system_wrapper/hw/system_wrapper.xsa
TRACE::2026-04-01.14:12:02::SCWPlatform:: Unique name xilinx:::0.0
TRACE::2026-04-01.14:12:02::SCWPlatform::Trying to set the existing hwdb with name system_wrapper_0
TRACE::2026-04-01.14:12:02::SCWPlatform::Opened existing hwdb system_wrapper_0
TRACE::2026-04-01.14:12:02::SCWPlatform::Found the Hw Db part of the input DSA
TRACE::2026-04-01.14:12:02::SCWMssOS::Checking the sw design at  D:/Zynq/vitis/version_2020/21_01_axi_vdma_lcd/vitis/system_wrapper/zynq_fsbl/zynq_fsbl_bsp/system.mss
TRACE::2026-04-01.14:12:02::SCWMssOS::DEBUG:  swdes dump  
TRACE::2026-04-01.14:12:02::SCWMssOS::No sw design opened at  D:/Zynq/vitis/version_2020/21_01_axi_vdma_lcd/vitis/system_wrapper/zynq_fsbl/zynq_fsbl_bsp/system.mss
TRACE::2026-04-01.14:12:02::SCWMssOS::mss exists loading the mss file  D:/Zynq/vitis/version_2020/21_01_axi_vdma_lcd/vitis/system_wrapper/zynq_fsbl/zynq_fsbl_bsp/system.mss
TRACE::2026-04-01.14:12:02::SCWMssOS::Opened the sw design from mss  D:/Zynq/vitis/version_2020/21_01_axi_vdma_lcd/vitis/system_wrapper/zynq_fsbl/zynq_fsbl_bsp/system.mss
TRACE::2026-04-01.14:12:02::SCWMssOS::Adding the swdes entry D:/Zynq/vitis/version_2020/21_01_axi_vdma_lcd/vitis/system_wrapper/zynq_fsbl/zynq_fsbl_bsp/system.mss with des name system
TRACE::2026-04-01.14:12:02::SCWMssOS::updating the scw layer about changes
TRACE::2026-04-01.14:12:02::SCWMssOS::Opened the sw design.  D:/Zynq/vitis/version_2020/21_01_axi_vdma_lcd/vitis/system_wrapper/zynq_fsbl/zynq_fsbl_bsp/system.mss
TRACE::2026-04-01.14:12:02::SCWPlatform::Trying to open the hw design at D:/Zynq/vitis/version_2020/21_01_axi_vdma_lcd/vitis/system_wrapper/hw/system_wrapper.xsa
TRACE::2026-04-01.14:12:02::SCWPlatform::DSA given D:/Zynq/vitis/version_2020/21_01_axi_vdma_lcd/vitis/system_wrapper/hw/system_wrapper.xsa
TRACE::2026-04-01.14:12:02::SCWPlatform::DSA absoulate path D:/Zynq/vitis/version_2020/21_01_axi_vdma_lcd/vitis/system_wrapper/hw/system_wrapper.xsa
TRACE::2026-04-01.14:12:02::SCWPlatform::DSA directory D:/Zynq/vitis/version_2020/21_01_axi_vdma_lcd/vitis/system_wrapper/hw
TRACE::2026-04-01.14:12:02::SCWPlatform:: Platform Path D:/Zynq/vitis/version_2020/21_01_axi_vdma_lcd/vitis/system_wrapper/hw/system_wrapper.xsa
TRACE::2026-04-01.14:12:02::SCWPlatform:: Unique name xilinx:::0.0
TRACE::2026-04-01.14:12:02::SCWPlatform::Trying to set the existing hwdb with name system_wrapper_0
TRACE::2026-04-01.14:12:02::SCWPlatform::Opened existing hwdb system_wrapper_0
TRACE::2026-04-01.14:12:02::SCWPlatform::Found the Hw Db part of the input DSA
TRACE::2026-04-01.14:12:02::SCWMssOS::Checking the sw design at  D:/Zynq/vitis/version_2020/21_01_axi_vdma_lcd/vitis/system_wrapper/zynq_fsbl/zynq_fsbl_bsp/system.mss
TRACE::2026-04-01.14:12:02::SCWMssOS::DEBUG:  swdes dump  D:/Zynq/vitis/version_2020/21_01_axi_vdma_lcd/vitis/system_wrapper/zynq_fsbl/zynq_fsbl_bsp/system.mss|system||

TRACE::2026-04-01.14:12:02::SCWMssOS::Sw design exists and opened at  D:/Zynq/vitis/version_2020/21_01_axi_vdma_lcd/vitis/system_wrapper/zynq_fsbl/zynq_fsbl_bsp/system.mss
TRACE::2026-04-01.14:12:02::SCWMssOS:: library already available in sw design:  xilffs:4.4
TRACE::2026-04-01.14:12:02::SCWPlatform::Trying to open the hw design at D:/Zynq/vitis/version_2020/21_01_axi_vdma_lcd/vitis/system_wrapper/hw/system_wrapper.xsa
TRACE::2026-04-01.14:12:02::SCWPlatform::DSA given D:/Zynq/vitis/version_2020/21_01_axi_vdma_lcd/vitis/system_wrapper/hw/system_wrapper.xsa
TRACE::2026-04-01.14:12:02::SCWPlatform::DSA absoulate path D:/Zynq/vitis/version_2020/21_01_axi_vdma_lcd/vitis/system_wrapper/hw/system_wrapper.xsa
TRACE::2026-04-01.14:12:02::SCWPlatform::DSA directory D:/Zynq/vitis/version_2020/21_01_axi_vdma_lcd/vitis/system_wrapper/hw
TRACE::2026-04-01.14:12:02::SCWPlatform:: Platform Path D:/Zynq/vitis/version_2020/21_01_axi_vdma_lcd/vitis/system_wrapper/hw/system_wrapper.xsa
TRACE::2026-04-01.14:12:02::SCWPlatform:: Unique name xilinx:::0.0
TRACE::2026-04-01.14:12:02::SCWPlatform::Trying to set the existing hwdb with name system_wrapper_0
TRACE::2026-04-01.14:12:02::SCWPlatform::Opened existing hwdb system_wrapper_0
TRACE::2026-04-01.14:12:02::SCWPlatform::Found the Hw Db part of the input DSA
TRACE::2026-04-01.14:12:02::SCWMssOS::Checking the sw design at  D:/Zynq/vitis/version_2020/21_01_axi_vdma_lcd/vitis/system_wrapper/zynq_fsbl/zynq_fsbl_bsp/system.mss
TRACE::2026-04-01.14:12:02::SCWMssOS::DEBUG:  swdes dump  D:/Zynq/vitis/version_2020/21_01_axi_vdma_lcd/vitis/system_wrapper/zynq_fsbl/zynq_fsbl_bsp/system.mss|system||

TRACE::2026-04-01.14:12:02::SCWMssOS::Sw design exists and opened at  D:/Zynq/vitis/version_2020/21_01_axi_vdma_lcd/vitis/system_wrapper/zynq_fsbl/zynq_fsbl_bsp/system.mss
TRACE::2026-04-01.14:12:02::SCWMssOS:: library already available in sw design:  xilrsa:1.6
TRACE::2026-04-01.14:12:02::SCWMssOS::Saving the mss changes D:/Zynq/vitis/version_2020/21_01_axi_vdma_lcd/vitis/system_wrapper/zynq_fsbl/zynq_fsbl_bsp/system.mss
TRACE::2026-04-01.14:12:02::SCWMssOS::Found a swdesign opened with the mssfile.
TRACE::2026-04-01.14:12:02::SCWMssOS::Completed writemss as part of save.
TRACE::2026-04-01.14:12:02::SCWMssOS::Commit changes completed.
TRACE::2026-04-01.14:12:02::SCWReader::Adding prebuilt librarypaths as   
TRACE::2026-04-01.14:12:02::SCWReader::Adding prebuilt incpaths  as   
TRACE::2026-04-01.14:12:02::SCWPlatform::Trying to open the hw design at D:/Zynq/vitis/version_2020/21_01_axi_vdma_lcd/vitis/system_wrapper/hw/system_wrapper.xsa
TRACE::2026-04-01.14:12:02::SCWPlatform::DSA given D:/Zynq/vitis/version_2020/21_01_axi_vdma_lcd/vitis/system_wrapper/hw/system_wrapper.xsa
TRACE::2026-04-01.14:12:02::SCWPlatform::DSA absoulate path D:/Zynq/vitis/version_2020/21_01_axi_vdma_lcd/vitis/system_wrapper/hw/system_wrapper.xsa
TRACE::2026-04-01.14:12:02::SCWPlatform::DSA directory D:/Zynq/vitis/version_2020/21_01_axi_vdma_lcd/vitis/system_wrapper/hw
TRACE::2026-04-01.14:12:02::SCWPlatform:: Platform Path D:/Zynq/vitis/version_2020/21_01_axi_vdma_lcd/vitis/system_wrapper/hw/system_wrapper.xsa
TRACE::2026-04-01.14:12:02::SCWPlatform:: Unique name xilinx:::0.0
TRACE::2026-04-01.14:12:02::SCWPlatform::Trying to set the existing hwdb with name system_wrapper_0
TRACE::2026-04-01.14:12:02::SCWPlatform::Opened existing hwdb system_wrapper_0
TRACE::2026-04-01.14:12:02::SCWPlatform::Found the Hw Db part of the input DSA
TRACE::2026-04-01.14:12:02::SCWMssOS::Checking the sw design at  D:/Zynq/vitis/version_2020/21_01_axi_vdma_lcd/vitis/system_wrapper/zynq_fsbl/zynq_fsbl_bsp/system.mss
TRACE::2026-04-01.14:12:02::SCWMssOS::DEBUG:  swdes dump  D:/Zynq/vitis/version_2020/21_01_axi_vdma_lcd/vitis/system_wrapper/zynq_fsbl/zynq_fsbl_bsp/system.mss|system||

TRACE::2026-04-01.14:12:02::SCWMssOS::Sw design exists and opened at  D:/Zynq/vitis/version_2020/21_01_axi_vdma_lcd/vitis/system_wrapper/zynq_fsbl/zynq_fsbl_bsp/system.mss
TRACE::2026-04-01.14:12:02::SCWReader::No isolation master present  
TRACE::2026-04-01.14:12:02::SCWDomain::checking for install qemu data   : 
TRACE::2026-04-01.14:12:02::SCWDomain:: Using the QEMU Data from install at  : C:/Xilinx/Vitis/2020.2/data/emulation/platforms/zynq/sw/a9_standalone/qemu/
TRACE::2026-04-01.14:12:02::SCWDomain:: Using the QEMU args  from install at  : C:/Xilinx/Vitis/2020.2/data/emulation/platforms/zynq/sw/a9_standalone/qemu/qemu_args.txt
TRACE::2026-04-01.14:12:02::SCWPlatform::Trying to open the hw design at D:/Zynq/vitis/version_2020/21_01_axi_vdma_lcd/vitis/system_wrapper/hw/system_wrapper.xsa
TRACE::2026-04-01.14:12:02::SCWPlatform::DSA given D:/Zynq/vitis/version_2020/21_01_axi_vdma_lcd/vitis/system_wrapper/hw/system_wrapper.xsa
TRACE::2026-04-01.14:12:02::SCWPlatform::DSA absoulate path D:/Zynq/vitis/version_2020/21_01_axi_vdma_lcd/vitis/system_wrapper/hw/system_wrapper.xsa
TRACE::2026-04-01.14:12:02::SCWPlatform::DSA directory D:/Zynq/vitis/version_2020/21_01_axi_vdma_lcd/vitis/system_wrapper/hw
TRACE::2026-04-01.14:12:02::SCWPlatform:: Platform Path D:/Zynq/vitis/version_2020/21_01_axi_vdma_lcd/vitis/system_wrapper/hw/system_wrapper.xsa
TRACE::2026-04-01.14:12:02::SCWPlatform:: Unique name xilinx:::0.0
TRACE::2026-04-01.14:12:02::SCWPlatform::Trying to set the existing hwdb with name system_wrapper_0
TRACE::2026-04-01.14:12:02::SCWPlatform::Opened existing hwdb system_wrapper_0
TRACE::2026-04-01.14:12:02::SCWPlatform::Found the Hw Db part of the input DSA
TRACE::2026-04-01.14:12:02::SCWPlatform::Trying to open the hw design at D:/Zynq/vitis/version_2020/21_01_axi_vdma_lcd/vitis/system_wrapper/hw/system_wrapper.xsa
TRACE::2026-04-01.14:12:02::SCWPlatform::DSA given D:/Zynq/vitis/version_2020/21_01_axi_vdma_lcd/vitis/system_wrapper/hw/system_wrapper.xsa
TRACE::2026-04-01.14:12:02::SCWPlatform::DSA absoulate path D:/Zynq/vitis/version_2020/21_01_axi_vdma_lcd/vitis/system_wrapper/hw/system_wrapper.xsa
TRACE::2026-04-01.14:12:02::SCWPlatform::DSA directory D:/Zynq/vitis/version_2020/21_01_axi_vdma_lcd/vitis/system_wrapper/hw
TRACE::2026-04-01.14:12:02::SCWPlatform:: Platform Path D:/Zynq/vitis/version_2020/21_01_axi_vdma_lcd/vitis/system_wrapper/hw/system_wrapper.xsa
TRACE::2026-04-01.14:12:02::SCWPlatform:: Unique name xilinx:::0.0
TRACE::2026-04-01.14:12:02::SCWPlatform::Trying to set the existing hwdb with name system_wrapper_0
TRACE::2026-04-01.14:12:02::SCWPlatform::Opened existing hwdb system_wrapper_0
TRACE::2026-04-01.14:12:02::SCWPlatform::Found the Hw Db part of the input DSA
TRACE::2026-04-01.14:12:02::SCWPlatform::Trying to open the hw design at D:/Zynq/vitis/version_2020/21_01_axi_vdma_lcd/vitis/system_wrapper/hw/system_wrapper.xsa
TRACE::2026-04-01.14:12:02::SCWPlatform::DSA given D:/Zynq/vitis/version_2020/21_01_axi_vdma_lcd/vitis/system_wrapper/hw/system_wrapper.xsa
TRACE::2026-04-01.14:12:02::SCWPlatform::DSA absoulate path D:/Zynq/vitis/version_2020/21_01_axi_vdma_lcd/vitis/system_wrapper/hw/system_wrapper.xsa
TRACE::2026-04-01.14:12:02::SCWPlatform::DSA directory D:/Zynq/vitis/version_2020/21_01_axi_vdma_lcd/vitis/system_wrapper/hw
TRACE::2026-04-01.14:12:02::SCWPlatform:: Platform Path D:/Zynq/vitis/version_2020/21_01_axi_vdma_lcd/vitis/system_wrapper/hw/system_wrapper.xsa
TRACE::2026-04-01.14:12:02::SCWPlatform:: Unique name xilinx:::0.0
TRACE::2026-04-01.14:12:02::SCWPlatform::Trying to set the existing hwdb with name system_wrapper_0
TRACE::2026-04-01.14:12:02::SCWPlatform::Opened existing hwdb system_wrapper_0
TRACE::2026-04-01.14:12:02::SCWPlatform::Found the Hw Db part of the input DSA
TRACE::2026-04-01.14:12:02::SCWMssOS::Checking the sw design at  D:/Zynq/vitis/version_2020/21_01_axi_vdma_lcd/vitis/system_wrapper/ps7_cortexa9_0/standalone_ps7_cortexa9_0/bsp/system.mss
TRACE::2026-04-01.14:12:02::SCWMssOS::DEBUG:  swdes dump  D:/Zynq/vitis/version_2020/21_01_axi_vdma_lcd/vitis/system_wrapper/zynq_fsbl/zynq_fsbl_bsp/system.mss|system||

TRACE::2026-04-01.14:12:02::SCWMssOS::No sw design opened at  D:/Zynq/vitis/version_2020/21_01_axi_vdma_lcd/vitis/system_wrapper/ps7_cortexa9_0/standalone_ps7_cortexa9_0/bsp/system.mss
TRACE::2026-04-01.14:12:02::SCWMssOS::mss exists loading the mss file  D:/Zynq/vitis/version_2020/21_01_axi_vdma_lcd/vitis/system_wrapper/ps7_cortexa9_0/standalone_ps7_cortexa9_0/bsp/system.mss
TRACE::2026-04-01.14:12:02::SCWMssOS::Opened the sw design from mss  D:/Zynq/vitis/version_2020/21_01_axi_vdma_lcd/vitis/system_wrapper/ps7_cortexa9_0/standalone_ps7_cortexa9_0/bsp/system.mss
TRACE::2026-04-01.14:12:02::SCWMssOS::Adding the swdes entry D:/Zynq/vitis/version_2020/21_01_axi_vdma_lcd/vitis/system_wrapper/ps7_cortexa9_0/standalone_ps7_cortexa9_0/bsp/system.mss with des name system_0
TRACE::2026-04-01.14:12:02::SCWMssOS::updating the scw layer about changes
TRACE::2026-04-01.14:12:02::SCWMssOS::Opened the sw design.  D:/Zynq/vitis/version_2020/21_01_axi_vdma_lcd/vitis/system_wrapper/ps7_cortexa9_0/standalone_ps7_cortexa9_0/bsp/system.mss
TRACE::2026-04-01.14:12:02::SCWMssOS::Saving the mss changes D:/Zynq/vitis/version_2020/21_01_axi_vdma_lcd/vitis/system_wrapper/ps7_cortexa9_0/standalone_ps7_cortexa9_0/bsp/system.mss
TRACE::2026-04-01.14:12:02::SCWMssOS::Found a swdesign opened with the mssfile.
TRACE::2026-04-01.14:12:02::SCWMssOS::Completed writemss as part of save.
TRACE::2026-04-01.14:12:02::SCWMssOS::Commit changes completed.
TRACE::2026-04-01.14:12:02::SCWReader::Adding prebuilt librarypaths as   
TRACE::2026-04-01.14:12:02::SCWReader::Adding prebuilt incpaths  as   
TRACE::2026-04-01.14:12:02::SCWPlatform::Trying to open the hw design at D:/Zynq/vitis/version_2020/21_01_axi_vdma_lcd/vitis/system_wrapper/hw/system_wrapper.xsa
TRACE::2026-04-01.14:12:02::SCWPlatform::DSA given D:/Zynq/vitis/version_2020/21_01_axi_vdma_lcd/vitis/system_wrapper/hw/system_wrapper.xsa
TRACE::2026-04-01.14:12:02::SCWPlatform::DSA absoulate path D:/Zynq/vitis/version_2020/21_01_axi_vdma_lcd/vitis/system_wrapper/hw/system_wrapper.xsa
TRACE::2026-04-01.14:12:02::SCWPlatform::DSA directory D:/Zynq/vitis/version_2020/21_01_axi_vdma_lcd/vitis/system_wrapper/hw
TRACE::2026-04-01.14:12:02::SCWPlatform:: Platform Path D:/Zynq/vitis/version_2020/21_01_axi_vdma_lcd/vitis/system_wrapper/hw/system_wrapper.xsa
TRACE::2026-04-01.14:12:02::SCWPlatform:: Unique name xilinx:::0.0
TRACE::2026-04-01.14:12:02::SCWPlatform::Trying to set the existing hwdb with name system_wrapper_0
TRACE::2026-04-01.14:12:02::SCWPlatform::Opened existing hwdb system_wrapper_0
TRACE::2026-04-01.14:12:02::SCWPlatform::Found the Hw Db part of the input DSA
TRACE::2026-04-01.14:12:02::SCWMssOS::Checking the sw design at  D:/Zynq/vitis/version_2020/21_01_axi_vdma_lcd/vitis/system_wrapper/ps7_cortexa9_0/standalone_ps7_cortexa9_0/bsp/system.mss
TRACE::2026-04-01.14:12:02::SCWMssOS::DEBUG:  swdes dump  D:/Zynq/vitis/version_2020/21_01_axi_vdma_lcd/vitis/system_wrapper/ps7_cortexa9_0/standalone_ps7_cortexa9_0/bsp/system.mss|system_0||
D:/Zynq/vitis/version_2020/21_01_axi_vdma_lcd/vitis/system_wrapper/zynq_fsbl/zynq_fsbl_bsp/system.mss|system||

TRACE::2026-04-01.14:12:02::SCWMssOS::Sw design exists and opened at  D:/Zynq/vitis/version_2020/21_01_axi_vdma_lcd/vitis/system_wrapper/ps7_cortexa9_0/standalone_ps7_cortexa9_0/bsp/system.mss
TRACE::2026-04-01.14:12:02::SCWReader::No isolation master present  
TRACE::2026-04-01.14:12:02::SCWBDomain::System Command Ran  D:&  cd  D:/Zynq/vitis/version_2020/21_01_axi_vdma_lcd/vitis/system_wrapper/zynq_fsbl & make clean
TRACE::2026-04-01.14:12:02::SCWBDomain::rm -rf  sd.o  nand.o  image_mover.o  md5.o  fsbl_hooks.o  main.o  nor.o  qspi.o  rsa.o  ps7_init.o  pcap.o  fsbl_handoff.o zynq
TRACE::2026-04-01.14:12:02::SCWBDomain::_fsbl_bsp/ps7_cortexa9_0/lib/libxil.a fsbl.elf *.o

TRACE::2026-04-01.14:12:02::SCWBDomain::System Command Ran  D:&  cd  D:/Zynq/vitis/version_2020/21_01_axi_vdma_lcd/vitis/system_wrapper/zynq_fsbl/zynq_fsbl_bsp & make clean
TRACE::2026-04-01.14:12:02::SCWBDomain::make -C ps7_cortexa9_0/libsrc/axivdma_v6_8/src -s clean 

TRACE::2026-04-01.14:12:03::SCWBDomain::make -C ps7_cortexa9_0/libsrc/clk_wiz_v1_4/src -s clean 

TRACE::2026-04-01.14:12:03::SCWBDomain::make -C ps7_cortexa9_0/libsrc/coresightps_dcc_v1_8/src -s clean 

TRACE::2026-04-01.14:12:03::SCWBDomain::make -C ps7_cortexa9_0/libsrc/cpu_cortexa9_v2_10/src -s clean 

TRACE::2026-04-01.14:12:03::SCWBDomain::make -C ps7_cortexa9_0/libsrc/ddrps_v1_2/src -s clean 

TRACE::2026-04-01.14:12:03::SCWBDomain::make -C ps7_cortexa9_0/libsrc/devcfg_v3_7/src -s clean 

TRACE::2026-04-01.14:12:03::SCWBDomain::make -C ps7_cortexa9_0/libsrc/dmaps_v2_7/src -s clean 

TRACE::2026-04-01.14:12:03::SCWBDomain::make -C ps7_cortexa9_0/libsrc/gpio_v4_7/src -s clean 

TRACE::2026-04-01.14:12:03::SCWBDomain::make -C ps7_cortexa9_0/libsrc/scugic_v4_3/src -s clean 

TRACE::2026-04-01.14:12:03::SCWBDomain::make -C ps7_cortexa9_0/libsrc/scutimer_v2_3/src -s clean 

TRACE::2026-04-01.14:12:03::SCWBDomain::make -C ps7_cortexa9_0/libsrc/scuwdt_v2_3/src -s clean 

TRACE::2026-04-01.14:12:03::SCWBDomain::make -C ps7_cortexa9_0/libsrc/standalone_v7_3/src -s clean 

TRACE::2026-04-01.14:12:03::SCWBDomain::make -C ps7_cortexa9_0/libsrc/uartps_v3_10/src -s clean 

TRACE::2026-04-01.14:12:04::SCWBDomain::make -C ps7_cortexa9_0/libsrc/vtc_v8_3/src -s clean 

TRACE::2026-04-01.14:12:04::SCWBDomain::make -C ps7_cortexa9_0/libsrc/xadcps_v2_5/src -s clean 

TRACE::2026-04-01.14:12:04::SCWBDomain::make -C ps7_cortexa9_0/libsrc/xilffs_v4_4/src -s clean 

TRACE::2026-04-01.14:12:04::SCWBDomain::make -C ps7_cortexa9_0/libsrc/xilrsa_v1_6/src -s clean 

TRACE::2026-04-01.14:12:04::SCWBDomain::rm -f ps7_cortexa9_0/lib/libxil.a

TRACE::2026-04-01.14:12:04::SCWMssOS::cleaning the bsp 
TRACE::2026-04-01.14:12:04::SCWMssOS::System Command Ran  D: & cd  D:/Zynq/vitis/version_2020/21_01_axi_vdma_lcd/vitis/system_wrapper/ps7_cortexa9_0/standalone_ps7_cortexa9_0/bsp & make clean 
TRACE::2026-04-01.14:12:04::SCWMssOS::make -C ps7_cortexa9_0/libsrc/axivdma_v6_8/src -s clean 

TRACE::2026-04-01.14:12:04::SCWMssOS::make -C ps7_cortexa9_0/libsrc/clk_wiz_v1_4/src -s clean 

TRACE::2026-04-01.14:12:04::SCWMssOS::make -C ps7_cortexa9_0/libsrc/coresightps_dcc_v1_8/src -s clean 

TRACE::2026-04-01.14:12:04::SCWMssOS::make -C ps7_cortexa9_0/libsrc/cpu_cortexa9_v2_10/src -s clean 

TRACE::2026-04-01.14:12:04::SCWMssOS::make -C ps7_cortexa9_0/libsrc/ddrps_v1_2/src -s clean 

TRACE::2026-04-01.14:12:04::SCWMssOS::make -C ps7_cortexa9_0/libsrc/devcfg_v3_7/src -s clean 

TRACE::2026-04-01.14:12:04::SCWMssOS::make -C ps7_cortexa9_0/libsrc/dmaps_v2_7/src -s clean 

TRACE::2026-04-01.14:12:04::SCWMssOS::make -C ps7_cortexa9_0/libsrc/gpio_v4_7/src -s clean 

TRACE::2026-04-01.14:12:05::SCWMssOS::make -C ps7_cortexa9_0/libsrc/scugic_v4_3/src -s clean 

TRACE::2026-04-01.14:12:05::SCWMssOS::make -C ps7_cortexa9_0/libsrc/scutimer_v2_3/src -s clean 

TRACE::2026-04-01.14:12:05::SCWMssOS::make -C ps7_cortexa9_0/libsrc/scuwdt_v2_3/src -s clean 

TRACE::2026-04-01.14:12:05::SCWMssOS::make -C ps7_cortexa9_0/libsrc/standalone_v7_3/src -s clean 

TRACE::2026-04-01.14:12:05::SCWMssOS::make -C ps7_cortexa9_0/libsrc/uartps_v3_10/src -s clean 

TRACE::2026-04-01.14:12:05::SCWMssOS::make -C ps7_cortexa9_0/libsrc/vtc_v8_3/src -s clean 

TRACE::2026-04-01.14:12:05::SCWMssOS::make -C ps7_cortexa9_0/libsrc/xadcps_v2_5/src -s clean 

TRACE::2026-04-01.14:12:05::SCWMssOS::rm -f ps7_cortexa9_0/lib/libxil.a

TRACE::2026-04-01.14:12:14::SCWBDomain::System Command Ran  D:&  cd  D:/Zynq/vitis/version_2020/21_01_axi_vdma_lcd/vitis/system_wrapper/zynq_fsbl & make clean
TRACE::2026-04-01.14:12:14::SCWBDomain::rm -rf  sd.o  nand.o  image_mover.o  md5.o  fsbl_hooks.o  main.o  rsa.o  nor.o  qspi.o  ps7_init.o  pcap.o  fsbl_handoff.o zynq
TRACE::2026-04-01.14:12:14::SCWBDomain::_fsbl_bsp/ps7_cortexa9_0/lib/libxil.a fsbl.elf *.o

ERROR::2026-04-01.14:12:14::SCWSystem::Error in Processing the domain zynq_fsbl
