TRACE::2026-04-01.14:38:42::SCWPlatform::Trying to open the hw design at D:/Zynq/vitis/version_2020/23_01_sd_bmp_lcd/vitis/system_wrapper/hw/system_wrapper.xsa
TRACE::2026-04-01.14:38:42::SCWPlatform::DSA given D:/Zynq/vitis/version_2020/23_01_sd_bmp_lcd/vitis/system_wrapper/hw/system_wrapper.xsa
TRACE::2026-04-01.14:38:42::SCWPlatform::DSA absoulate path D:/Zynq/vitis/version_2020/23_01_sd_bmp_lcd/vitis/system_wrapper/hw/system_wrapper.xsa
TRACE::2026-04-01.14:38:44::SCWPlatform::DSA directory D:/Zynq/vitis/version_2020/23_01_sd_bmp_lcd/vitis/system_wrapper/hw
TRACE::2026-04-01.14:38:44::SCWPlatform:: Platform Path D:/Zynq/vitis/version_2020/23_01_sd_bmp_lcd/vitis/system_wrapper/hw/system_wrapper.xsa
TRACE::2026-04-01.14:38:44::SCWPlatform:: Unique name xilinx:::0.0
TRACE::2026-04-01.14:38:44::SCWPlatform::Do not have an existing db opened. 
TRACE::2026-04-01.14:38:44::SCWPlatform::Opened new HwDB with name system_wrapper_0
TRACE::2026-04-01.14:38:44::SCWWriter::formatted JSON is {
	"platformName":	"system_wrapper",
	"sprVersion":	"2.0",
	"mode":	"gui",
	"dsaType":	"Fixed",
	"platformDesc":	"system_wrapper",
	"platHandOff":	"<platformDir>.xsa",
	"platIntHandOff":	"<platformDir>/hw/system_wrapper.xsa",
	"deviceType":	"zynq",
	"platIsPrebuiltAutogen":	"false",
	"platIsNoBootBsp":	"false",
	"hasFsblMakeHasChanges":	"false",
	"hasPmufwMakeHasChanges":	"false",
	"platPreBuiltFlag":	false,
	"platformSamplesDir":	""
}
TRACE::2026-04-01.14:38:44::SCWWriter::formatted JSON is {
	"platformName":	"system_wrapper",
	"sprVersion":	"2.0",
	"mode":	"gui",
	"dsaType":	"Fixed",
	"platformDesc":	"system_wrapper",
	"platHandOff":	"<platformDir>.xsa",
	"platIntHandOff":	"<platformDir>/hw/system_wrapper.xsa",
	"deviceType":	"zynq",
	"platIsPrebuiltAutogen":	"false",
	"platIsNoBootBsp":	"false",
	"hasFsblMakeHasChanges":	"false",
	"hasPmufwMakeHasChanges":	"false",
	"platPreBuiltFlag":	false,
	"platformSamplesDir":	"",
	"platActiveSys":	"system_wrapper",
	"systems":	[{
			"systemName":	"system_wrapper",
			"systemDesc":	"system_wrapper",
			"sysIsBootAutoGen":	"true",
			"systemDispName":	"system_wrapper"
		}]
}
TRACE::2026-04-01.14:38:45::SCWPlatform::Boot application domains not present, creating them
TRACE::2026-04-01.14:38:45::SCWDomain::checking for install qemu data   : 
TRACE::2026-04-01.14:38:45::SCWDomain:: Using the QEMU Data from install at  : C:/Xilinx/Vitis/2020.2/data/emulation/platforms/zynq/sw/a9_standalone/qemu/
TRACE::2026-04-01.14:38:45::SCWDomain:: Using the QEMU args  from install at  : C:/Xilinx/Vitis/2020.2/data/emulation/platforms/zynq/sw/a9_standalone/qemu/qemu_args.txt
TRACE::2026-04-01.14:38:45::SCWPlatform::Trying to open the hw design at D:/Zynq/vitis/version_2020/23_01_sd_bmp_lcd/vitis/system_wrapper/hw/system_wrapper.xsa
TRACE::2026-04-01.14:38:45::SCWPlatform::DSA given D:/Zynq/vitis/version_2020/23_01_sd_bmp_lcd/vitis/system_wrapper/hw/system_wrapper.xsa
TRACE::2026-04-01.14:38:45::SCWPlatform::DSA absoulate path D:/Zynq/vitis/version_2020/23_01_sd_bmp_lcd/vitis/system_wrapper/hw/system_wrapper.xsa
TRACE::2026-04-01.14:38:45::SCWPlatform::DSA directory D:/Zynq/vitis/version_2020/23_01_sd_bmp_lcd/vitis/system_wrapper/hw
TRACE::2026-04-01.14:38:45::SCWPlatform:: Platform Path D:/Zynq/vitis/version_2020/23_01_sd_bmp_lcd/vitis/system_wrapper/hw/system_wrapper.xsa
TRACE::2026-04-01.14:38:45::SCWPlatform:: Unique name xilinx:::0.0
TRACE::2026-04-01.14:38:45::SCWPlatform::Trying to set the existing hwdb with name system_wrapper_0
TRACE::2026-04-01.14:38:45::SCWPlatform::Opened existing hwdb system_wrapper_0
TRACE::2026-04-01.14:38:45::SCWPlatform::Found the Hw Db part of the input DSA
TRACE::2026-04-01.14:38:45::SCWPlatform::Trying to open the hw design at D:/Zynq/vitis/version_2020/23_01_sd_bmp_lcd/vitis/system_wrapper/hw/system_wrapper.xsa
TRACE::2026-04-01.14:38:45::SCWPlatform::DSA given D:/Zynq/vitis/version_2020/23_01_sd_bmp_lcd/vitis/system_wrapper/hw/system_wrapper.xsa
TRACE::2026-04-01.14:38:45::SCWPlatform::DSA absoulate path D:/Zynq/vitis/version_2020/23_01_sd_bmp_lcd/vitis/system_wrapper/hw/system_wrapper.xsa
TRACE::2026-04-01.14:38:45::SCWPlatform::DSA directory D:/Zynq/vitis/version_2020/23_01_sd_bmp_lcd/vitis/system_wrapper/hw
TRACE::2026-04-01.14:38:45::SCWPlatform:: Platform Path D:/Zynq/vitis/version_2020/23_01_sd_bmp_lcd/vitis/system_wrapper/hw/system_wrapper.xsa
TRACE::2026-04-01.14:38:45::SCWPlatform:: Unique name xilinx:::0.0
TRACE::2026-04-01.14:38:45::SCWPlatform::Trying to set the existing hwdb with name system_wrapper_0
TRACE::2026-04-01.14:38:45::SCWPlatform::Opened existing hwdb system_wrapper_0
TRACE::2026-04-01.14:38:45::SCWPlatform::Found the Hw Db part of the input DSA
TRACE::2026-04-01.14:38:45::SCWPlatform::Trying to open the hw design at D:/Zynq/vitis/version_2020/23_01_sd_bmp_lcd/vitis/system_wrapper/hw/system_wrapper.xsa
TRACE::2026-04-01.14:38:45::SCWPlatform::DSA given D:/Zynq/vitis/version_2020/23_01_sd_bmp_lcd/vitis/system_wrapper/hw/system_wrapper.xsa
TRACE::2026-04-01.14:38:45::SCWPlatform::DSA absoulate path D:/Zynq/vitis/version_2020/23_01_sd_bmp_lcd/vitis/system_wrapper/hw/system_wrapper.xsa
TRACE::2026-04-01.14:38:45::SCWPlatform::DSA directory D:/Zynq/vitis/version_2020/23_01_sd_bmp_lcd/vitis/system_wrapper/hw
TRACE::2026-04-01.14:38:45::SCWPlatform:: Platform Path D:/Zynq/vitis/version_2020/23_01_sd_bmp_lcd/vitis/system_wrapper/hw/system_wrapper.xsa
TRACE::2026-04-01.14:38:45::SCWPlatform:: Unique name xilinx:::0.0
TRACE::2026-04-01.14:38:45::SCWPlatform::Trying to set the existing hwdb with name system_wrapper_0
TRACE::2026-04-01.14:38:45::SCWPlatform::Opened existing hwdb system_wrapper_0
TRACE::2026-04-01.14:38:45::SCWPlatform::Found the Hw Db part of the input DSA
TRACE::2026-04-01.14:38:45::SCWPlatform::Boot application domain added for zynq_fsbl
TRACE::2026-04-01.14:38:45::SCWPlatform::Generating the sources  .
TRACE::2026-04-01.14:38:45::SCWBDomain::Generating boot domain sources.
TRACE::2026-04-01.14:38:45::SCWBDomain:: Generating the zynq_fsbl Application.
TRACE::2026-04-01.14:38:45::SCWPlatform::Trying to open the hw design at D:/Zynq/vitis/version_2020/23_01_sd_bmp_lcd/vitis/system_wrapper/hw/system_wrapper.xsa
TRACE::2026-04-01.14:38:45::SCWPlatform::DSA given D:/Zynq/vitis/version_2020/23_01_sd_bmp_lcd/vitis/system_wrapper/hw/system_wrapper.xsa
TRACE::2026-04-01.14:38:45::SCWPlatform::DSA absoulate path D:/Zynq/vitis/version_2020/23_01_sd_bmp_lcd/vitis/system_wrapper/hw/system_wrapper.xsa
TRACE::2026-04-01.14:38:45::SCWPlatform::DSA directory D:/Zynq/vitis/version_2020/23_01_sd_bmp_lcd/vitis/system_wrapper/hw
TRACE::2026-04-01.14:38:45::SCWPlatform:: Platform Path D:/Zynq/vitis/version_2020/23_01_sd_bmp_lcd/vitis/system_wrapper/hw/system_wrapper.xsa
TRACE::2026-04-01.14:38:45::SCWPlatform:: Unique name xilinx:::0.0
TRACE::2026-04-01.14:38:45::SCWPlatform::Trying to set the existing hwdb with name system_wrapper_0
TRACE::2026-04-01.14:38:45::SCWPlatform::Opened existing hwdb system_wrapper_0
TRACE::2026-04-01.14:38:45::SCWPlatform::Found the Hw Db part of the input DSA
TRACE::2026-04-01.14:38:45::SCWMssOS::Checking the sw design at  D:/Zynq/vitis/version_2020/23_01_sd_bmp_lcd/vitis/system_wrapper/zynq_fsbl/zynq_fsbl_bsp/system.mss
TRACE::2026-04-01.14:38:45::SCWMssOS::DEBUG:  swdes dump  
TRACE::2026-04-01.14:38:45::SCWMssOS::No sw design opened at  D:/Zynq/vitis/version_2020/23_01_sd_bmp_lcd/vitis/system_wrapper/zynq_fsbl/zynq_fsbl_bsp/system.mss
TRACE::2026-04-01.14:38:45::SCWMssOS::mss does not exists at D:/Zynq/vitis/version_2020/23_01_sd_bmp_lcd/vitis/system_wrapper/zynq_fsbl/zynq_fsbl_bsp/system.mss
TRACE::2026-04-01.14:38:45::SCWMssOS::Creating sw design at  D:/Zynq/vitis/version_2020/23_01_sd_bmp_lcd/vitis/system_wrapper/zynq_fsbl/zynq_fsbl_bsp/system.mss
TRACE::2026-04-01.14:38:45::SCWMssOS::Adding the swdes entry, created swdb D:/Zynq/vitis/version_2020/23_01_sd_bmp_lcd/vitis/system_wrapper/zynq_fsbl/zynq_fsbl_bsp/system.mss with des name D:/Zynq/vitis/version_2020/23_01_sd_bmp_lcd/vitis/system_wrapper/zynq_fsbl/zynq_fsbl_bsp/system.mss
TRACE::2026-04-01.14:38:45::SCWMssOS::updating the scw layer changes to swdes at   D:/Zynq/vitis/version_2020/23_01_sd_bmp_lcd/vitis/system_wrapper/zynq_fsbl/zynq_fsbl_bsp/system.mss
TRACE::2026-04-01.14:38:45::SCWMssOS::Writing mss at D:/Zynq/vitis/version_2020/23_01_sd_bmp_lcd/vitis/system_wrapper/zynq_fsbl/zynq_fsbl_bsp/system.mss
TRACE::2026-04-01.14:38:45::SCWMssOS::Completed writing the mss file at D:/Zynq/vitis/version_2020/23_01_sd_bmp_lcd/vitis/system_wrapper/zynq_fsbl/zynq_fsbl_bsp
TRACE::2026-04-01.14:38:45::SCWMssOS::Picking up changes from newly written mss file into SCW Layer. 
TRACE::2026-04-01.14:38:45::SCWMssOS::Updated the changes from newly written mss file into SCW Layer. 
TRACE::2026-04-01.14:38:45::SCWBDomain::Completed writing the mss file at D:/Zynq/vitis/version_2020/23_01_sd_bmp_lcd/vitis/system_wrapper/zynq_fsbl/zynq_fsbl_bsp
TRACE::2026-04-01.14:38:48::SCWPlatform::Generating sources Done.
TRACE::2026-04-01.14:38:48::SCWPlatform::Trying to open the hw design at D:/Zynq/vitis/version_2020/23_01_sd_bmp_lcd/vitis/system_wrapper/hw/system_wrapper.xsa
TRACE::2026-04-01.14:38:48::SCWPlatform::DSA given D:/Zynq/vitis/version_2020/23_01_sd_bmp_lcd/vitis/system_wrapper/hw/system_wrapper.xsa
TRACE::2026-04-01.14:38:48::SCWPlatform::DSA absoulate path D:/Zynq/vitis/version_2020/23_01_sd_bmp_lcd/vitis/system_wrapper/hw/system_wrapper.xsa
TRACE::2026-04-01.14:38:48::SCWPlatform::DSA directory D:/Zynq/vitis/version_2020/23_01_sd_bmp_lcd/vitis/system_wrapper/hw
TRACE::2026-04-01.14:38:48::SCWPlatform:: Platform Path D:/Zynq/vitis/version_2020/23_01_sd_bmp_lcd/vitis/system_wrapper/hw/system_wrapper.xsa
TRACE::2026-04-01.14:38:48::SCWPlatform:: Unique name xilinx:::0.0
TRACE::2026-04-01.14:38:48::SCWPlatform::Trying to set the existing hwdb with name system_wrapper_0
TRACE::2026-04-01.14:38:48::SCWPlatform::Opened existing hwdb system_wrapper_0
TRACE::2026-04-01.14:38:48::SCWPlatform::Found the Hw Db part of the input DSA
TRACE::2026-04-01.14:38:48::SCWMssOS::Checking the sw design at  D:/Zynq/vitis/version_2020/23_01_sd_bmp_lcd/vitis/system_wrapper/zynq_fsbl/zynq_fsbl_bsp/system.mss
TRACE::2026-04-01.14:38:48::SCWMssOS::DEBUG:  swdes dump  D:/Zynq/vitis/version_2020/23_01_sd_bmp_lcd/vitis/system_wrapper/zynq_fsbl/zynq_fsbl_bsp/system.mss|D:/Zynq/vitis/version_2020/23_01_sd_bmp_lcd/vitis/system_wrapper/zynq_fsbl/zynq_fsbl_bsp/system.mss||

KEYINFO::2026-04-01.14:38:48::SCWMssOS::Could not open the swdb for D:/Zynq/vitis/version_2020/23_01_sd_bmp_lcd/vitis/system_wrapper/zynq_fsbl/zynq_fsbl_bsp/system.mss
KEYINFO::2026-04-01.14:38:48::SCWMssOS::Could not open the sw design at  D:/Zynq/vitis/version_2020/23_01_sd_bmp_lcd/vitis/system_wrapper/zynq_fsbl/zynq_fsbl_bsp/system.mss
ERROR: [Hsi 55-1558] Software Design D:/Zynq/vitis/version_2020/23_01_sd_bmp_lcd/vitis/system_wrapper/zynq_fsbl/zynq_fsbl_bsp/system.mss is not found

TRACE::2026-04-01.14:38:48::SCWMssOS::Cleared the swdb table entry
TRACE::2026-04-01.14:38:48::SCWMssOS::No sw design opened at  D:/Zynq/vitis/version_2020/23_01_sd_bmp_lcd/vitis/system_wrapper/zynq_fsbl/zynq_fsbl_bsp/system.mss
TRACE::2026-04-01.14:38:48::SCWMssOS::mss exists loading the mss file  D:/Zynq/vitis/version_2020/23_01_sd_bmp_lcd/vitis/system_wrapper/zynq_fsbl/zynq_fsbl_bsp/system.mss
TRACE::2026-04-01.14:38:48::SCWMssOS::Opened the sw design from mss  D:/Zynq/vitis/version_2020/23_01_sd_bmp_lcd/vitis/system_wrapper/zynq_fsbl/zynq_fsbl_bsp/system.mss
TRACE::2026-04-01.14:38:48::SCWMssOS::Adding the swdes entry D:/Zynq/vitis/version_2020/23_01_sd_bmp_lcd/vitis/system_wrapper/zynq_fsbl/zynq_fsbl_bsp/system.mss with des name system
TRACE::2026-04-01.14:38:48::SCWMssOS::updating the scw layer about changes
TRACE::2026-04-01.14:38:48::SCWMssOS::Opened the sw design.  D:/Zynq/vitis/version_2020/23_01_sd_bmp_lcd/vitis/system_wrapper/zynq_fsbl/zynq_fsbl_bsp/system.mss
TRACE::2026-04-01.14:38:48::SCWMssOS::Saving the mss changes D:/Zynq/vitis/version_2020/23_01_sd_bmp_lcd/vitis/system_wrapper/zynq_fsbl/zynq_fsbl_bsp/system.mss
TRACE::2026-04-01.14:38:48::SCWMssOS::Found a swdesign opened with the mssfile.
TRACE::2026-04-01.14:38:48::SCWMssOS::Completed writemss as part of save.
TRACE::2026-04-01.14:38:48::SCWMssOS::Commit changes completed.
TRACE::2026-04-01.14:38:48::SCWPlatform::Trying to open the hw design at D:/Zynq/vitis/version_2020/23_01_sd_bmp_lcd/vitis/system_wrapper/hw/system_wrapper.xsa
TRACE::2026-04-01.14:38:48::SCWPlatform::DSA given D:/Zynq/vitis/version_2020/23_01_sd_bmp_lcd/vitis/system_wrapper/hw/system_wrapper.xsa
TRACE::2026-04-01.14:38:48::SCWPlatform::DSA absoulate path D:/Zynq/vitis/version_2020/23_01_sd_bmp_lcd/vitis/system_wrapper/hw/system_wrapper.xsa
TRACE::2026-04-01.14:38:48::SCWPlatform::DSA directory D:/Zynq/vitis/version_2020/23_01_sd_bmp_lcd/vitis/system_wrapper/hw
TRACE::2026-04-01.14:38:48::SCWPlatform:: Platform Path D:/Zynq/vitis/version_2020/23_01_sd_bmp_lcd/vitis/system_wrapper/hw/system_wrapper.xsa
TRACE::2026-04-01.14:38:48::SCWPlatform:: Unique name xilinx:::0.0
TRACE::2026-04-01.14:38:48::SCWPlatform::Trying to set the existing hwdb with name system_wrapper_0
TRACE::2026-04-01.14:38:48::SCWPlatform::Opened existing hwdb system_wrapper_0
TRACE::2026-04-01.14:38:48::SCWPlatform::Found the Hw Db part of the input DSA
TRACE::2026-04-01.14:38:48::SCWMssOS::Checking the sw design at  D:/Zynq/vitis/version_2020/23_01_sd_bmp_lcd/vitis/system_wrapper/zynq_fsbl/zynq_fsbl_bsp/system.mss
TRACE::2026-04-01.14:38:48::SCWMssOS::DEBUG:  swdes dump  D:/Zynq/vitis/version_2020/23_01_sd_bmp_lcd/vitis/system_wrapper/zynq_fsbl/zynq_fsbl_bsp/system.mss|system||

TRACE::2026-04-01.14:38:48::SCWMssOS::Sw design exists and opened at  D:/Zynq/vitis/version_2020/23_01_sd_bmp_lcd/vitis/system_wrapper/zynq_fsbl/zynq_fsbl_bsp/system.mss
TRACE::2026-04-01.14:38:48::SCWPlatform::Trying to open the hw design at D:/Zynq/vitis/version_2020/23_01_sd_bmp_lcd/vitis/system_wrapper/hw/system_wrapper.xsa
TRACE::2026-04-01.14:38:48::SCWPlatform::DSA given D:/Zynq/vitis/version_2020/23_01_sd_bmp_lcd/vitis/system_wrapper/hw/system_wrapper.xsa
TRACE::2026-04-01.14:38:48::SCWPlatform::DSA absoulate path D:/Zynq/vitis/version_2020/23_01_sd_bmp_lcd/vitis/system_wrapper/hw/system_wrapper.xsa
TRACE::2026-04-01.14:38:48::SCWPlatform::DSA directory D:/Zynq/vitis/version_2020/23_01_sd_bmp_lcd/vitis/system_wrapper/hw
TRACE::2026-04-01.14:38:48::SCWPlatform:: Platform Path D:/Zynq/vitis/version_2020/23_01_sd_bmp_lcd/vitis/system_wrapper/hw/system_wrapper.xsa
TRACE::2026-04-01.14:38:48::SCWPlatform:: Unique name xilinx:::0.0
TRACE::2026-04-01.14:38:48::SCWPlatform::Trying to set the existing hwdb with name system_wrapper_0
TRACE::2026-04-01.14:38:48::SCWPlatform::Opened existing hwdb system_wrapper_0
TRACE::2026-04-01.14:38:48::SCWPlatform::Found the Hw Db part of the input DSA
TRACE::2026-04-01.14:38:48::SCWMssOS::Checking the sw design at  D:/Zynq/vitis/version_2020/23_01_sd_bmp_lcd/vitis/system_wrapper/zynq_fsbl/zynq_fsbl_bsp/system.mss
TRACE::2026-04-01.14:38:48::SCWMssOS::DEBUG:  swdes dump  D:/Zynq/vitis/version_2020/23_01_sd_bmp_lcd/vitis/system_wrapper/zynq_fsbl/zynq_fsbl_bsp/system.mss|system||

TRACE::2026-04-01.14:38:48::SCWMssOS::Sw design exists and opened at  D:/Zynq/vitis/version_2020/23_01_sd_bmp_lcd/vitis/system_wrapper/zynq_fsbl/zynq_fsbl_bsp/system.mss
TRACE::2026-04-01.14:38:48::SCWPlatform::Trying to open the hw design at D:/Zynq/vitis/version_2020/23_01_sd_bmp_lcd/vitis/system_wrapper/hw/system_wrapper.xsa
TRACE::2026-04-01.14:38:48::SCWPlatform::DSA given D:/Zynq/vitis/version_2020/23_01_sd_bmp_lcd/vitis/system_wrapper/hw/system_wrapper.xsa
TRACE::2026-04-01.14:38:48::SCWPlatform::DSA absoulate path D:/Zynq/vitis/version_2020/23_01_sd_bmp_lcd/vitis/system_wrapper/hw/system_wrapper.xsa
TRACE::2026-04-01.14:38:48::SCWPlatform::DSA directory D:/Zynq/vitis/version_2020/23_01_sd_bmp_lcd/vitis/system_wrapper/hw
TRACE::2026-04-01.14:38:48::SCWPlatform:: Platform Path D:/Zynq/vitis/version_2020/23_01_sd_bmp_lcd/vitis/system_wrapper/hw/system_wrapper.xsa
TRACE::2026-04-01.14:38:48::SCWPlatform:: Unique name xilinx:::0.0
TRACE::2026-04-01.14:38:48::SCWPlatform::Trying to set the existing hwdb with name system_wrapper_0
TRACE::2026-04-01.14:38:48::SCWPlatform::Opened existing hwdb system_wrapper_0
TRACE::2026-04-01.14:38:48::SCWPlatform::Found the Hw Db part of the input DSA
TRACE::2026-04-01.14:38:48::SCWMssOS::Checking the sw design at  D:/Zynq/vitis/version_2020/23_01_sd_bmp_lcd/vitis/system_wrapper/zynq_fsbl/zynq_fsbl_bsp/system.mss
TRACE::2026-04-01.14:38:48::SCWMssOS::DEBUG:  swdes dump  D:/Zynq/vitis/version_2020/23_01_sd_bmp_lcd/vitis/system_wrapper/zynq_fsbl/zynq_fsbl_bsp/system.mss|system||

TRACE::2026-04-01.14:38:48::SCWMssOS::Sw design exists and opened at  D:/Zynq/vitis/version_2020/23_01_sd_bmp_lcd/vitis/system_wrapper/zynq_fsbl/zynq_fsbl_bsp/system.mss
TRACE::2026-04-01.14:38:48::SCWWriter::formatted JSON is {
	"platformName":	"system_wrapper",
	"sprVersion":	"2.0",
	"mode":	"gui",
	"dsaType":	"Fixed",
	"platformDesc":	"system_wrapper",
	"platHandOff":	"<platformDir>.xsa",
	"platIntHandOff":	"<platformDir>/hw/system_wrapper.xsa",
	"deviceType":	"zynq",
	"platIsPrebuiltAutogen":	"false",
	"platIsNoBootBsp":	"false",
	"platFsblTarget":	"ps7_cortexa9_0",
	"hasFsblMakeHasChanges":	"false",
	"hasPmufwMakeHasChanges":	"false",
	"fsblExtraCompilerFlags":	"-MMD -MP       -mcpu=cortex-a9 -mfpu=vfpv3 -mfloat-abi=hard ",
	"platPreBuiltFlag":	false,
	"platformSamplesDir":	"",
	"platActiveSys":	"system_wrapper",
	"systems":	[{
			"systemName":	"system_wrapper",
			"systemDesc":	"system_wrapper",
			"sysIsBootAutoGen":	"true",
			"systemDispName":	"system_wrapper",
			"sysActiveDom":	"zynq_fsbl",
			"sysDefaultDom":	"",
			"domains":	[{
					"domainName":	"zynq_fsbl",
					"domainDispName":	"zynq_fsbl",
					"domainDesc":	"FSBL Application BSP - Auto Generated.",
					"processors":	"ps7_cortexa9_0",
					"os":	"standalone",
					"sdxOs":	"standalone",
					"debugEnable":	"",
					"domRuntimes":	["cpp"],
					"swRepo":	"",
					"mssOsVer":	"7.3",
					"mssFile":	"",
					"md5Digest":	"859314a3ecadd41c03fc4d7adee735a0",
					"compatibleApp":	"zynq_fsbl",
					"domType":	"bootDomain",
					"arch":	"32-bit",
					"appSettings":	{
						"appCompilerFlags":	"",
						"appLinkerFlags":	""
					},
					"addedLibs":	["xilffs:4.4", "xilrsa:1.6"],
					"libOptions":	{
						"libsContainingOptions":	[]
					},
					"prebuiltLibs":	{
						"prebuiltIncPath":	[],
						"prebuiltLibPath":	[]
					},
					"isolation":	{
					}
				}]
		}]
}
TRACE::2026-04-01.14:38:48::SCWMssOS::Saving the mss changes D:/Zynq/vitis/version_2020/23_01_sd_bmp_lcd/vitis/system_wrapper/zynq_fsbl/zynq_fsbl_bsp/system.mss
TRACE::2026-04-01.14:38:48::SCWMssOS::Found a swdesign opened with the mssfile.
TRACE::2026-04-01.14:38:48::SCWMssOS::Completed writemss as part of save.
TRACE::2026-04-01.14:38:48::SCWMssOS::Commit changes completed.
TRACE::2026-04-01.14:38:48::SCWPlatform::Trying to open the hw design at D:/Zynq/vitis/version_2020/23_01_sd_bmp_lcd/vitis/system_wrapper/hw/system_wrapper.xsa
TRACE::2026-04-01.14:38:48::SCWPlatform::DSA given D:/Zynq/vitis/version_2020/23_01_sd_bmp_lcd/vitis/system_wrapper/hw/system_wrapper.xsa
TRACE::2026-04-01.14:38:48::SCWPlatform::DSA absoulate path D:/Zynq/vitis/version_2020/23_01_sd_bmp_lcd/vitis/system_wrapper/hw/system_wrapper.xsa
TRACE::2026-04-01.14:38:48::SCWPlatform::DSA directory D:/Zynq/vitis/version_2020/23_01_sd_bmp_lcd/vitis/system_wrapper/hw
TRACE::2026-04-01.14:38:48::SCWPlatform:: Platform Path D:/Zynq/vitis/version_2020/23_01_sd_bmp_lcd/vitis/system_wrapper/hw/system_wrapper.xsa
TRACE::2026-04-01.14:38:48::SCWPlatform:: Unique name xilinx:::0.0
TRACE::2026-04-01.14:38:48::SCWPlatform::Trying to set the existing hwdb with name system_wrapper_0
TRACE::2026-04-01.14:38:48::SCWPlatform::Opened existing hwdb system_wrapper_0
TRACE::2026-04-01.14:38:48::SCWPlatform::Found the Hw Db part of the input DSA
TRACE::2026-04-01.14:38:48::SCWMssOS::Checking the sw design at  D:/Zynq/vitis/version_2020/23_01_sd_bmp_lcd/vitis/system_wrapper/zynq_fsbl/zynq_fsbl_bsp/system.mss
TRACE::2026-04-01.14:38:48::SCWMssOS::DEBUG:  swdes dump  D:/Zynq/vitis/version_2020/23_01_sd_bmp_lcd/vitis/system_wrapper/zynq_fsbl/zynq_fsbl_bsp/system.mss|system||

TRACE::2026-04-01.14:38:48::SCWMssOS::Sw design exists and opened at  D:/Zynq/vitis/version_2020/23_01_sd_bmp_lcd/vitis/system_wrapper/zynq_fsbl/zynq_fsbl_bsp/system.mss
TRACE::2026-04-01.14:38:48::SCWPlatform::Trying to open the hw design at D:/Zynq/vitis/version_2020/23_01_sd_bmp_lcd/vitis/system_wrapper/hw/system_wrapper.xsa
TRACE::2026-04-01.14:38:48::SCWPlatform::DSA given D:/Zynq/vitis/version_2020/23_01_sd_bmp_lcd/vitis/system_wrapper/hw/system_wrapper.xsa
TRACE::2026-04-01.14:38:48::SCWPlatform::DSA absoulate path D:/Zynq/vitis/version_2020/23_01_sd_bmp_lcd/vitis/system_wrapper/hw/system_wrapper.xsa
TRACE::2026-04-01.14:38:48::SCWPlatform::DSA directory D:/Zynq/vitis/version_2020/23_01_sd_bmp_lcd/vitis/system_wrapper/hw
TRACE::2026-04-01.14:38:48::SCWPlatform:: Platform Path D:/Zynq/vitis/version_2020/23_01_sd_bmp_lcd/vitis/system_wrapper/hw/system_wrapper.xsa
TRACE::2026-04-01.14:38:48::SCWPlatform:: Unique name xilinx:::0.0
TRACE::2026-04-01.14:38:48::SCWPlatform::Trying to set the existing hwdb with name system_wrapper_0
TRACE::2026-04-01.14:38:48::SCWPlatform::Opened existing hwdb system_wrapper_0
TRACE::2026-04-01.14:38:48::SCWPlatform::Found the Hw Db part of the input DSA
TRACE::2026-04-01.14:38:48::SCWMssOS::Checking the sw design at  D:/Zynq/vitis/version_2020/23_01_sd_bmp_lcd/vitis/system_wrapper/zynq_fsbl/zynq_fsbl_bsp/system.mss
TRACE::2026-04-01.14:38:48::SCWMssOS::DEBUG:  swdes dump  D:/Zynq/vitis/version_2020/23_01_sd_bmp_lcd/vitis/system_wrapper/zynq_fsbl/zynq_fsbl_bsp/system.mss|system||

TRACE::2026-04-01.14:38:48::SCWMssOS::Sw design exists and opened at  D:/Zynq/vitis/version_2020/23_01_sd_bmp_lcd/vitis/system_wrapper/zynq_fsbl/zynq_fsbl_bsp/system.mss
TRACE::2026-04-01.14:38:48::SCWPlatform::Trying to open the hw design at D:/Zynq/vitis/version_2020/23_01_sd_bmp_lcd/vitis/system_wrapper/hw/system_wrapper.xsa
TRACE::2026-04-01.14:38:48::SCWPlatform::DSA given D:/Zynq/vitis/version_2020/23_01_sd_bmp_lcd/vitis/system_wrapper/hw/system_wrapper.xsa
TRACE::2026-04-01.14:38:48::SCWPlatform::DSA absoulate path D:/Zynq/vitis/version_2020/23_01_sd_bmp_lcd/vitis/system_wrapper/hw/system_wrapper.xsa
TRACE::2026-04-01.14:38:48::SCWPlatform::DSA directory D:/Zynq/vitis/version_2020/23_01_sd_bmp_lcd/vitis/system_wrapper/hw
TRACE::2026-04-01.14:38:48::SCWPlatform:: Platform Path D:/Zynq/vitis/version_2020/23_01_sd_bmp_lcd/vitis/system_wrapper/hw/system_wrapper.xsa
TRACE::2026-04-01.14:38:48::SCWPlatform:: Unique name xilinx:::0.0
TRACE::2026-04-01.14:38:48::SCWPlatform::Trying to set the existing hwdb with name system_wrapper_0
TRACE::2026-04-01.14:38:48::SCWPlatform::Opened existing hwdb system_wrapper_0
TRACE::2026-04-01.14:38:48::SCWPlatform::Found the Hw Db part of the input DSA
TRACE::2026-04-01.14:38:48::SCWMssOS::Checking the sw design at  D:/Zynq/vitis/version_2020/23_01_sd_bmp_lcd/vitis/system_wrapper/zynq_fsbl/zynq_fsbl_bsp/system.mss
TRACE::2026-04-01.14:38:48::SCWMssOS::DEBUG:  swdes dump  D:/Zynq/vitis/version_2020/23_01_sd_bmp_lcd/vitis/system_wrapper/zynq_fsbl/zynq_fsbl_bsp/system.mss|system||

TRACE::2026-04-01.14:38:48::SCWMssOS::Sw design exists and opened at  D:/Zynq/vitis/version_2020/23_01_sd_bmp_lcd/vitis/system_wrapper/zynq_fsbl/zynq_fsbl_bsp/system.mss
TRACE::2026-04-01.14:38:48::SCWWriter::formatted JSON is {
	"platformName":	"system_wrapper",
	"sprVersion":	"2.0",
	"mode":	"gui",
	"dsaType":	"Fixed",
	"platformDesc":	"system_wrapper",
	"platHandOff":	"<platformDir>.xsa",
	"platIntHandOff":	"<platformDir>/hw/system_wrapper.xsa",
	"deviceType":	"zynq",
	"platIsPrebuiltAutogen":	"false",
	"platIsNoBootBsp":	"false",
	"platFsblTarget":	"ps7_cortexa9_0",
	"hasFsblMakeHasChanges":	"false",
	"hasPmufwMakeHasChanges":	"false",
	"fsblExtraCompilerFlags":	"-MMD -MP       -mcpu=cortex-a9 -mfpu=vfpv3 -mfloat-abi=hard ",
	"platPreBuiltFlag":	false,
	"platformSamplesDir":	"",
	"platActiveSys":	"system_wrapper",
	"systems":	[{
			"systemName":	"system_wrapper",
			"systemDesc":	"system_wrapper",
			"sysIsBootAutoGen":	"true",
			"systemDispName":	"system_wrapper",
			"sysActiveDom":	"zynq_fsbl",
			"sysDefaultDom":	"",
			"domains":	[{
					"domainName":	"zynq_fsbl",
					"domainDispName":	"zynq_fsbl",
					"domainDesc":	"FSBL Application BSP - Auto Generated.",
					"processors":	"ps7_cortexa9_0",
					"os":	"standalone",
					"sdxOs":	"standalone",
					"debugEnable":	"",
					"domRuntimes":	["cpp"],
					"swRepo":	"",
					"mssOsVer":	"7.3",
					"mssFile":	"",
					"md5Digest":	"859314a3ecadd41c03fc4d7adee735a0",
					"compatibleApp":	"zynq_fsbl",
					"domType":	"bootDomain",
					"arch":	"32-bit",
					"appSettings":	{
						"appCompilerFlags":	"",
						"appLinkerFlags":	""
					},
					"addedLibs":	["xilffs:4.4", "xilrsa:1.6"],
					"libOptions":	{
						"libsContainingOptions":	[]
					},
					"prebuiltLibs":	{
						"prebuiltIncPath":	[],
						"prebuiltLibPath":	[]
					},
					"isolation":	{
					}
				}]
		}]
}
TRACE::2026-04-01.14:38:48::SCWDomain::checking for install qemu data   : 
TRACE::2026-04-01.14:38:48::SCWDomain:: Using the QEMU Data from install at  : C:/Xilinx/Vitis/2020.2/data/emulation/platforms/zynq/sw/a9_standalone/qemu/
TRACE::2026-04-01.14:38:48::SCWDomain:: Using the QEMU args  from install at  : C:/Xilinx/Vitis/2020.2/data/emulation/platforms/zynq/sw/a9_standalone/qemu/qemu_args.txt
TRACE::2026-04-01.14:38:48::SCWPlatform::Trying to open the hw design at D:/Zynq/vitis/version_2020/23_01_sd_bmp_lcd/vitis/system_wrapper/hw/system_wrapper.xsa
TRACE::2026-04-01.14:38:48::SCWPlatform::DSA given D:/Zynq/vitis/version_2020/23_01_sd_bmp_lcd/vitis/system_wrapper/hw/system_wrapper.xsa
TRACE::2026-04-01.14:38:48::SCWPlatform::DSA absoulate path D:/Zynq/vitis/version_2020/23_01_sd_bmp_lcd/vitis/system_wrapper/hw/system_wrapper.xsa
TRACE::2026-04-01.14:38:48::SCWPlatform::DSA directory D:/Zynq/vitis/version_2020/23_01_sd_bmp_lcd/vitis/system_wrapper/hw
TRACE::2026-04-01.14:38:48::SCWPlatform:: Platform Path D:/Zynq/vitis/version_2020/23_01_sd_bmp_lcd/vitis/system_wrapper/hw/system_wrapper.xsa
TRACE::2026-04-01.14:38:48::SCWPlatform:: Unique name xilinx:::0.0
TRACE::2026-04-01.14:38:48::SCWPlatform::Trying to set the existing hwdb with name system_wrapper_0
TRACE::2026-04-01.14:38:48::SCWPlatform::Opened existing hwdb system_wrapper_0
TRACE::2026-04-01.14:38:48::SCWPlatform::Found the Hw Db part of the input DSA
TRACE::2026-04-01.14:38:48::SCWPlatform::Trying to open the hw design at D:/Zynq/vitis/version_2020/23_01_sd_bmp_lcd/vitis/system_wrapper/hw/system_wrapper.xsa
TRACE::2026-04-01.14:38:48::SCWPlatform::DSA given D:/Zynq/vitis/version_2020/23_01_sd_bmp_lcd/vitis/system_wrapper/hw/system_wrapper.xsa
TRACE::2026-04-01.14:38:48::SCWPlatform::DSA absoulate path D:/Zynq/vitis/version_2020/23_01_sd_bmp_lcd/vitis/system_wrapper/hw/system_wrapper.xsa
TRACE::2026-04-01.14:38:48::SCWPlatform::DSA directory D:/Zynq/vitis/version_2020/23_01_sd_bmp_lcd/vitis/system_wrapper/hw
TRACE::2026-04-01.14:38:48::SCWPlatform:: Platform Path D:/Zynq/vitis/version_2020/23_01_sd_bmp_lcd/vitis/system_wrapper/hw/system_wrapper.xsa
TRACE::2026-04-01.14:38:48::SCWPlatform:: Unique name xilinx:::0.0
TRACE::2026-04-01.14:38:48::SCWPlatform::Trying to set the existing hwdb with name system_wrapper_0
TRACE::2026-04-01.14:38:48::SCWPlatform::Opened existing hwdb system_wrapper_0
TRACE::2026-04-01.14:38:48::SCWPlatform::Found the Hw Db part of the input DSA
TRACE::2026-04-01.14:38:48::SCWPlatform::Trying to open the hw design at D:/Zynq/vitis/version_2020/23_01_sd_bmp_lcd/vitis/system_wrapper/hw/system_wrapper.xsa
TRACE::2026-04-01.14:38:48::SCWPlatform::DSA given D:/Zynq/vitis/version_2020/23_01_sd_bmp_lcd/vitis/system_wrapper/hw/system_wrapper.xsa
TRACE::2026-04-01.14:38:48::SCWPlatform::DSA absoulate path D:/Zynq/vitis/version_2020/23_01_sd_bmp_lcd/vitis/system_wrapper/hw/system_wrapper.xsa
TRACE::2026-04-01.14:38:48::SCWPlatform::DSA directory D:/Zynq/vitis/version_2020/23_01_sd_bmp_lcd/vitis/system_wrapper/hw
TRACE::2026-04-01.14:38:48::SCWPlatform:: Platform Path D:/Zynq/vitis/version_2020/23_01_sd_bmp_lcd/vitis/system_wrapper/hw/system_wrapper.xsa
TRACE::2026-04-01.14:38:48::SCWPlatform:: Unique name xilinx:::0.0
TRACE::2026-04-01.14:38:48::SCWPlatform::Trying to set the existing hwdb with name system_wrapper_0
TRACE::2026-04-01.14:38:48::SCWPlatform::Opened existing hwdb system_wrapper_0
TRACE::2026-04-01.14:38:48::SCWPlatform::Found the Hw Db part of the input DSA
TRACE::2026-04-01.14:38:48::SCWMssOS::Checking the sw design at  D:/Zynq/vitis/version_2020/23_01_sd_bmp_lcd/vitis/system_wrapper/ps7_cortexa9_0/standalone_ps7_cortexa9_0/bsp/system.mss
TRACE::2026-04-01.14:38:48::SCWMssOS::DEBUG:  swdes dump  D:/Zynq/vitis/version_2020/23_01_sd_bmp_lcd/vitis/system_wrapper/zynq_fsbl/zynq_fsbl_bsp/system.mss|system||

TRACE::2026-04-01.14:38:48::SCWMssOS::No sw design opened at  D:/Zynq/vitis/version_2020/23_01_sd_bmp_lcd/vitis/system_wrapper/ps7_cortexa9_0/standalone_ps7_cortexa9_0/bsp/system.mss
TRACE::2026-04-01.14:38:48::SCWMssOS::mss does not exists at D:/Zynq/vitis/version_2020/23_01_sd_bmp_lcd/vitis/system_wrapper/ps7_cortexa9_0/standalone_ps7_cortexa9_0/bsp/system.mss
TRACE::2026-04-01.14:38:48::SCWMssOS::Creating sw design at  D:/Zynq/vitis/version_2020/23_01_sd_bmp_lcd/vitis/system_wrapper/ps7_cortexa9_0/standalone_ps7_cortexa9_0/bsp/system.mss
TRACE::2026-04-01.14:38:48::SCWMssOS::Adding the swdes entry, created swdb D:/Zynq/vitis/version_2020/23_01_sd_bmp_lcd/vitis/system_wrapper/ps7_cortexa9_0/standalone_ps7_cortexa9_0/bsp/system.mss with des name D:/Zynq/vitis/version_2020/23_01_sd_bmp_lcd/vitis/system_wrapper/ps7_cortexa9_0/standalone_ps7_cortexa9_0/bsp/system.mss
TRACE::2026-04-01.14:38:48::SCWMssOS::updating the scw layer changes to swdes at   D:/Zynq/vitis/version_2020/23_01_sd_bmp_lcd/vitis/system_wrapper/ps7_cortexa9_0/standalone_ps7_cortexa9_0/bsp/system.mss
TRACE::2026-04-01.14:38:48::SCWMssOS::Writing mss at D:/Zynq/vitis/version_2020/23_01_sd_bmp_lcd/vitis/system_wrapper/ps7_cortexa9_0/standalone_ps7_cortexa9_0/bsp/system.mss
TRACE::2026-04-01.14:38:48::SCWMssOS::Completed writing the mss file at D:/Zynq/vitis/version_2020/23_01_sd_bmp_lcd/vitis/system_wrapper/ps7_cortexa9_0/standalone_ps7_cortexa9_0/bsp
TRACE::2026-04-01.14:38:48::SCWMssOS::Picking up changes from newly written mss file into SCW Layer. 
TRACE::2026-04-01.14:38:48::SCWMssOS::Updated the changes from newly written mss file into SCW Layer. 
TRACE::2026-04-01.14:38:48::SCWMssOS::Completed writing the mss file at D:/Zynq/vitis/version_2020/23_01_sd_bmp_lcd/vitis/system_wrapper/ps7_cortexa9_0/standalone_ps7_cortexa9_0/bsp
TRACE::2026-04-01.14:38:48::SCWMssOS::Forcing BSP Sources regeneration.
TRACE::2026-04-01.14:38:49::SCWMssOS::Saving the mss changes D:/Zynq/vitis/version_2020/23_01_sd_bmp_lcd/vitis/system_wrapper/zynq_fsbl/zynq_fsbl_bsp/system.mss
TRACE::2026-04-01.14:38:49::SCWMssOS::Found a swdesign opened with the mssfile.
TRACE::2026-04-01.14:38:49::SCWMssOS::Completed writemss as part of save.
TRACE::2026-04-01.14:38:49::SCWMssOS::Commit changes completed.
TRACE::2026-04-01.14:38:49::SCWMssOS::Saving the mss changes D:/Zynq/vitis/version_2020/23_01_sd_bmp_lcd/vitis/system_wrapper/ps7_cortexa9_0/standalone_ps7_cortexa9_0/bsp/system.mss
TRACE::2026-04-01.14:38:49::SCWMssOS::Found a swdesign opened with the mssfile.
TRACE::2026-04-01.14:38:49::SCWMssOS::Running validate of swdbs.
KEYINFO::2026-04-01.14:38:49::SCWMssOS::Could not open the swdb for D:/Zynq/vitis/version_2020/23_01_sd_bmp_lcd/vitis/system_wrapper/ps7_cortexa9_0/standalone_ps7_cortexa9_0/bsp/system.mss
KEYINFO::2026-04-01.14:38:49::SCWMssOS::Could not open the sw design at  D:/Zynq/vitis/version_2020/23_01_sd_bmp_lcd/vitis/system_wrapper/ps7_cortexa9_0/standalone_ps7_cortexa9_0/bsp/system.mss
ERROR: [Hsi 55-1558] Software Design D:/Zynq/vitis/version_2020/23_01_sd_bmp_lcd/vitis/system_wrapper/ps7_cortexa9_0/standalone_ps7_cortexa9_0/bsp/system.mss is not found

TRACE::2026-04-01.14:38:49::SCWMssOS::Cleared the swdb table entry
TRACE::2026-04-01.14:38:49::SCWMssOS::Adding the swdes entry, mss present, able to open swdb D:/Zynq/vitis/version_2020/23_01_sd_bmp_lcd/vitis/system_wrapper/ps7_cortexa9_0/standalone_ps7_cortexa9_0/bsp/system.mss with des name system_0
TRACE::2026-04-01.14:38:49::SCWMssOS::Writing the mss file completed D:/Zynq/vitis/version_2020/23_01_sd_bmp_lcd/vitis/system_wrapper/ps7_cortexa9_0/standalone_ps7_cortexa9_0/bsp/system.mss
TRACE::2026-04-01.14:38:49::SCWMssOS::Commit changes completed.
TRACE::2026-04-01.14:38:49::SCWPlatform::Trying to open the hw design at D:/Zynq/vitis/version_2020/23_01_sd_bmp_lcd/vitis/system_wrapper/hw/system_wrapper.xsa
TRACE::2026-04-01.14:38:49::SCWPlatform::DSA given D:/Zynq/vitis/version_2020/23_01_sd_bmp_lcd/vitis/system_wrapper/hw/system_wrapper.xsa
TRACE::2026-04-01.14:38:49::SCWPlatform::DSA absoulate path D:/Zynq/vitis/version_2020/23_01_sd_bmp_lcd/vitis/system_wrapper/hw/system_wrapper.xsa
TRACE::2026-04-01.14:38:49::SCWPlatform::DSA directory D:/Zynq/vitis/version_2020/23_01_sd_bmp_lcd/vitis/system_wrapper/hw
TRACE::2026-04-01.14:38:49::SCWPlatform:: Platform Path D:/Zynq/vitis/version_2020/23_01_sd_bmp_lcd/vitis/system_wrapper/hw/system_wrapper.xsa
TRACE::2026-04-01.14:38:49::SCWPlatform:: Unique name xilinx:::0.0
TRACE::2026-04-01.14:38:49::SCWPlatform::Trying to set the existing hwdb with name system_wrapper_0
TRACE::2026-04-01.14:38:49::SCWPlatform::Opened existing hwdb system_wrapper_0
TRACE::2026-04-01.14:38:49::SCWPlatform::Found the Hw Db part of the input DSA
TRACE::2026-04-01.14:38:49::SCWMssOS::Checking the sw design at  D:/Zynq/vitis/version_2020/23_01_sd_bmp_lcd/vitis/system_wrapper/zynq_fsbl/zynq_fsbl_bsp/system.mss
TRACE::2026-04-01.14:38:49::SCWMssOS::DEBUG:  swdes dump  D:/Zynq/vitis/version_2020/23_01_sd_bmp_lcd/vitis/system_wrapper/ps7_cortexa9_0/standalone_ps7_cortexa9_0/bsp/system.mss|system_0||
D:/Zynq/vitis/version_2020/23_01_sd_bmp_lcd/vitis/system_wrapper/zynq_fsbl/zynq_fsbl_bsp/system.mss|system||

TRACE::2026-04-01.14:38:49::SCWMssOS::Sw design exists and opened at  D:/Zynq/vitis/version_2020/23_01_sd_bmp_lcd/vitis/system_wrapper/zynq_fsbl/zynq_fsbl_bsp/system.mss
TRACE::2026-04-01.14:38:49::SCWPlatform::Trying to open the hw design at D:/Zynq/vitis/version_2020/23_01_sd_bmp_lcd/vitis/system_wrapper/hw/system_wrapper.xsa
TRACE::2026-04-01.14:38:49::SCWPlatform::DSA given D:/Zynq/vitis/version_2020/23_01_sd_bmp_lcd/vitis/system_wrapper/hw/system_wrapper.xsa
TRACE::2026-04-01.14:38:49::SCWPlatform::DSA absoulate path D:/Zynq/vitis/version_2020/23_01_sd_bmp_lcd/vitis/system_wrapper/hw/system_wrapper.xsa
TRACE::2026-04-01.14:38:49::SCWPlatform::DSA directory D:/Zynq/vitis/version_2020/23_01_sd_bmp_lcd/vitis/system_wrapper/hw
TRACE::2026-04-01.14:38:49::SCWPlatform:: Platform Path D:/Zynq/vitis/version_2020/23_01_sd_bmp_lcd/vitis/system_wrapper/hw/system_wrapper.xsa
TRACE::2026-04-01.14:38:49::SCWPlatform:: Unique name xilinx:::0.0
TRACE::2026-04-01.14:38:49::SCWPlatform::Trying to set the existing hwdb with name system_wrapper_0
TRACE::2026-04-01.14:38:49::SCWPlatform::Opened existing hwdb system_wrapper_0
TRACE::2026-04-01.14:38:49::SCWPlatform::Found the Hw Db part of the input DSA
TRACE::2026-04-01.14:38:49::SCWMssOS::Checking the sw design at  D:/Zynq/vitis/version_2020/23_01_sd_bmp_lcd/vitis/system_wrapper/zynq_fsbl/zynq_fsbl_bsp/system.mss
TRACE::2026-04-01.14:38:49::SCWMssOS::DEBUG:  swdes dump  D:/Zynq/vitis/version_2020/23_01_sd_bmp_lcd/vitis/system_wrapper/ps7_cortexa9_0/standalone_ps7_cortexa9_0/bsp/system.mss|system_0||
D:/Zynq/vitis/version_2020/23_01_sd_bmp_lcd/vitis/system_wrapper/zynq_fsbl/zynq_fsbl_bsp/system.mss|system||

TRACE::2026-04-01.14:38:49::SCWMssOS::Sw design exists and opened at  D:/Zynq/vitis/version_2020/23_01_sd_bmp_lcd/vitis/system_wrapper/zynq_fsbl/zynq_fsbl_bsp/system.mss
TRACE::2026-04-01.14:38:49::SCWPlatform::Trying to open the hw design at D:/Zynq/vitis/version_2020/23_01_sd_bmp_lcd/vitis/system_wrapper/hw/system_wrapper.xsa
TRACE::2026-04-01.14:38:49::SCWPlatform::DSA given D:/Zynq/vitis/version_2020/23_01_sd_bmp_lcd/vitis/system_wrapper/hw/system_wrapper.xsa
TRACE::2026-04-01.14:38:49::SCWPlatform::DSA absoulate path D:/Zynq/vitis/version_2020/23_01_sd_bmp_lcd/vitis/system_wrapper/hw/system_wrapper.xsa
TRACE::2026-04-01.14:38:49::SCWPlatform::DSA directory D:/Zynq/vitis/version_2020/23_01_sd_bmp_lcd/vitis/system_wrapper/hw
TRACE::2026-04-01.14:38:49::SCWPlatform:: Platform Path D:/Zynq/vitis/version_2020/23_01_sd_bmp_lcd/vitis/system_wrapper/hw/system_wrapper.xsa
TRACE::2026-04-01.14:38:49::SCWPlatform:: Unique name xilinx:::0.0
TRACE::2026-04-01.14:38:49::SCWPlatform::Trying to set the existing hwdb with name system_wrapper_0
TRACE::2026-04-01.14:38:49::SCWPlatform::Opened existing hwdb system_wrapper_0
TRACE::2026-04-01.14:38:49::SCWPlatform::Found the Hw Db part of the input DSA
TRACE::2026-04-01.14:38:49::SCWMssOS::Checking the sw design at  D:/Zynq/vitis/version_2020/23_01_sd_bmp_lcd/vitis/system_wrapper/zynq_fsbl/zynq_fsbl_bsp/system.mss
TRACE::2026-04-01.14:38:49::SCWMssOS::DEBUG:  swdes dump  D:/Zynq/vitis/version_2020/23_01_sd_bmp_lcd/vitis/system_wrapper/ps7_cortexa9_0/standalone_ps7_cortexa9_0/bsp/system.mss|system_0||
D:/Zynq/vitis/version_2020/23_01_sd_bmp_lcd/vitis/system_wrapper/zynq_fsbl/zynq_fsbl_bsp/system.mss|system||

TRACE::2026-04-01.14:38:49::SCWMssOS::Sw design exists and opened at  D:/Zynq/vitis/version_2020/23_01_sd_bmp_lcd/vitis/system_wrapper/zynq_fsbl/zynq_fsbl_bsp/system.mss
TRACE::2026-04-01.14:38:49::SCWPlatform::Trying to open the hw design at D:/Zynq/vitis/version_2020/23_01_sd_bmp_lcd/vitis/system_wrapper/hw/system_wrapper.xsa
TRACE::2026-04-01.14:38:49::SCWPlatform::DSA given D:/Zynq/vitis/version_2020/23_01_sd_bmp_lcd/vitis/system_wrapper/hw/system_wrapper.xsa
TRACE::2026-04-01.14:38:49::SCWPlatform::DSA absoulate path D:/Zynq/vitis/version_2020/23_01_sd_bmp_lcd/vitis/system_wrapper/hw/system_wrapper.xsa
TRACE::2026-04-01.14:38:49::SCWPlatform::DSA directory D:/Zynq/vitis/version_2020/23_01_sd_bmp_lcd/vitis/system_wrapper/hw
TRACE::2026-04-01.14:38:49::SCWPlatform:: Platform Path D:/Zynq/vitis/version_2020/23_01_sd_bmp_lcd/vitis/system_wrapper/hw/system_wrapper.xsa
TRACE::2026-04-01.14:38:49::SCWPlatform:: Unique name xilinx:::0.0
TRACE::2026-04-01.14:38:49::SCWPlatform::Trying to set the existing hwdb with name system_wrapper_0
TRACE::2026-04-01.14:38:49::SCWPlatform::Opened existing hwdb system_wrapper_0
TRACE::2026-04-01.14:38:49::SCWPlatform::Found the Hw Db part of the input DSA
TRACE::2026-04-01.14:38:49::SCWMssOS::Checking the sw design at  D:/Zynq/vitis/version_2020/23_01_sd_bmp_lcd/vitis/system_wrapper/ps7_cortexa9_0/standalone_ps7_cortexa9_0/bsp/system.mss
TRACE::2026-04-01.14:38:49::SCWMssOS::DEBUG:  swdes dump  D:/Zynq/vitis/version_2020/23_01_sd_bmp_lcd/vitis/system_wrapper/ps7_cortexa9_0/standalone_ps7_cortexa9_0/bsp/system.mss|system_0||
D:/Zynq/vitis/version_2020/23_01_sd_bmp_lcd/vitis/system_wrapper/zynq_fsbl/zynq_fsbl_bsp/system.mss|system||

TRACE::2026-04-01.14:38:49::SCWMssOS::Sw design exists and opened at  D:/Zynq/vitis/version_2020/23_01_sd_bmp_lcd/vitis/system_wrapper/ps7_cortexa9_0/standalone_ps7_cortexa9_0/bsp/system.mss
TRACE::2026-04-01.14:38:49::SCWPlatform::Trying to open the hw design at D:/Zynq/vitis/version_2020/23_01_sd_bmp_lcd/vitis/system_wrapper/hw/system_wrapper.xsa
TRACE::2026-04-01.14:38:49::SCWPlatform::DSA given D:/Zynq/vitis/version_2020/23_01_sd_bmp_lcd/vitis/system_wrapper/hw/system_wrapper.xsa
TRACE::2026-04-01.14:38:49::SCWPlatform::DSA absoulate path D:/Zynq/vitis/version_2020/23_01_sd_bmp_lcd/vitis/system_wrapper/hw/system_wrapper.xsa
TRACE::2026-04-01.14:38:49::SCWPlatform::DSA directory D:/Zynq/vitis/version_2020/23_01_sd_bmp_lcd/vitis/system_wrapper/hw
TRACE::2026-04-01.14:38:49::SCWPlatform:: Platform Path D:/Zynq/vitis/version_2020/23_01_sd_bmp_lcd/vitis/system_wrapper/hw/system_wrapper.xsa
TRACE::2026-04-01.14:38:49::SCWPlatform:: Unique name xilinx:::0.0
TRACE::2026-04-01.14:38:49::SCWPlatform::Trying to set the existing hwdb with name system_wrapper_0
TRACE::2026-04-01.14:38:49::SCWPlatform::Opened existing hwdb system_wrapper_0
TRACE::2026-04-01.14:38:49::SCWPlatform::Found the Hw Db part of the input DSA
TRACE::2026-04-01.14:38:49::SCWMssOS::Checking the sw design at  D:/Zynq/vitis/version_2020/23_01_sd_bmp_lcd/vitis/system_wrapper/ps7_cortexa9_0/standalone_ps7_cortexa9_0/bsp/system.mss
TRACE::2026-04-01.14:38:49::SCWMssOS::DEBUG:  swdes dump  D:/Zynq/vitis/version_2020/23_01_sd_bmp_lcd/vitis/system_wrapper/ps7_cortexa9_0/standalone_ps7_cortexa9_0/bsp/system.mss|system_0||
D:/Zynq/vitis/version_2020/23_01_sd_bmp_lcd/vitis/system_wrapper/zynq_fsbl/zynq_fsbl_bsp/system.mss|system||

TRACE::2026-04-01.14:38:49::SCWMssOS::Sw design exists and opened at  D:/Zynq/vitis/version_2020/23_01_sd_bmp_lcd/vitis/system_wrapper/ps7_cortexa9_0/standalone_ps7_cortexa9_0/bsp/system.mss
TRACE::2026-04-01.14:38:49::SCWPlatform::Trying to open the hw design at D:/Zynq/vitis/version_2020/23_01_sd_bmp_lcd/vitis/system_wrapper/hw/system_wrapper.xsa
TRACE::2026-04-01.14:38:49::SCWPlatform::DSA given D:/Zynq/vitis/version_2020/23_01_sd_bmp_lcd/vitis/system_wrapper/hw/system_wrapper.xsa
TRACE::2026-04-01.14:38:49::SCWPlatform::DSA absoulate path D:/Zynq/vitis/version_2020/23_01_sd_bmp_lcd/vitis/system_wrapper/hw/system_wrapper.xsa
TRACE::2026-04-01.14:38:49::SCWPlatform::DSA directory D:/Zynq/vitis/version_2020/23_01_sd_bmp_lcd/vitis/system_wrapper/hw
TRACE::2026-04-01.14:38:49::SCWPlatform:: Platform Path D:/Zynq/vitis/version_2020/23_01_sd_bmp_lcd/vitis/system_wrapper/hw/system_wrapper.xsa
TRACE::2026-04-01.14:38:49::SCWPlatform:: Unique name xilinx:::0.0
TRACE::2026-04-01.14:38:49::SCWPlatform::Trying to set the existing hwdb with name system_wrapper_0
TRACE::2026-04-01.14:38:49::SCWPlatform::Opened existing hwdb system_wrapper_0
TRACE::2026-04-01.14:38:49::SCWPlatform::Found the Hw Db part of the input DSA
TRACE::2026-04-01.14:38:49::SCWMssOS::Checking the sw design at  D:/Zynq/vitis/version_2020/23_01_sd_bmp_lcd/vitis/system_wrapper/ps7_cortexa9_0/standalone_ps7_cortexa9_0/bsp/system.mss
TRACE::2026-04-01.14:38:49::SCWMssOS::DEBUG:  swdes dump  D:/Zynq/vitis/version_2020/23_01_sd_bmp_lcd/vitis/system_wrapper/ps7_cortexa9_0/standalone_ps7_cortexa9_0/bsp/system.mss|system_0||
D:/Zynq/vitis/version_2020/23_01_sd_bmp_lcd/vitis/system_wrapper/zynq_fsbl/zynq_fsbl_bsp/system.mss|system||

TRACE::2026-04-01.14:38:49::SCWMssOS::Sw design exists and opened at  D:/Zynq/vitis/version_2020/23_01_sd_bmp_lcd/vitis/system_wrapper/ps7_cortexa9_0/standalone_ps7_cortexa9_0/bsp/system.mss
TRACE::2026-04-01.14:38:49::SCWWriter::formatted JSON is {
	"platformName":	"system_wrapper",
	"sprVersion":	"2.0",
	"mode":	"gui",
	"dsaType":	"Fixed",
	"platformDesc":	"system_wrapper",
	"platHandOff":	"<platformDir>.xsa",
	"platIntHandOff":	"<platformDir>/hw/system_wrapper.xsa",
	"deviceType":	"zynq",
	"platIsPrebuiltAutogen":	"false",
	"platIsNoBootBsp":	"false",
	"platFsblTarget":	"ps7_cortexa9_0",
	"hasFsblMakeHasChanges":	"false",
	"hasPmufwMakeHasChanges":	"false",
	"fsblExtraCompilerFlags":	"-MMD -MP       -mcpu=cortex-a9 -mfpu=vfpv3 -mfloat-abi=hard ",
	"platPreBuiltFlag":	false,
	"platformSamplesDir":	"",
	"platActiveSys":	"system_wrapper",
	"systems":	[{
			"systemName":	"system_wrapper",
			"systemDesc":	"system_wrapper",
			"sysIsBootAutoGen":	"true",
			"systemDispName":	"system_wrapper",
			"sysActiveDom":	"standalone_ps7_cortexa9_0",
			"sysDefaultDom":	"standalone_ps7_cortexa9_0",
			"domains":	[{
					"domainName":	"zynq_fsbl",
					"domainDispName":	"zynq_fsbl",
					"domainDesc":	"FSBL Application BSP - Auto Generated.",
					"processors":	"ps7_cortexa9_0",
					"os":	"standalone",
					"sdxOs":	"standalone",
					"debugEnable":	"",
					"domRuntimes":	["cpp"],
					"swRepo":	"",
					"mssOsVer":	"7.3",
					"mssFile":	"",
					"md5Digest":	"859314a3ecadd41c03fc4d7adee735a0",
					"compatibleApp":	"zynq_fsbl",
					"domType":	"bootDomain",
					"arch":	"32-bit",
					"appSettings":	{
						"appCompilerFlags":	"",
						"appLinkerFlags":	""
					},
					"addedLibs":	["xilffs:4.4", "xilrsa:1.6"],
					"libOptions":	{
						"libsContainingOptions":	[]
					},
					"prebuiltLibs":	{
						"prebuiltIncPath":	[],
						"prebuiltLibPath":	[]
					},
					"isolation":	{
					}
				}, {
					"domainName":	"standalone_ps7_cortexa9_0",
					"domainDispName":	"standalone_ps7_cortexa9_0",
					"domainDesc":	"standalone_ps7_cortexa9_0",
					"processors":	"ps7_cortexa9_0",
					"os":	"standalone",
					"sdxOs":	"standalone",
					"qemuArgs":	"C:/Xilinx/Vitis/2020.2/data/emulation/platforms/zynq/sw/a9_standalone/qemu/qemu_args.txt",
					"qemuData":	"C:/Xilinx/Vitis/2020.2/data/emulation/platforms/zynq/sw/a9_standalone/qemu/",
					"debugEnable":	"False",
					"domRuntimes":	["cpp"],
					"swRepo":	"",
					"mssOsVer":	"7.3",
					"mssFile":	"",
					"md5Digest":	"1a21bc5aabc8de73e3f381fb4dcd7621",
					"compatibleApp":	"empty_application",
					"domType":	"mssDomain",
					"arch":	"32-bit",
					"appSettings":	{
						"appCompilerFlags":	"",
						"appLinkerFlags":	""
					},
					"addedLibs":	[],
					"libOptions":	{
						"libsContainingOptions":	[]
					},
					"prebuiltLibs":	{
						"prebuiltIncPath":	[],
						"prebuiltLibPath":	[]
					},
					"isolation":	{
					}
				}]
		}]
}
LOG::2026-04-01.14:38:49::SCWPlatform::Started generating the artifacts platform system_wrapper
TRACE::2026-04-01.14:38:49::SCWPlatform::Sanity checking of platform is completed
LOG::2026-04-01.14:38:49::SCWPlatform::Started generating the artifacts for system configuration system_wrapper
LOG::2026-04-01.14:38:49::SCWSystem::Checking the domain zynq_fsbl
LOG::2026-04-01.14:38:49::SCWSystem::Doing application build for :  zynq_fsbl
TRACE::2026-04-01.14:38:49::SCWBDomain::Not a forced makefile updation, No changes are present. 
TRACE::2026-04-01.14:38:49::SCWDomain::Skipping the build for domain :  zynq_fsbl
LOG::2026-04-01.14:38:49::SCWSystem::Checking the domain standalone_ps7_cortexa9_0
LOG::2026-04-01.14:38:49::SCWSystem::Not a boot domain 
LOG::2026-04-01.14:38:49::SCWSystem::Started Processing the domain standalone_ps7_cortexa9_0
TRACE::2026-04-01.14:38:49::SCWDomain::Generating domain artifcats
TRACE::2026-04-01.14:38:49::SCWMssOS::Generating standalone artifcats
TRACE::2026-04-01.14:38:49::SCWMssOS::Copying the qemu file from  C:/Xilinx/Vitis/2020.2/data/emulation/platforms/zynq/sw/a9_standalone/qemu/qemu_args.txt To D:/Zynq/vitis/version_2020/23_01_sd_bmp_lcd/vitis/system_wrapper/export/system_wrapper/sw/system_wrapper/qemu/
TRACE::2026-04-01.14:38:49::SCWMssOS::Copying the qemu file from  C:/Xilinx/Vitis/2020.2/data/emulation/platforms/zynq/sw/a9_standalone/qemu/qemu_args.txt To D:/Zynq/vitis/version_2020/23_01_sd_bmp_lcd/vitis/system_wrapper/export/system_wrapper/sw/system_wrapper/standalone_ps7_cortexa9_0/qemu/
TRACE::2026-04-01.14:38:49::SCWMssOS:: Copying the user libraries. 
TRACE::2026-04-01.14:38:49::SCWPlatform::Trying to open the hw design at D:/Zynq/vitis/version_2020/23_01_sd_bmp_lcd/vitis/system_wrapper/hw/system_wrapper.xsa
TRACE::2026-04-01.14:38:49::SCWPlatform::DSA given D:/Zynq/vitis/version_2020/23_01_sd_bmp_lcd/vitis/system_wrapper/hw/system_wrapper.xsa
TRACE::2026-04-01.14:38:49::SCWPlatform::DSA absoulate path D:/Zynq/vitis/version_2020/23_01_sd_bmp_lcd/vitis/system_wrapper/hw/system_wrapper.xsa
TRACE::2026-04-01.14:38:49::SCWPlatform::DSA directory D:/Zynq/vitis/version_2020/23_01_sd_bmp_lcd/vitis/system_wrapper/hw
TRACE::2026-04-01.14:38:49::SCWPlatform:: Platform Path D:/Zynq/vitis/version_2020/23_01_sd_bmp_lcd/vitis/system_wrapper/hw/system_wrapper.xsa
TRACE::2026-04-01.14:38:49::SCWPlatform:: Unique name xilinx:::0.0
TRACE::2026-04-01.14:38:49::SCWPlatform::Trying to set the existing hwdb with name system_wrapper_0
TRACE::2026-04-01.14:38:49::SCWPlatform::Opened existing hwdb system_wrapper_0
TRACE::2026-04-01.14:38:49::SCWPlatform::Found the Hw Db part of the input DSA
TRACE::2026-04-01.14:38:49::SCWMssOS::Checking the sw design at  D:/Zynq/vitis/version_2020/23_01_sd_bmp_lcd/vitis/system_wrapper/ps7_cortexa9_0/standalone_ps7_cortexa9_0/bsp/system.mss
TRACE::2026-04-01.14:38:49::SCWMssOS::DEBUG:  swdes dump  D:/Zynq/vitis/version_2020/23_01_sd_bmp_lcd/vitis/system_wrapper/ps7_cortexa9_0/standalone_ps7_cortexa9_0/bsp/system.mss|system_0||
D:/Zynq/vitis/version_2020/23_01_sd_bmp_lcd/vitis/system_wrapper/zynq_fsbl/zynq_fsbl_bsp/system.mss|system||

TRACE::2026-04-01.14:38:49::SCWMssOS::Sw design exists and opened at  D:/Zynq/vitis/version_2020/23_01_sd_bmp_lcd/vitis/system_wrapper/ps7_cortexa9_0/standalone_ps7_cortexa9_0/bsp/system.mss
TRACE::2026-04-01.14:38:49::SCWMssOS::Completed writing the mss file at D:/Zynq/vitis/version_2020/23_01_sd_bmp_lcd/vitis/system_wrapper/ps7_cortexa9_0/standalone_ps7_cortexa9_0/bsp
TRACE::2026-04-01.14:38:49::SCWMssOS::Mss edits present, copying mssfile into export location D:/Zynq/vitis/version_2020/23_01_sd_bmp_lcd/vitis/system_wrapper/ps7_cortexa9_0/standalone_ps7_cortexa9_0/bsp/system.mss
TRACE::2026-04-01.14:38:49::SCWMssOS::bsp generated is upto date with the mss file. Skipping bsp generation.
TRACE::2026-04-01.14:38:49::SCWMssOS::BSP is already built. skipping the bsp build ... 
TRACE::2026-04-01.14:38:49::SCWDomain::Skipping the build for domain :  standalone_ps7_cortexa9_0
TRACE::2026-04-01.14:38:49::SCWMssOS::skipping the bsp build ... 
TRACE::2026-04-01.14:38:49::SCWMssOS::Copying to export directory.
TRACE::2026-04-01.14:38:49::SCWMssOS:: Checking if to create the Supporting Applications
TRACE::2026-04-01.14:38:49::SCWMssOS:: No Linux domain exists, trying to generate FSBL 
TRACE::2026-04-01.14:38:49::SCWMssOS:: Completed Standalone Artifacts creation 
LOG::2026-04-01.14:38:49::SCWSystem::Completed Processing the domain standalone_ps7_cortexa9_0
LOG::2026-04-01.14:38:49::SCWSystem::Completed Processing the sysconfig system_wrapper
LOG::2026-04-01.14:38:49::SCWPlatform::Completed generating the artifacts for system configuration system_wrapper
TRACE::2026-04-01.14:38:49::SCWPlatform::Started preparing the platform 
TRACE::2026-04-01.14:38:49::SCWSystem::Writing the bif file for system config system_wrapper
TRACE::2026-04-01.14:38:49::SCWSystem::dir created 
TRACE::2026-04-01.14:38:49::SCWSystem::Writing the bif 
TRACE::2026-04-01.14:38:49::SCWPlatform::Started writing the spfm file 
TRACE::2026-04-01.14:38:49::SCWPlatform::Started writing the xpfm file 
TRACE::2026-04-01.14:38:49::SCWPlatform::Completed generating the platform
TRACE::2026-04-01.14:38:49::SCWMssOS::Saving the mss changes D:/Zynq/vitis/version_2020/23_01_sd_bmp_lcd/vitis/system_wrapper/zynq_fsbl/zynq_fsbl_bsp/system.mss
TRACE::2026-04-01.14:38:49::SCWMssOS::Found a swdesign opened with the mssfile.
TRACE::2026-04-01.14:38:49::SCWMssOS::Completed writemss as part of save.
TRACE::2026-04-01.14:38:49::SCWMssOS::Commit changes completed.
TRACE::2026-04-01.14:38:49::SCWMssOS::Saving the mss changes D:/Zynq/vitis/version_2020/23_01_sd_bmp_lcd/vitis/system_wrapper/ps7_cortexa9_0/standalone_ps7_cortexa9_0/bsp/system.mss
TRACE::2026-04-01.14:38:49::SCWMssOS::Found a swdesign opened with the mssfile.
TRACE::2026-04-01.14:38:49::SCWMssOS::Completed writemss as part of save.
TRACE::2026-04-01.14:38:49::SCWMssOS::Commit changes completed.
TRACE::2026-04-01.14:38:49::SCWPlatform::Trying to open the hw design at D:/Zynq/vitis/version_2020/23_01_sd_bmp_lcd/vitis/system_wrapper/hw/system_wrapper.xsa
TRACE::2026-04-01.14:38:49::SCWPlatform::DSA given D:/Zynq/vitis/version_2020/23_01_sd_bmp_lcd/vitis/system_wrapper/hw/system_wrapper.xsa
TRACE::2026-04-01.14:38:49::SCWPlatform::DSA absoulate path D:/Zynq/vitis/version_2020/23_01_sd_bmp_lcd/vitis/system_wrapper/hw/system_wrapper.xsa
TRACE::2026-04-01.14:38:49::SCWPlatform::DSA directory D:/Zynq/vitis/version_2020/23_01_sd_bmp_lcd/vitis/system_wrapper/hw
TRACE::2026-04-01.14:38:49::SCWPlatform:: Platform Path D:/Zynq/vitis/version_2020/23_01_sd_bmp_lcd/vitis/system_wrapper/hw/system_wrapper.xsa
TRACE::2026-04-01.14:38:49::SCWPlatform:: Unique name xilinx:::0.0
TRACE::2026-04-01.14:38:49::SCWPlatform::Trying to set the existing hwdb with name system_wrapper_0
TRACE::2026-04-01.14:38:49::SCWPlatform::Opened existing hwdb system_wrapper_0
TRACE::2026-04-01.14:38:49::SCWPlatform::Found the Hw Db part of the input DSA
TRACE::2026-04-01.14:38:49::SCWMssOS::Checking the sw design at  D:/Zynq/vitis/version_2020/23_01_sd_bmp_lcd/vitis/system_wrapper/zynq_fsbl/zynq_fsbl_bsp/system.mss
TRACE::2026-04-01.14:38:49::SCWMssOS::DEBUG:  swdes dump  D:/Zynq/vitis/version_2020/23_01_sd_bmp_lcd/vitis/system_wrapper/ps7_cortexa9_0/standalone_ps7_cortexa9_0/bsp/system.mss|system_0||
D:/Zynq/vitis/version_2020/23_01_sd_bmp_lcd/vitis/system_wrapper/zynq_fsbl/zynq_fsbl_bsp/system.mss|system||

TRACE::2026-04-01.14:38:49::SCWMssOS::Sw design exists and opened at  D:/Zynq/vitis/version_2020/23_01_sd_bmp_lcd/vitis/system_wrapper/zynq_fsbl/zynq_fsbl_bsp/system.mss
TRACE::2026-04-01.14:38:49::SCWPlatform::Trying to open the hw design at D:/Zynq/vitis/version_2020/23_01_sd_bmp_lcd/vitis/system_wrapper/hw/system_wrapper.xsa
TRACE::2026-04-01.14:38:49::SCWPlatform::DSA given D:/Zynq/vitis/version_2020/23_01_sd_bmp_lcd/vitis/system_wrapper/hw/system_wrapper.xsa
TRACE::2026-04-01.14:38:49::SCWPlatform::DSA absoulate path D:/Zynq/vitis/version_2020/23_01_sd_bmp_lcd/vitis/system_wrapper/hw/system_wrapper.xsa
TRACE::2026-04-01.14:38:49::SCWPlatform::DSA directory D:/Zynq/vitis/version_2020/23_01_sd_bmp_lcd/vitis/system_wrapper/hw
TRACE::2026-04-01.14:38:49::SCWPlatform:: Platform Path D:/Zynq/vitis/version_2020/23_01_sd_bmp_lcd/vitis/system_wrapper/hw/system_wrapper.xsa
TRACE::2026-04-01.14:38:49::SCWPlatform:: Unique name xilinx:::0.0
TRACE::2026-04-01.14:38:49::SCWPlatform::Trying to set the existing hwdb with name system_wrapper_0
TRACE::2026-04-01.14:38:49::SCWPlatform::Opened existing hwdb system_wrapper_0
TRACE::2026-04-01.14:38:49::SCWPlatform::Found the Hw Db part of the input DSA
TRACE::2026-04-01.14:38:49::SCWMssOS::Checking the sw design at  D:/Zynq/vitis/version_2020/23_01_sd_bmp_lcd/vitis/system_wrapper/zynq_fsbl/zynq_fsbl_bsp/system.mss
TRACE::2026-04-01.14:38:49::SCWMssOS::DEBUG:  swdes dump  D:/Zynq/vitis/version_2020/23_01_sd_bmp_lcd/vitis/system_wrapper/ps7_cortexa9_0/standalone_ps7_cortexa9_0/bsp/system.mss|system_0||
D:/Zynq/vitis/version_2020/23_01_sd_bmp_lcd/vitis/system_wrapper/zynq_fsbl/zynq_fsbl_bsp/system.mss|system||

TRACE::2026-04-01.14:38:49::SCWMssOS::Sw design exists and opened at  D:/Zynq/vitis/version_2020/23_01_sd_bmp_lcd/vitis/system_wrapper/zynq_fsbl/zynq_fsbl_bsp/system.mss
TRACE::2026-04-01.14:38:49::SCWPlatform::Trying to open the hw design at D:/Zynq/vitis/version_2020/23_01_sd_bmp_lcd/vitis/system_wrapper/hw/system_wrapper.xsa
TRACE::2026-04-01.14:38:49::SCWPlatform::DSA given D:/Zynq/vitis/version_2020/23_01_sd_bmp_lcd/vitis/system_wrapper/hw/system_wrapper.xsa
TRACE::2026-04-01.14:38:49::SCWPlatform::DSA absoulate path D:/Zynq/vitis/version_2020/23_01_sd_bmp_lcd/vitis/system_wrapper/hw/system_wrapper.xsa
TRACE::2026-04-01.14:38:49::SCWPlatform::DSA directory D:/Zynq/vitis/version_2020/23_01_sd_bmp_lcd/vitis/system_wrapper/hw
TRACE::2026-04-01.14:38:49::SCWPlatform:: Platform Path D:/Zynq/vitis/version_2020/23_01_sd_bmp_lcd/vitis/system_wrapper/hw/system_wrapper.xsa
TRACE::2026-04-01.14:38:49::SCWPlatform:: Unique name xilinx:::0.0
TRACE::2026-04-01.14:38:49::SCWPlatform::Trying to set the existing hwdb with name system_wrapper_0
TRACE::2026-04-01.14:38:49::SCWPlatform::Opened existing hwdb system_wrapper_0
TRACE::2026-04-01.14:38:49::SCWPlatform::Found the Hw Db part of the input DSA
TRACE::2026-04-01.14:38:49::SCWMssOS::Checking the sw design at  D:/Zynq/vitis/version_2020/23_01_sd_bmp_lcd/vitis/system_wrapper/zynq_fsbl/zynq_fsbl_bsp/system.mss
TRACE::2026-04-01.14:38:49::SCWMssOS::DEBUG:  swdes dump  D:/Zynq/vitis/version_2020/23_01_sd_bmp_lcd/vitis/system_wrapper/ps7_cortexa9_0/standalone_ps7_cortexa9_0/bsp/system.mss|system_0||
D:/Zynq/vitis/version_2020/23_01_sd_bmp_lcd/vitis/system_wrapper/zynq_fsbl/zynq_fsbl_bsp/system.mss|system||

TRACE::2026-04-01.14:38:49::SCWMssOS::Sw design exists and opened at  D:/Zynq/vitis/version_2020/23_01_sd_bmp_lcd/vitis/system_wrapper/zynq_fsbl/zynq_fsbl_bsp/system.mss
TRACE::2026-04-01.14:38:49::SCWPlatform::Trying to open the hw design at D:/Zynq/vitis/version_2020/23_01_sd_bmp_lcd/vitis/system_wrapper/hw/system_wrapper.xsa
TRACE::2026-04-01.14:38:49::SCWPlatform::DSA given D:/Zynq/vitis/version_2020/23_01_sd_bmp_lcd/vitis/system_wrapper/hw/system_wrapper.xsa
TRACE::2026-04-01.14:38:49::SCWPlatform::DSA absoulate path D:/Zynq/vitis/version_2020/23_01_sd_bmp_lcd/vitis/system_wrapper/hw/system_wrapper.xsa
TRACE::2026-04-01.14:38:49::SCWPlatform::DSA directory D:/Zynq/vitis/version_2020/23_01_sd_bmp_lcd/vitis/system_wrapper/hw
TRACE::2026-04-01.14:38:49::SCWPlatform:: Platform Path D:/Zynq/vitis/version_2020/23_01_sd_bmp_lcd/vitis/system_wrapper/hw/system_wrapper.xsa
TRACE::2026-04-01.14:38:49::SCWPlatform:: Unique name xilinx:::0.0
TRACE::2026-04-01.14:38:49::SCWPlatform::Trying to set the existing hwdb with name system_wrapper_0
TRACE::2026-04-01.14:38:49::SCWPlatform::Opened existing hwdb system_wrapper_0
TRACE::2026-04-01.14:38:49::SCWPlatform::Found the Hw Db part of the input DSA
TRACE::2026-04-01.14:38:49::SCWMssOS::Checking the sw design at  D:/Zynq/vitis/version_2020/23_01_sd_bmp_lcd/vitis/system_wrapper/ps7_cortexa9_0/standalone_ps7_cortexa9_0/bsp/system.mss
TRACE::2026-04-01.14:38:49::SCWMssOS::DEBUG:  swdes dump  D:/Zynq/vitis/version_2020/23_01_sd_bmp_lcd/vitis/system_wrapper/ps7_cortexa9_0/standalone_ps7_cortexa9_0/bsp/system.mss|system_0||
D:/Zynq/vitis/version_2020/23_01_sd_bmp_lcd/vitis/system_wrapper/zynq_fsbl/zynq_fsbl_bsp/system.mss|system||

TRACE::2026-04-01.14:38:49::SCWMssOS::Sw design exists and opened at  D:/Zynq/vitis/version_2020/23_01_sd_bmp_lcd/vitis/system_wrapper/ps7_cortexa9_0/standalone_ps7_cortexa9_0/bsp/system.mss
TRACE::2026-04-01.14:38:49::SCWPlatform::Trying to open the hw design at D:/Zynq/vitis/version_2020/23_01_sd_bmp_lcd/vitis/system_wrapper/hw/system_wrapper.xsa
TRACE::2026-04-01.14:38:49::SCWPlatform::DSA given D:/Zynq/vitis/version_2020/23_01_sd_bmp_lcd/vitis/system_wrapper/hw/system_wrapper.xsa
TRACE::2026-04-01.14:38:49::SCWPlatform::DSA absoulate path D:/Zynq/vitis/version_2020/23_01_sd_bmp_lcd/vitis/system_wrapper/hw/system_wrapper.xsa
TRACE::2026-04-01.14:38:49::SCWPlatform::DSA directory D:/Zynq/vitis/version_2020/23_01_sd_bmp_lcd/vitis/system_wrapper/hw
TRACE::2026-04-01.14:38:49::SCWPlatform:: Platform Path D:/Zynq/vitis/version_2020/23_01_sd_bmp_lcd/vitis/system_wrapper/hw/system_wrapper.xsa
TRACE::2026-04-01.14:38:49::SCWPlatform:: Unique name xilinx:::0.0
TRACE::2026-04-01.14:38:49::SCWPlatform::Trying to set the existing hwdb with name system_wrapper_0
TRACE::2026-04-01.14:38:49::SCWPlatform::Opened existing hwdb system_wrapper_0
TRACE::2026-04-01.14:38:49::SCWPlatform::Found the Hw Db part of the input DSA
TRACE::2026-04-01.14:38:49::SCWMssOS::Checking the sw design at  D:/Zynq/vitis/version_2020/23_01_sd_bmp_lcd/vitis/system_wrapper/ps7_cortexa9_0/standalone_ps7_cortexa9_0/bsp/system.mss
TRACE::2026-04-01.14:38:49::SCWMssOS::DEBUG:  swdes dump  D:/Zynq/vitis/version_2020/23_01_sd_bmp_lcd/vitis/system_wrapper/ps7_cortexa9_0/standalone_ps7_cortexa9_0/bsp/system.mss|system_0||
D:/Zynq/vitis/version_2020/23_01_sd_bmp_lcd/vitis/system_wrapper/zynq_fsbl/zynq_fsbl_bsp/system.mss|system||

TRACE::2026-04-01.14:38:49::SCWMssOS::Sw design exists and opened at  D:/Zynq/vitis/version_2020/23_01_sd_bmp_lcd/vitis/system_wrapper/ps7_cortexa9_0/standalone_ps7_cortexa9_0/bsp/system.mss
TRACE::2026-04-01.14:38:49::SCWPlatform::Trying to open the hw design at D:/Zynq/vitis/version_2020/23_01_sd_bmp_lcd/vitis/system_wrapper/hw/system_wrapper.xsa
TRACE::2026-04-01.14:38:49::SCWPlatform::DSA given D:/Zynq/vitis/version_2020/23_01_sd_bmp_lcd/vitis/system_wrapper/hw/system_wrapper.xsa
TRACE::2026-04-01.14:38:49::SCWPlatform::DSA absoulate path D:/Zynq/vitis/version_2020/23_01_sd_bmp_lcd/vitis/system_wrapper/hw/system_wrapper.xsa
TRACE::2026-04-01.14:38:49::SCWPlatform::DSA directory D:/Zynq/vitis/version_2020/23_01_sd_bmp_lcd/vitis/system_wrapper/hw
TRACE::2026-04-01.14:38:49::SCWPlatform:: Platform Path D:/Zynq/vitis/version_2020/23_01_sd_bmp_lcd/vitis/system_wrapper/hw/system_wrapper.xsa
TRACE::2026-04-01.14:38:49::SCWPlatform:: Unique name xilinx:::0.0
TRACE::2026-04-01.14:38:49::SCWPlatform::Trying to set the existing hwdb with name system_wrapper_0
TRACE::2026-04-01.14:38:49::SCWPlatform::Opened existing hwdb system_wrapper_0
TRACE::2026-04-01.14:38:49::SCWPlatform::Found the Hw Db part of the input DSA
TRACE::2026-04-01.14:38:49::SCWMssOS::Checking the sw design at  D:/Zynq/vitis/version_2020/23_01_sd_bmp_lcd/vitis/system_wrapper/ps7_cortexa9_0/standalone_ps7_cortexa9_0/bsp/system.mss
TRACE::2026-04-01.14:38:49::SCWMssOS::DEBUG:  swdes dump  D:/Zynq/vitis/version_2020/23_01_sd_bmp_lcd/vitis/system_wrapper/ps7_cortexa9_0/standalone_ps7_cortexa9_0/bsp/system.mss|system_0||
D:/Zynq/vitis/version_2020/23_01_sd_bmp_lcd/vitis/system_wrapper/zynq_fsbl/zynq_fsbl_bsp/system.mss|system||

TRACE::2026-04-01.14:38:49::SCWMssOS::Sw design exists and opened at  D:/Zynq/vitis/version_2020/23_01_sd_bmp_lcd/vitis/system_wrapper/ps7_cortexa9_0/standalone_ps7_cortexa9_0/bsp/system.mss
TRACE::2026-04-01.14:38:49::SCWWriter::formatted JSON is {
	"platformName":	"system_wrapper",
	"sprVersion":	"2.0",
	"mode":	"gui",
	"dsaType":	"Fixed",
	"platformDesc":	"system_wrapper",
	"platHandOff":	"<platformDir>.xsa",
	"platIntHandOff":	"<platformDir>/hw/system_wrapper.xsa",
	"deviceType":	"zynq",
	"platIsPrebuiltAutogen":	"false",
	"platIsNoBootBsp":	"false",
	"platFsblTarget":	"ps7_cortexa9_0",
	"hasFsblMakeHasChanges":	"false",
	"hasPmufwMakeHasChanges":	"false",
	"fsblExtraCompilerFlags":	"-MMD -MP       -mcpu=cortex-a9 -mfpu=vfpv3 -mfloat-abi=hard ",
	"platPreBuiltFlag":	false,
	"platformSamplesDir":	"",
	"platActiveSys":	"system_wrapper",
	"systems":	[{
			"systemName":	"system_wrapper",
			"systemDesc":	"system_wrapper",
			"sysIsBootAutoGen":	"true",
			"systemDispName":	"system_wrapper",
			"sysActiveDom":	"standalone_ps7_cortexa9_0",
			"sysDefaultDom":	"standalone_ps7_cortexa9_0",
			"domains":	[{
					"domainName":	"zynq_fsbl",
					"domainDispName":	"zynq_fsbl",
					"domainDesc":	"FSBL Application BSP - Auto Generated.",
					"processors":	"ps7_cortexa9_0",
					"os":	"standalone",
					"sdxOs":	"standalone",
					"debugEnable":	"",
					"domRuntimes":	["cpp"],
					"swRepo":	"",
					"mssOsVer":	"7.3",
					"mssFile":	"",
					"md5Digest":	"859314a3ecadd41c03fc4d7adee735a0",
					"compatibleApp":	"zynq_fsbl",
					"domType":	"bootDomain",
					"arch":	"32-bit",
					"appSettings":	{
						"appCompilerFlags":	"",
						"appLinkerFlags":	""
					},
					"addedLibs":	["xilffs:4.4", "xilrsa:1.6"],
					"libOptions":	{
						"libsContainingOptions":	[]
					},
					"prebuiltLibs":	{
						"prebuiltIncPath":	[],
						"prebuiltLibPath":	[]
					},
					"isolation":	{
					}
				}, {
					"domainName":	"standalone_ps7_cortexa9_0",
					"domainDispName":	"standalone_ps7_cortexa9_0",
					"domainDesc":	"standalone_ps7_cortexa9_0",
					"processors":	"ps7_cortexa9_0",
					"os":	"standalone",
					"sdxOs":	"standalone",
					"qemuArgs":	"C:/Xilinx/Vitis/2020.2/data/emulation/platforms/zynq/sw/a9_standalone/qemu/qemu_args.txt",
					"qemuData":	"C:/Xilinx/Vitis/2020.2/data/emulation/platforms/zynq/sw/a9_standalone/qemu/",
					"debugEnable":	"False",
					"domRuntimes":	["cpp"],
					"swRepo":	"",
					"mssOsVer":	"7.3",
					"mssFile":	"",
					"md5Digest":	"1a21bc5aabc8de73e3f381fb4dcd7621",
					"compatibleApp":	"empty_application",
					"domType":	"mssDomain",
					"arch":	"32-bit",
					"appSettings":	{
						"appCompilerFlags":	"",
						"appLinkerFlags":	""
					},
					"addedLibs":	[],
					"libOptions":	{
						"libsContainingOptions":	[]
					},
					"prebuiltLibs":	{
						"prebuiltIncPath":	[],
						"prebuiltLibPath":	[]
					},
					"isolation":	{
					}
				}]
		}]
}
KEYINFO::2026-04-01.14:38:49::SCWPlatform::updated the xpfm file.
TRACE::2026-04-01.14:38:49::SCWPlatform::Trying to open the hw design at D:/Zynq/vitis/version_2020/23_01_sd_bmp_lcd/vitis/system_wrapper/hw/system_wrapper.xsa
TRACE::2026-04-01.14:38:49::SCWPlatform::DSA given D:/Zynq/vitis/version_2020/23_01_sd_bmp_lcd/vitis/system_wrapper/hw/system_wrapper.xsa
TRACE::2026-04-01.14:38:49::SCWPlatform::DSA absoulate path D:/Zynq/vitis/version_2020/23_01_sd_bmp_lcd/vitis/system_wrapper/hw/system_wrapper.xsa
TRACE::2026-04-01.14:38:49::SCWPlatform::DSA directory D:/Zynq/vitis/version_2020/23_01_sd_bmp_lcd/vitis/system_wrapper/hw
TRACE::2026-04-01.14:38:49::SCWPlatform:: Platform Path D:/Zynq/vitis/version_2020/23_01_sd_bmp_lcd/vitis/system_wrapper/hw/system_wrapper.xsa
TRACE::2026-04-01.14:38:49::SCWPlatform:: Unique name xilinx:::0.0
TRACE::2026-04-01.14:38:49::SCWPlatform::Trying to set the existing hwdb with name system_wrapper_0
TRACE::2026-04-01.14:38:49::SCWPlatform::Opened existing hwdb system_wrapper_0
TRACE::2026-04-01.14:38:49::SCWPlatform::Found the Hw Db part of the input DSA
TRACE::2026-04-01.14:38:49::SCWMssOS::Checking the sw design at  D:/Zynq/vitis/version_2020/23_01_sd_bmp_lcd/vitis/system_wrapper/ps7_cortexa9_0/standalone_ps7_cortexa9_0/bsp/system.mss
TRACE::2026-04-01.14:38:49::SCWMssOS::DEBUG:  swdes dump  D:/Zynq/vitis/version_2020/23_01_sd_bmp_lcd/vitis/system_wrapper/ps7_cortexa9_0/standalone_ps7_cortexa9_0/bsp/system.mss|system_0||
D:/Zynq/vitis/version_2020/23_01_sd_bmp_lcd/vitis/system_wrapper/zynq_fsbl/zynq_fsbl_bsp/system.mss|system||

TRACE::2026-04-01.14:38:49::SCWMssOS::Sw design exists and opened at  D:/Zynq/vitis/version_2020/23_01_sd_bmp_lcd/vitis/system_wrapper/ps7_cortexa9_0/standalone_ps7_cortexa9_0/bsp/system.mss
TRACE::2026-04-01.14:38:49::SCWMssOS::Saving the mss changes D:/Zynq/vitis/version_2020/23_01_sd_bmp_lcd/vitis/system_wrapper/zynq_fsbl/zynq_fsbl_bsp/system.mss
TRACE::2026-04-01.14:38:49::SCWMssOS::Found a swdesign opened with the mssfile.
TRACE::2026-04-01.14:38:49::SCWMssOS::Completed writemss as part of save.
TRACE::2026-04-01.14:38:49::SCWMssOS::Commit changes completed.
TRACE::2026-04-01.14:38:49::SCWMssOS::Saving the mss changes D:/Zynq/vitis/version_2020/23_01_sd_bmp_lcd/vitis/system_wrapper/ps7_cortexa9_0/standalone_ps7_cortexa9_0/bsp/system.mss
TRACE::2026-04-01.14:38:49::SCWMssOS::Found a swdesign opened with the mssfile.
TRACE::2026-04-01.14:38:49::SCWMssOS::Completed writemss as part of save.
TRACE::2026-04-01.14:38:49::SCWMssOS::Commit changes completed.
TRACE::2026-04-01.14:38:49::SCWPlatform::Trying to open the hw design at D:/Zynq/vitis/version_2020/23_01_sd_bmp_lcd/vitis/system_wrapper/hw/system_wrapper.xsa
TRACE::2026-04-01.14:38:49::SCWPlatform::DSA given D:/Zynq/vitis/version_2020/23_01_sd_bmp_lcd/vitis/system_wrapper/hw/system_wrapper.xsa
TRACE::2026-04-01.14:38:49::SCWPlatform::DSA absoulate path D:/Zynq/vitis/version_2020/23_01_sd_bmp_lcd/vitis/system_wrapper/hw/system_wrapper.xsa
TRACE::2026-04-01.14:38:49::SCWPlatform::DSA directory D:/Zynq/vitis/version_2020/23_01_sd_bmp_lcd/vitis/system_wrapper/hw
TRACE::2026-04-01.14:38:49::SCWPlatform:: Platform Path D:/Zynq/vitis/version_2020/23_01_sd_bmp_lcd/vitis/system_wrapper/hw/system_wrapper.xsa
TRACE::2026-04-01.14:38:49::SCWPlatform:: Unique name xilinx:::0.0
TRACE::2026-04-01.14:38:49::SCWPlatform::Trying to set the existing hwdb with name system_wrapper_0
TRACE::2026-04-01.14:38:49::SCWPlatform::Opened existing hwdb system_wrapper_0
TRACE::2026-04-01.14:38:49::SCWPlatform::Found the Hw Db part of the input DSA
TRACE::2026-04-01.14:38:49::SCWMssOS::Checking the sw design at  D:/Zynq/vitis/version_2020/23_01_sd_bmp_lcd/vitis/system_wrapper/zynq_fsbl/zynq_fsbl_bsp/system.mss
TRACE::2026-04-01.14:38:49::SCWMssOS::DEBUG:  swdes dump  D:/Zynq/vitis/version_2020/23_01_sd_bmp_lcd/vitis/system_wrapper/ps7_cortexa9_0/standalone_ps7_cortexa9_0/bsp/system.mss|system_0||
D:/Zynq/vitis/version_2020/23_01_sd_bmp_lcd/vitis/system_wrapper/zynq_fsbl/zynq_fsbl_bsp/system.mss|system||

TRACE::2026-04-01.14:38:49::SCWMssOS::Sw design exists and opened at  D:/Zynq/vitis/version_2020/23_01_sd_bmp_lcd/vitis/system_wrapper/zynq_fsbl/zynq_fsbl_bsp/system.mss
TRACE::2026-04-01.14:38:49::SCWPlatform::Trying to open the hw design at D:/Zynq/vitis/version_2020/23_01_sd_bmp_lcd/vitis/system_wrapper/hw/system_wrapper.xsa
TRACE::2026-04-01.14:38:49::SCWPlatform::DSA given D:/Zynq/vitis/version_2020/23_01_sd_bmp_lcd/vitis/system_wrapper/hw/system_wrapper.xsa
TRACE::2026-04-01.14:38:49::SCWPlatform::DSA absoulate path D:/Zynq/vitis/version_2020/23_01_sd_bmp_lcd/vitis/system_wrapper/hw/system_wrapper.xsa
TRACE::2026-04-01.14:38:49::SCWPlatform::DSA directory D:/Zynq/vitis/version_2020/23_01_sd_bmp_lcd/vitis/system_wrapper/hw
TRACE::2026-04-01.14:38:49::SCWPlatform:: Platform Path D:/Zynq/vitis/version_2020/23_01_sd_bmp_lcd/vitis/system_wrapper/hw/system_wrapper.xsa
TRACE::2026-04-01.14:38:49::SCWPlatform:: Unique name xilinx:::0.0
TRACE::2026-04-01.14:38:49::SCWPlatform::Trying to set the existing hwdb with name system_wrapper_0
TRACE::2026-04-01.14:38:49::SCWPlatform::Opened existing hwdb system_wrapper_0
TRACE::2026-04-01.14:38:49::SCWPlatform::Found the Hw Db part of the input DSA
TRACE::2026-04-01.14:38:49::SCWMssOS::Checking the sw design at  D:/Zynq/vitis/version_2020/23_01_sd_bmp_lcd/vitis/system_wrapper/zynq_fsbl/zynq_fsbl_bsp/system.mss
TRACE::2026-04-01.14:38:49::SCWMssOS::DEBUG:  swdes dump  D:/Zynq/vitis/version_2020/23_01_sd_bmp_lcd/vitis/system_wrapper/ps7_cortexa9_0/standalone_ps7_cortexa9_0/bsp/system.mss|system_0||
D:/Zynq/vitis/version_2020/23_01_sd_bmp_lcd/vitis/system_wrapper/zynq_fsbl/zynq_fsbl_bsp/system.mss|system||

TRACE::2026-04-01.14:38:49::SCWMssOS::Sw design exists and opened at  D:/Zynq/vitis/version_2020/23_01_sd_bmp_lcd/vitis/system_wrapper/zynq_fsbl/zynq_fsbl_bsp/system.mss
TRACE::2026-04-01.14:38:49::SCWPlatform::Trying to open the hw design at D:/Zynq/vitis/version_2020/23_01_sd_bmp_lcd/vitis/system_wrapper/hw/system_wrapper.xsa
TRACE::2026-04-01.14:38:49::SCWPlatform::DSA given D:/Zynq/vitis/version_2020/23_01_sd_bmp_lcd/vitis/system_wrapper/hw/system_wrapper.xsa
TRACE::2026-04-01.14:38:49::SCWPlatform::DSA absoulate path D:/Zynq/vitis/version_2020/23_01_sd_bmp_lcd/vitis/system_wrapper/hw/system_wrapper.xsa
TRACE::2026-04-01.14:38:49::SCWPlatform::DSA directory D:/Zynq/vitis/version_2020/23_01_sd_bmp_lcd/vitis/system_wrapper/hw
TRACE::2026-04-01.14:38:49::SCWPlatform:: Platform Path D:/Zynq/vitis/version_2020/23_01_sd_bmp_lcd/vitis/system_wrapper/hw/system_wrapper.xsa
TRACE::2026-04-01.14:38:49::SCWPlatform:: Unique name xilinx:::0.0
TRACE::2026-04-01.14:38:49::SCWPlatform::Trying to set the existing hwdb with name system_wrapper_0
TRACE::2026-04-01.14:38:49::SCWPlatform::Opened existing hwdb system_wrapper_0
TRACE::2026-04-01.14:38:49::SCWPlatform::Found the Hw Db part of the input DSA
TRACE::2026-04-01.14:38:49::SCWMssOS::Checking the sw design at  D:/Zynq/vitis/version_2020/23_01_sd_bmp_lcd/vitis/system_wrapper/zynq_fsbl/zynq_fsbl_bsp/system.mss
TRACE::2026-04-01.14:38:49::SCWMssOS::DEBUG:  swdes dump  D:/Zynq/vitis/version_2020/23_01_sd_bmp_lcd/vitis/system_wrapper/ps7_cortexa9_0/standalone_ps7_cortexa9_0/bsp/system.mss|system_0||
D:/Zynq/vitis/version_2020/23_01_sd_bmp_lcd/vitis/system_wrapper/zynq_fsbl/zynq_fsbl_bsp/system.mss|system||

TRACE::2026-04-01.14:38:49::SCWMssOS::Sw design exists and opened at  D:/Zynq/vitis/version_2020/23_01_sd_bmp_lcd/vitis/system_wrapper/zynq_fsbl/zynq_fsbl_bsp/system.mss
TRACE::2026-04-01.14:38:49::SCWPlatform::Trying to open the hw design at D:/Zynq/vitis/version_2020/23_01_sd_bmp_lcd/vitis/system_wrapper/hw/system_wrapper.xsa
TRACE::2026-04-01.14:38:49::SCWPlatform::DSA given D:/Zynq/vitis/version_2020/23_01_sd_bmp_lcd/vitis/system_wrapper/hw/system_wrapper.xsa
TRACE::2026-04-01.14:38:49::SCWPlatform::DSA absoulate path D:/Zynq/vitis/version_2020/23_01_sd_bmp_lcd/vitis/system_wrapper/hw/system_wrapper.xsa
TRACE::2026-04-01.14:38:49::SCWPlatform::DSA directory D:/Zynq/vitis/version_2020/23_01_sd_bmp_lcd/vitis/system_wrapper/hw
TRACE::2026-04-01.14:38:49::SCWPlatform:: Platform Path D:/Zynq/vitis/version_2020/23_01_sd_bmp_lcd/vitis/system_wrapper/hw/system_wrapper.xsa
TRACE::2026-04-01.14:38:49::SCWPlatform:: Unique name xilinx:::0.0
TRACE::2026-04-01.14:38:49::SCWPlatform::Trying to set the existing hwdb with name system_wrapper_0
TRACE::2026-04-01.14:38:49::SCWPlatform::Opened existing hwdb system_wrapper_0
TRACE::2026-04-01.14:38:49::SCWPlatform::Found the Hw Db part of the input DSA
TRACE::2026-04-01.14:38:49::SCWMssOS::Checking the sw design at  D:/Zynq/vitis/version_2020/23_01_sd_bmp_lcd/vitis/system_wrapper/ps7_cortexa9_0/standalone_ps7_cortexa9_0/bsp/system.mss
TRACE::2026-04-01.14:38:49::SCWMssOS::DEBUG:  swdes dump  D:/Zynq/vitis/version_2020/23_01_sd_bmp_lcd/vitis/system_wrapper/ps7_cortexa9_0/standalone_ps7_cortexa9_0/bsp/system.mss|system_0||
D:/Zynq/vitis/version_2020/23_01_sd_bmp_lcd/vitis/system_wrapper/zynq_fsbl/zynq_fsbl_bsp/system.mss|system||

TRACE::2026-04-01.14:38:49::SCWMssOS::Sw design exists and opened at  D:/Zynq/vitis/version_2020/23_01_sd_bmp_lcd/vitis/system_wrapper/ps7_cortexa9_0/standalone_ps7_cortexa9_0/bsp/system.mss
TRACE::2026-04-01.14:38:49::SCWPlatform::Trying to open the hw design at D:/Zynq/vitis/version_2020/23_01_sd_bmp_lcd/vitis/system_wrapper/hw/system_wrapper.xsa
TRACE::2026-04-01.14:38:49::SCWPlatform::DSA given D:/Zynq/vitis/version_2020/23_01_sd_bmp_lcd/vitis/system_wrapper/hw/system_wrapper.xsa
TRACE::2026-04-01.14:38:49::SCWPlatform::DSA absoulate path D:/Zynq/vitis/version_2020/23_01_sd_bmp_lcd/vitis/system_wrapper/hw/system_wrapper.xsa
TRACE::2026-04-01.14:38:49::SCWPlatform::DSA directory D:/Zynq/vitis/version_2020/23_01_sd_bmp_lcd/vitis/system_wrapper/hw
TRACE::2026-04-01.14:38:49::SCWPlatform:: Platform Path D:/Zynq/vitis/version_2020/23_01_sd_bmp_lcd/vitis/system_wrapper/hw/system_wrapper.xsa
TRACE::2026-04-01.14:38:49::SCWPlatform:: Unique name xilinx:::0.0
TRACE::2026-04-01.14:38:49::SCWPlatform::Trying to set the existing hwdb with name system_wrapper_0
TRACE::2026-04-01.14:38:49::SCWPlatform::Opened existing hwdb system_wrapper_0
TRACE::2026-04-01.14:38:49::SCWPlatform::Found the Hw Db part of the input DSA
TRACE::2026-04-01.14:38:49::SCWMssOS::Checking the sw design at  D:/Zynq/vitis/version_2020/23_01_sd_bmp_lcd/vitis/system_wrapper/ps7_cortexa9_0/standalone_ps7_cortexa9_0/bsp/system.mss
TRACE::2026-04-01.14:38:49::SCWMssOS::DEBUG:  swdes dump  D:/Zynq/vitis/version_2020/23_01_sd_bmp_lcd/vitis/system_wrapper/ps7_cortexa9_0/standalone_ps7_cortexa9_0/bsp/system.mss|system_0||
D:/Zynq/vitis/version_2020/23_01_sd_bmp_lcd/vitis/system_wrapper/zynq_fsbl/zynq_fsbl_bsp/system.mss|system||

TRACE::2026-04-01.14:38:49::SCWMssOS::Sw design exists and opened at  D:/Zynq/vitis/version_2020/23_01_sd_bmp_lcd/vitis/system_wrapper/ps7_cortexa9_0/standalone_ps7_cortexa9_0/bsp/system.mss
TRACE::2026-04-01.14:38:49::SCWPlatform::Trying to open the hw design at D:/Zynq/vitis/version_2020/23_01_sd_bmp_lcd/vitis/system_wrapper/hw/system_wrapper.xsa
TRACE::2026-04-01.14:38:49::SCWPlatform::DSA given D:/Zynq/vitis/version_2020/23_01_sd_bmp_lcd/vitis/system_wrapper/hw/system_wrapper.xsa
TRACE::2026-04-01.14:38:49::SCWPlatform::DSA absoulate path D:/Zynq/vitis/version_2020/23_01_sd_bmp_lcd/vitis/system_wrapper/hw/system_wrapper.xsa
TRACE::2026-04-01.14:38:49::SCWPlatform::DSA directory D:/Zynq/vitis/version_2020/23_01_sd_bmp_lcd/vitis/system_wrapper/hw
TRACE::2026-04-01.14:38:49::SCWPlatform:: Platform Path D:/Zynq/vitis/version_2020/23_01_sd_bmp_lcd/vitis/system_wrapper/hw/system_wrapper.xsa
TRACE::2026-04-01.14:38:49::SCWPlatform:: Unique name xilinx:::0.0
TRACE::2026-04-01.14:38:49::SCWPlatform::Trying to set the existing hwdb with name system_wrapper_0
TRACE::2026-04-01.14:38:49::SCWPlatform::Opened existing hwdb system_wrapper_0
TRACE::2026-04-01.14:38:49::SCWPlatform::Found the Hw Db part of the input DSA
TRACE::2026-04-01.14:38:49::SCWMssOS::Checking the sw design at  D:/Zynq/vitis/version_2020/23_01_sd_bmp_lcd/vitis/system_wrapper/ps7_cortexa9_0/standalone_ps7_cortexa9_0/bsp/system.mss
TRACE::2026-04-01.14:38:49::SCWMssOS::DEBUG:  swdes dump  D:/Zynq/vitis/version_2020/23_01_sd_bmp_lcd/vitis/system_wrapper/ps7_cortexa9_0/standalone_ps7_cortexa9_0/bsp/system.mss|system_0||
D:/Zynq/vitis/version_2020/23_01_sd_bmp_lcd/vitis/system_wrapper/zynq_fsbl/zynq_fsbl_bsp/system.mss|system||

TRACE::2026-04-01.14:38:49::SCWMssOS::Sw design exists and opened at  D:/Zynq/vitis/version_2020/23_01_sd_bmp_lcd/vitis/system_wrapper/ps7_cortexa9_0/standalone_ps7_cortexa9_0/bsp/system.mss
TRACE::2026-04-01.14:38:49::SCWWriter::formatted JSON is {
	"platformName":	"system_wrapper",
	"sprVersion":	"2.0",
	"mode":	"gui",
	"dsaType":	"Fixed",
	"platformDesc":	"system_wrapper",
	"platHandOff":	"<platformDir>.xsa",
	"platIntHandOff":	"<platformDir>/hw/system_wrapper.xsa",
	"deviceType":	"zynq",
	"platIsPrebuiltAutogen":	"false",
	"platIsNoBootBsp":	"false",
	"platFsblTarget":	"ps7_cortexa9_0",
	"hasFsblMakeHasChanges":	"false",
	"hasPmufwMakeHasChanges":	"false",
	"fsblExtraCompilerFlags":	"-MMD -MP       -mcpu=cortex-a9 -mfpu=vfpv3 -mfloat-abi=hard ",
	"platPreBuiltFlag":	false,
	"platformSamplesDir":	"",
	"platActiveSys":	"system_wrapper",
	"systems":	[{
			"systemName":	"system_wrapper",
			"systemDesc":	"system_wrapper",
			"sysIsBootAutoGen":	"true",
			"systemDispName":	"system_wrapper",
			"sysActiveDom":	"standalone_ps7_cortexa9_0",
			"sysDefaultDom":	"standalone_ps7_cortexa9_0",
			"domains":	[{
					"domainName":	"zynq_fsbl",
					"domainDispName":	"zynq_fsbl",
					"domainDesc":	"FSBL Application BSP - Auto Generated.",
					"processors":	"ps7_cortexa9_0",
					"os":	"standalone",
					"sdxOs":	"standalone",
					"debugEnable":	"",
					"domRuntimes":	["cpp"],
					"swRepo":	"",
					"mssOsVer":	"7.3",
					"mssFile":	"",
					"md5Digest":	"859314a3ecadd41c03fc4d7adee735a0",
					"compatibleApp":	"zynq_fsbl",
					"domType":	"bootDomain",
					"arch":	"32-bit",
					"appSettings":	{
						"appCompilerFlags":	"",
						"appLinkerFlags":	""
					},
					"addedLibs":	["xilffs:4.4", "xilrsa:1.6"],
					"libOptions":	{
						"libsContainingOptions":	[]
					},
					"prebuiltLibs":	{
						"prebuiltIncPath":	[],
						"prebuiltLibPath":	[]
					},
					"isolation":	{
					}
				}, {
					"domainName":	"standalone_ps7_cortexa9_0",
					"domainDispName":	"standalone_ps7_cortexa9_0",
					"domainDesc":	"standalone_ps7_cortexa9_0",
					"processors":	"ps7_cortexa9_0",
					"os":	"standalone",
					"sdxOs":	"standalone",
					"qemuArgs":	"C:/Xilinx/Vitis/2020.2/data/emulation/platforms/zynq/sw/a9_standalone/qemu/qemu_args.txt",
					"qemuData":	"C:/Xilinx/Vitis/2020.2/data/emulation/platforms/zynq/sw/a9_standalone/qemu/",
					"debugEnable":	"False",
					"domRuntimes":	["cpp"],
					"swRepo":	"",
					"mssOsVer":	"7.3",
					"mssFile":	"",
					"md5Digest":	"1a21bc5aabc8de73e3f381fb4dcd7621",
					"compatibleApp":	"empty_application",
					"domType":	"mssDomain",
					"arch":	"32-bit",
					"appSettings":	{
						"appCompilerFlags":	"",
						"appLinkerFlags":	""
					},
					"addedLibs":	[],
					"libOptions":	{
						"libsContainingOptions":	[]
					},
					"prebuiltLibs":	{
						"prebuiltIncPath":	[],
						"prebuiltLibPath":	[]
					},
					"isolation":	{
					}
				}]
		}]
}
TRACE::2026-04-01.14:38:49::SCWPlatform::Trying to open the hw design at D:/Zynq/vitis/version_2020/23_01_sd_bmp_lcd/vitis/system_wrapper/hw/system_wrapper.xsa
TRACE::2026-04-01.14:38:49::SCWPlatform::DSA given D:/Zynq/vitis/version_2020/23_01_sd_bmp_lcd/vitis/system_wrapper/hw/system_wrapper.xsa
TRACE::2026-04-01.14:38:49::SCWPlatform::DSA absoulate path D:/Zynq/vitis/version_2020/23_01_sd_bmp_lcd/vitis/system_wrapper/hw/system_wrapper.xsa
TRACE::2026-04-01.14:38:49::SCWPlatform::DSA directory D:/Zynq/vitis/version_2020/23_01_sd_bmp_lcd/vitis/system_wrapper/hw
TRACE::2026-04-01.14:38:49::SCWPlatform:: Platform Path D:/Zynq/vitis/version_2020/23_01_sd_bmp_lcd/vitis/system_wrapper/hw/system_wrapper.xsa
TRACE::2026-04-01.14:38:49::SCWPlatform:: Unique name xilinx:::0.0
TRACE::2026-04-01.14:38:49::SCWPlatform::Trying to set the existing hwdb with name system_wrapper_0
TRACE::2026-04-01.14:38:49::SCWPlatform::Opened existing hwdb system_wrapper_0
TRACE::2026-04-01.14:38:49::SCWPlatform::Found the Hw Db part of the input DSA
TRACE::2026-04-01.14:38:49::SCWMssOS::Checking the sw design at  D:/Zynq/vitis/version_2020/23_01_sd_bmp_lcd/vitis/system_wrapper/ps7_cortexa9_0/standalone_ps7_cortexa9_0/bsp/system.mss
TRACE::2026-04-01.14:38:49::SCWMssOS::DEBUG:  swdes dump  D:/Zynq/vitis/version_2020/23_01_sd_bmp_lcd/vitis/system_wrapper/ps7_cortexa9_0/standalone_ps7_cortexa9_0/bsp/system.mss|system_0||
D:/Zynq/vitis/version_2020/23_01_sd_bmp_lcd/vitis/system_wrapper/zynq_fsbl/zynq_fsbl_bsp/system.mss|system||

TRACE::2026-04-01.14:38:49::SCWMssOS::Sw design exists and opened at  D:/Zynq/vitis/version_2020/23_01_sd_bmp_lcd/vitis/system_wrapper/ps7_cortexa9_0/standalone_ps7_cortexa9_0/bsp/system.mss
TRACE::2026-04-01.14:38:49::SCWPlatform::Trying to open the hw design at D:/Zynq/vitis/version_2020/23_01_sd_bmp_lcd/vitis/system_wrapper/hw/system_wrapper.xsa
TRACE::2026-04-01.14:38:49::SCWPlatform::DSA given D:/Zynq/vitis/version_2020/23_01_sd_bmp_lcd/vitis/system_wrapper/hw/system_wrapper.xsa
TRACE::2026-04-01.14:38:49::SCWPlatform::DSA absoulate path D:/Zynq/vitis/version_2020/23_01_sd_bmp_lcd/vitis/system_wrapper/hw/system_wrapper.xsa
TRACE::2026-04-01.14:38:49::SCWPlatform::DSA directory D:/Zynq/vitis/version_2020/23_01_sd_bmp_lcd/vitis/system_wrapper/hw
TRACE::2026-04-01.14:38:49::SCWPlatform:: Platform Path D:/Zynq/vitis/version_2020/23_01_sd_bmp_lcd/vitis/system_wrapper/hw/system_wrapper.xsa
TRACE::2026-04-01.14:38:49::SCWPlatform:: Unique name xilinx:::0.0
TRACE::2026-04-01.14:38:49::SCWPlatform::Trying to set the existing hwdb with name system_wrapper_0
TRACE::2026-04-01.14:38:49::SCWPlatform::Opened existing hwdb system_wrapper_0
TRACE::2026-04-01.14:38:49::SCWPlatform::Found the Hw Db part of the input DSA
TRACE::2026-04-01.14:38:49::SCWMssOS::Checking the sw design at  D:/Zynq/vitis/version_2020/23_01_sd_bmp_lcd/vitis/system_wrapper/ps7_cortexa9_0/standalone_ps7_cortexa9_0/bsp/system.mss
TRACE::2026-04-01.14:38:49::SCWMssOS::DEBUG:  swdes dump  D:/Zynq/vitis/version_2020/23_01_sd_bmp_lcd/vitis/system_wrapper/ps7_cortexa9_0/standalone_ps7_cortexa9_0/bsp/system.mss|system_0||
D:/Zynq/vitis/version_2020/23_01_sd_bmp_lcd/vitis/system_wrapper/zynq_fsbl/zynq_fsbl_bsp/system.mss|system||

TRACE::2026-04-01.14:38:49::SCWMssOS::Sw design exists and opened at  D:/Zynq/vitis/version_2020/23_01_sd_bmp_lcd/vitis/system_wrapper/ps7_cortexa9_0/standalone_ps7_cortexa9_0/bsp/system.mss
TRACE::2026-04-01.14:38:49::SCWMssOS::Saving the mss changes D:/Zynq/vitis/version_2020/23_01_sd_bmp_lcd/vitis/system_wrapper/zynq_fsbl/zynq_fsbl_bsp/system.mss
TRACE::2026-04-01.14:38:49::SCWMssOS::Found a swdesign opened with the mssfile.
TRACE::2026-04-01.14:38:49::SCWMssOS::Completed writemss as part of save.
TRACE::2026-04-01.14:38:49::SCWMssOS::Commit changes completed.
TRACE::2026-04-01.14:38:49::SCWMssOS::Saving the mss changes D:/Zynq/vitis/version_2020/23_01_sd_bmp_lcd/vitis/system_wrapper/ps7_cortexa9_0/standalone_ps7_cortexa9_0/bsp/system.mss
TRACE::2026-04-01.14:38:49::SCWMssOS::Found a swdesign opened with the mssfile.
TRACE::2026-04-01.14:38:49::SCWMssOS::Completed writemss as part of save.
TRACE::2026-04-01.14:38:49::SCWMssOS::Commit changes completed.
TRACE::2026-04-01.14:38:49::SCWPlatform::Trying to open the hw design at D:/Zynq/vitis/version_2020/23_01_sd_bmp_lcd/vitis/system_wrapper/hw/system_wrapper.xsa
TRACE::2026-04-01.14:38:49::SCWPlatform::DSA given D:/Zynq/vitis/version_2020/23_01_sd_bmp_lcd/vitis/system_wrapper/hw/system_wrapper.xsa
TRACE::2026-04-01.14:38:49::SCWPlatform::DSA absoulate path D:/Zynq/vitis/version_2020/23_01_sd_bmp_lcd/vitis/system_wrapper/hw/system_wrapper.xsa
TRACE::2026-04-01.14:38:49::SCWPlatform::DSA directory D:/Zynq/vitis/version_2020/23_01_sd_bmp_lcd/vitis/system_wrapper/hw
TRACE::2026-04-01.14:38:49::SCWPlatform:: Platform Path D:/Zynq/vitis/version_2020/23_01_sd_bmp_lcd/vitis/system_wrapper/hw/system_wrapper.xsa
TRACE::2026-04-01.14:38:49::SCWPlatform:: Unique name xilinx:::0.0
TRACE::2026-04-01.14:38:49::SCWPlatform::Trying to set the existing hwdb with name system_wrapper_0
TRACE::2026-04-01.14:38:49::SCWPlatform::Opened existing hwdb system_wrapper_0
TRACE::2026-04-01.14:38:49::SCWPlatform::Found the Hw Db part of the input DSA
TRACE::2026-04-01.14:38:49::SCWMssOS::Checking the sw design at  D:/Zynq/vitis/version_2020/23_01_sd_bmp_lcd/vitis/system_wrapper/zynq_fsbl/zynq_fsbl_bsp/system.mss
TRACE::2026-04-01.14:38:49::SCWMssOS::DEBUG:  swdes dump  D:/Zynq/vitis/version_2020/23_01_sd_bmp_lcd/vitis/system_wrapper/ps7_cortexa9_0/standalone_ps7_cortexa9_0/bsp/system.mss|system_0||
D:/Zynq/vitis/version_2020/23_01_sd_bmp_lcd/vitis/system_wrapper/zynq_fsbl/zynq_fsbl_bsp/system.mss|system||

TRACE::2026-04-01.14:38:49::SCWMssOS::Sw design exists and opened at  D:/Zynq/vitis/version_2020/23_01_sd_bmp_lcd/vitis/system_wrapper/zynq_fsbl/zynq_fsbl_bsp/system.mss
TRACE::2026-04-01.14:38:49::SCWPlatform::Trying to open the hw design at D:/Zynq/vitis/version_2020/23_01_sd_bmp_lcd/vitis/system_wrapper/hw/system_wrapper.xsa
TRACE::2026-04-01.14:38:49::SCWPlatform::DSA given D:/Zynq/vitis/version_2020/23_01_sd_bmp_lcd/vitis/system_wrapper/hw/system_wrapper.xsa
TRACE::2026-04-01.14:38:49::SCWPlatform::DSA absoulate path D:/Zynq/vitis/version_2020/23_01_sd_bmp_lcd/vitis/system_wrapper/hw/system_wrapper.xsa
TRACE::2026-04-01.14:38:49::SCWPlatform::DSA directory D:/Zynq/vitis/version_2020/23_01_sd_bmp_lcd/vitis/system_wrapper/hw
TRACE::2026-04-01.14:38:49::SCWPlatform:: Platform Path D:/Zynq/vitis/version_2020/23_01_sd_bmp_lcd/vitis/system_wrapper/hw/system_wrapper.xsa
TRACE::2026-04-01.14:38:49::SCWPlatform:: Unique name xilinx:::0.0
TRACE::2026-04-01.14:38:49::SCWPlatform::Trying to set the existing hwdb with name system_wrapper_0
TRACE::2026-04-01.14:38:49::SCWPlatform::Opened existing hwdb system_wrapper_0
TRACE::2026-04-01.14:38:49::SCWPlatform::Found the Hw Db part of the input DSA
TRACE::2026-04-01.14:38:49::SCWMssOS::Checking the sw design at  D:/Zynq/vitis/version_2020/23_01_sd_bmp_lcd/vitis/system_wrapper/zynq_fsbl/zynq_fsbl_bsp/system.mss
TRACE::2026-04-01.14:38:49::SCWMssOS::DEBUG:  swdes dump  D:/Zynq/vitis/version_2020/23_01_sd_bmp_lcd/vitis/system_wrapper/ps7_cortexa9_0/standalone_ps7_cortexa9_0/bsp/system.mss|system_0||
D:/Zynq/vitis/version_2020/23_01_sd_bmp_lcd/vitis/system_wrapper/zynq_fsbl/zynq_fsbl_bsp/system.mss|system||

TRACE::2026-04-01.14:38:49::SCWMssOS::Sw design exists and opened at  D:/Zynq/vitis/version_2020/23_01_sd_bmp_lcd/vitis/system_wrapper/zynq_fsbl/zynq_fsbl_bsp/system.mss
TRACE::2026-04-01.14:38:49::SCWPlatform::Trying to open the hw design at D:/Zynq/vitis/version_2020/23_01_sd_bmp_lcd/vitis/system_wrapper/hw/system_wrapper.xsa
TRACE::2026-04-01.14:38:49::SCWPlatform::DSA given D:/Zynq/vitis/version_2020/23_01_sd_bmp_lcd/vitis/system_wrapper/hw/system_wrapper.xsa
TRACE::2026-04-01.14:38:49::SCWPlatform::DSA absoulate path D:/Zynq/vitis/version_2020/23_01_sd_bmp_lcd/vitis/system_wrapper/hw/system_wrapper.xsa
TRACE::2026-04-01.14:38:49::SCWPlatform::DSA directory D:/Zynq/vitis/version_2020/23_01_sd_bmp_lcd/vitis/system_wrapper/hw
TRACE::2026-04-01.14:38:49::SCWPlatform:: Platform Path D:/Zynq/vitis/version_2020/23_01_sd_bmp_lcd/vitis/system_wrapper/hw/system_wrapper.xsa
TRACE::2026-04-01.14:38:49::SCWPlatform:: Unique name xilinx:::0.0
TRACE::2026-04-01.14:38:49::SCWPlatform::Trying to set the existing hwdb with name system_wrapper_0
TRACE::2026-04-01.14:38:49::SCWPlatform::Opened existing hwdb system_wrapper_0
TRACE::2026-04-01.14:38:49::SCWPlatform::Found the Hw Db part of the input DSA
TRACE::2026-04-01.14:38:49::SCWMssOS::Checking the sw design at  D:/Zynq/vitis/version_2020/23_01_sd_bmp_lcd/vitis/system_wrapper/zynq_fsbl/zynq_fsbl_bsp/system.mss
TRACE::2026-04-01.14:38:49::SCWMssOS::DEBUG:  swdes dump  D:/Zynq/vitis/version_2020/23_01_sd_bmp_lcd/vitis/system_wrapper/ps7_cortexa9_0/standalone_ps7_cortexa9_0/bsp/system.mss|system_0||
D:/Zynq/vitis/version_2020/23_01_sd_bmp_lcd/vitis/system_wrapper/zynq_fsbl/zynq_fsbl_bsp/system.mss|system||

TRACE::2026-04-01.14:38:49::SCWMssOS::Sw design exists and opened at  D:/Zynq/vitis/version_2020/23_01_sd_bmp_lcd/vitis/system_wrapper/zynq_fsbl/zynq_fsbl_bsp/system.mss
TRACE::2026-04-01.14:38:49::SCWPlatform::Trying to open the hw design at D:/Zynq/vitis/version_2020/23_01_sd_bmp_lcd/vitis/system_wrapper/hw/system_wrapper.xsa
TRACE::2026-04-01.14:38:49::SCWPlatform::DSA given D:/Zynq/vitis/version_2020/23_01_sd_bmp_lcd/vitis/system_wrapper/hw/system_wrapper.xsa
TRACE::2026-04-01.14:38:49::SCWPlatform::DSA absoulate path D:/Zynq/vitis/version_2020/23_01_sd_bmp_lcd/vitis/system_wrapper/hw/system_wrapper.xsa
TRACE::2026-04-01.14:38:49::SCWPlatform::DSA directory D:/Zynq/vitis/version_2020/23_01_sd_bmp_lcd/vitis/system_wrapper/hw
TRACE::2026-04-01.14:38:49::SCWPlatform:: Platform Path D:/Zynq/vitis/version_2020/23_01_sd_bmp_lcd/vitis/system_wrapper/hw/system_wrapper.xsa
TRACE::2026-04-01.14:38:49::SCWPlatform:: Unique name xilinx:::0.0
TRACE::2026-04-01.14:38:49::SCWPlatform::Trying to set the existing hwdb with name system_wrapper_0
TRACE::2026-04-01.14:38:49::SCWPlatform::Opened existing hwdb system_wrapper_0
TRACE::2026-04-01.14:38:49::SCWPlatform::Found the Hw Db part of the input DSA
TRACE::2026-04-01.14:38:49::SCWMssOS::Checking the sw design at  D:/Zynq/vitis/version_2020/23_01_sd_bmp_lcd/vitis/system_wrapper/ps7_cortexa9_0/standalone_ps7_cortexa9_0/bsp/system.mss
TRACE::2026-04-01.14:38:49::SCWMssOS::DEBUG:  swdes dump  D:/Zynq/vitis/version_2020/23_01_sd_bmp_lcd/vitis/system_wrapper/ps7_cortexa9_0/standalone_ps7_cortexa9_0/bsp/system.mss|system_0||
D:/Zynq/vitis/version_2020/23_01_sd_bmp_lcd/vitis/system_wrapper/zynq_fsbl/zynq_fsbl_bsp/system.mss|system||

TRACE::2026-04-01.14:38:49::SCWMssOS::Sw design exists and opened at  D:/Zynq/vitis/version_2020/23_01_sd_bmp_lcd/vitis/system_wrapper/ps7_cortexa9_0/standalone_ps7_cortexa9_0/bsp/system.mss
TRACE::2026-04-01.14:38:49::SCWPlatform::Trying to open the hw design at D:/Zynq/vitis/version_2020/23_01_sd_bmp_lcd/vitis/system_wrapper/hw/system_wrapper.xsa
TRACE::2026-04-01.14:38:49::SCWPlatform::DSA given D:/Zynq/vitis/version_2020/23_01_sd_bmp_lcd/vitis/system_wrapper/hw/system_wrapper.xsa
TRACE::2026-04-01.14:38:49::SCWPlatform::DSA absoulate path D:/Zynq/vitis/version_2020/23_01_sd_bmp_lcd/vitis/system_wrapper/hw/system_wrapper.xsa
TRACE::2026-04-01.14:38:49::SCWPlatform::DSA directory D:/Zynq/vitis/version_2020/23_01_sd_bmp_lcd/vitis/system_wrapper/hw
TRACE::2026-04-01.14:38:49::SCWPlatform:: Platform Path D:/Zynq/vitis/version_2020/23_01_sd_bmp_lcd/vitis/system_wrapper/hw/system_wrapper.xsa
TRACE::2026-04-01.14:38:49::SCWPlatform:: Unique name xilinx:::0.0
TRACE::2026-04-01.14:38:49::SCWPlatform::Trying to set the existing hwdb with name system_wrapper_0
TRACE::2026-04-01.14:38:49::SCWPlatform::Opened existing hwdb system_wrapper_0
TRACE::2026-04-01.14:38:49::SCWPlatform::Found the Hw Db part of the input DSA
TRACE::2026-04-01.14:38:49::SCWMssOS::Checking the sw design at  D:/Zynq/vitis/version_2020/23_01_sd_bmp_lcd/vitis/system_wrapper/ps7_cortexa9_0/standalone_ps7_cortexa9_0/bsp/system.mss
TRACE::2026-04-01.14:38:49::SCWMssOS::DEBUG:  swdes dump  D:/Zynq/vitis/version_2020/23_01_sd_bmp_lcd/vitis/system_wrapper/ps7_cortexa9_0/standalone_ps7_cortexa9_0/bsp/system.mss|system_0||
D:/Zynq/vitis/version_2020/23_01_sd_bmp_lcd/vitis/system_wrapper/zynq_fsbl/zynq_fsbl_bsp/system.mss|system||

TRACE::2026-04-01.14:38:49::SCWMssOS::Sw design exists and opened at  D:/Zynq/vitis/version_2020/23_01_sd_bmp_lcd/vitis/system_wrapper/ps7_cortexa9_0/standalone_ps7_cortexa9_0/bsp/system.mss
TRACE::2026-04-01.14:38:49::SCWPlatform::Trying to open the hw design at D:/Zynq/vitis/version_2020/23_01_sd_bmp_lcd/vitis/system_wrapper/hw/system_wrapper.xsa
TRACE::2026-04-01.14:38:49::SCWPlatform::DSA given D:/Zynq/vitis/version_2020/23_01_sd_bmp_lcd/vitis/system_wrapper/hw/system_wrapper.xsa
TRACE::2026-04-01.14:38:49::SCWPlatform::DSA absoulate path D:/Zynq/vitis/version_2020/23_01_sd_bmp_lcd/vitis/system_wrapper/hw/system_wrapper.xsa
TRACE::2026-04-01.14:38:49::SCWPlatform::DSA directory D:/Zynq/vitis/version_2020/23_01_sd_bmp_lcd/vitis/system_wrapper/hw
TRACE::2026-04-01.14:38:49::SCWPlatform:: Platform Path D:/Zynq/vitis/version_2020/23_01_sd_bmp_lcd/vitis/system_wrapper/hw/system_wrapper.xsa
TRACE::2026-04-01.14:38:49::SCWPlatform:: Unique name xilinx:::0.0
TRACE::2026-04-01.14:38:49::SCWPlatform::Trying to set the existing hwdb with name system_wrapper_0
TRACE::2026-04-01.14:38:49::SCWPlatform::Opened existing hwdb system_wrapper_0
TRACE::2026-04-01.14:38:49::SCWPlatform::Found the Hw Db part of the input DSA
TRACE::2026-04-01.14:38:49::SCWMssOS::Checking the sw design at  D:/Zynq/vitis/version_2020/23_01_sd_bmp_lcd/vitis/system_wrapper/ps7_cortexa9_0/standalone_ps7_cortexa9_0/bsp/system.mss
TRACE::2026-04-01.14:38:49::SCWMssOS::DEBUG:  swdes dump  D:/Zynq/vitis/version_2020/23_01_sd_bmp_lcd/vitis/system_wrapper/ps7_cortexa9_0/standalone_ps7_cortexa9_0/bsp/system.mss|system_0||
D:/Zynq/vitis/version_2020/23_01_sd_bmp_lcd/vitis/system_wrapper/zynq_fsbl/zynq_fsbl_bsp/system.mss|system||

TRACE::2026-04-01.14:38:49::SCWMssOS::Sw design exists and opened at  D:/Zynq/vitis/version_2020/23_01_sd_bmp_lcd/vitis/system_wrapper/ps7_cortexa9_0/standalone_ps7_cortexa9_0/bsp/system.mss
TRACE::2026-04-01.14:38:49::SCWWriter::formatted JSON is {
	"platformName":	"system_wrapper",
	"sprVersion":	"2.0",
	"mode":	"gui",
	"dsaType":	"Fixed",
	"platformDesc":	"system_wrapper",
	"platHandOff":	"<platformDir>.xsa",
	"platIntHandOff":	"<platformDir>/hw/system_wrapper.xsa",
	"deviceType":	"zynq",
	"platIsPrebuiltAutogen":	"false",
	"platIsNoBootBsp":	"false",
	"platFsblTarget":	"ps7_cortexa9_0",
	"hasFsblMakeHasChanges":	"false",
	"hasPmufwMakeHasChanges":	"false",
	"fsblExtraCompilerFlags":	"-MMD -MP       -mcpu=cortex-a9 -mfpu=vfpv3 -mfloat-abi=hard ",
	"platPreBuiltFlag":	false,
	"platformSamplesDir":	"",
	"platActiveSys":	"system_wrapper",
	"systems":	[{
			"systemName":	"system_wrapper",
			"systemDesc":	"system_wrapper",
			"sysIsBootAutoGen":	"true",
			"systemDispName":	"system_wrapper",
			"sysActiveDom":	"standalone_ps7_cortexa9_0",
			"sysDefaultDom":	"standalone_ps7_cortexa9_0",
			"domains":	[{
					"domainName":	"zynq_fsbl",
					"domainDispName":	"zynq_fsbl",
					"domainDesc":	"FSBL Application BSP - Auto Generated.",
					"processors":	"ps7_cortexa9_0",
					"os":	"standalone",
					"sdxOs":	"standalone",
					"debugEnable":	"",
					"domRuntimes":	["cpp"],
					"swRepo":	"",
					"mssOsVer":	"7.3",
					"mssFile":	"",
					"md5Digest":	"859314a3ecadd41c03fc4d7adee735a0",
					"compatibleApp":	"zynq_fsbl",
					"domType":	"bootDomain",
					"arch":	"32-bit",
					"appSettings":	{
						"appCompilerFlags":	"",
						"appLinkerFlags":	""
					},
					"addedLibs":	["xilffs:4.4", "xilrsa:1.6"],
					"libOptions":	{
						"libsContainingOptions":	[]
					},
					"prebuiltLibs":	{
						"prebuiltIncPath":	[],
						"prebuiltLibPath":	[]
					},
					"isolation":	{
					}
				}, {
					"domainName":	"standalone_ps7_cortexa9_0",
					"domainDispName":	"standalone_ps7_cortexa9_0",
					"domainDesc":	"standalone_ps7_cortexa9_0",
					"processors":	"ps7_cortexa9_0",
					"os":	"standalone",
					"sdxOs":	"standalone",
					"qemuArgs":	"C:/Xilinx/Vitis/2020.2/data/emulation/platforms/zynq/sw/a9_standalone/qemu/qemu_args.txt",
					"qemuData":	"C:/Xilinx/Vitis/2020.2/data/emulation/platforms/zynq/sw/a9_standalone/qemu/",
					"debugEnable":	"False",
					"domRuntimes":	["cpp"],
					"swRepo":	"",
					"mssOsVer":	"7.3",
					"mssFile":	"",
					"md5Digest":	"1a21bc5aabc8de73e3f381fb4dcd7621",
					"compatibleApp":	"empty_application",
					"domType":	"mssDomain",
					"arch":	"32-bit",
					"appSettings":	{
						"appCompilerFlags":	"",
						"appLinkerFlags":	""
					},
					"addedLibs":	[],
					"libOptions":	{
						"libsContainingOptions":	[]
					},
					"prebuiltLibs":	{
						"prebuiltIncPath":	[],
						"prebuiltLibPath":	[]
					},
					"isolation":	{
					}
				}]
		}]
}
LOG::2026-04-01.14:38:49::SCWPlatform::Started generating the artifacts platform system_wrapper
TRACE::2026-04-01.14:38:49::SCWPlatform::Sanity checking of platform is completed
LOG::2026-04-01.14:38:49::SCWPlatform::Started generating the artifacts for system configuration system_wrapper
LOG::2026-04-01.14:38:49::SCWSystem::Started Processing the domain standalone_ps7_cortexa9_0
TRACE::2026-04-01.14:38:49::SCWDomain::Generating domain artifcats
TRACE::2026-04-01.14:38:49::SCWMssOS::Generating standalone artifcats
TRACE::2026-04-01.14:38:49::SCWMssOS::Copying the qemu file from  C:/Xilinx/Vitis/2020.2/data/emulation/platforms/zynq/sw/a9_standalone/qemu/qemu_args.txt To D:/Zynq/vitis/version_2020/23_01_sd_bmp_lcd/vitis/system_wrapper/export/system_wrapper/sw/system_wrapper/qemu/
TRACE::2026-04-01.14:38:49::SCWMssOS::Copying the qemu file from  C:/Xilinx/Vitis/2020.2/data/emulation/platforms/zynq/sw/a9_standalone/qemu/qemu_args.txt To D:/Zynq/vitis/version_2020/23_01_sd_bmp_lcd/vitis/system_wrapper/export/system_wrapper/sw/system_wrapper/standalone_ps7_cortexa9_0/qemu/
TRACE::2026-04-01.14:38:49::SCWMssOS:: Copying the user libraries. 
TRACE::2026-04-01.14:38:49::SCWPlatform::Trying to open the hw design at D:/Zynq/vitis/version_2020/23_01_sd_bmp_lcd/vitis/system_wrapper/hw/system_wrapper.xsa
TRACE::2026-04-01.14:38:49::SCWPlatform::DSA given D:/Zynq/vitis/version_2020/23_01_sd_bmp_lcd/vitis/system_wrapper/hw/system_wrapper.xsa
TRACE::2026-04-01.14:38:49::SCWPlatform::DSA absoulate path D:/Zynq/vitis/version_2020/23_01_sd_bmp_lcd/vitis/system_wrapper/hw/system_wrapper.xsa
TRACE::2026-04-01.14:38:49::SCWPlatform::DSA directory D:/Zynq/vitis/version_2020/23_01_sd_bmp_lcd/vitis/system_wrapper/hw
TRACE::2026-04-01.14:38:49::SCWPlatform:: Platform Path D:/Zynq/vitis/version_2020/23_01_sd_bmp_lcd/vitis/system_wrapper/hw/system_wrapper.xsa
TRACE::2026-04-01.14:38:49::SCWPlatform:: Unique name xilinx:::0.0
TRACE::2026-04-01.14:38:49::SCWPlatform::Trying to set the existing hwdb with name system_wrapper_0
TRACE::2026-04-01.14:38:49::SCWPlatform::Opened existing hwdb system_wrapper_0
TRACE::2026-04-01.14:38:49::SCWPlatform::Found the Hw Db part of the input DSA
TRACE::2026-04-01.14:38:49::SCWMssOS::Checking the sw design at  D:/Zynq/vitis/version_2020/23_01_sd_bmp_lcd/vitis/system_wrapper/ps7_cortexa9_0/standalone_ps7_cortexa9_0/bsp/system.mss
TRACE::2026-04-01.14:38:49::SCWMssOS::DEBUG:  swdes dump  D:/Zynq/vitis/version_2020/23_01_sd_bmp_lcd/vitis/system_wrapper/ps7_cortexa9_0/standalone_ps7_cortexa9_0/bsp/system.mss|system_0||
D:/Zynq/vitis/version_2020/23_01_sd_bmp_lcd/vitis/system_wrapper/zynq_fsbl/zynq_fsbl_bsp/system.mss|system||

TRACE::2026-04-01.14:38:49::SCWMssOS::Sw design exists and opened at  D:/Zynq/vitis/version_2020/23_01_sd_bmp_lcd/vitis/system_wrapper/ps7_cortexa9_0/standalone_ps7_cortexa9_0/bsp/system.mss
TRACE::2026-04-01.14:38:49::SCWMssOS::Completed writing the mss file at D:/Zynq/vitis/version_2020/23_01_sd_bmp_lcd/vitis/system_wrapper/ps7_cortexa9_0/standalone_ps7_cortexa9_0/bsp
TRACE::2026-04-01.14:38:49::SCWMssOS::Mss edits present, copying mssfile into export location D:/Zynq/vitis/version_2020/23_01_sd_bmp_lcd/vitis/system_wrapper/ps7_cortexa9_0/standalone_ps7_cortexa9_0/bsp/system.mss
TRACE::2026-04-01.14:38:49::SCWMssOS::bsp generated is upto date with the mss file. Skipping bsp generation.
TRACE::2026-04-01.14:38:49::SCWMssOS::BSP is already built. skipping the bsp build ... 
TRACE::2026-04-01.14:38:49::SCWDomain::Building the domain as part of full build :  standalone_ps7_cortexa9_0
TRACE::2026-04-01.14:38:49::SCWMssOS::skipping the bsp build ... 
TRACE::2026-04-01.14:38:49::SCWMssOS::Copying to export directory.
TRACE::2026-04-01.14:38:49::SCWMssOS:: Checking if to create the Supporting Applications
TRACE::2026-04-01.14:38:49::SCWMssOS:: No Linux domain exists, trying to generate FSBL 
TRACE::2026-04-01.14:38:49::SCWMssOS:: Completed Standalone Artifacts creation 
LOG::2026-04-01.14:38:49::SCWSystem::Completed Processing the domain standalone_ps7_cortexa9_0
LOG::2026-04-01.14:38:49::SCWSystem::Completed Processing the sysconfig system_wrapper
LOG::2026-04-01.14:38:49::SCWPlatform::Completed generating the artifacts for system configuration system_wrapper
TRACE::2026-04-01.14:38:49::SCWPlatform::Started preparing the platform 
TRACE::2026-04-01.14:38:49::SCWSystem::Writing the bif file for system config system_wrapper
TRACE::2026-04-01.14:38:49::SCWSystem::dir created 
TRACE::2026-04-01.14:38:49::SCWSystem::Writing the bif 
TRACE::2026-04-01.14:38:49::SCWPlatform::Started writing the spfm file 
TRACE::2026-04-01.14:38:49::SCWPlatform::Started writing the xpfm file 
TRACE::2026-04-01.14:38:49::SCWPlatform::Completed generating the platform
TRACE::2026-04-01.14:38:49::SCWMssOS::Saving the mss changes D:/Zynq/vitis/version_2020/23_01_sd_bmp_lcd/vitis/system_wrapper/zynq_fsbl/zynq_fsbl_bsp/system.mss
TRACE::2026-04-01.14:38:49::SCWMssOS::Found a swdesign opened with the mssfile.
TRACE::2026-04-01.14:38:49::SCWMssOS::Completed writemss as part of save.
TRACE::2026-04-01.14:38:49::SCWMssOS::Commit changes completed.
TRACE::2026-04-01.14:38:49::SCWMssOS::Saving the mss changes D:/Zynq/vitis/version_2020/23_01_sd_bmp_lcd/vitis/system_wrapper/ps7_cortexa9_0/standalone_ps7_cortexa9_0/bsp/system.mss
TRACE::2026-04-01.14:38:49::SCWMssOS::Found a swdesign opened with the mssfile.
TRACE::2026-04-01.14:38:49::SCWMssOS::Completed writemss as part of save.
TRACE::2026-04-01.14:38:49::SCWMssOS::Commit changes completed.
TRACE::2026-04-01.14:38:49::SCWPlatform::Trying to open the hw design at D:/Zynq/vitis/version_2020/23_01_sd_bmp_lcd/vitis/system_wrapper/hw/system_wrapper.xsa
TRACE::2026-04-01.14:38:49::SCWPlatform::DSA given D:/Zynq/vitis/version_2020/23_01_sd_bmp_lcd/vitis/system_wrapper/hw/system_wrapper.xsa
TRACE::2026-04-01.14:38:49::SCWPlatform::DSA absoulate path D:/Zynq/vitis/version_2020/23_01_sd_bmp_lcd/vitis/system_wrapper/hw/system_wrapper.xsa
TRACE::2026-04-01.14:38:49::SCWPlatform::DSA directory D:/Zynq/vitis/version_2020/23_01_sd_bmp_lcd/vitis/system_wrapper/hw
TRACE::2026-04-01.14:38:49::SCWPlatform:: Platform Path D:/Zynq/vitis/version_2020/23_01_sd_bmp_lcd/vitis/system_wrapper/hw/system_wrapper.xsa
TRACE::2026-04-01.14:38:49::SCWPlatform:: Unique name xilinx:::0.0
TRACE::2026-04-01.14:38:49::SCWPlatform::Trying to set the existing hwdb with name system_wrapper_0
TRACE::2026-04-01.14:38:49::SCWPlatform::Opened existing hwdb system_wrapper_0
TRACE::2026-04-01.14:38:49::SCWPlatform::Found the Hw Db part of the input DSA
TRACE::2026-04-01.14:38:49::SCWMssOS::Checking the sw design at  D:/Zynq/vitis/version_2020/23_01_sd_bmp_lcd/vitis/system_wrapper/zynq_fsbl/zynq_fsbl_bsp/system.mss
TRACE::2026-04-01.14:38:49::SCWMssOS::DEBUG:  swdes dump  D:/Zynq/vitis/version_2020/23_01_sd_bmp_lcd/vitis/system_wrapper/ps7_cortexa9_0/standalone_ps7_cortexa9_0/bsp/system.mss|system_0||
D:/Zynq/vitis/version_2020/23_01_sd_bmp_lcd/vitis/system_wrapper/zynq_fsbl/zynq_fsbl_bsp/system.mss|system||

TRACE::2026-04-01.14:38:49::SCWMssOS::Sw design exists and opened at  D:/Zynq/vitis/version_2020/23_01_sd_bmp_lcd/vitis/system_wrapper/zynq_fsbl/zynq_fsbl_bsp/system.mss
TRACE::2026-04-01.14:38:49::SCWPlatform::Trying to open the hw design at D:/Zynq/vitis/version_2020/23_01_sd_bmp_lcd/vitis/system_wrapper/hw/system_wrapper.xsa
TRACE::2026-04-01.14:38:49::SCWPlatform::DSA given D:/Zynq/vitis/version_2020/23_01_sd_bmp_lcd/vitis/system_wrapper/hw/system_wrapper.xsa
TRACE::2026-04-01.14:38:49::SCWPlatform::DSA absoulate path D:/Zynq/vitis/version_2020/23_01_sd_bmp_lcd/vitis/system_wrapper/hw/system_wrapper.xsa
TRACE::2026-04-01.14:38:49::SCWPlatform::DSA directory D:/Zynq/vitis/version_2020/23_01_sd_bmp_lcd/vitis/system_wrapper/hw
TRACE::2026-04-01.14:38:49::SCWPlatform:: Platform Path D:/Zynq/vitis/version_2020/23_01_sd_bmp_lcd/vitis/system_wrapper/hw/system_wrapper.xsa
TRACE::2026-04-01.14:38:49::SCWPlatform:: Unique name xilinx:::0.0
TRACE::2026-04-01.14:38:49::SCWPlatform::Trying to set the existing hwdb with name system_wrapper_0
TRACE::2026-04-01.14:38:49::SCWPlatform::Opened existing hwdb system_wrapper_0
TRACE::2026-04-01.14:38:49::SCWPlatform::Found the Hw Db part of the input DSA
TRACE::2026-04-01.14:38:49::SCWMssOS::Checking the sw design at  D:/Zynq/vitis/version_2020/23_01_sd_bmp_lcd/vitis/system_wrapper/zynq_fsbl/zynq_fsbl_bsp/system.mss
TRACE::2026-04-01.14:38:49::SCWMssOS::DEBUG:  swdes dump  D:/Zynq/vitis/version_2020/23_01_sd_bmp_lcd/vitis/system_wrapper/ps7_cortexa9_0/standalone_ps7_cortexa9_0/bsp/system.mss|system_0||
D:/Zynq/vitis/version_2020/23_01_sd_bmp_lcd/vitis/system_wrapper/zynq_fsbl/zynq_fsbl_bsp/system.mss|system||

TRACE::2026-04-01.14:38:49::SCWMssOS::Sw design exists and opened at  D:/Zynq/vitis/version_2020/23_01_sd_bmp_lcd/vitis/system_wrapper/zynq_fsbl/zynq_fsbl_bsp/system.mss
TRACE::2026-04-01.14:38:49::SCWPlatform::Trying to open the hw design at D:/Zynq/vitis/version_2020/23_01_sd_bmp_lcd/vitis/system_wrapper/hw/system_wrapper.xsa
TRACE::2026-04-01.14:38:49::SCWPlatform::DSA given D:/Zynq/vitis/version_2020/23_01_sd_bmp_lcd/vitis/system_wrapper/hw/system_wrapper.xsa
TRACE::2026-04-01.14:38:49::SCWPlatform::DSA absoulate path D:/Zynq/vitis/version_2020/23_01_sd_bmp_lcd/vitis/system_wrapper/hw/system_wrapper.xsa
TRACE::2026-04-01.14:38:49::SCWPlatform::DSA directory D:/Zynq/vitis/version_2020/23_01_sd_bmp_lcd/vitis/system_wrapper/hw
TRACE::2026-04-01.14:38:49::SCWPlatform:: Platform Path D:/Zynq/vitis/version_2020/23_01_sd_bmp_lcd/vitis/system_wrapper/hw/system_wrapper.xsa
TRACE::2026-04-01.14:38:49::SCWPlatform:: Unique name xilinx:::0.0
TRACE::2026-04-01.14:38:49::SCWPlatform::Trying to set the existing hwdb with name system_wrapper_0
TRACE::2026-04-01.14:38:49::SCWPlatform::Opened existing hwdb system_wrapper_0
TRACE::2026-04-01.14:38:49::SCWPlatform::Found the Hw Db part of the input DSA
TRACE::2026-04-01.14:38:49::SCWMssOS::Checking the sw design at  D:/Zynq/vitis/version_2020/23_01_sd_bmp_lcd/vitis/system_wrapper/zynq_fsbl/zynq_fsbl_bsp/system.mss
TRACE::2026-04-01.14:38:49::SCWMssOS::DEBUG:  swdes dump  D:/Zynq/vitis/version_2020/23_01_sd_bmp_lcd/vitis/system_wrapper/ps7_cortexa9_0/standalone_ps7_cortexa9_0/bsp/system.mss|system_0||
D:/Zynq/vitis/version_2020/23_01_sd_bmp_lcd/vitis/system_wrapper/zynq_fsbl/zynq_fsbl_bsp/system.mss|system||

TRACE::2026-04-01.14:38:49::SCWMssOS::Sw design exists and opened at  D:/Zynq/vitis/version_2020/23_01_sd_bmp_lcd/vitis/system_wrapper/zynq_fsbl/zynq_fsbl_bsp/system.mss
TRACE::2026-04-01.14:38:49::SCWPlatform::Trying to open the hw design at D:/Zynq/vitis/version_2020/23_01_sd_bmp_lcd/vitis/system_wrapper/hw/system_wrapper.xsa
TRACE::2026-04-01.14:38:49::SCWPlatform::DSA given D:/Zynq/vitis/version_2020/23_01_sd_bmp_lcd/vitis/system_wrapper/hw/system_wrapper.xsa
TRACE::2026-04-01.14:38:49::SCWPlatform::DSA absoulate path D:/Zynq/vitis/version_2020/23_01_sd_bmp_lcd/vitis/system_wrapper/hw/system_wrapper.xsa
TRACE::2026-04-01.14:38:49::SCWPlatform::DSA directory D:/Zynq/vitis/version_2020/23_01_sd_bmp_lcd/vitis/system_wrapper/hw
TRACE::2026-04-01.14:38:49::SCWPlatform:: Platform Path D:/Zynq/vitis/version_2020/23_01_sd_bmp_lcd/vitis/system_wrapper/hw/system_wrapper.xsa
TRACE::2026-04-01.14:38:49::SCWPlatform:: Unique name xilinx:::0.0
TRACE::2026-04-01.14:38:49::SCWPlatform::Trying to set the existing hwdb with name system_wrapper_0
TRACE::2026-04-01.14:38:49::SCWPlatform::Opened existing hwdb system_wrapper_0
TRACE::2026-04-01.14:38:49::SCWPlatform::Found the Hw Db part of the input DSA
TRACE::2026-04-01.14:38:49::SCWMssOS::Checking the sw design at  D:/Zynq/vitis/version_2020/23_01_sd_bmp_lcd/vitis/system_wrapper/ps7_cortexa9_0/standalone_ps7_cortexa9_0/bsp/system.mss
TRACE::2026-04-01.14:38:49::SCWMssOS::DEBUG:  swdes dump  D:/Zynq/vitis/version_2020/23_01_sd_bmp_lcd/vitis/system_wrapper/ps7_cortexa9_0/standalone_ps7_cortexa9_0/bsp/system.mss|system_0||
D:/Zynq/vitis/version_2020/23_01_sd_bmp_lcd/vitis/system_wrapper/zynq_fsbl/zynq_fsbl_bsp/system.mss|system||

TRACE::2026-04-01.14:38:49::SCWMssOS::Sw design exists and opened at  D:/Zynq/vitis/version_2020/23_01_sd_bmp_lcd/vitis/system_wrapper/ps7_cortexa9_0/standalone_ps7_cortexa9_0/bsp/system.mss
TRACE::2026-04-01.14:38:49::SCWPlatform::Trying to open the hw design at D:/Zynq/vitis/version_2020/23_01_sd_bmp_lcd/vitis/system_wrapper/hw/system_wrapper.xsa
TRACE::2026-04-01.14:38:49::SCWPlatform::DSA given D:/Zynq/vitis/version_2020/23_01_sd_bmp_lcd/vitis/system_wrapper/hw/system_wrapper.xsa
TRACE::2026-04-01.14:38:49::SCWPlatform::DSA absoulate path D:/Zynq/vitis/version_2020/23_01_sd_bmp_lcd/vitis/system_wrapper/hw/system_wrapper.xsa
TRACE::2026-04-01.14:38:49::SCWPlatform::DSA directory D:/Zynq/vitis/version_2020/23_01_sd_bmp_lcd/vitis/system_wrapper/hw
TRACE::2026-04-01.14:38:49::SCWPlatform:: Platform Path D:/Zynq/vitis/version_2020/23_01_sd_bmp_lcd/vitis/system_wrapper/hw/system_wrapper.xsa
TRACE::2026-04-01.14:38:49::SCWPlatform:: Unique name xilinx:::0.0
TRACE::2026-04-01.14:38:49::SCWPlatform::Trying to set the existing hwdb with name system_wrapper_0
TRACE::2026-04-01.14:38:49::SCWPlatform::Opened existing hwdb system_wrapper_0
TRACE::2026-04-01.14:38:49::SCWPlatform::Found the Hw Db part of the input DSA
TRACE::2026-04-01.14:38:49::SCWMssOS::Checking the sw design at  D:/Zynq/vitis/version_2020/23_01_sd_bmp_lcd/vitis/system_wrapper/ps7_cortexa9_0/standalone_ps7_cortexa9_0/bsp/system.mss
TRACE::2026-04-01.14:38:49::SCWMssOS::DEBUG:  swdes dump  D:/Zynq/vitis/version_2020/23_01_sd_bmp_lcd/vitis/system_wrapper/ps7_cortexa9_0/standalone_ps7_cortexa9_0/bsp/system.mss|system_0||
D:/Zynq/vitis/version_2020/23_01_sd_bmp_lcd/vitis/system_wrapper/zynq_fsbl/zynq_fsbl_bsp/system.mss|system||

TRACE::2026-04-01.14:38:49::SCWMssOS::Sw design exists and opened at  D:/Zynq/vitis/version_2020/23_01_sd_bmp_lcd/vitis/system_wrapper/ps7_cortexa9_0/standalone_ps7_cortexa9_0/bsp/system.mss
TRACE::2026-04-01.14:38:49::SCWPlatform::Trying to open the hw design at D:/Zynq/vitis/version_2020/23_01_sd_bmp_lcd/vitis/system_wrapper/hw/system_wrapper.xsa
TRACE::2026-04-01.14:38:49::SCWPlatform::DSA given D:/Zynq/vitis/version_2020/23_01_sd_bmp_lcd/vitis/system_wrapper/hw/system_wrapper.xsa
TRACE::2026-04-01.14:38:49::SCWPlatform::DSA absoulate path D:/Zynq/vitis/version_2020/23_01_sd_bmp_lcd/vitis/system_wrapper/hw/system_wrapper.xsa
TRACE::2026-04-01.14:38:49::SCWPlatform::DSA directory D:/Zynq/vitis/version_2020/23_01_sd_bmp_lcd/vitis/system_wrapper/hw
TRACE::2026-04-01.14:38:49::SCWPlatform:: Platform Path D:/Zynq/vitis/version_2020/23_01_sd_bmp_lcd/vitis/system_wrapper/hw/system_wrapper.xsa
TRACE::2026-04-01.14:38:49::SCWPlatform:: Unique name xilinx:::0.0
TRACE::2026-04-01.14:38:49::SCWPlatform::Trying to set the existing hwdb with name system_wrapper_0
TRACE::2026-04-01.14:38:49::SCWPlatform::Opened existing hwdb system_wrapper_0
TRACE::2026-04-01.14:38:49::SCWPlatform::Found the Hw Db part of the input DSA
TRACE::2026-04-01.14:38:49::SCWMssOS::Checking the sw design at  D:/Zynq/vitis/version_2020/23_01_sd_bmp_lcd/vitis/system_wrapper/ps7_cortexa9_0/standalone_ps7_cortexa9_0/bsp/system.mss
TRACE::2026-04-01.14:38:49::SCWMssOS::DEBUG:  swdes dump  D:/Zynq/vitis/version_2020/23_01_sd_bmp_lcd/vitis/system_wrapper/ps7_cortexa9_0/standalone_ps7_cortexa9_0/bsp/system.mss|system_0||
D:/Zynq/vitis/version_2020/23_01_sd_bmp_lcd/vitis/system_wrapper/zynq_fsbl/zynq_fsbl_bsp/system.mss|system||

TRACE::2026-04-01.14:38:49::SCWMssOS::Sw design exists and opened at  D:/Zynq/vitis/version_2020/23_01_sd_bmp_lcd/vitis/system_wrapper/ps7_cortexa9_0/standalone_ps7_cortexa9_0/bsp/system.mss
TRACE::2026-04-01.14:38:49::SCWWriter::formatted JSON is {
	"platformName":	"system_wrapper",
	"sprVersion":	"2.0",
	"mode":	"gui",
	"dsaType":	"Fixed",
	"platformDesc":	"system_wrapper",
	"platHandOff":	"<platformDir>.xsa",
	"platIntHandOff":	"<platformDir>/hw/system_wrapper.xsa",
	"deviceType":	"zynq",
	"platIsPrebuiltAutogen":	"false",
	"platIsNoBootBsp":	"false",
	"platFsblTarget":	"ps7_cortexa9_0",
	"hasFsblMakeHasChanges":	"false",
	"hasPmufwMakeHasChanges":	"false",
	"fsblExtraCompilerFlags":	"-MMD -MP       -mcpu=cortex-a9 -mfpu=vfpv3 -mfloat-abi=hard ",
	"platPreBuiltFlag":	false,
	"platformSamplesDir":	"",
	"platActiveSys":	"system_wrapper",
	"systems":	[{
			"systemName":	"system_wrapper",
			"systemDesc":	"system_wrapper",
			"sysIsBootAutoGen":	"true",
			"systemDispName":	"system_wrapper",
			"sysActiveDom":	"standalone_ps7_cortexa9_0",
			"sysDefaultDom":	"standalone_ps7_cortexa9_0",
			"domains":	[{
					"domainName":	"zynq_fsbl",
					"domainDispName":	"zynq_fsbl",
					"domainDesc":	"FSBL Application BSP - Auto Generated.",
					"processors":	"ps7_cortexa9_0",
					"os":	"standalone",
					"sdxOs":	"standalone",
					"debugEnable":	"",
					"domRuntimes":	["cpp"],
					"swRepo":	"",
					"mssOsVer":	"7.3",
					"mssFile":	"",
					"md5Digest":	"859314a3ecadd41c03fc4d7adee735a0",
					"compatibleApp":	"zynq_fsbl",
					"domType":	"bootDomain",
					"arch":	"32-bit",
					"appSettings":	{
						"appCompilerFlags":	"",
						"appLinkerFlags":	""
					},
					"addedLibs":	["xilffs:4.4", "xilrsa:1.6"],
					"libOptions":	{
						"libsContainingOptions":	[]
					},
					"prebuiltLibs":	{
						"prebuiltIncPath":	[],
						"prebuiltLibPath":	[]
					},
					"isolation":	{
					}
				}, {
					"domainName":	"standalone_ps7_cortexa9_0",
					"domainDispName":	"standalone_ps7_cortexa9_0",
					"domainDesc":	"standalone_ps7_cortexa9_0",
					"processors":	"ps7_cortexa9_0",
					"os":	"standalone",
					"sdxOs":	"standalone",
					"qemuArgs":	"C:/Xilinx/Vitis/2020.2/data/emulation/platforms/zynq/sw/a9_standalone/qemu/qemu_args.txt",
					"qemuData":	"C:/Xilinx/Vitis/2020.2/data/emulation/platforms/zynq/sw/a9_standalone/qemu/",
					"debugEnable":	"False",
					"domRuntimes":	["cpp"],
					"swRepo":	"",
					"mssOsVer":	"7.3",
					"mssFile":	"",
					"md5Digest":	"1a21bc5aabc8de73e3f381fb4dcd7621",
					"compatibleApp":	"empty_application",
					"domType":	"mssDomain",
					"arch":	"32-bit",
					"appSettings":	{
						"appCompilerFlags":	"",
						"appLinkerFlags":	""
					},
					"addedLibs":	[],
					"libOptions":	{
						"libsContainingOptions":	[]
					},
					"prebuiltLibs":	{
						"prebuiltIncPath":	[],
						"prebuiltLibPath":	[]
					},
					"isolation":	{
					}
				}]
		}]
}
KEYINFO::2026-04-01.14:38:49::SCWPlatform::updated the xpfm file.
LOG::2026-04-01.14:39:07::SCWPlatform::Started generating the artifacts platform system_wrapper
TRACE::2026-04-01.14:39:07::SCWPlatform::Sanity checking of platform is completed
LOG::2026-04-01.14:39:07::SCWPlatform::Started generating the artifacts for system configuration system_wrapper
LOG::2026-04-01.14:39:07::SCWSystem::Checking the domain zynq_fsbl
LOG::2026-04-01.14:39:07::SCWSystem::Doing application build for :  zynq_fsbl
TRACE::2026-04-01.14:39:07::SCWBDomain::Not a forced makefile updation, No changes are present. 
TRACE::2026-04-01.14:39:07::SCWDomain::Building the domain as part of full build :  zynq_fsbl
TRACE::2026-04-01.14:39:07::SCWPlatform::Trying to open the hw design at D:/Zynq/vitis/version_2020/23_01_sd_bmp_lcd/vitis/system_wrapper/hw/system_wrapper.xsa
TRACE::2026-04-01.14:39:07::SCWPlatform::DSA given D:/Zynq/vitis/version_2020/23_01_sd_bmp_lcd/vitis/system_wrapper/hw/system_wrapper.xsa
TRACE::2026-04-01.14:39:07::SCWPlatform::DSA absoulate path D:/Zynq/vitis/version_2020/23_01_sd_bmp_lcd/vitis/system_wrapper/hw/system_wrapper.xsa
TRACE::2026-04-01.14:39:07::SCWPlatform::DSA directory D:/Zynq/vitis/version_2020/23_01_sd_bmp_lcd/vitis/system_wrapper/hw
TRACE::2026-04-01.14:39:07::SCWPlatform:: Platform Path D:/Zynq/vitis/version_2020/23_01_sd_bmp_lcd/vitis/system_wrapper/hw/system_wrapper.xsa
TRACE::2026-04-01.14:39:07::SCWPlatform:: Unique name xilinx:::0.0
TRACE::2026-04-01.14:39:07::SCWPlatform::Trying to set the existing hwdb with name system_wrapper_0
TRACE::2026-04-01.14:39:07::SCWPlatform::Opened existing hwdb system_wrapper_0
TRACE::2026-04-01.14:39:07::SCWPlatform::Found the Hw Db part of the input DSA
TRACE::2026-04-01.14:39:07::SCWMssOS::Checking the sw design at  D:/Zynq/vitis/version_2020/23_01_sd_bmp_lcd/vitis/system_wrapper/zynq_fsbl/zynq_fsbl_bsp/system.mss
TRACE::2026-04-01.14:39:07::SCWMssOS::DEBUG:  swdes dump  D:/Zynq/vitis/version_2020/23_01_sd_bmp_lcd/vitis/system_wrapper/ps7_cortexa9_0/standalone_ps7_cortexa9_0/bsp/system.mss|system_0||
D:/Zynq/vitis/version_2020/23_01_sd_bmp_lcd/vitis/system_wrapper/zynq_fsbl/zynq_fsbl_bsp/system.mss|system||

TRACE::2026-04-01.14:39:07::SCWMssOS::Sw design exists and opened at  D:/Zynq/vitis/version_2020/23_01_sd_bmp_lcd/vitis/system_wrapper/zynq_fsbl/zynq_fsbl_bsp/system.mss
TRACE::2026-04-01.14:39:07::SCWBDomain::Completed writing the mss file at D:/Zynq/vitis/version_2020/23_01_sd_bmp_lcd/vitis/system_wrapper/zynq_fsbl/zynq_fsbl_bsp
TRACE::2026-04-01.14:39:07::SCWBDomain::bsp generated is upto date with the mss file. Skipping bsp generation.
TRACE::2026-04-01.14:39:07::SCWBDomain::Not a forced makefile updation, No changes are present. 
TRACE::2026-04-01.14:39:07::SCWBDomain::System Command Ran  D:&  cd  D:/Zynq/vitis/version_2020/23_01_sd_bmp_lcd/vitis/system_wrapper/zynq_fsbl& make -C  zynq_fsbl_bsp & make 
TRACE::2026-04-01.14:39:07::SCWBDomain::make: Entering directory 'D:/Zynq/vitis/version_2020/23_01_sd_bmp_lcd/vitis/system_wrapper/zynq_fsbl/zynq_fsbl_bsp'

TRACE::2026-04-01.14:39:07::SCWBDomain::make --no-print-directory seq_libs

TRACE::2026-04-01.14:39:07::SCWBDomain::"Running Make include in ps7_cortexa9_0/libsrc/axivdma_v6_8/src"

TRACE::2026-04-01.14:39:07::SCWBDomain::make -C ps7_cortexa9_0/libsrc/axivdma_v6_8/src -s include  "SHELL=CMD" "COMPILER=arm-none-eabi-gcc" "ASSEMBLER=arm-none-eabi-as
TRACE::2026-04-01.14:39:07::SCWBDomain::" "ARCHIVER=arm-none-eabi-ar" "COMPILER_FLAGS=  -O2 -c" "EXTRA_COMPILER_FLAGS=-mcpu=cortex-a9 -mfpu=vfpv3 -mfloat-abi=hard -nos
TRACE::2026-04-01.14:39:07::SCWBDomain::tartfiles -g -Wall -Wextra"

TRACE::2026-04-01.14:39:08::SCWBDomain::"Running Make include in ps7_cortexa9_0/libsrc/clk_wiz_v1_4/src"

TRACE::2026-04-01.14:39:08::SCWBDomain::make -C ps7_cortexa9_0/libsrc/clk_wiz_v1_4/src -s include  "SHELL=CMD" "COMPILER=arm-none-eabi-gcc" "ASSEMBLER=arm-none-eabi-as
TRACE::2026-04-01.14:39:08::SCWBDomain::" "ARCHIVER=arm-none-eabi-ar" "COMPILER_FLAGS=  -O2 -c" "EXTRA_COMPILER_FLAGS=-mcpu=cortex-a9 -mfpu=vfpv3 -mfloat-abi=hard -nos
TRACE::2026-04-01.14:39:08::SCWBDomain::tartfiles -g -Wall -Wextra"

TRACE::2026-04-01.14:39:08::SCWBDomain::"Running Make include in ps7_cortexa9_0/libsrc/coresightps_dcc_v1_8/src"

TRACE::2026-04-01.14:39:08::SCWBDomain::make -C ps7_cortexa9_0/libsrc/coresightps_dcc_v1_8/src -s include  "SHELL=CMD" "COMPILER=arm-none-eabi-gcc" "ASSEMBLER=arm-none
TRACE::2026-04-01.14:39:08::SCWBDomain::-eabi-as" "ARCHIVER=arm-none-eabi-ar" "COMPILER_FLAGS=  -O2 -c" "EXTRA_COMPILER_FLAGS=-mcpu=cortex-a9 -mfpu=vfpv3 -mfloat-abi=h
TRACE::2026-04-01.14:39:08::SCWBDomain::ard -nostartfiles -g -Wall -Wextra"

TRACE::2026-04-01.14:39:08::SCWBDomain::"Running Make include in ps7_cortexa9_0/libsrc/cpu_cortexa9_v2_10/src"

TRACE::2026-04-01.14:39:08::SCWBDomain::make -C ps7_cortexa9_0/libsrc/cpu_cortexa9_v2_10/src -s include  "SHELL=CMD" "COMPILER=arm-none-eabi-gcc" "ASSEMBLER=arm-none-e
TRACE::2026-04-01.14:39:08::SCWBDomain::abi-as" "ARCHIVER=arm-none-eabi-ar" "COMPILER_FLAGS=  -O2 -c" "EXTRA_COMPILER_FLAGS=-mcpu=cortex-a9 -mfpu=vfpv3 -mfloat-abi=har
TRACE::2026-04-01.14:39:08::SCWBDomain::d -nostartfiles -g -Wall -Wextra"

TRACE::2026-04-01.14:39:08::SCWBDomain::"Running Make include in ps7_cortexa9_0/libsrc/ddrps_v1_2/src"

TRACE::2026-04-01.14:39:08::SCWBDomain::make -C ps7_cortexa9_0/libsrc/ddrps_v1_2/src -s include  "SHELL=CMD" "COMPILER=arm-none-eabi-gcc" "ASSEMBLER=arm-none-eabi-as" 
TRACE::2026-04-01.14:39:08::SCWBDomain::"ARCHIVER=arm-none-eabi-ar" "COMPILER_FLAGS=  -O2 -c" "EXTRA_COMPILER_FLAGS=-mcpu=cortex-a9 -mfpu=vfpv3 -mfloat-abi=hard -nosta
TRACE::2026-04-01.14:39:08::SCWBDomain::rtfiles -g -Wall -Wextra"

TRACE::2026-04-01.14:39:08::SCWBDomain::"Running Make include in ps7_cortexa9_0/libsrc/devcfg_v3_7/src"

TRACE::2026-04-01.14:39:08::SCWBDomain::make -C ps7_cortexa9_0/libsrc/devcfg_v3_7/src -s include  "SHELL=CMD" "COMPILER=arm-none-eabi-gcc" "ASSEMBLER=arm-none-eabi-as"
TRACE::2026-04-01.14:39:08::SCWBDomain:: "ARCHIVER=arm-none-eabi-ar" "COMPILER_FLAGS=  -O2 -c" "EXTRA_COMPILER_FLAGS=-mcpu=cortex-a9 -mfpu=vfpv3 -mfloat-abi=hard -nost
TRACE::2026-04-01.14:39:08::SCWBDomain::artfiles -g -Wall -Wextra"

TRACE::2026-04-01.14:39:08::SCWBDomain::"Running Make include in ps7_cortexa9_0/libsrc/dmaps_v2_7/src"

TRACE::2026-04-01.14:39:08::SCWBDomain::make -C ps7_cortexa9_0/libsrc/dmaps_v2_7/src -s include  "SHELL=CMD" "COMPILER=arm-none-eabi-gcc" "ASSEMBLER=arm-none-eabi-as" 
TRACE::2026-04-01.14:39:08::SCWBDomain::"ARCHIVER=arm-none-eabi-ar" "COMPILER_FLAGS=  -O2 -c" "EXTRA_COMPILER_FLAGS=-mcpu=cortex-a9 -mfpu=vfpv3 -mfloat-abi=hard -nosta
TRACE::2026-04-01.14:39:08::SCWBDomain::rtfiles -g -Wall -Wextra"

TRACE::2026-04-01.14:39:08::SCWBDomain::"Running Make include in ps7_cortexa9_0/libsrc/gpio_v4_7/src"

TRACE::2026-04-01.14:39:08::SCWBDomain::make -C ps7_cortexa9_0/libsrc/gpio_v4_7/src -s include  "SHELL=CMD" "COMPILER=arm-none-eabi-gcc" "ASSEMBLER=arm-none-eabi-as" "
TRACE::2026-04-01.14:39:08::SCWBDomain::ARCHIVER=arm-none-eabi-ar" "COMPILER_FLAGS=  -O2 -c" "EXTRA_COMPILER_FLAGS=-mcpu=cortex-a9 -mfpu=vfpv3 -mfloat-abi=hard -nostar
TRACE::2026-04-01.14:39:08::SCWBDomain::tfiles -g -Wall -Wextra"

TRACE::2026-04-01.14:39:08::SCWBDomain::"Running Make include in ps7_cortexa9_0/libsrc/scugic_v4_3/src"

TRACE::2026-04-01.14:39:08::SCWBDomain::make -C ps7_cortexa9_0/libsrc/scugic_v4_3/src -s include  "SHELL=CMD" "COMPILER=arm-none-eabi-gcc" "ASSEMBLER=arm-none-eabi-as"
TRACE::2026-04-01.14:39:08::SCWBDomain:: "ARCHIVER=arm-none-eabi-ar" "COMPILER_FLAGS=  -O2 -c" "EXTRA_COMPILER_FLAGS=-mcpu=cortex-a9 -mfpu=vfpv3 -mfloat-abi=hard -nost
TRACE::2026-04-01.14:39:08::SCWBDomain::artfiles -g -Wall -Wextra"

TRACE::2026-04-01.14:39:08::SCWBDomain::"Running Make include in ps7_cortexa9_0/libsrc/scutimer_v2_3/src"

TRACE::2026-04-01.14:39:08::SCWBDomain::make -C ps7_cortexa9_0/libsrc/scutimer_v2_3/src -s include  "SHELL=CMD" "COMPILER=arm-none-eabi-gcc" "ASSEMBLER=arm-none-eabi-a
TRACE::2026-04-01.14:39:08::SCWBDomain::s" "ARCHIVER=arm-none-eabi-ar" "COMPILER_FLAGS=  -O2 -c" "EXTRA_COMPILER_FLAGS=-mcpu=cortex-a9 -mfpu=vfpv3 -mfloat-abi=hard -no
TRACE::2026-04-01.14:39:08::SCWBDomain::startfiles -g -Wall -Wextra"

TRACE::2026-04-01.14:39:08::SCWBDomain::"Running Make include in ps7_cortexa9_0/libsrc/scuwdt_v2_3/src"

TRACE::2026-04-01.14:39:08::SCWBDomain::make -C ps7_cortexa9_0/libsrc/scuwdt_v2_3/src -s include  "SHELL=CMD" "COMPILER=arm-none-eabi-gcc" "ASSEMBLER=arm-none-eabi-as"
TRACE::2026-04-01.14:39:08::SCWBDomain:: "ARCHIVER=arm-none-eabi-ar" "COMPILER_FLAGS=  -O2 -c" "EXTRA_COMPILER_FLAGS=-mcpu=cortex-a9 -mfpu=vfpv3 -mfloat-abi=hard -nost
TRACE::2026-04-01.14:39:08::SCWBDomain::artfiles -g -Wall -Wextra"

TRACE::2026-04-01.14:39:08::SCWBDomain::"Running Make include in ps7_cortexa9_0/libsrc/sdps_v3_10/src"

TRACE::2026-04-01.14:39:08::SCWBDomain::make -C ps7_cortexa9_0/libsrc/sdps_v3_10/src -s include  "SHELL=CMD" "COMPILER=arm-none-eabi-gcc" "ASSEMBLER=arm-none-eabi-as" 
TRACE::2026-04-01.14:39:08::SCWBDomain::"ARCHIVER=arm-none-eabi-ar" "COMPILER_FLAGS=  -O2 -c" "EXTRA_COMPILER_FLAGS=-mcpu=cortex-a9 -mfpu=vfpv3 -mfloat-abi=hard -nosta
TRACE::2026-04-01.14:39:08::SCWBDomain::rtfiles -g -Wall -Wextra"

TRACE::2026-04-01.14:39:08::SCWBDomain::"Running Make include in ps7_cortexa9_0/libsrc/standalone_v7_3/src"

TRACE::2026-04-01.14:39:08::SCWBDomain::make -C ps7_cortexa9_0/libsrc/standalone_v7_3/src -s include  "SHELL=CMD" "COMPILER=arm-none-eabi-gcc" "ASSEMBLER=arm-none-eabi
TRACE::2026-04-01.14:39:08::SCWBDomain::-as" "ARCHIVER=arm-none-eabi-ar" "COMPILER_FLAGS=  -O2 -c" "EXTRA_COMPILER_FLAGS=-mcpu=cortex-a9 -mfpu=vfpv3 -mfloat-abi=hard -
TRACE::2026-04-01.14:39:08::SCWBDomain::nostartfiles -g -Wall -Wextra"

TRACE::2026-04-01.14:39:09::SCWBDomain::"Running Make include in ps7_cortexa9_0/libsrc/uartps_v3_10/src"

TRACE::2026-04-01.14:39:09::SCWBDomain::make -C ps7_cortexa9_0/libsrc/uartps_v3_10/src -s include  "SHELL=CMD" "COMPILER=arm-none-eabi-gcc" "ASSEMBLER=arm-none-eabi-as
TRACE::2026-04-01.14:39:09::SCWBDomain::" "ARCHIVER=arm-none-eabi-ar" "COMPILER_FLAGS=  -O2 -c" "EXTRA_COMPILER_FLAGS=-mcpu=cortex-a9 -mfpu=vfpv3 -mfloat-abi=hard -nos
TRACE::2026-04-01.14:39:09::SCWBDomain::tartfiles -g -Wall -Wextra"

TRACE::2026-04-01.14:39:09::SCWBDomain::"Running Make include in ps7_cortexa9_0/libsrc/vtc_v8_3/src"

TRACE::2026-04-01.14:39:09::SCWBDomain::make -C ps7_cortexa9_0/libsrc/vtc_v8_3/src -s include  "SHELL=CMD" "COMPILER=arm-none-eabi-gcc" "ASSEMBLER=arm-none-eabi-as" "A
TRACE::2026-04-01.14:39:09::SCWBDomain::RCHIVER=arm-none-eabi-ar" "COMPILER_FLAGS=  -O2 -c" "EXTRA_COMPILER_FLAGS=-mcpu=cortex-a9 -mfpu=vfpv3 -mfloat-abi=hard -nostart
TRACE::2026-04-01.14:39:09::SCWBDomain::files -g -Wall -Wextra"

TRACE::2026-04-01.14:39:09::SCWBDomain::"Running Make include in ps7_cortexa9_0/libsrc/xadcps_v2_5/src"

TRACE::2026-04-01.14:39:09::SCWBDomain::make -C ps7_cortexa9_0/libsrc/xadcps_v2_5/src -s include  "SHELL=CMD" "COMPILER=arm-none-eabi-gcc" "ASSEMBLER=arm-none-eabi-as"
TRACE::2026-04-01.14:39:09::SCWBDomain:: "ARCHIVER=arm-none-eabi-ar" "COMPILER_FLAGS=  -O2 -c" "EXTRA_COMPILER_FLAGS=-mcpu=cortex-a9 -mfpu=vfpv3 -mfloat-abi=hard -nost
TRACE::2026-04-01.14:39:09::SCWBDomain::artfiles -g -Wall -Wextra"

TRACE::2026-04-01.14:39:09::SCWBDomain::"Running Make include in ps7_cortexa9_0/libsrc/xilffs_v4_4/src"

TRACE::2026-04-01.14:39:09::SCWBDomain::make -C ps7_cortexa9_0/libsrc/xilffs_v4_4/src -s include  "SHELL=CMD" "COMPILER=arm-none-eabi-gcc" "ASSEMBLER=arm-none-eabi-as"
TRACE::2026-04-01.14:39:09::SCWBDomain:: "ARCHIVER=arm-none-eabi-ar" "COMPILER_FLAGS=  -O2 -c" "EXTRA_COMPILER_FLAGS=-mcpu=cortex-a9 -mfpu=vfpv3 -mfloat-abi=hard -nost
TRACE::2026-04-01.14:39:09::SCWBDomain::artfiles -g -Wall -Wextra"

TRACE::2026-04-01.14:39:09::SCWBDomain::"Running Make include in ps7_cortexa9_0/libsrc/xilrsa_v1_6/src"

TRACE::2026-04-01.14:39:09::SCWBDomain::make -C ps7_cortexa9_0/libsrc/xilrsa_v1_6/src -s include  "SHELL=CMD" "COMPILER=arm-none-eabi-gcc" "ASSEMBLER=arm-none-eabi-as"
TRACE::2026-04-01.14:39:09::SCWBDomain:: "ARCHIVER=arm-none-eabi-ar" "COMPILER_FLAGS=  -O2 -c" "EXTRA_COMPILER_FLAGS=-mcpu=cortex-a9 -mfpu=vfpv3 -mfloat-abi=hard -nost
TRACE::2026-04-01.14:39:09::SCWBDomain::artfiles -g -Wall -Wextra"

TRACE::2026-04-01.14:39:09::SCWBDomain::"Running Make libs in ps7_cortexa9_0/libsrc/xilrsa_v1_6/src"

TRACE::2026-04-01.14:39:09::SCWBDomain::make -C ps7_cortexa9_0/libsrc/xilrsa_v1_6/src -s libs  "SHELL=CMD" "COMPILER=arm-none-eabi-gcc" "ASSEMBLER=arm-none-eabi-as" "A
TRACE::2026-04-01.14:39:09::SCWBDomain::RCHIVER=arm-none-eabi-ar" "COMPILER_FLAGS=  -O2 -c" "EXTRA_COMPILER_FLAGS=-mcpu=cortex-a9 -mfpu=vfpv3 -mfloat-abi=hard -nostart
TRACE::2026-04-01.14:39:09::SCWBDomain::files -g -Wall -Wextra"

TRACE::2026-04-01.14:39:09::SCWBDomain::'Finished building libraries sequentially.'

TRACE::2026-04-01.14:39:09::SCWBDomain::make -j --no-print-directory par_libs

TRACE::2026-04-01.14:39:09::SCWBDomain::"Running Make include in ps7_cortexa9_0/libsrc/axivdma_v6_8/src"

TRACE::2026-04-01.14:39:09::SCWBDomain::make -C ps7_cortexa9_0/libsrc/axivdma_v6_8/src -s include  "SHELL=CMD" "COMPILER=arm-none-eabi-gcc" "ASSEMBLER=arm-none-eabi-as
TRACE::2026-04-01.14:39:09::SCWBDomain::" "ARCHIVER=arm-none-eabi-ar" "COMPILER_FLAGS=  -O2 -c" "EXTRA_COMPILER_FLAGS=-mcpu=cortex-a9 -mfpu=vfpv3 -mfloat-abi=hard -nos
TRACE::2026-04-01.14:39:09::SCWBDomain::tartfiles -g -Wall -Wextra"

TRACE::2026-04-01.14:39:09::SCWBDomain::"Running Make include in ps7_cortexa9_0/libsrc/clk_wiz_v1_4/src"

TRACE::2026-04-01.14:39:09::SCWBDomain::make -C ps7_cortexa9_0/libsrc/clk_wiz_v1_4/src -s include  "SHELL=CMD" "COMPILER=arm-none-eabi-gcc" "ASSEMBLER=arm-none-eabi-as
TRACE::2026-04-01.14:39:09::SCWBDomain::" "ARCHIVER=arm-none-eabi-ar" "COMPILER_FLAGS=  -O2 -c" "EXTRA_COMPILER_FLAGS=-mcpu=cortex-a9 -mfpu=vfpv3 -mfloat-abi=hard -nos
TRACE::2026-04-01.14:39:09::SCWBDomain::tartfiles -g -Wall -Wextra"

TRACE::2026-04-01.14:39:09::SCWBDomain::"Running Make include in ps7_cortexa9_0/libsrc/coresightps_dcc_v1_8/src"

TRACE::2026-04-01.14:39:09::SCWBDomain::make -C ps7_cortexa9_0/libsrc/coresightps_dcc_v1_8/src -s include  "SHELL=CMD" "COMPILER=arm-none-eabi-gcc" "ASSEMBLER=arm-none
TRACE::2026-04-01.14:39:09::SCWBDomain::-eabi-as" "ARCHIVER=arm-none-eabi-ar" "COMPILER_FLAGS=  -O2 -c" "EXTRA_COMPILER_FLAGS=-mcpu=cortex-a9 -mfpu=vfpv3 -mfloat-abi=h
TRACE::2026-04-01.14:39:09::SCWBDomain::ard -nostartfiles -g -Wall -Wextra"

TRACE::2026-04-01.14:39:09::SCWBDomain::"Running Make include in ps7_cortexa9_0/libsrc/cpu_cortexa9_v2_10/src"

TRACE::2026-04-01.14:39:09::SCWBDomain::make -C ps7_cortexa9_0/libsrc/cpu_cortexa9_v2_10/src -s include  "SHELL=CMD" "COMPILER=arm-none-eabi-gcc" "ASSEMBLER=arm-none-e
TRACE::2026-04-01.14:39:09::SCWBDomain::abi-as" "ARCHIVER=arm-none-eabi-ar" "COMPILER_FLAGS=  -O2 -c" "EXTRA_COMPILER_FLAGS=-mcpu=cortex-a9 -mfpu=vfpv3 -mfloat-abi=har
TRACE::2026-04-01.14:39:09::SCWBDomain::d -nostartfiles -g -Wall -Wextra"

TRACE::2026-04-01.14:39:09::SCWBDomain::"Running Make include in ps7_cortexa9_0/libsrc/ddrps_v1_2/src"

TRACE::2026-04-01.14:39:09::SCWBDomain::make -C ps7_cortexa9_0/libsrc/ddrps_v1_2/src -s include  "SHELL=CMD" "COMPILER=arm-none-eabi-gcc" "ASSEMBLER=arm-none-eabi-as" 
TRACE::2026-04-01.14:39:09::SCWBDomain::"ARCHIVER=arm-none-eabi-ar" "COMPILER_FLAGS=  -O2 -c" "EXTRA_COMPILER_FLAGS=-mcpu=cortex-a9 -mfpu=vfpv3 -mfloat-abi=hard -nosta
TRACE::2026-04-01.14:39:09::SCWBDomain::rtfiles -g -Wall -Wextra"

TRACE::2026-04-01.14:39:09::SCWBDomain::"Running Make include in ps7_cortexa9_0/libsrc/devcfg_v3_7/src"

TRACE::2026-04-01.14:39:09::SCWBDomain::make -C ps7_cortexa9_0/libsrc/devcfg_v3_7/src -s include  "SHELL=CMD" "COMPILER=arm-none-eabi-gcc" "ASSEMBLER=arm-none-eabi-as"
TRACE::2026-04-01.14:39:09::SCWBDomain:: "ARCHIVER=arm-none-eabi-ar" "COMPILER_FLAGS=  -O2 -c" "EXTRA_COMPILER_FLAGS=-mcpu=cortex-a9 -mfpu=vfpv3 -mfloat-abi=hard -nost
TRACE::2026-04-01.14:39:09::SCWBDomain::artfiles -g -Wall -Wextra"

TRACE::2026-04-01.14:39:09::SCWBDomain::"Running Make include in ps7_cortexa9_0/libsrc/dmaps_v2_7/src"

TRACE::2026-04-01.14:39:09::SCWBDomain::make -C ps7_cortexa9_0/libsrc/dmaps_v2_7/src -s include  "SHELL=CMD" "COMPILER=arm-none-eabi-gcc" "ASSEMBLER=arm-none-eabi-as" 
TRACE::2026-04-01.14:39:09::SCWBDomain::"ARCHIVER=arm-none-eabi-ar" "COMPILER_FLAGS=  -O2 -c" "EXTRA_COMPILER_FLAGS=-mcpu=cortex-a9 -mfpu=vfpv3 -mfloat-abi=hard -nosta
TRACE::2026-04-01.14:39:09::SCWBDomain::rtfiles -g -Wall -Wextra"

TRACE::2026-04-01.14:39:09::SCWBDomain::"Running Make include in ps7_cortexa9_0/libsrc/gpio_v4_7/src"

TRACE::2026-04-01.14:39:09::SCWBDomain::make -C ps7_cortexa9_0/libsrc/gpio_v4_7/src -s include  "SHELL=CMD" "COMPILER=arm-none-eabi-gcc" "ASSEMBLER=arm-none-eabi-as" "
TRACE::2026-04-01.14:39:09::SCWBDomain::ARCHIVER=arm-none-eabi-ar" "COMPILER_FLAGS=  -O2 -c" "EXTRA_COMPILER_FLAGS=-mcpu=cortex-a9 -mfpu=vfpv3 -mfloat-abi=hard -nostar
TRACE::2026-04-01.14:39:09::SCWBDomain::tfiles -g -Wall -Wextra"

TRACE::2026-04-01.14:39:09::SCWBDomain::"Running Make include in ps7_cortexa9_0/libsrc/scugic_v4_3/src"

TRACE::2026-04-01.14:39:09::SCWBDomain::make -C ps7_cortexa9_0/libsrc/scugic_v4_3/src -s include  "SHELL=CMD" "COMPILER=arm-none-eabi-gcc" "ASSEMBLER=arm-none-eabi-as"
TRACE::2026-04-01.14:39:09::SCWBDomain:: "ARCHIVER=arm-none-eabi-ar" "COMPILER_FLAGS=  -O2 -c" "EXTRA_COMPILER_FLAGS=-mcpu=cortex-a9 -mfpu=vfpv3 -mfloat-abi=hard -nost
TRACE::2026-04-01.14:39:09::SCWBDomain::artfiles -g -Wall -Wextra"

TRACE::2026-04-01.14:39:09::SCWBDomain::"Running Make include in ps7_cortexa9_0/libsrc/scutimer_v2_3/src"

TRACE::2026-04-01.14:39:09::SCWBDomain::make -C ps7_cortexa9_0/libsrc/scutimer_v2_3/src -s include  "SHELL=CMD" "COMPILER=arm-none-eabi-gcc" "ASSEMBLER=arm-none-eabi-a
TRACE::2026-04-01.14:39:09::SCWBDomain::s" "ARCHIVER=arm-none-eabi-ar" "COMPILER_FLAGS=  -O2 -c" "EXTRA_COMPILER_FLAGS=-mcpu=cortex-a9 -mfpu=vfpv3 -mfloat-abi=hard -no
TRACE::2026-04-01.14:39:09::SCWBDomain::startfiles -g -Wall -Wextra"

TRACE::2026-04-01.14:39:09::SCWBDomain::"Running Make include in ps7_cortexa9_0/libsrc/scuwdt_v2_3/src"

TRACE::2026-04-01.14:39:09::SCWBDomain::make -C ps7_cortexa9_0/libsrc/scuwdt_v2_3/src -s include  "SHELL=CMD" "COMPILER=arm-none-eabi-gcc" "ASSEMBLER=arm-none-eabi-as"
TRACE::2026-04-01.14:39:09::SCWBDomain:: "ARCHIVER=arm-none-eabi-ar" "COMPILER_FLAGS=  -O2 -c" "EXTRA_COMPILER_FLAGS=-mcpu=cortex-a9 -mfpu=vfpv3 -mfloat-abi=hard -nost
TRACE::2026-04-01.14:39:09::SCWBDomain::artfiles -g -Wall -Wextra"

TRACE::2026-04-01.14:39:09::SCWBDomain::"Running Make include in ps7_cortexa9_0/libsrc/sdps_v3_10/src"

TRACE::2026-04-01.14:39:09::SCWBDomain::make -C ps7_cortexa9_0/libsrc/sdps_v3_10/src -s include  "SHELL=CMD" "COMPILER=arm-none-eabi-gcc" "ASSEMBLER=arm-none-eabi-as" 
TRACE::2026-04-01.14:39:09::SCWBDomain::"ARCHIVER=arm-none-eabi-ar" "COMPILER_FLAGS=  -O2 -c" "EXTRA_COMPILER_FLAGS=-mcpu=cortex-a9 -mfpu=vfpv3 -mfloat-abi=hard -nosta
TRACE::2026-04-01.14:39:09::SCWBDomain::rtfiles -g -Wall -Wextra"

TRACE::2026-04-01.14:39:09::SCWBDomain::"Running Make include in ps7_cortexa9_0/libsrc/standalone_v7_3/src"

TRACE::2026-04-01.14:39:10::SCWBDomain::make -C ps7_cortexa9_0/libsrc/standalone_v7_3/src -s include  "SHELL=CMD" "COMPILER=arm-none-eabi-gcc" "ASSEMBLER=arm-none-eabi
TRACE::2026-04-01.14:39:10::SCWBDomain::-as" "ARCHIVER=arm-none-eabi-ar" "COMPILER_FLAGS=  -O2 -c" "EXTRA_COMPILER_FLAGS=-mcpu=cortex-a9 -mfpu=vfpv3 -mfloat-abi=hard -
TRACE::2026-04-01.14:39:10::SCWBDomain::nostartfiles -g -Wall -Wextra"

TRACE::2026-04-01.14:39:10::SCWBDomain::"Running Make include in ps7_cortexa9_0/libsrc/uartps_v3_10/src"

TRACE::2026-04-01.14:39:10::SCWBDomain::make -C ps7_cortexa9_0/libsrc/uartps_v3_10/src -s include  "SHELL=CMD" "COMPILER=arm-none-eabi-gcc" "ASSEMBLER=arm-none-eabi-as
TRACE::2026-04-01.14:39:10::SCWBDomain::" "ARCHIVER=arm-none-eabi-ar" "COMPILER_FLAGS=  -O2 -c" "EXTRA_COMPILER_FLAGS=-mcpu=cortex-a9 -mfpu=vfpv3 -mfloat-abi=hard -nos
TRACE::2026-04-01.14:39:10::SCWBDomain::tartfiles -g -Wall -Wextra"

TRACE::2026-04-01.14:39:10::SCWBDomain::"Running Make include in ps7_cortexa9_0/libsrc/vtc_v8_3/src"

TRACE::2026-04-01.14:39:10::SCWBDomain::make -C ps7_cortexa9_0/libsrc/vtc_v8_3/src -s include  "SHELL=CMD" "COMPILER=arm-none-eabi-gcc" "ASSEMBLER=arm-none-eabi-as" "A
TRACE::2026-04-01.14:39:10::SCWBDomain::RCHIVER=arm-none-eabi-ar" "COMPILER_FLAGS=  -O2 -c" "EXTRA_COMPILER_FLAGS=-mcpu=cortex-a9 -mfpu=vfpv3 -mfloat-abi=hard -nostart
TRACE::2026-04-01.14:39:10::SCWBDomain::files -g -Wall -Wextra"

TRACE::2026-04-01.14:39:10::SCWBDomain::"Running Make include in ps7_cortexa9_0/libsrc/xadcps_v2_5/src"

TRACE::2026-04-01.14:39:10::SCWBDomain::make -C ps7_cortexa9_0/libsrc/xadcps_v2_5/src -s include  "SHELL=CMD" "COMPILER=arm-none-eabi-gcc" "ASSEMBLER=arm-none-eabi-as"
TRACE::2026-04-01.14:39:10::SCWBDomain:: "ARCHIVER=arm-none-eabi-ar" "COMPILER_FLAGS=  -O2 -c" "EXTRA_COMPILER_FLAGS=-mcpu=cortex-a9 -mfpu=vfpv3 -mfloat-abi=hard -nost
TRACE::2026-04-01.14:39:10::SCWBDomain::artfiles -g -Wall -Wextra"

TRACE::2026-04-01.14:39:10::SCWBDomain::"Running Make include in ps7_cortexa9_0/libsrc/xilffs_v4_4/src"

TRACE::2026-04-01.14:39:10::SCWBDomain::make -C ps7_cortexa9_0/libsrc/xilffs_v4_4/src -s include  "SHELL=CMD" "COMPILER=arm-none-eabi-gcc" "ASSEMBLER=arm-none-eabi-as"
TRACE::2026-04-01.14:39:10::SCWBDomain:: "ARCHIVER=arm-none-eabi-ar" "COMPILER_FLAGS=  -O2 -c" "EXTRA_COMPILER_FLAGS=-mcpu=cortex-a9 -mfpu=vfpv3 -mfloat-abi=hard -nost
TRACE::2026-04-01.14:39:10::SCWBDomain::artfiles -g -Wall -Wextra"

TRACE::2026-04-01.14:39:10::SCWBDomain::"Running Make include in ps7_cortexa9_0/libsrc/xilrsa_v1_6/src"

TRACE::2026-04-01.14:39:10::SCWBDomain::make -C ps7_cortexa9_0/libsrc/xilrsa_v1_6/src -s include  "SHELL=CMD" "COMPILER=arm-none-eabi-gcc" "ASSEMBLER=arm-none-eabi-as"
TRACE::2026-04-01.14:39:10::SCWBDomain:: "ARCHIVER=arm-none-eabi-ar" "COMPILER_FLAGS=  -O2 -c" "EXTRA_COMPILER_FLAGS=-mcpu=cortex-a9 -mfpu=vfpv3 -mfloat-abi=hard -nost
TRACE::2026-04-01.14:39:10::SCWBDomain::artfiles -g -Wall -Wextra"

TRACE::2026-04-01.14:39:10::SCWBDomain::"Running Make libs in ps7_cortexa9_0/libsrc/axivdma_v6_8/src"

TRACE::2026-04-01.14:39:10::SCWBDomain::make -C ps7_cortexa9_0/libsrc/axivdma_v6_8/src -s libs  "SHELL=CMD" "COMPILER=arm-none-eabi-gcc" "ASSEMBLER=arm-none-eabi-as" "
TRACE::2026-04-01.14:39:10::SCWBDomain::ARCHIVER=arm-none-eabi-ar" "COMPILER_FLAGS=  -O2 -c" "EXTRA_COMPILER_FLAGS=-mcpu=cortex-a9 -mfpu=vfpv3 -mfloat-abi=hard -nostar
TRACE::2026-04-01.14:39:10::SCWBDomain::tfiles -g -Wall -Wextra"

TRACE::2026-04-01.14:39:10::SCWBDomain::"Running Make libs in ps7_cortexa9_0/libsrc/clk_wiz_v1_4/src"

TRACE::2026-04-01.14:39:10::SCWBDomain::make -C ps7_cortexa9_0/libsrc/clk_wiz_v1_4/src -s libs  "SHELL=CMD" "COMPILER=arm-none-eabi-gcc" "ASSEMBLER=arm-none-eabi-as" "
TRACE::2026-04-01.14:39:10::SCWBDomain::ARCHIVER=arm-none-eabi-ar" "COMPILER_FLAGS=  -O2 -c" "EXTRA_COMPILER_FLAGS=-mcpu=cortex-a9 -mfpu=vfpv3 -mfloat-abi=hard -nostar
TRACE::2026-04-01.14:39:10::SCWBDomain::tfiles -g -Wall -Wextra"

TRACE::2026-04-01.14:39:10::SCWBDomain::"Running Make libs in ps7_cortexa9_0/libsrc/coresightps_dcc_v1_8/src"

TRACE::2026-04-01.14:39:10::SCWBDomain::make -C ps7_cortexa9_0/libsrc/coresightps_dcc_v1_8/src -s libs  "SHELL=CMD" "COMPILER=arm-none-eabi-gcc" "ASSEMBLER=arm-none-ea
TRACE::2026-04-01.14:39:10::SCWBDomain::bi-as" "ARCHIVER=arm-none-eabi-ar" "COMPILER_FLAGS=  -O2 -c" "EXTRA_COMPILER_FLAGS=-mcpu=cortex-a9 -mfpu=vfpv3 -mfloat-abi=hard
TRACE::2026-04-01.14:39:10::SCWBDomain:: -nostartfiles -g -Wall -Wextra"

TRACE::2026-04-01.14:39:10::SCWBDomain::"Running Make libs in ps7_cortexa9_0/libsrc/cpu_cortexa9_v2_10/src"

TRACE::2026-04-01.14:39:10::SCWBDomain::make -C ps7_cortexa9_0/libsrc/cpu_cortexa9_v2_10/src -s libs  "SHELL=CMD" "COMPILER=arm-none-eabi-gcc" "ASSEMBLER=arm-none-eabi
TRACE::2026-04-01.14:39:10::SCWBDomain::-as" "ARCHIVER=arm-none-eabi-ar" "COMPILER_FLAGS=  -O2 -c" "EXTRA_COMPILER_FLAGS=-mcpu=cortex-a9 -mfpu=vfpv3 -mfloat-abi=hard -
TRACE::2026-04-01.14:39:10::SCWBDomain::nostartfiles -g -Wall -Wextra"

TRACE::2026-04-01.14:39:10::SCWBDomain::"Running Make libs in ps7_cortexa9_0/libsrc/ddrps_v1_2/src"

TRACE::2026-04-01.14:39:10::SCWBDomain::make -C ps7_cortexa9_0/libsrc/ddrps_v1_2/src -s libs  "SHELL=CMD" "COMPILER=arm-none-eabi-gcc" "ASSEMBLER=arm-none-eabi-as" "AR
TRACE::2026-04-01.14:39:10::SCWBDomain::CHIVER=arm-none-eabi-ar" "COMPILER_FLAGS=  -O2 -c" "EXTRA_COMPILER_FLAGS=-mcpu=cortex-a9 -mfpu=vfpv3 -mfloat-abi=hard -nostartf
TRACE::2026-04-01.14:39:10::SCWBDomain::iles -g -Wall -Wextra"

TRACE::2026-04-01.14:39:10::SCWBDomain::"Running Make libs in ps7_cortexa9_0/libsrc/devcfg_v3_7/src"

TRACE::2026-04-01.14:39:10::SCWBDomain::make -C ps7_cortexa9_0/libsrc/devcfg_v3_7/src -s libs  "SHELL=CMD" "COMPILER=arm-none-eabi-gcc" "ASSEMBLER=arm-none-eabi-as" "A
TRACE::2026-04-01.14:39:10::SCWBDomain::RCHIVER=arm-none-eabi-ar" "COMPILER_FLAGS=  -O2 -c" "EXTRA_COMPILER_FLAGS=-mcpu=cortex-a9 -mfpu=vfpv3 -mfloat-abi=hard -nostart
TRACE::2026-04-01.14:39:10::SCWBDomain::files -g -Wall -Wextra"

TRACE::2026-04-01.14:39:10::SCWBDomain::"Running Make libs in ps7_cortexa9_0/libsrc/dmaps_v2_7/src"

TRACE::2026-04-01.14:39:10::SCWBDomain::make -C ps7_cortexa9_0/libsrc/dmaps_v2_7/src -s libs  "SHELL=CMD" "COMPILER=arm-none-eabi-gcc" "ASSEMBLER=arm-none-eabi-as" "AR
TRACE::2026-04-01.14:39:10::SCWBDomain::CHIVER=arm-none-eabi-ar" "COMPILER_FLAGS=  -O2 -c" "EXTRA_COMPILER_FLAGS=-mcpu=cortex-a9 -mfpu=vfpv3 -mfloat-abi=hard -nostartf
TRACE::2026-04-01.14:39:10::SCWBDomain::iles -g -Wall -Wextra"

TRACE::2026-04-01.14:39:10::SCWBDomain::"Running Make libs in ps7_cortexa9_0/libsrc/gpio_v4_7/src"

TRACE::2026-04-01.14:39:10::SCWBDomain::make -C ps7_cortexa9_0/libsrc/gpio_v4_7/src -s libs  "SHELL=CMD" "COMPILER=arm-none-eabi-gcc" "ASSEMBLER=arm-none-eabi-as" "ARC
TRACE::2026-04-01.14:39:10::SCWBDomain::HIVER=arm-none-eabi-ar" "COMPILER_FLAGS=  -O2 -c" "EXTRA_COMPILER_FLAGS=-mcpu=cortex-a9 -mfpu=vfpv3 -mfloat-abi=hard -nostartfi
TRACE::2026-04-01.14:39:10::SCWBDomain::les -g -Wall -Wextra"

TRACE::2026-04-01.14:39:10::SCWBDomain::"Running Make libs in ps7_cortexa9_0/libsrc/scugic_v4_3/src"

TRACE::2026-04-01.14:39:10::SCWBDomain::make -C ps7_cortexa9_0/libsrc/scugic_v4_3/src -s libs  "SHELL=CMD" "COMPILER=arm-none-eabi-gcc" "ASSEMBLER=arm-none-eabi-as" "A
TRACE::2026-04-01.14:39:10::SCWBDomain::RCHIVER=arm-none-eabi-ar" "COMPILER_FLAGS=  -O2 -c" "EXTRA_COMPILER_FLAGS=-mcpu=cortex-a9 -mfpu=vfpv3 -mfloat-abi=hard -nostart
TRACE::2026-04-01.14:39:10::SCWBDomain::files -g -Wall -Wextra"

TRACE::2026-04-01.14:39:10::SCWBDomain::"Running Make libs in ps7_cortexa9_0/libsrc/scutimer_v2_3/src"

TRACE::2026-04-01.14:39:10::SCWBDomain::make -C ps7_cortexa9_0/libsrc/scutimer_v2_3/src -s libs  "SHELL=CMD" "COMPILER=arm-none-eabi-gcc" "ASSEMBLER=arm-none-eabi-as" 
TRACE::2026-04-01.14:39:10::SCWBDomain::"ARCHIVER=arm-none-eabi-ar" "COMPILER_FLAGS=  -O2 -c" "EXTRA_COMPILER_FLAGS=-mcpu=cortex-a9 -mfpu=vfpv3 -mfloat-abi=hard -nosta
TRACE::2026-04-01.14:39:10::SCWBDomain::rtfiles -g -Wall -Wextra"

TRACE::2026-04-01.14:39:10::SCWBDomain::"Running Make libs in ps7_cortexa9_0/libsrc/scuwdt_v2_3/src"

TRACE::2026-04-01.14:39:10::SCWBDomain::make -C ps7_cortexa9_0/libsrc/scuwdt_v2_3/src -s libs  "SHELL=CMD" "COMPILER=arm-none-eabi-gcc" "ASSEMBLER=arm-none-eabi-as" "A
TRACE::2026-04-01.14:39:10::SCWBDomain::RCHIVER=arm-none-eabi-ar" "COMPILER_FLAGS=  -O2 -c" "EXTRA_COMPILER_FLAGS=-mcpu=cortex-a9 -mfpu=vfpv3 -mfloat-abi=hard -nostart
TRACE::2026-04-01.14:39:10::SCWBDomain::files -g -Wall -Wextra"

TRACE::2026-04-01.14:39:10::SCWBDomain::"Running Make libs in ps7_cortexa9_0/libsrc/sdps_v3_10/src"

TRACE::2026-04-01.14:39:10::SCWBDomain::make -C ps7_cortexa9_0/libsrc/sdps_v3_10/src -s libs  "SHELL=CMD" "COMPILER=arm-none-eabi-gcc" "ASSEMBLER=arm-none-eabi-as" "AR
TRACE::2026-04-01.14:39:10::SCWBDomain::CHIVER=arm-none-eabi-ar" "COMPILER_FLAGS=  -O2 -c" "EXTRA_COMPILER_FLAGS=-mcpu=cortex-a9 -mfpu=vfpv3 -mfloat-abi=hard -nostartf
TRACE::2026-04-01.14:39:10::SCWBDomain::iles -g -Wall -Wextra"

TRACE::2026-04-01.14:39:10::SCWBDomain::"Running Make libs in ps7_cortexa9_0/libsrc/standalone_v7_3/src"

TRACE::2026-04-01.14:39:10::SCWBDomain::make -C ps7_cortexa9_0/libsrc/standalone_v7_3/src -s libs  "SHELL=CMD" "COMPILER=arm-none-eabi-gcc" "ASSEMBLER=arm-none-eabi-as
TRACE::2026-04-01.14:39:10::SCWBDomain::" "ARCHIVER=arm-none-eabi-ar" "COMPILER_FLAGS=  -O2 -c" "EXTRA_COMPILER_FLAGS=-mcpu=cortex-a9 -mfpu=vfpv3 -mfloat-abi=hard -nos
TRACE::2026-04-01.14:39:10::SCWBDomain::tartfiles -g -Wall -Wextra"

TRACE::2026-04-01.14:39:10::SCWBDomain::"Running Make libs in ps7_cortexa9_0/libsrc/uartps_v3_10/src"

TRACE::2026-04-01.14:39:10::SCWBDomain::make -C ps7_cortexa9_0/libsrc/uartps_v3_10/src -s libs  "SHELL=CMD" "COMPILER=arm-none-eabi-gcc" "ASSEMBLER=arm-none-eabi-as" "
TRACE::2026-04-01.14:39:10::SCWBDomain::ARCHIVER=arm-none-eabi-ar" "COMPILER_FLAGS=  -O2 -c" "EXTRA_COMPILER_FLAGS=-mcpu=cortex-a9 -mfpu=vfpv3 -mfloat-abi=hard -nostar
TRACE::2026-04-01.14:39:10::SCWBDomain::tfiles -g -Wall -Wextra"

TRACE::2026-04-01.14:39:10::SCWBDomain::"Running Make libs in ps7_cortexa9_0/libsrc/vtc_v8_3/src"

TRACE::2026-04-01.14:39:10::SCWBDomain::make -C ps7_cortexa9_0/libsrc/vtc_v8_3/src -s libs  "SHELL=CMD" "COMPILER=arm-none-eabi-gcc" "ASSEMBLER=arm-none-eabi-as" "ARCH
TRACE::2026-04-01.14:39:10::SCWBDomain::IVER=arm-none-eabi-ar" "COMPILER_FLAGS=  -O2 -c" "EXTRA_COMPILER_FLAGS=-mcpu=cortex-a9 -mfpu=vfpv3 -mfloat-abi=hard -nostartfil
TRACE::2026-04-01.14:39:10::SCWBDomain::es -g -Wall -Wextra"

TRACE::2026-04-01.14:39:10::SCWBDomain::"Running Make libs in ps7_cortexa9_0/libsrc/xadcps_v2_5/src"

TRACE::2026-04-01.14:39:10::SCWBDomain::make -C ps7_cortexa9_0/libsrc/xadcps_v2_5/src -s libs  "SHELL=CMD" "COMPILER=arm-none-eabi-gcc" "ASSEMBLER=arm-none-eabi-as" "A
TRACE::2026-04-01.14:39:10::SCWBDomain::RCHIVER=arm-none-eabi-ar" "COMPILER_FLAGS=  -O2 -c" "EXTRA_COMPILER_FLAGS=-mcpu=cortex-a9 -mfpu=vfpv3 -mfloat-abi=hard -nostart
TRACE::2026-04-01.14:39:10::SCWBDomain::files -g -Wall -Wextra"

TRACE::2026-04-01.14:39:10::SCWBDomain::"Running Make libs in ps7_cortexa9_0/libsrc/xilffs_v4_4/src"

TRACE::2026-04-01.14:39:10::SCWBDomain::make -C ps7_cortexa9_0/libsrc/xilffs_v4_4/src -s libs  "SHELL=CMD" "COMPILER=arm-none-eabi-gcc" "ASSEMBLER=arm-none-eabi-as" "A
TRACE::2026-04-01.14:39:10::SCWBDomain::RCHIVER=arm-none-eabi-ar" "COMPILER_FLAGS=  -O2 -c" "EXTRA_COMPILER_FLAGS=-mcpu=cortex-a9 -mfpu=vfpv3 -mfloat-abi=hard -nostart
TRACE::2026-04-01.14:39:10::SCWBDomain::files -g -Wall -Wextra"

TRACE::2026-04-01.14:39:11::SCWBDomain::'Finished building libraries parallelly.'

TRACE::2026-04-01.14:39:11::SCWBDomain::make --no-print-directory archive

TRACE::2026-04-01.14:39:11::SCWBDomain::arm-none-eabi-ar -r  ps7_cortexa9_0/lib/libxil.a ps7_cortexa9_0/lib/xil_printf.o ps7_cortexa9_0/lib/xadcps_selftest.o ps7_corte
TRACE::2026-04-01.14:39:11::SCWBDomain::xa9_0/lib/usleep.o ps7_cortexa9_0/lib/xscuwdt.o ps7_cortexa9_0/lib/xplatform_info.o ps7_cortexa9_0/lib/print.o ps7_cortexa9_0/l
TRACE::2026-04-01.14:39:11::SCWBDomain::ib/xscutimer.o ps7_cortexa9_0/lib/xclk_wiz_sinit.o ps7_cortexa9_0/lib/xsdps_card.o ps7_cortexa9_0/lib/xvtc_selftest.o ps7_corte
TRACE::2026-04-01.14:39:11::SCWBDomain::xa9_0/lib/xil_testio.o ps7_cortexa9_0/lib/sleep.o ps7_cortexa9_0/lib/xdevcfg_hw.o ps7_cortexa9_0/lib/xadcps_intr.o ps7_cortexa9
TRACE::2026-04-01.14:39:11::SCWBDomain::_0/lib/xpm_counter.o ps7_cortexa9_0/lib/xscutimer_sinit.o ps7_cortexa9_0/lib/xdmaps_g.o ps7_cortexa9_0/lib/xclk_wiz_g.o ps7_cor
TRACE::2026-04-01.14:39:11::SCWBDomain::texa9_0/lib/xdmaps_sinit.o ps7_cortexa9_0/lib/xil_cache.o ps7_cortexa9_0/lib/inbyte.o ps7_cortexa9_0/lib/xsdps_options.o ps7_co
TRACE::2026-04-01.14:39:11::SCWBDomain::rtexa9_0/lib/xdmaps_selftest.o ps7_cortexa9_0/lib/xil_misc_psreset_api.o ps7_cortexa9_0/lib/cpputest_time.o ps7_cortexa9_0/lib/
TRACE::2026-04-01.14:39:11::SCWBDomain::xuartps_options.o ps7_cortexa9_0/lib/xsdps.o ps7_cortexa9_0/lib/close.o ps7_cortexa9_0/lib/xuartps_g.o ps7_cortexa9_0/lib/xil_m
TRACE::2026-04-01.14:39:11::SCWBDomain::em.o ps7_cortexa9_0/lib/xscugic_hw.o ps7_cortexa9_0/lib/xuartps_sinit.o ps7_cortexa9_0/lib/_exit.o ps7_cortexa9_0/lib/xscuwdt_s
TRACE::2026-04-01.14:39:11::SCWBDomain::elftest.o ps7_cortexa9_0/lib/xgpio_g.o ps7_cortexa9_0/lib/translation_table.o ps7_cortexa9_0/lib/xaxivdma_g.o ps7_cortexa9_0/li
TRACE::2026-04-01.14:39:11::SCWBDomain::b/xaxivdma_sinit.o ps7_cortexa9_0/lib/cpu_init.o ps7_cortexa9_0/lib/xscugic_g.o ps7_cortexa9_0/lib/xsdps_sinit.o ps7_cortexa9_0
TRACE::2026-04-01.14:39:11::SCWBDomain::/lib/xgpio_selftest.o ps7_cortexa9_0/lib/xvtc_g.o ps7_cortexa9_0/lib/xaxivdma_selftest.o ps7_cortexa9_0/lib/xgpio_intr.o ps7_co
TRACE::2026-04-01.14:39:11::SCWBDomain::rtexa9_0/lib/xil_sleepcommon.o ps7_cortexa9_0/lib/unlink.o ps7_cortexa9_0/lib/xadcps.o ps7_cortexa9_0/lib/xdmaps_hw.o ps7_corte
TRACE::2026-04-01.14:39:11::SCWBDomain::xa9_0/lib/xscugic_intr.o ps7_cortexa9_0/lib/xscugic_sinit.o ps7_cortexa9_0/lib/fcntl.o ps7_cortexa9_0/lib/open.o ps7_cortexa9_0
TRACE::2026-04-01.14:39:11::SCWBDomain::/lib/outbyte.o ps7_cortexa9_0/lib/xuartps_selftest.o ps7_cortexa9_0/lib/xuartps_hw.o ps7_cortexa9_0/lib/lseek.o ps7_cortexa9_0/
TRACE::2026-04-01.14:39:11::SCWBDomain::lib/xscutimer_selftest.o ps7_cortexa9_0/lib/read.o ps7_cortexa9_0/lib/xil_testmem.o ps7_cortexa9_0/lib/xil_sleeptimer.o ps7_cor
TRACE::2026-04-01.14:39:11::SCWBDomain::texa9_0/lib/xl2cc_counter.o ps7_cortexa9_0/lib/xtime_l.o ps7_cortexa9_0/lib/kill.o ps7_cortexa9_0/lib/xil_mmu.o ps7_cortexa9_0/
TRACE::2026-04-01.14:39:11::SCWBDomain::lib/asm_vectors.o ps7_cortexa9_0/lib/abort.o ps7_cortexa9_0/lib/xdevcfg_g.o ps7_cortexa9_0/lib/xuartps_intr.o ps7_cortexa9_0/li
TRACE::2026-04-01.14:39:11::SCWBDomain::b/xuartps.o ps7_cortexa9_0/lib/getpid.o ps7_cortexa9_0/lib/xil_testcache.o ps7_cortexa9_0/lib/xdevcfg_sinit.o ps7_cortexa9_0/li
TRACE::2026-04-01.14:39:11::SCWBDomain::b/xdmaps.o ps7_cortexa9_0/lib/xaxivdma_channel.o ps7_cortexa9_0/lib/xdevcfg_selftest.o ps7_cortexa9_0/lib/xclk_wiz.o ps7_cortex
TRACE::2026-04-01.14:39:11::SCWBDomain::a9_0/lib/xvtc_intr.o ps7_cortexa9_0/lib/xvtc_sinit.o ps7_cortexa9_0/lib/xvtc.o ps7_cortexa9_0/lib/xscuwdt_sinit.o ps7_cortexa9_
TRACE::2026-04-01.14:39:11::SCWBDomain::0/lib/sbrk.o ps7_cortexa9_0/lib/xaxivdma.o ps7_cortexa9_0/lib/xsdps_g.o ps7_cortexa9_0/lib/fstat.o ps7_cortexa9_0/lib/xscuwdt_g
TRACE::2026-04-01.14:39:11::SCWBDomain::.o ps7_cortexa9_0/lib/errno.o ps7_cortexa9_0/lib/xil_util.o ps7_cortexa9_0/lib/xdevcfg_intr.o ps7_cortexa9_0/lib/xscutimer_g.o 
TRACE::2026-04-01.14:39:11::SCWBDomain::ps7_cortexa9_0/lib/_sbrk.o ps7_cortexa9_0/lib/vectors.o ps7_cortexa9_0/lib/xil_exception.o ps7_cortexa9_0/lib/xgpio.o ps7_corte
TRACE::2026-04-01.14:39:11::SCWBDomain::xa9_0/lib/write.o ps7_cortexa9_0/lib/xclk_wiz_intr.o ps7_cortexa9_0/lib/putnum.o ps7_cortexa9_0/lib/xil_clocking.o ps7_cortexa9
TRACE::2026-04-01.14:39:11::SCWBDomain::_0/lib/xgpio_sinit.o ps7_cortexa9_0/lib/xil_assert.o ps7_cortexa9_0/lib/xaxivdma_intr.o ps7_cortexa9_0/lib/xgpio_extra.o ps7_co
TRACE::2026-04-01.14:39:11::SCWBDomain::rtexa9_0/lib/xsdps_host.o ps7_cortexa9_0/lib/xcoresightpsdcc.o ps7_cortexa9_0/lib/isatty.o ps7_cortexa9_0/lib/xil-crt0.o ps7_co
TRACE::2026-04-01.14:39:11::SCWBDomain::rtexa9_0/lib/xscugic.o ps7_cortexa9_0/lib/xadcps_g.o ps7_cortexa9_0/lib/xscugic_selftest.o ps7_cortexa9_0/lib/xadcps_sinit.o ps
TRACE::2026-04-01.14:39:11::SCWBDomain::7_cortexa9_0/lib/boot.o ps7_cortexa9_0/lib/_open.o ps7_cortexa9_0/lib/xdevcfg.o

TRACE::2026-04-01.14:39:12::SCWBDomain::'Finished building libraries'

TRACE::2026-04-01.14:39:12::SCWBDomain::make: Leaving directory 'D:/Zynq/vitis/version_2020/23_01_sd_bmp_lcd/vitis/system_wrapper/zynq_fsbl/zynq_fsbl_bsp'

TRACE::2026-04-01.14:39:12::SCWBDomain::arm-none-eabi-gcc -MMD -MP       -mcpu=cortex-a9 -mfpu=vfpv3 -mfloat-abi=hard   -O2 -c -c sd.c -o sd.o -Izynq_fsbl_bsp/ps7_cort
TRACE::2026-04-01.14:39:12::SCWBDomain::exa9_0/include -I.

TRACE::2026-04-01.14:39:12::SCWBDomain::arm-none-eabi-gcc -MMD -MP       -mcpu=cortex-a9 -mfpu=vfpv3 -mfloat-abi=hard   -O2 -c -c nand.c -o nand.o -Izynq_fsbl_bsp/ps7_
TRACE::2026-04-01.14:39:12::SCWBDomain::cortexa9_0/include -I.

TRACE::2026-04-01.14:39:12::SCWBDomain::arm-none-eabi-gcc -MMD -MP       -mcpu=cortex-a9 -mfpu=vfpv3 -mfloat-abi=hard   -O2 -c -c nor.c -o nor.o -Izynq_fsbl_bsp/ps7_co
TRACE::2026-04-01.14:39:12::SCWBDomain::rtexa9_0/include -I.

TRACE::2026-04-01.14:39:12::SCWBDomain::arm-none-eabi-gcc -MMD -MP       -mcpu=cortex-a9 -mfpu=vfpv3 -mfloat-abi=hard   -O2 -c -c image_mover.c -o image_mover.o -Izynq
TRACE::2026-04-01.14:39:12::SCWBDomain::_fsbl_bsp/ps7_cortexa9_0/include -I.

TRACE::2026-04-01.14:39:12::SCWBDomain::arm-none-eabi-gcc -MMD -MP       -mcpu=cortex-a9 -mfpu=vfpv3 -mfloat-abi=hard   -O2 -c -c md5.c -o md5.o -Izynq_fsbl_bsp/ps7_co
TRACE::2026-04-01.14:39:12::SCWBDomain::rtexa9_0/include -I.

TRACE::2026-04-01.14:39:12::SCWBDomain::arm-none-eabi-gcc -MMD -MP       -mcpu=cortex-a9 -mfpu=vfpv3 -mfloat-abi=hard   -O2 -c -c fsbl_hooks.c -o fsbl_hooks.o -Izynq_f
TRACE::2026-04-01.14:39:12::SCWBDomain::sbl_bsp/ps7_cortexa9_0/include -I.

TRACE::2026-04-01.14:39:12::SCWBDomain::arm-none-eabi-gcc -MMD -MP       -mcpu=cortex-a9 -mfpu=vfpv3 -mfloat-abi=hard   -O2 -c -c main.c -o main.o -Izynq_fsbl_bsp/ps7_
TRACE::2026-04-01.14:39:12::SCWBDomain::cortexa9_0/include -I.

TRACE::2026-04-01.14:39:12::SCWBDomain::arm-none-eabi-gcc -MMD -MP       -mcpu=cortex-a9 -mfpu=vfpv3 -mfloat-abi=hard   -O2 -c -c rsa.c -o rsa.o -Izynq_fsbl_bsp/ps7_co
TRACE::2026-04-01.14:39:12::SCWBDomain::rtexa9_0/include -I.

TRACE::2026-04-01.14:39:12::SCWBDomain::arm-none-eabi-gcc -MMD -MP       -mcpu=cortex-a9 -mfpu=vfpv3 -mfloat-abi=hard   -O2 -c -c qspi.c -o qspi.o -Izynq_fsbl_bsp/ps7_
TRACE::2026-04-01.14:39:12::SCWBDomain::cortexa9_0/include -I.

TRACE::2026-04-01.14:39:12::SCWBDomain::arm-none-eabi-gcc -MMD -MP       -mcpu=cortex-a9 -mfpu=vfpv3 -mfloat-abi=hard   -O2 -c -c ps7_init.c -o ps7_init.o -Izynq_fsbl_
TRACE::2026-04-01.14:39:12::SCWBDomain::bsp/ps7_cortexa9_0/include -I.

TRACE::2026-04-01.14:39:12::SCWBDomain::arm-none-eabi-gcc -MMD -MP       -mcpu=cortex-a9 -mfpu=vfpv3 -mfloat-abi=hard   -O2 -c -c pcap.c -o pcap.o -Izynq_fsbl_bsp/ps7_
TRACE::2026-04-01.14:39:12::SCWBDomain::cortexa9_0/include -I.

TRACE::2026-04-01.14:39:12::SCWBDomain::arm-none-eabi-gcc -MMD -MP       -mcpu=cortex-a9 -mfpu=vfpv3 -mfloat-abi=hard   -O2 -c -c fsbl_handoff.S -o fsbl_handoff.o -Izy
TRACE::2026-04-01.14:39:12::SCWBDomain::nq_fsbl_bsp/ps7_cortexa9_0/include -I.

TRACE::2026-04-01.14:39:12::SCWBDomain::arm-none-eabi-gcc -o fsbl.elf  sd.o  nand.o  nor.o  image_mover.o  md5.o  fsbl_hooks.o  main.o  rsa.o  qspi.o  ps7_init.o  pcap
TRACE::2026-04-01.14:39:12::SCWBDomain::.o  fsbl_handoff.o -MMD -MP       -mcpu=cortex-a9 -mfpu=vfpv3 -mfloat-abi=hard   -mcpu=cortex-a9 -mfpu=vfpv3 -mfloat-abi=hard -
TRACE::2026-04-01.14:39:12::SCWBDomain::Wl,-build-id=none -specs=Xilinx.spec  -lrsa -Wl,--start-group,-lxil,-lgcc,-lc,--end-group -Wl,--start-group,-lxilffs,-lxil,-lgc
TRACE::2026-04-01.14:39:12::SCWBDomain::c,-lc,--end-group -Wl,--start-group,-lrsa,-lxil,-lgcc,-lc,--end-group                                  -Wl,--gc-sections -Lzynq
TRACE::2026-04-01.14:39:12::SCWBDomain::_fsbl_bsp/ps7_cortexa9_0/lib -L./ -Tlscript.ld

LOG::2026-04-01.14:39:13::SCWSystem::Checking the domain standalone_ps7_cortexa9_0
LOG::2026-04-01.14:39:13::SCWSystem::Not a boot domain 
LOG::2026-04-01.14:39:13::SCWSystem::Started Processing the domain standalone_ps7_cortexa9_0
TRACE::2026-04-01.14:39:13::SCWDomain::Generating domain artifcats
TRACE::2026-04-01.14:39:13::SCWMssOS::Generating standalone artifcats
TRACE::2026-04-01.14:39:13::SCWMssOS::Copying the qemu file from  C:/Xilinx/Vitis/2020.2/data/emulation/platforms/zynq/sw/a9_standalone/qemu/qemu_args.txt To D:/Zynq/vitis/version_2020/23_01_sd_bmp_lcd/vitis/system_wrapper/export/system_wrapper/sw/system_wrapper/qemu/
TRACE::2026-04-01.14:39:13::SCWMssOS::Copying the qemu file from  C:/Xilinx/Vitis/2020.2/data/emulation/platforms/zynq/sw/a9_standalone/qemu/qemu_args.txt To D:/Zynq/vitis/version_2020/23_01_sd_bmp_lcd/vitis/system_wrapper/export/system_wrapper/sw/system_wrapper/standalone_ps7_cortexa9_0/qemu/
TRACE::2026-04-01.14:39:13::SCWMssOS:: Copying the user libraries. 
TRACE::2026-04-01.14:39:13::SCWPlatform::Trying to open the hw design at D:/Zynq/vitis/version_2020/23_01_sd_bmp_lcd/vitis/system_wrapper/hw/system_wrapper.xsa
TRACE::2026-04-01.14:39:13::SCWPlatform::DSA given D:/Zynq/vitis/version_2020/23_01_sd_bmp_lcd/vitis/system_wrapper/hw/system_wrapper.xsa
TRACE::2026-04-01.14:39:13::SCWPlatform::DSA absoulate path D:/Zynq/vitis/version_2020/23_01_sd_bmp_lcd/vitis/system_wrapper/hw/system_wrapper.xsa
TRACE::2026-04-01.14:39:13::SCWPlatform::DSA directory D:/Zynq/vitis/version_2020/23_01_sd_bmp_lcd/vitis/system_wrapper/hw
TRACE::2026-04-01.14:39:13::SCWPlatform:: Platform Path D:/Zynq/vitis/version_2020/23_01_sd_bmp_lcd/vitis/system_wrapper/hw/system_wrapper.xsa
TRACE::2026-04-01.14:39:13::SCWPlatform:: Unique name xilinx:::0.0
TRACE::2026-04-01.14:39:13::SCWPlatform::Trying to set the existing hwdb with name system_wrapper_0
TRACE::2026-04-01.14:39:13::SCWPlatform::Opened existing hwdb system_wrapper_0
TRACE::2026-04-01.14:39:13::SCWPlatform::Found the Hw Db part of the input DSA
TRACE::2026-04-01.14:39:13::SCWMssOS::Checking the sw design at  D:/Zynq/vitis/version_2020/23_01_sd_bmp_lcd/vitis/system_wrapper/ps7_cortexa9_0/standalone_ps7_cortexa9_0/bsp/system.mss
TRACE::2026-04-01.14:39:13::SCWMssOS::DEBUG:  swdes dump  D:/Zynq/vitis/version_2020/23_01_sd_bmp_lcd/vitis/system_wrapper/ps7_cortexa9_0/standalone_ps7_cortexa9_0/bsp/system.mss|system_0||
D:/Zynq/vitis/version_2020/23_01_sd_bmp_lcd/vitis/system_wrapper/zynq_fsbl/zynq_fsbl_bsp/system.mss|system||

TRACE::2026-04-01.14:39:13::SCWMssOS::Sw design exists and opened at  D:/Zynq/vitis/version_2020/23_01_sd_bmp_lcd/vitis/system_wrapper/ps7_cortexa9_0/standalone_ps7_cortexa9_0/bsp/system.mss
TRACE::2026-04-01.14:39:13::SCWMssOS::Completed writing the mss file at D:/Zynq/vitis/version_2020/23_01_sd_bmp_lcd/vitis/system_wrapper/ps7_cortexa9_0/standalone_ps7_cortexa9_0/bsp
TRACE::2026-04-01.14:39:13::SCWMssOS::Mss edits present, copying mssfile into export location D:/Zynq/vitis/version_2020/23_01_sd_bmp_lcd/vitis/system_wrapper/ps7_cortexa9_0/standalone_ps7_cortexa9_0/bsp/system.mss
TRACE::2026-04-01.14:39:13::SCWMssOS::bsp generated is upto date with the mss file. Skipping bsp generation.
TRACE::2026-04-01.14:39:13::SCWMssOS::BSP is already built. skipping the bsp build ... 
TRACE::2026-04-01.14:39:13::SCWDomain::Building the domain as part of full build :  standalone_ps7_cortexa9_0
TRACE::2026-04-01.14:39:13::SCWMssOS::doing bsp build ... 
TRACE::2026-04-01.14:39:13::SCWMssOS::System Command Ran  D: & cd  D:/Zynq/vitis/version_2020/23_01_sd_bmp_lcd/vitis/system_wrapper/ps7_cortexa9_0/standalone_ps7_cortexa9_0/bsp & make 
TRACE::2026-04-01.14:39:13::SCWMssOS::make --no-print-directory seq_libs

TRACE::2026-04-01.14:39:13::SCWMssOS::'Finished building libraries sequentially.'

TRACE::2026-04-01.14:39:13::SCWMssOS::make -j --no-print-directory par_libs

TRACE::2026-04-01.14:39:13::SCWMssOS::"Running Make include in ps7_cortexa9_0/libsrc/axivdma_v6_8/src"

TRACE::2026-04-01.14:39:13::SCWMssOS::make -C ps7_cortexa9_0/libsrc/axivdma_v6_8/src -s include  "SHELL=CMD" "COMPILER=arm-none-eabi-gcc" "ASSEMBLER=arm-none-eabi-as
TRACE::2026-04-01.14:39:13::SCWMssOS::" "ARCHIVER=arm-none-eabi-ar" "COMPILER_FLAGS=  -O2 -c" "EXTRA_COMPILER_FLAGS=-mcpu=cortex-a9 -mfpu=vfpv3 -mfloat-abi=hard -nos
TRACE::2026-04-01.14:39:13::SCWMssOS::tartfiles -g -Wall -Wextra"

TRACE::2026-04-01.14:39:13::SCWMssOS::"Running Make include in ps7_cortexa9_0/libsrc/clk_wiz_v1_4/src"

TRACE::2026-04-01.14:39:13::SCWMssOS::make -C ps7_cortexa9_0/libsrc/clk_wiz_v1_4/src -s include  "SHELL=CMD" "COMPILER=arm-none-eabi-gcc" "ASSEMBLER=arm-none-eabi-as
TRACE::2026-04-01.14:39:13::SCWMssOS::" "ARCHIVER=arm-none-eabi-ar" "COMPILER_FLAGS=  -O2 -c" "EXTRA_COMPILER_FLAGS=-mcpu=cortex-a9 -mfpu=vfpv3 -mfloat-abi=hard -nos
TRACE::2026-04-01.14:39:13::SCWMssOS::tartfiles -g -Wall -Wextra"

TRACE::2026-04-01.14:39:13::SCWMssOS::"Running Make include in ps7_cortexa9_0/libsrc/coresightps_dcc_v1_8/src"

TRACE::2026-04-01.14:39:13::SCWMssOS::make -C ps7_cortexa9_0/libsrc/coresightps_dcc_v1_8/src -s include  "SHELL=CMD" "COMPILER=arm-none-eabi-gcc" "ASSEMBLER=arm-none
TRACE::2026-04-01.14:39:13::SCWMssOS::-eabi-as" "ARCHIVER=arm-none-eabi-ar" "COMPILER_FLAGS=  -O2 -c" "EXTRA_COMPILER_FLAGS=-mcpu=cortex-a9 -mfpu=vfpv3 -mfloat-abi=h
TRACE::2026-04-01.14:39:13::SCWMssOS::ard -nostartfiles -g -Wall -Wextra"

TRACE::2026-04-01.14:39:13::SCWMssOS::"Running Make include in ps7_cortexa9_0/libsrc/cpu_cortexa9_v2_10/src"

TRACE::2026-04-01.14:39:13::SCWMssOS::make -C ps7_cortexa9_0/libsrc/cpu_cortexa9_v2_10/src -s include  "SHELL=CMD" "COMPILER=arm-none-eabi-gcc" "ASSEMBLER=arm-none-e
TRACE::2026-04-01.14:39:13::SCWMssOS::abi-as" "ARCHIVER=arm-none-eabi-ar" "COMPILER_FLAGS=  -O2 -c" "EXTRA_COMPILER_FLAGS=-mcpu=cortex-a9 -mfpu=vfpv3 -mfloat-abi=har
TRACE::2026-04-01.14:39:13::SCWMssOS::d -nostartfiles -g -Wall -Wextra"

TRACE::2026-04-01.14:39:13::SCWMssOS::"Running Make include in ps7_cortexa9_0/libsrc/ddrps_v1_2/src"

TRACE::2026-04-01.14:39:13::SCWMssOS::make -C ps7_cortexa9_0/libsrc/ddrps_v1_2/src -s include  "SHELL=CMD" "COMPILER=arm-none-eabi-gcc" "ASSEMBLER=arm-none-eabi-as" 
TRACE::2026-04-01.14:39:13::SCWMssOS::"ARCHIVER=arm-none-eabi-ar" "COMPILER_FLAGS=  -O2 -c" "EXTRA_COMPILER_FLAGS=-mcpu=cortex-a9 -mfpu=vfpv3 -mfloat-abi=hard -nosta
TRACE::2026-04-01.14:39:13::SCWMssOS::rtfiles -g -Wall -Wextra"

TRACE::2026-04-01.14:39:13::SCWMssOS::"Running Make include in ps7_cortexa9_0/libsrc/devcfg_v3_7/src"

TRACE::2026-04-01.14:39:13::SCWMssOS::make -C ps7_cortexa9_0/libsrc/devcfg_v3_7/src -s include  "SHELL=CMD" "COMPILER=arm-none-eabi-gcc" "ASSEMBLER=arm-none-eabi-as"
TRACE::2026-04-01.14:39:13::SCWMssOS:: "ARCHIVER=arm-none-eabi-ar" "COMPILER_FLAGS=  -O2 -c" "EXTRA_COMPILER_FLAGS=-mcpu=cortex-a9 -mfpu=vfpv3 -mfloat-abi=hard -nost
TRACE::2026-04-01.14:39:13::SCWMssOS::artfiles -g -Wall -Wextra"

TRACE::2026-04-01.14:39:13::SCWMssOS::"Running Make include in ps7_cortexa9_0/libsrc/dmaps_v2_7/src"

TRACE::2026-04-01.14:39:13::SCWMssOS::make -C ps7_cortexa9_0/libsrc/dmaps_v2_7/src -s include  "SHELL=CMD" "COMPILER=arm-none-eabi-gcc" "ASSEMBLER=arm-none-eabi-as" 
TRACE::2026-04-01.14:39:13::SCWMssOS::"ARCHIVER=arm-none-eabi-ar" "COMPILER_FLAGS=  -O2 -c" "EXTRA_COMPILER_FLAGS=-mcpu=cortex-a9 -mfpu=vfpv3 -mfloat-abi=hard -nosta
TRACE::2026-04-01.14:39:13::SCWMssOS::rtfiles -g -Wall -Wextra"

TRACE::2026-04-01.14:39:13::SCWMssOS::"Running Make include in ps7_cortexa9_0/libsrc/gpio_v4_7/src"

TRACE::2026-04-01.14:39:13::SCWMssOS::make -C ps7_cortexa9_0/libsrc/gpio_v4_7/src -s include  "SHELL=CMD" "COMPILER=arm-none-eabi-gcc" "ASSEMBLER=arm-none-eabi-as" "
TRACE::2026-04-01.14:39:13::SCWMssOS::ARCHIVER=arm-none-eabi-ar" "COMPILER_FLAGS=  -O2 -c" "EXTRA_COMPILER_FLAGS=-mcpu=cortex-a9 -mfpu=vfpv3 -mfloat-abi=hard -nostar
TRACE::2026-04-01.14:39:13::SCWMssOS::tfiles -g -Wall -Wextra"

TRACE::2026-04-01.14:39:13::SCWMssOS::"Running Make include in ps7_cortexa9_0/libsrc/scugic_v4_3/src"

TRACE::2026-04-01.14:39:13::SCWMssOS::make -C ps7_cortexa9_0/libsrc/scugic_v4_3/src -s include  "SHELL=CMD" "COMPILER=arm-none-eabi-gcc" "ASSEMBLER=arm-none-eabi-as"
TRACE::2026-04-01.14:39:13::SCWMssOS:: "ARCHIVER=arm-none-eabi-ar" "COMPILER_FLAGS=  -O2 -c" "EXTRA_COMPILER_FLAGS=-mcpu=cortex-a9 -mfpu=vfpv3 -mfloat-abi=hard -nost
TRACE::2026-04-01.14:39:13::SCWMssOS::artfiles -g -Wall -Wextra"

TRACE::2026-04-01.14:39:13::SCWMssOS::"Running Make include in ps7_cortexa9_0/libsrc/scutimer_v2_3/src"

TRACE::2026-04-01.14:39:13::SCWMssOS::make -C ps7_cortexa9_0/libsrc/scutimer_v2_3/src -s include  "SHELL=CMD" "COMPILER=arm-none-eabi-gcc" "ASSEMBLER=arm-none-eabi-a
TRACE::2026-04-01.14:39:13::SCWMssOS::s" "ARCHIVER=arm-none-eabi-ar" "COMPILER_FLAGS=  -O2 -c" "EXTRA_COMPILER_FLAGS=-mcpu=cortex-a9 -mfpu=vfpv3 -mfloat-abi=hard -no
TRACE::2026-04-01.14:39:13::SCWMssOS::startfiles -g -Wall -Wextra"

TRACE::2026-04-01.14:39:13::SCWMssOS::"Running Make include in ps7_cortexa9_0/libsrc/scuwdt_v2_3/src"

TRACE::2026-04-01.14:39:13::SCWMssOS::make -C ps7_cortexa9_0/libsrc/scuwdt_v2_3/src -s include  "SHELL=CMD" "COMPILER=arm-none-eabi-gcc" "ASSEMBLER=arm-none-eabi-as"
TRACE::2026-04-01.14:39:13::SCWMssOS:: "ARCHIVER=arm-none-eabi-ar" "COMPILER_FLAGS=  -O2 -c" "EXTRA_COMPILER_FLAGS=-mcpu=cortex-a9 -mfpu=vfpv3 -mfloat-abi=hard -nost
TRACE::2026-04-01.14:39:13::SCWMssOS::artfiles -g -Wall -Wextra"

TRACE::2026-04-01.14:39:13::SCWMssOS::"Running Make include in ps7_cortexa9_0/libsrc/sdps_v3_10/src"

TRACE::2026-04-01.14:39:13::SCWMssOS::make -C ps7_cortexa9_0/libsrc/sdps_v3_10/src -s include  "SHELL=CMD" "COMPILER=arm-none-eabi-gcc" "ASSEMBLER=arm-none-eabi-as" 
TRACE::2026-04-01.14:39:13::SCWMssOS::"ARCHIVER=arm-none-eabi-ar" "COMPILER_FLAGS=  -O2 -c" "EXTRA_COMPILER_FLAGS=-mcpu=cortex-a9 -mfpu=vfpv3 -mfloat-abi=hard -nosta
TRACE::2026-04-01.14:39:13::SCWMssOS::rtfiles -g -Wall -Wextra"

TRACE::2026-04-01.14:39:13::SCWMssOS::"Running Make include in ps7_cortexa9_0/libsrc/standalone_v7_3/src"

TRACE::2026-04-01.14:39:13::SCWMssOS::make -C ps7_cortexa9_0/libsrc/standalone_v7_3/src -s include  "SHELL=CMD" "COMPILER=arm-none-eabi-gcc" "ASSEMBLER=arm-none-eabi
TRACE::2026-04-01.14:39:13::SCWMssOS::-as" "ARCHIVER=arm-none-eabi-ar" "COMPILER_FLAGS=  -O2 -c" "EXTRA_COMPILER_FLAGS=-mcpu=cortex-a9 -mfpu=vfpv3 -mfloat-abi=hard -
TRACE::2026-04-01.14:39:13::SCWMssOS::nostartfiles -g -Wall -Wextra"

TRACE::2026-04-01.14:39:13::SCWMssOS::"Running Make include in ps7_cortexa9_0/libsrc/uartps_v3_10/src"

TRACE::2026-04-01.14:39:13::SCWMssOS::make -C ps7_cortexa9_0/libsrc/uartps_v3_10/src -s include  "SHELL=CMD" "COMPILER=arm-none-eabi-gcc" "ASSEMBLER=arm-none-eabi-as
TRACE::2026-04-01.14:39:13::SCWMssOS::" "ARCHIVER=arm-none-eabi-ar" "COMPILER_FLAGS=  -O2 -c" "EXTRA_COMPILER_FLAGS=-mcpu=cortex-a9 -mfpu=vfpv3 -mfloat-abi=hard -nos
TRACE::2026-04-01.14:39:13::SCWMssOS::tartfiles -g -Wall -Wextra"

TRACE::2026-04-01.14:39:13::SCWMssOS::"Running Make include in ps7_cortexa9_0/libsrc/vtc_v8_3/src"

TRACE::2026-04-01.14:39:13::SCWMssOS::make -C ps7_cortexa9_0/libsrc/vtc_v8_3/src -s include  "SHELL=CMD" "COMPILER=arm-none-eabi-gcc" "ASSEMBLER=arm-none-eabi-as" "A
TRACE::2026-04-01.14:39:13::SCWMssOS::RCHIVER=arm-none-eabi-ar" "COMPILER_FLAGS=  -O2 -c" "EXTRA_COMPILER_FLAGS=-mcpu=cortex-a9 -mfpu=vfpv3 -mfloat-abi=hard -nostart
TRACE::2026-04-01.14:39:13::SCWMssOS::files -g -Wall -Wextra"

TRACE::2026-04-01.14:39:13::SCWMssOS::"Running Make include in ps7_cortexa9_0/libsrc/xadcps_v2_5/src"

TRACE::2026-04-01.14:39:13::SCWMssOS::make -C ps7_cortexa9_0/libsrc/xadcps_v2_5/src -s include  "SHELL=CMD" "COMPILER=arm-none-eabi-gcc" "ASSEMBLER=arm-none-eabi-as"
TRACE::2026-04-01.14:39:13::SCWMssOS:: "ARCHIVER=arm-none-eabi-ar" "COMPILER_FLAGS=  -O2 -c" "EXTRA_COMPILER_FLAGS=-mcpu=cortex-a9 -mfpu=vfpv3 -mfloat-abi=hard -nost
TRACE::2026-04-01.14:39:13::SCWMssOS::artfiles -g -Wall -Wextra"

TRACE::2026-04-01.14:39:13::SCWMssOS::"Running Make libs in ps7_cortexa9_0/libsrc/axivdma_v6_8/src"

TRACE::2026-04-01.14:39:13::SCWMssOS::make -C ps7_cortexa9_0/libsrc/axivdma_v6_8/src -s libs  "SHELL=CMD" "COMPILER=arm-none-eabi-gcc" "ASSEMBLER=arm-none-eabi-as" "
TRACE::2026-04-01.14:39:13::SCWMssOS::ARCHIVER=arm-none-eabi-ar" "COMPILER_FLAGS=  -O2 -c" "EXTRA_COMPILER_FLAGS=-mcpu=cortex-a9 -mfpu=vfpv3 -mfloat-abi=hard -nostar
TRACE::2026-04-01.14:39:13::SCWMssOS::tfiles -g -Wall -Wextra"

TRACE::2026-04-01.14:39:13::SCWMssOS::"Running Make libs in ps7_cortexa9_0/libsrc/clk_wiz_v1_4/src"

TRACE::2026-04-01.14:39:13::SCWMssOS::make -C ps7_cortexa9_0/libsrc/clk_wiz_v1_4/src -s libs  "SHELL=CMD" "COMPILER=arm-none-eabi-gcc" "ASSEMBLER=arm-none-eabi-as" "
TRACE::2026-04-01.14:39:13::SCWMssOS::ARCHIVER=arm-none-eabi-ar" "COMPILER_FLAGS=  -O2 -c" "EXTRA_COMPILER_FLAGS=-mcpu=cortex-a9 -mfpu=vfpv3 -mfloat-abi=hard -nostar
TRACE::2026-04-01.14:39:13::SCWMssOS::tfiles -g -Wall -Wextra"

TRACE::2026-04-01.14:39:13::SCWMssOS::"Running Make libs in ps7_cortexa9_0/libsrc/coresightps_dcc_v1_8/src"

TRACE::2026-04-01.14:39:13::SCWMssOS::make -C ps7_cortexa9_0/libsrc/coresightps_dcc_v1_8/src -s libs  "SHELL=CMD" "COMPILER=arm-none-eabi-gcc" "ASSEMBLER=arm-none-ea
TRACE::2026-04-01.14:39:13::SCWMssOS::bi-as" "ARCHIVER=arm-none-eabi-ar" "COMPILER_FLAGS=  -O2 -c" "EXTRA_COMPILER_FLAGS=-mcpu=cortex-a9 -mfpu=vfpv3 -mfloat-abi=hard
TRACE::2026-04-01.14:39:13::SCWMssOS:: -nostartfiles -g -Wall -Wextra"

TRACE::2026-04-01.14:39:13::SCWMssOS::"Running Make libs in ps7_cortexa9_0/libsrc/cpu_cortexa9_v2_10/src"

TRACE::2026-04-01.14:39:13::SCWMssOS::make -C ps7_cortexa9_0/libsrc/cpu_cortexa9_v2_10/src -s libs  "SHELL=CMD" "COMPILER=arm-none-eabi-gcc" "ASSEMBLER=arm-none-eabi
TRACE::2026-04-01.14:39:13::SCWMssOS::-as" "ARCHIVER=arm-none-eabi-ar" "COMPILER_FLAGS=  -O2 -c" "EXTRA_COMPILER_FLAGS=-mcpu=cortex-a9 -mfpu=vfpv3 -mfloat-abi=hard -
TRACE::2026-04-01.14:39:13::SCWMssOS::nostartfiles -g -Wall -Wextra"

TRACE::2026-04-01.14:39:13::SCWMssOS::"Running Make libs in ps7_cortexa9_0/libsrc/ddrps_v1_2/src"

TRACE::2026-04-01.14:39:13::SCWMssOS::make -C ps7_cortexa9_0/libsrc/ddrps_v1_2/src -s libs  "SHELL=CMD" "COMPILER=arm-none-eabi-gcc" "ASSEMBLER=arm-none-eabi-as" "AR
TRACE::2026-04-01.14:39:13::SCWMssOS::CHIVER=arm-none-eabi-ar" "COMPILER_FLAGS=  -O2 -c" "EXTRA_COMPILER_FLAGS=-mcpu=cortex-a9 -mfpu=vfpv3 -mfloat-abi=hard -nostartf
TRACE::2026-04-01.14:39:13::SCWMssOS::iles -g -Wall -Wextra"

TRACE::2026-04-01.14:39:13::SCWMssOS::"Running Make libs in ps7_cortexa9_0/libsrc/devcfg_v3_7/src"

TRACE::2026-04-01.14:39:13::SCWMssOS::make -C ps7_cortexa9_0/libsrc/devcfg_v3_7/src -s libs  "SHELL=CMD" "COMPILER=arm-none-eabi-gcc" "ASSEMBLER=arm-none-eabi-as" "A
TRACE::2026-04-01.14:39:13::SCWMssOS::RCHIVER=arm-none-eabi-ar" "COMPILER_FLAGS=  -O2 -c" "EXTRA_COMPILER_FLAGS=-mcpu=cortex-a9 -mfpu=vfpv3 -mfloat-abi=hard -nostart
TRACE::2026-04-01.14:39:13::SCWMssOS::files -g -Wall -Wextra"

TRACE::2026-04-01.14:39:13::SCWMssOS::"Running Make libs in ps7_cortexa9_0/libsrc/dmaps_v2_7/src"

TRACE::2026-04-01.14:39:13::SCWMssOS::"Running Make libs in ps7_cortexa9_0/libsrc/gpio_v4_7/src"

TRACE::2026-04-01.14:39:13::SCWMssOS::make -C ps7_cortexa9_0/libsrc/dmaps_v2_7/src -s libs  "SHELL=CMD" "COMPILER=arm-none-eabi-gcc" "ASSEMBLER=arm-none-eabi-as" "AR
TRACE::2026-04-01.14:39:13::SCWMssOS::CHIVER=arm-none-eabi-ar" "COMPILER_FLAGS=  -O2 -c" "EXTRA_COMPILER_FLAGS=-mcpu=cortex-a9 -mfpu=vfpv3 -mfloat-abi=hard -nostartf
TRACE::2026-04-01.14:39:13::SCWMssOS::iles -g -Wall -Wextra"

TRACE::2026-04-01.14:39:13::SCWMssOS::make -C ps7_cortexa9_0/libsrc/gpio_v4_7/src -s libs  "SHELL=CMD" "COMPILER=arm-none-eabi-gcc" "ASSEMBLER=arm-none-eabi-as" "ARC
TRACE::2026-04-01.14:39:13::SCWMssOS::HIVER=arm-none-eabi-ar" "COMPILER_FLAGS=  -O2 -c" "EXTRA_COMPILER_FLAGS=-mcpu=cortex-a9 -mfpu=vfpv3 -mfloat-abi=hard -nostartfi
TRACE::2026-04-01.14:39:13::SCWMssOS::les -g -Wall -Wextra"

TRACE::2026-04-01.14:39:13::SCWMssOS::"Running Make libs in ps7_cortexa9_0/libsrc/scugic_v4_3/src"

TRACE::2026-04-01.14:39:13::SCWMssOS::make -C ps7_cortexa9_0/libsrc/scugic_v4_3/src -s libs  "SHELL=CMD" "COMPILER=arm-none-eabi-gcc" "ASSEMBLER=arm-none-eabi-as" "A
TRACE::2026-04-01.14:39:13::SCWMssOS::RCHIVER=arm-none-eabi-ar" "COMPILER_FLAGS=  -O2 -c" "EXTRA_COMPILER_FLAGS=-mcpu=cortex-a9 -mfpu=vfpv3 -mfloat-abi=hard -nostart
TRACE::2026-04-01.14:39:13::SCWMssOS::files -g -Wall -Wextra"

TRACE::2026-04-01.14:39:13::SCWMssOS::"Running Make libs in ps7_cortexa9_0/libsrc/scutimer_v2_3/src"

TRACE::2026-04-01.14:39:14::SCWMssOS::make -C ps7_cortexa9_0/libsrc/scutimer_v2_3/src -s libs  "SHELL=CMD" "COMPILER=arm-none-eabi-gcc" "ASSEMBLER=arm-none-eabi-as" 
TRACE::2026-04-01.14:39:14::SCWMssOS::"ARCHIVER=arm-none-eabi-ar" "COMPILER_FLAGS=  -O2 -c" "EXTRA_COMPILER_FLAGS=-mcpu=cortex-a9 -mfpu=vfpv3 -mfloat-abi=hard -nosta
TRACE::2026-04-01.14:39:14::SCWMssOS::rtfiles -g -Wall -Wextra"

TRACE::2026-04-01.14:39:14::SCWMssOS::"Running Make libs in ps7_cortexa9_0/libsrc/scuwdt_v2_3/src"

TRACE::2026-04-01.14:39:14::SCWMssOS::make -C ps7_cortexa9_0/libsrc/scuwdt_v2_3/src -s libs  "SHELL=CMD" "COMPILER=arm-none-eabi-gcc" "ASSEMBLER=arm-none-eabi-as" "A
TRACE::2026-04-01.14:39:14::SCWMssOS::RCHIVER=arm-none-eabi-ar" "COMPILER_FLAGS=  -O2 -c" "EXTRA_COMPILER_FLAGS=-mcpu=cortex-a9 -mfpu=vfpv3 -mfloat-abi=hard -nostart
TRACE::2026-04-01.14:39:14::SCWMssOS::files -g -Wall -Wextra"

TRACE::2026-04-01.14:39:14::SCWMssOS::"Running Make libs in ps7_cortexa9_0/libsrc/sdps_v3_10/src"

TRACE::2026-04-01.14:39:14::SCWMssOS::make -C ps7_cortexa9_0/libsrc/sdps_v3_10/src -s libs  "SHELL=CMD" "COMPILER=arm-none-eabi-gcc" "ASSEMBLER=arm-none-eabi-as" "AR
TRACE::2026-04-01.14:39:14::SCWMssOS::CHIVER=arm-none-eabi-ar" "COMPILER_FLAGS=  -O2 -c" "EXTRA_COMPILER_FLAGS=-mcpu=cortex-a9 -mfpu=vfpv3 -mfloat-abi=hard -nostartf
TRACE::2026-04-01.14:39:14::SCWMssOS::iles -g -Wall -Wextra"

TRACE::2026-04-01.14:39:14::SCWMssOS::"Running Make libs in ps7_cortexa9_0/libsrc/standalone_v7_3/src"

TRACE::2026-04-01.14:39:14::SCWMssOS::make -C ps7_cortexa9_0/libsrc/standalone_v7_3/src -s libs  "SHELL=CMD" "COMPILER=arm-none-eabi-gcc" "ASSEMBLER=arm-none-eabi-as
TRACE::2026-04-01.14:39:14::SCWMssOS::" "ARCHIVER=arm-none-eabi-ar" "COMPILER_FLAGS=  -O2 -c" "EXTRA_COMPILER_FLAGS=-mcpu=cortex-a9 -mfpu=vfpv3 -mfloat-abi=hard -nos
TRACE::2026-04-01.14:39:14::SCWMssOS::tartfiles -g -Wall -Wextra"

TRACE::2026-04-01.14:39:14::SCWMssOS::"Running Make libs in ps7_cortexa9_0/libsrc/uartps_v3_10/src"

TRACE::2026-04-01.14:39:14::SCWMssOS::make -C ps7_cortexa9_0/libsrc/uartps_v3_10/src -s libs  "SHELL=CMD" "COMPILER=arm-none-eabi-gcc" "ASSEMBLER=arm-none-eabi-as" "
TRACE::2026-04-01.14:39:14::SCWMssOS::ARCHIVER=arm-none-eabi-ar" "COMPILER_FLAGS=  -O2 -c" "EXTRA_COMPILER_FLAGS=-mcpu=cortex-a9 -mfpu=vfpv3 -mfloat-abi=hard -nostar
TRACE::2026-04-01.14:39:14::SCWMssOS::tfiles -g -Wall -Wextra"

TRACE::2026-04-01.14:39:14::SCWMssOS::"Running Make libs in ps7_cortexa9_0/libsrc/vtc_v8_3/src"

TRACE::2026-04-01.14:39:14::SCWMssOS::make -C ps7_cortexa9_0/libsrc/vtc_v8_3/src -s libs  "SHELL=CMD" "COMPILER=arm-none-eabi-gcc" "ASSEMBLER=arm-none-eabi-as" "ARCH
TRACE::2026-04-01.14:39:14::SCWMssOS::IVER=arm-none-eabi-ar" "COMPILER_FLAGS=  -O2 -c" "EXTRA_COMPILER_FLAGS=-mcpu=cortex-a9 -mfpu=vfpv3 -mfloat-abi=hard -nostartfil
TRACE::2026-04-01.14:39:14::SCWMssOS::es -g -Wall -Wextra"

TRACE::2026-04-01.14:39:14::SCWMssOS::"Running Make libs in ps7_cortexa9_0/libsrc/xadcps_v2_5/src"

TRACE::2026-04-01.14:39:14::SCWMssOS::make -C ps7_cortexa9_0/libsrc/xadcps_v2_5/src -s libs  "SHELL=CMD" "COMPILER=arm-none-eabi-gcc" "ASSEMBLER=arm-none-eabi-as" "A
TRACE::2026-04-01.14:39:14::SCWMssOS::RCHIVER=arm-none-eabi-ar" "COMPILER_FLAGS=  -O2 -c" "EXTRA_COMPILER_FLAGS=-mcpu=cortex-a9 -mfpu=vfpv3 -mfloat-abi=hard -nostart
TRACE::2026-04-01.14:39:14::SCWMssOS::files -g -Wall -Wextra"

TRACE::2026-04-01.14:39:15::SCWMssOS::'Finished building libraries parallelly.'

TRACE::2026-04-01.14:39:15::SCWMssOS::make --no-print-directory archive

TRACE::2026-04-01.14:39:15::SCWMssOS::arm-none-eabi-ar -r  ps7_cortexa9_0/lib/libxil.a ps7_cortexa9_0/lib/xil_printf.o ps7_cortexa9_0/lib/xadcps_selftest.o ps7_corte
TRACE::2026-04-01.14:39:15::SCWMssOS::xa9_0/lib/usleep.o ps7_cortexa9_0/lib/xscuwdt.o ps7_cortexa9_0/lib/xplatform_info.o ps7_cortexa9_0/lib/print.o ps7_cortexa9_0/l
TRACE::2026-04-01.14:39:15::SCWMssOS::ib/xscutimer.o ps7_cortexa9_0/lib/xclk_wiz_sinit.o ps7_cortexa9_0/lib/xsdps_card.o ps7_cortexa9_0/lib/xvtc_selftest.o ps7_corte
TRACE::2026-04-01.14:39:15::SCWMssOS::xa9_0/lib/xil_testio.o ps7_cortexa9_0/lib/sleep.o ps7_cortexa9_0/lib/xdevcfg_hw.o ps7_cortexa9_0/lib/xadcps_intr.o ps7_cortexa9
TRACE::2026-04-01.14:39:15::SCWMssOS::_0/lib/xpm_counter.o ps7_cortexa9_0/lib/xscutimer_sinit.o ps7_cortexa9_0/lib/xdmaps_g.o ps7_cortexa9_0/lib/xclk_wiz_g.o ps7_cor
TRACE::2026-04-01.14:39:15::SCWMssOS::texa9_0/lib/xdmaps_sinit.o ps7_cortexa9_0/lib/xil_cache.o ps7_cortexa9_0/lib/inbyte.o ps7_cortexa9_0/lib/xsdps_options.o ps7_co
TRACE::2026-04-01.14:39:15::SCWMssOS::rtexa9_0/lib/xdmaps_selftest.o ps7_cortexa9_0/lib/xil_misc_psreset_api.o ps7_cortexa9_0/lib/cpputest_time.o ps7_cortexa9_0/lib/
TRACE::2026-04-01.14:39:15::SCWMssOS::xuartps_options.o ps7_cortexa9_0/lib/xsdps.o ps7_cortexa9_0/lib/close.o ps7_cortexa9_0/lib/xil_mem.o ps7_cortexa9_0/lib/xscugic
TRACE::2026-04-01.14:39:15::SCWMssOS::_hw.o ps7_cortexa9_0/lib/xuartps_sinit.o ps7_cortexa9_0/lib/_exit.o ps7_cortexa9_0/lib/xscuwdt_selftest.o ps7_cortexa9_0/lib/xg
TRACE::2026-04-01.14:39:15::SCWMssOS::pio_g.o ps7_cortexa9_0/lib/translation_table.o ps7_cortexa9_0/lib/xaxivdma_g.o ps7_cortexa9_0/lib/xclk_wiz_intr.o ps7_cortexa9_
TRACE::2026-04-01.14:39:15::SCWMssOS::0/lib/xaxivdma_sinit.o ps7_cortexa9_0/lib/cpu_init.o ps7_cortexa9_0/lib/xscugic_g.o ps7_cortexa9_0/lib/xsdps_sinit.o ps7_cortex
TRACE::2026-04-01.14:39:15::SCWMssOS::a9_0/lib/xgpio_selftest.o ps7_cortexa9_0/lib/xvtc_g.o ps7_cortexa9_0/lib/xaxivdma_selftest.o ps7_cortexa9_0/lib/xgpio_intr.o ps
TRACE::2026-04-01.14:39:15::SCWMssOS::7_cortexa9_0/lib/xil_sleepcommon.o ps7_cortexa9_0/lib/unlink.o ps7_cortexa9_0/lib/xadcps.o ps7_cortexa9_0/lib/xdmaps_hw.o ps7_c
TRACE::2026-04-01.14:39:15::SCWMssOS::ortexa9_0/lib/xscugic_intr.o ps7_cortexa9_0/lib/xscugic_sinit.o ps7_cortexa9_0/lib/fcntl.o ps7_cortexa9_0/lib/open.o ps7_cortex
TRACE::2026-04-01.14:39:15::SCWMssOS::a9_0/lib/outbyte.o ps7_cortexa9_0/lib/xuartps_selftest.o ps7_cortexa9_0/lib/xuartps_hw.o ps7_cortexa9_0/lib/lseek.o ps7_cortexa
TRACE::2026-04-01.14:39:15::SCWMssOS::9_0/lib/xscutimer_selftest.o ps7_cortexa9_0/lib/read.o ps7_cortexa9_0/lib/xil_testmem.o ps7_cortexa9_0/lib/xtime_l.o ps7_cortex
TRACE::2026-04-01.14:39:15::SCWMssOS::a9_0/lib/xl2cc_counter.o ps7_cortexa9_0/lib/kill.o ps7_cortexa9_0/lib/xil_mmu.o ps7_cortexa9_0/lib/asm_vectors.o ps7_cortexa9_0
TRACE::2026-04-01.14:39:15::SCWMssOS::/lib/abort.o ps7_cortexa9_0/lib/xdevcfg_g.o ps7_cortexa9_0/lib/xuartps_intr.o ps7_cortexa9_0/lib/xuartps.o ps7_cortexa9_0/lib/g
TRACE::2026-04-01.14:39:15::SCWMssOS::etpid.o ps7_cortexa9_0/lib/xil_testcache.o ps7_cortexa9_0/lib/xdevcfg_sinit.o ps7_cortexa9_0/lib/xdmaps.o ps7_cortexa9_0/lib/xa
TRACE::2026-04-01.14:39:15::SCWMssOS::xivdma_channel.o ps7_cortexa9_0/lib/xdevcfg_selftest.o ps7_cortexa9_0/lib/xclk_wiz.o ps7_cortexa9_0/lib/xvtc_intr.o ps7_cortexa
TRACE::2026-04-01.14:39:15::SCWMssOS::9_0/lib/xvtc_sinit.o ps7_cortexa9_0/lib/xvtc.o ps7_cortexa9_0/lib/xscuwdt_sinit.o ps7_cortexa9_0/lib/sbrk.o ps7_cortexa9_0/lib/
TRACE::2026-04-01.14:39:15::SCWMssOS::xaxivdma.o ps7_cortexa9_0/lib/xsdps_g.o ps7_cortexa9_0/lib/fstat.o ps7_cortexa9_0/lib/xscuwdt_g.o ps7_cortexa9_0/lib/errno.o ps
TRACE::2026-04-01.14:39:15::SCWMssOS::7_cortexa9_0/lib/xil_util.o ps7_cortexa9_0/lib/xdevcfg_intr.o ps7_cortexa9_0/lib/xscutimer_g.o ps7_cortexa9_0/lib/_sbrk.o ps7_c
TRACE::2026-04-01.14:39:15::SCWMssOS::ortexa9_0/lib/xil_sleeptimer.o ps7_cortexa9_0/lib/vectors.o ps7_cortexa9_0/lib/xil_exception.o ps7_cortexa9_0/lib/xgpio.o ps7_c
TRACE::2026-04-01.14:39:15::SCWMssOS::ortexa9_0/lib/write.o ps7_cortexa9_0/lib/putnum.o ps7_cortexa9_0/lib/xil_clocking.o ps7_cortexa9_0/lib/xgpio_sinit.o ps7_cortex
TRACE::2026-04-01.14:39:15::SCWMssOS::a9_0/lib/xil_assert.o ps7_cortexa9_0/lib/xaxivdma_intr.o ps7_cortexa9_0/lib/xgpio_extra.o ps7_cortexa9_0/lib/xsdps_host.o ps7_c
TRACE::2026-04-01.14:39:15::SCWMssOS::ortexa9_0/lib/xcoresightpsdcc.o ps7_cortexa9_0/lib/isatty.o ps7_cortexa9_0/lib/xil-crt0.o ps7_cortexa9_0/lib/xscugic.o ps7_cort
TRACE::2026-04-01.14:39:15::SCWMssOS::exa9_0/lib/xadcps_g.o ps7_cortexa9_0/lib/xscugic_selftest.o ps7_cortexa9_0/lib/xuartps_g.o ps7_cortexa9_0/lib/xadcps_sinit.o ps
TRACE::2026-04-01.14:39:15::SCWMssOS::7_cortexa9_0/lib/boot.o ps7_cortexa9_0/lib/_open.o ps7_cortexa9_0/lib/xdevcfg.o

TRACE::2026-04-01.14:39:15::SCWMssOS::'Finished building libraries'

TRACE::2026-04-01.14:39:15::SCWMssOS::Copying to export directory.
TRACE::2026-04-01.14:39:15::SCWMssOS:: Checking if to create the Supporting Applications
TRACE::2026-04-01.14:39:15::SCWMssOS:: No Linux domain exists, trying to generate FSBL 
LOG::2026-04-01.14:39:15::SCWSystem::Completed Processing the domain standalone_ps7_cortexa9_0
LOG::2026-04-01.14:39:15::SCWSystem::Completed Processing the sysconfig system_wrapper
LOG::2026-04-01.14:39:15::SCWPlatform::Completed generating the artifacts for system configuration system_wrapper
TRACE::2026-04-01.14:39:15::SCWPlatform::Started preparing the platform 
TRACE::2026-04-01.14:39:15::SCWSystem::Writing the bif file for system config system_wrapper
TRACE::2026-04-01.14:39:15::SCWSystem::dir created 
TRACE::2026-04-01.14:39:15::SCWSystem::Writing the bif 
TRACE::2026-04-01.14:39:15::SCWPlatform::Started writing the spfm file 
TRACE::2026-04-01.14:39:15::SCWPlatform::Started writing the xpfm file 
TRACE::2026-04-01.14:39:15::SCWPlatform::Completed generating the platform
TRACE::2026-04-01.14:39:15::SCWMssOS::Saving the mss changes D:/Zynq/vitis/version_2020/23_01_sd_bmp_lcd/vitis/system_wrapper/zynq_fsbl/zynq_fsbl_bsp/system.mss
TRACE::2026-04-01.14:39:15::SCWMssOS::Found a swdesign opened with the mssfile.
TRACE::2026-04-01.14:39:15::SCWMssOS::Completed writemss as part of save.
TRACE::2026-04-01.14:39:15::SCWMssOS::Commit changes completed.
TRACE::2026-04-01.14:39:15::SCWMssOS::Saving the mss changes D:/Zynq/vitis/version_2020/23_01_sd_bmp_lcd/vitis/system_wrapper/ps7_cortexa9_0/standalone_ps7_cortexa9_0/bsp/system.mss
TRACE::2026-04-01.14:39:15::SCWMssOS::Found a swdesign opened with the mssfile.
TRACE::2026-04-01.14:39:15::SCWMssOS::Completed writemss as part of save.
TRACE::2026-04-01.14:39:15::SCWMssOS::Commit changes completed.
TRACE::2026-04-01.14:39:15::SCWPlatform::Trying to open the hw design at D:/Zynq/vitis/version_2020/23_01_sd_bmp_lcd/vitis/system_wrapper/hw/system_wrapper.xsa
TRACE::2026-04-01.14:39:15::SCWPlatform::DSA given D:/Zynq/vitis/version_2020/23_01_sd_bmp_lcd/vitis/system_wrapper/hw/system_wrapper.xsa
TRACE::2026-04-01.14:39:15::SCWPlatform::DSA absoulate path D:/Zynq/vitis/version_2020/23_01_sd_bmp_lcd/vitis/system_wrapper/hw/system_wrapper.xsa
TRACE::2026-04-01.14:39:15::SCWPlatform::DSA directory D:/Zynq/vitis/version_2020/23_01_sd_bmp_lcd/vitis/system_wrapper/hw
TRACE::2026-04-01.14:39:15::SCWPlatform:: Platform Path D:/Zynq/vitis/version_2020/23_01_sd_bmp_lcd/vitis/system_wrapper/hw/system_wrapper.xsa
TRACE::2026-04-01.14:39:15::SCWPlatform:: Unique name xilinx:::0.0
TRACE::2026-04-01.14:39:15::SCWPlatform::Trying to set the existing hwdb with name system_wrapper_0
TRACE::2026-04-01.14:39:15::SCWPlatform::Opened existing hwdb system_wrapper_0
TRACE::2026-04-01.14:39:15::SCWPlatform::Found the Hw Db part of the input DSA
TRACE::2026-04-01.14:39:15::SCWMssOS::Checking the sw design at  D:/Zynq/vitis/version_2020/23_01_sd_bmp_lcd/vitis/system_wrapper/zynq_fsbl/zynq_fsbl_bsp/system.mss
TRACE::2026-04-01.14:39:15::SCWMssOS::DEBUG:  swdes dump  D:/Zynq/vitis/version_2020/23_01_sd_bmp_lcd/vitis/system_wrapper/ps7_cortexa9_0/standalone_ps7_cortexa9_0/bsp/system.mss|system_0||
D:/Zynq/vitis/version_2020/23_01_sd_bmp_lcd/vitis/system_wrapper/zynq_fsbl/zynq_fsbl_bsp/system.mss|system||

TRACE::2026-04-01.14:39:15::SCWMssOS::Sw design exists and opened at  D:/Zynq/vitis/version_2020/23_01_sd_bmp_lcd/vitis/system_wrapper/zynq_fsbl/zynq_fsbl_bsp/system.mss
TRACE::2026-04-01.14:39:15::SCWPlatform::Trying to open the hw design at D:/Zynq/vitis/version_2020/23_01_sd_bmp_lcd/vitis/system_wrapper/hw/system_wrapper.xsa
TRACE::2026-04-01.14:39:15::SCWPlatform::DSA given D:/Zynq/vitis/version_2020/23_01_sd_bmp_lcd/vitis/system_wrapper/hw/system_wrapper.xsa
TRACE::2026-04-01.14:39:15::SCWPlatform::DSA absoulate path D:/Zynq/vitis/version_2020/23_01_sd_bmp_lcd/vitis/system_wrapper/hw/system_wrapper.xsa
TRACE::2026-04-01.14:39:15::SCWPlatform::DSA directory D:/Zynq/vitis/version_2020/23_01_sd_bmp_lcd/vitis/system_wrapper/hw
TRACE::2026-04-01.14:39:15::SCWPlatform:: Platform Path D:/Zynq/vitis/version_2020/23_01_sd_bmp_lcd/vitis/system_wrapper/hw/system_wrapper.xsa
TRACE::2026-04-01.14:39:15::SCWPlatform:: Unique name xilinx:::0.0
TRACE::2026-04-01.14:39:15::SCWPlatform::Trying to set the existing hwdb with name system_wrapper_0
TRACE::2026-04-01.14:39:15::SCWPlatform::Opened existing hwdb system_wrapper_0
TRACE::2026-04-01.14:39:15::SCWPlatform::Found the Hw Db part of the input DSA
TRACE::2026-04-01.14:39:15::SCWMssOS::Checking the sw design at  D:/Zynq/vitis/version_2020/23_01_sd_bmp_lcd/vitis/system_wrapper/zynq_fsbl/zynq_fsbl_bsp/system.mss
TRACE::2026-04-01.14:39:15::SCWMssOS::DEBUG:  swdes dump  D:/Zynq/vitis/version_2020/23_01_sd_bmp_lcd/vitis/system_wrapper/ps7_cortexa9_0/standalone_ps7_cortexa9_0/bsp/system.mss|system_0||
D:/Zynq/vitis/version_2020/23_01_sd_bmp_lcd/vitis/system_wrapper/zynq_fsbl/zynq_fsbl_bsp/system.mss|system||

TRACE::2026-04-01.14:39:15::SCWMssOS::Sw design exists and opened at  D:/Zynq/vitis/version_2020/23_01_sd_bmp_lcd/vitis/system_wrapper/zynq_fsbl/zynq_fsbl_bsp/system.mss
TRACE::2026-04-01.14:39:15::SCWPlatform::Trying to open the hw design at D:/Zynq/vitis/version_2020/23_01_sd_bmp_lcd/vitis/system_wrapper/hw/system_wrapper.xsa
TRACE::2026-04-01.14:39:15::SCWPlatform::DSA given D:/Zynq/vitis/version_2020/23_01_sd_bmp_lcd/vitis/system_wrapper/hw/system_wrapper.xsa
TRACE::2026-04-01.14:39:15::SCWPlatform::DSA absoulate path D:/Zynq/vitis/version_2020/23_01_sd_bmp_lcd/vitis/system_wrapper/hw/system_wrapper.xsa
TRACE::2026-04-01.14:39:15::SCWPlatform::DSA directory D:/Zynq/vitis/version_2020/23_01_sd_bmp_lcd/vitis/system_wrapper/hw
TRACE::2026-04-01.14:39:15::SCWPlatform:: Platform Path D:/Zynq/vitis/version_2020/23_01_sd_bmp_lcd/vitis/system_wrapper/hw/system_wrapper.xsa
TRACE::2026-04-01.14:39:15::SCWPlatform:: Unique name xilinx:::0.0
TRACE::2026-04-01.14:39:15::SCWPlatform::Trying to set the existing hwdb with name system_wrapper_0
TRACE::2026-04-01.14:39:15::SCWPlatform::Opened existing hwdb system_wrapper_0
TRACE::2026-04-01.14:39:15::SCWPlatform::Found the Hw Db part of the input DSA
TRACE::2026-04-01.14:39:15::SCWMssOS::Checking the sw design at  D:/Zynq/vitis/version_2020/23_01_sd_bmp_lcd/vitis/system_wrapper/zynq_fsbl/zynq_fsbl_bsp/system.mss
TRACE::2026-04-01.14:39:15::SCWMssOS::DEBUG:  swdes dump  D:/Zynq/vitis/version_2020/23_01_sd_bmp_lcd/vitis/system_wrapper/ps7_cortexa9_0/standalone_ps7_cortexa9_0/bsp/system.mss|system_0||
D:/Zynq/vitis/version_2020/23_01_sd_bmp_lcd/vitis/system_wrapper/zynq_fsbl/zynq_fsbl_bsp/system.mss|system||

TRACE::2026-04-01.14:39:15::SCWMssOS::Sw design exists and opened at  D:/Zynq/vitis/version_2020/23_01_sd_bmp_lcd/vitis/system_wrapper/zynq_fsbl/zynq_fsbl_bsp/system.mss
TRACE::2026-04-01.14:39:15::SCWPlatform::Trying to open the hw design at D:/Zynq/vitis/version_2020/23_01_sd_bmp_lcd/vitis/system_wrapper/hw/system_wrapper.xsa
TRACE::2026-04-01.14:39:15::SCWPlatform::DSA given D:/Zynq/vitis/version_2020/23_01_sd_bmp_lcd/vitis/system_wrapper/hw/system_wrapper.xsa
TRACE::2026-04-01.14:39:15::SCWPlatform::DSA absoulate path D:/Zynq/vitis/version_2020/23_01_sd_bmp_lcd/vitis/system_wrapper/hw/system_wrapper.xsa
TRACE::2026-04-01.14:39:15::SCWPlatform::DSA directory D:/Zynq/vitis/version_2020/23_01_sd_bmp_lcd/vitis/system_wrapper/hw
TRACE::2026-04-01.14:39:15::SCWPlatform:: Platform Path D:/Zynq/vitis/version_2020/23_01_sd_bmp_lcd/vitis/system_wrapper/hw/system_wrapper.xsa
TRACE::2026-04-01.14:39:15::SCWPlatform:: Unique name xilinx:::0.0
TRACE::2026-04-01.14:39:15::SCWPlatform::Trying to set the existing hwdb with name system_wrapper_0
TRACE::2026-04-01.14:39:15::SCWPlatform::Opened existing hwdb system_wrapper_0
TRACE::2026-04-01.14:39:15::SCWPlatform::Found the Hw Db part of the input DSA
TRACE::2026-04-01.14:39:15::SCWMssOS::Checking the sw design at  D:/Zynq/vitis/version_2020/23_01_sd_bmp_lcd/vitis/system_wrapper/ps7_cortexa9_0/standalone_ps7_cortexa9_0/bsp/system.mss
TRACE::2026-04-01.14:39:15::SCWMssOS::DEBUG:  swdes dump  D:/Zynq/vitis/version_2020/23_01_sd_bmp_lcd/vitis/system_wrapper/ps7_cortexa9_0/standalone_ps7_cortexa9_0/bsp/system.mss|system_0||
D:/Zynq/vitis/version_2020/23_01_sd_bmp_lcd/vitis/system_wrapper/zynq_fsbl/zynq_fsbl_bsp/system.mss|system||

TRACE::2026-04-01.14:39:15::SCWMssOS::Sw design exists and opened at  D:/Zynq/vitis/version_2020/23_01_sd_bmp_lcd/vitis/system_wrapper/ps7_cortexa9_0/standalone_ps7_cortexa9_0/bsp/system.mss
TRACE::2026-04-01.14:39:15::SCWPlatform::Trying to open the hw design at D:/Zynq/vitis/version_2020/23_01_sd_bmp_lcd/vitis/system_wrapper/hw/system_wrapper.xsa
TRACE::2026-04-01.14:39:15::SCWPlatform::DSA given D:/Zynq/vitis/version_2020/23_01_sd_bmp_lcd/vitis/system_wrapper/hw/system_wrapper.xsa
TRACE::2026-04-01.14:39:15::SCWPlatform::DSA absoulate path D:/Zynq/vitis/version_2020/23_01_sd_bmp_lcd/vitis/system_wrapper/hw/system_wrapper.xsa
TRACE::2026-04-01.14:39:15::SCWPlatform::DSA directory D:/Zynq/vitis/version_2020/23_01_sd_bmp_lcd/vitis/system_wrapper/hw
TRACE::2026-04-01.14:39:15::SCWPlatform:: Platform Path D:/Zynq/vitis/version_2020/23_01_sd_bmp_lcd/vitis/system_wrapper/hw/system_wrapper.xsa
TRACE::2026-04-01.14:39:15::SCWPlatform:: Unique name xilinx:::0.0
TRACE::2026-04-01.14:39:15::SCWPlatform::Trying to set the existing hwdb with name system_wrapper_0
TRACE::2026-04-01.14:39:15::SCWPlatform::Opened existing hwdb system_wrapper_0
TRACE::2026-04-01.14:39:15::SCWPlatform::Found the Hw Db part of the input DSA
TRACE::2026-04-01.14:39:15::SCWMssOS::Checking the sw design at  D:/Zynq/vitis/version_2020/23_01_sd_bmp_lcd/vitis/system_wrapper/ps7_cortexa9_0/standalone_ps7_cortexa9_0/bsp/system.mss
TRACE::2026-04-01.14:39:15::SCWMssOS::DEBUG:  swdes dump  D:/Zynq/vitis/version_2020/23_01_sd_bmp_lcd/vitis/system_wrapper/ps7_cortexa9_0/standalone_ps7_cortexa9_0/bsp/system.mss|system_0||
D:/Zynq/vitis/version_2020/23_01_sd_bmp_lcd/vitis/system_wrapper/zynq_fsbl/zynq_fsbl_bsp/system.mss|system||

TRACE::2026-04-01.14:39:15::SCWMssOS::Sw design exists and opened at  D:/Zynq/vitis/version_2020/23_01_sd_bmp_lcd/vitis/system_wrapper/ps7_cortexa9_0/standalone_ps7_cortexa9_0/bsp/system.mss
TRACE::2026-04-01.14:39:15::SCWPlatform::Trying to open the hw design at D:/Zynq/vitis/version_2020/23_01_sd_bmp_lcd/vitis/system_wrapper/hw/system_wrapper.xsa
TRACE::2026-04-01.14:39:15::SCWPlatform::DSA given D:/Zynq/vitis/version_2020/23_01_sd_bmp_lcd/vitis/system_wrapper/hw/system_wrapper.xsa
TRACE::2026-04-01.14:39:15::SCWPlatform::DSA absoulate path D:/Zynq/vitis/version_2020/23_01_sd_bmp_lcd/vitis/system_wrapper/hw/system_wrapper.xsa
TRACE::2026-04-01.14:39:15::SCWPlatform::DSA directory D:/Zynq/vitis/version_2020/23_01_sd_bmp_lcd/vitis/system_wrapper/hw
TRACE::2026-04-01.14:39:15::SCWPlatform:: Platform Path D:/Zynq/vitis/version_2020/23_01_sd_bmp_lcd/vitis/system_wrapper/hw/system_wrapper.xsa
TRACE::2026-04-01.14:39:15::SCWPlatform:: Unique name xilinx:::0.0
TRACE::2026-04-01.14:39:15::SCWPlatform::Trying to set the existing hwdb with name system_wrapper_0
TRACE::2026-04-01.14:39:15::SCWPlatform::Opened existing hwdb system_wrapper_0
TRACE::2026-04-01.14:39:15::SCWPlatform::Found the Hw Db part of the input DSA
TRACE::2026-04-01.14:39:15::SCWMssOS::Checking the sw design at  D:/Zynq/vitis/version_2020/23_01_sd_bmp_lcd/vitis/system_wrapper/ps7_cortexa9_0/standalone_ps7_cortexa9_0/bsp/system.mss
TRACE::2026-04-01.14:39:15::SCWMssOS::DEBUG:  swdes dump  D:/Zynq/vitis/version_2020/23_01_sd_bmp_lcd/vitis/system_wrapper/ps7_cortexa9_0/standalone_ps7_cortexa9_0/bsp/system.mss|system_0||
D:/Zynq/vitis/version_2020/23_01_sd_bmp_lcd/vitis/system_wrapper/zynq_fsbl/zynq_fsbl_bsp/system.mss|system||

TRACE::2026-04-01.14:39:15::SCWMssOS::Sw design exists and opened at  D:/Zynq/vitis/version_2020/23_01_sd_bmp_lcd/vitis/system_wrapper/ps7_cortexa9_0/standalone_ps7_cortexa9_0/bsp/system.mss
TRACE::2026-04-01.14:39:15::SCWWriter::formatted JSON is {
	"platformName":	"system_wrapper",
	"sprVersion":	"2.0",
	"mode":	"gui",
	"dsaType":	"Fixed",
	"platformDesc":	"system_wrapper",
	"platHandOff":	"<platformDir>.xsa",
	"platIntHandOff":	"<platformDir>/hw/system_wrapper.xsa",
	"deviceType":	"zynq",
	"platIsPrebuiltAutogen":	"false",
	"platIsNoBootBsp":	"false",
	"platFsblTarget":	"ps7_cortexa9_0",
	"hasFsblMakeHasChanges":	"false",
	"hasPmufwMakeHasChanges":	"false",
	"fsblExtraCompilerFlags":	"-MMD -MP       -mcpu=cortex-a9 -mfpu=vfpv3 -mfloat-abi=hard ",
	"platPreBuiltFlag":	false,
	"platformSamplesDir":	"",
	"platActiveSys":	"system_wrapper",
	"systems":	[{
			"systemName":	"system_wrapper",
			"systemDesc":	"system_wrapper",
			"sysIsBootAutoGen":	"true",
			"systemDispName":	"system_wrapper",
			"sysActiveDom":	"standalone_ps7_cortexa9_0",
			"sysDefaultDom":	"standalone_ps7_cortexa9_0",
			"domains":	[{
					"domainName":	"zynq_fsbl",
					"domainDispName":	"zynq_fsbl",
					"domainDesc":	"FSBL Application BSP - Auto Generated.",
					"processors":	"ps7_cortexa9_0",
					"os":	"standalone",
					"sdxOs":	"standalone",
					"debugEnable":	"",
					"domRuntimes":	["cpp"],
					"swRepo":	"",
					"mssOsVer":	"7.3",
					"mssFile":	"",
					"md5Digest":	"859314a3ecadd41c03fc4d7adee735a0",
					"compatibleApp":	"zynq_fsbl",
					"domType":	"bootDomain",
					"arch":	"32-bit",
					"appSettings":	{
						"appCompilerFlags":	"",
						"appLinkerFlags":	""
					},
					"addedLibs":	["xilffs:4.4", "xilrsa:1.6"],
					"libOptions":	{
						"libsContainingOptions":	[]
					},
					"prebuiltLibs":	{
						"prebuiltIncPath":	[],
						"prebuiltLibPath":	[]
					},
					"isolation":	{
					}
				}, {
					"domainName":	"standalone_ps7_cortexa9_0",
					"domainDispName":	"standalone_ps7_cortexa9_0",
					"domainDesc":	"standalone_ps7_cortexa9_0",
					"processors":	"ps7_cortexa9_0",
					"os":	"standalone",
					"sdxOs":	"standalone",
					"qemuArgs":	"C:/Xilinx/Vitis/2020.2/data/emulation/platforms/zynq/sw/a9_standalone/qemu/qemu_args.txt",
					"qemuData":	"C:/Xilinx/Vitis/2020.2/data/emulation/platforms/zynq/sw/a9_standalone/qemu/",
					"debugEnable":	"False",
					"domRuntimes":	["cpp"],
					"swRepo":	"",
					"mssOsVer":	"7.3",
					"mssFile":	"",
					"md5Digest":	"1a21bc5aabc8de73e3f381fb4dcd7621",
					"compatibleApp":	"empty_application",
					"domType":	"mssDomain",
					"arch":	"32-bit",
					"appSettings":	{
						"appCompilerFlags":	"",
						"appLinkerFlags":	""
					},
					"addedLibs":	[],
					"libOptions":	{
						"libsContainingOptions":	[]
					},
					"prebuiltLibs":	{
						"prebuiltIncPath":	[],
						"prebuiltLibPath":	[]
					},
					"isolation":	{
					}
				}]
		}]
}
KEYINFO::2026-04-01.14:39:15::SCWPlatform::updated the xpfm file.
TRACE::2026-04-01.14:39:15::SCWPlatform::Trying to open the hw design at D:/Zynq/vitis/version_2020/23_01_sd_bmp_lcd/vitis/system_wrapper/hw/system_wrapper.xsa
TRACE::2026-04-01.14:39:15::SCWPlatform::DSA given D:/Zynq/vitis/version_2020/23_01_sd_bmp_lcd/vitis/system_wrapper/hw/system_wrapper.xsa
TRACE::2026-04-01.14:39:15::SCWPlatform::DSA absoulate path D:/Zynq/vitis/version_2020/23_01_sd_bmp_lcd/vitis/system_wrapper/hw/system_wrapper.xsa
TRACE::2026-04-01.14:39:15::SCWPlatform::DSA directory D:/Zynq/vitis/version_2020/23_01_sd_bmp_lcd/vitis/system_wrapper/hw
TRACE::2026-04-01.14:39:15::SCWPlatform:: Platform Path D:/Zynq/vitis/version_2020/23_01_sd_bmp_lcd/vitis/system_wrapper/hw/system_wrapper.xsa
TRACE::2026-04-01.14:39:15::SCWPlatform:: Unique name xilinx:::0.0
TRACE::2026-04-01.14:39:15::SCWPlatform::Trying to set the existing hwdb with name system_wrapper_0
TRACE::2026-04-01.14:39:15::SCWPlatform::Opened existing hwdb system_wrapper_0
TRACE::2026-04-01.14:39:15::SCWPlatform::Found the Hw Db part of the input DSA
TRACE::2026-04-01.14:39:15::SCWMssOS::Checking the sw design at  D:/Zynq/vitis/version_2020/23_01_sd_bmp_lcd/vitis/system_wrapper/ps7_cortexa9_0/standalone_ps7_cortexa9_0/bsp/system.mss
TRACE::2026-04-01.14:39:15::SCWMssOS::DEBUG:  swdes dump  D:/Zynq/vitis/version_2020/23_01_sd_bmp_lcd/vitis/system_wrapper/ps7_cortexa9_0/standalone_ps7_cortexa9_0/bsp/system.mss|system_0||
D:/Zynq/vitis/version_2020/23_01_sd_bmp_lcd/vitis/system_wrapper/zynq_fsbl/zynq_fsbl_bsp/system.mss|system||

TRACE::2026-04-01.14:39:15::SCWMssOS::Sw design exists and opened at  D:/Zynq/vitis/version_2020/23_01_sd_bmp_lcd/vitis/system_wrapper/ps7_cortexa9_0/standalone_ps7_cortexa9_0/bsp/system.mss
TRACE::2026-04-01.14:42:00::SCWPlatform::Clearing the existing platform
TRACE::2026-04-01.14:42:00::SCWSystem::Clearing the existing sysconfig
TRACE::2026-04-01.14:42:00::SCWBDomain::clearing the fsbl build
TRACE::2026-04-01.14:42:00::SCWMssOS::Removing the swdes entry for  D:/Zynq/vitis/version_2020/23_01_sd_bmp_lcd/vitis/system_wrapper/zynq_fsbl/zynq_fsbl_bsp/system.mss
TRACE::2026-04-01.14:42:00::SCWMssOS::Removing the swdes entry for  D:/Zynq/vitis/version_2020/23_01_sd_bmp_lcd/vitis/system_wrapper/ps7_cortexa9_0/standalone_ps7_cortexa9_0/bsp/system.mss
TRACE::2026-04-01.14:42:00::SCWSystem::Clearing the domains completed.
TRACE::2026-04-01.14:42:00::SCWPlatform::Clearing the opened hw db.
TRACE::2026-04-01.14:42:00::SCWPlatform::DSA given D:/Zynq/vitis/version_2020/23_01_sd_bmp_lcd/vitis/system_wrapper/hw/system_wrapper.xsa
TRACE::2026-04-01.14:42:00::SCWPlatform::DSA absoulate path D:/Zynq/vitis/version_2020/23_01_sd_bmp_lcd/vitis/system_wrapper/hw/system_wrapper.xsa
TRACE::2026-04-01.14:42:00::SCWPlatform:: Platform location is D:/Zynq/vitis/version_2020/23_01_sd_bmp_lcd/vitis/system_wrapper/hw
TRACE::2026-04-01.14:42:00::SCWPlatform:: Platform Path D:/Zynq/vitis/version_2020/23_01_sd_bmp_lcd/vitis/system_wrapper/hw/system_wrapper.xsa
TRACE::2026-04-01.14:42:00::SCWPlatform:: Unique name xilinx:::0.0
TRACE::2026-04-01.14:42:00::SCWPlatform::Removing the HwDB with name D:/Zynq/vitis/version_2020/23_01_sd_bmp_lcd/vitis/system_wrapper/hw/system_wrapper.xsa
TRACE::2026-04-01.14:42:00::SCWPlatform::Trying to open the hw design at D:/Zynq/vitis/version_2020/23_01_sd_bmp_lcd/vitis/system_wrapper/hw/system_wrapper.xsa
TRACE::2026-04-01.14:42:00::SCWPlatform::DSA given D:/Zynq/vitis/version_2020/23_01_sd_bmp_lcd/vitis/system_wrapper/hw/system_wrapper.xsa
TRACE::2026-04-01.14:42:00::SCWPlatform::DSA absoulate path D:/Zynq/vitis/version_2020/23_01_sd_bmp_lcd/vitis/system_wrapper/hw/system_wrapper.xsa
TRACE::2026-04-01.14:42:00::SCWPlatform::DSA directory D:/Zynq/vitis/version_2020/23_01_sd_bmp_lcd/vitis/system_wrapper/hw
TRACE::2026-04-01.14:42:00::SCWPlatform:: Platform Path D:/Zynq/vitis/version_2020/23_01_sd_bmp_lcd/vitis/system_wrapper/hw/system_wrapper.xsa
TRACE::2026-04-01.14:42:00::SCWPlatform:: Unique name xilinx:::0.0
TRACE::2026-04-01.14:42:00::SCWPlatform::Do not have an existing db opened. 
TRACE::2026-04-01.14:42:01::SCWPlatform::Opened new HwDB with name system_wrapper_2
TRACE::2026-04-01.14:42:01::SCWReader::Active system found as  system_wrapper
TRACE::2026-04-01.14:42:01::SCWReader::Handling sysconfig system_wrapper
TRACE::2026-04-01.14:42:01::SCWDomain::checking for install qemu data   : 
TRACE::2026-04-01.14:42:01::SCWDomain:: Using the QEMU Data from install at  : C:/Xilinx/Vitis/2020.2/data/emulation/platforms/zynq/sw/a9_standalone/qemu/
TRACE::2026-04-01.14:42:01::SCWDomain:: Using the QEMU args  from install at  : C:/Xilinx/Vitis/2020.2/data/emulation/platforms/zynq/sw/a9_standalone/qemu/qemu_args.txt
TRACE::2026-04-01.14:42:01::SCWPlatform::Trying to open the hw design at D:/Zynq/vitis/version_2020/23_01_sd_bmp_lcd/vitis/system_wrapper/hw/system_wrapper.xsa
TRACE::2026-04-01.14:42:01::SCWPlatform::DSA given D:/Zynq/vitis/version_2020/23_01_sd_bmp_lcd/vitis/system_wrapper/hw/system_wrapper.xsa
TRACE::2026-04-01.14:42:01::SCWPlatform::DSA absoulate path D:/Zynq/vitis/version_2020/23_01_sd_bmp_lcd/vitis/system_wrapper/hw/system_wrapper.xsa
TRACE::2026-04-01.14:42:01::SCWPlatform::DSA directory D:/Zynq/vitis/version_2020/23_01_sd_bmp_lcd/vitis/system_wrapper/hw
TRACE::2026-04-01.14:42:01::SCWPlatform:: Platform Path D:/Zynq/vitis/version_2020/23_01_sd_bmp_lcd/vitis/system_wrapper/hw/system_wrapper.xsa
TRACE::2026-04-01.14:42:01::SCWPlatform:: Unique name xilinx:::0.0
TRACE::2026-04-01.14:42:01::SCWPlatform::Trying to set the existing hwdb with name system_wrapper_2
TRACE::2026-04-01.14:42:01::SCWPlatform::Opened existing hwdb system_wrapper_2
TRACE::2026-04-01.14:42:01::SCWPlatform::Found the Hw Db part of the input DSA
TRACE::2026-04-01.14:42:01::SCWPlatform::Trying to open the hw design at D:/Zynq/vitis/version_2020/23_01_sd_bmp_lcd/vitis/system_wrapper/hw/system_wrapper.xsa
TRACE::2026-04-01.14:42:01::SCWPlatform::DSA given D:/Zynq/vitis/version_2020/23_01_sd_bmp_lcd/vitis/system_wrapper/hw/system_wrapper.xsa
TRACE::2026-04-01.14:42:01::SCWPlatform::DSA absoulate path D:/Zynq/vitis/version_2020/23_01_sd_bmp_lcd/vitis/system_wrapper/hw/system_wrapper.xsa
TRACE::2026-04-01.14:42:01::SCWPlatform::DSA directory D:/Zynq/vitis/version_2020/23_01_sd_bmp_lcd/vitis/system_wrapper/hw
TRACE::2026-04-01.14:42:01::SCWPlatform:: Platform Path D:/Zynq/vitis/version_2020/23_01_sd_bmp_lcd/vitis/system_wrapper/hw/system_wrapper.xsa
TRACE::2026-04-01.14:42:01::SCWPlatform:: Unique name xilinx:::0.0
TRACE::2026-04-01.14:42:01::SCWPlatform::Trying to set the existing hwdb with name system_wrapper_2
TRACE::2026-04-01.14:42:01::SCWPlatform::Opened existing hwdb system_wrapper_2
TRACE::2026-04-01.14:42:01::SCWPlatform::Found the Hw Db part of the input DSA
TRACE::2026-04-01.14:42:01::SCWPlatform::Trying to open the hw design at D:/Zynq/vitis/version_2020/23_01_sd_bmp_lcd/vitis/system_wrapper/hw/system_wrapper.xsa
TRACE::2026-04-01.14:42:01::SCWPlatform::DSA given D:/Zynq/vitis/version_2020/23_01_sd_bmp_lcd/vitis/system_wrapper/hw/system_wrapper.xsa
TRACE::2026-04-01.14:42:01::SCWPlatform::DSA absoulate path D:/Zynq/vitis/version_2020/23_01_sd_bmp_lcd/vitis/system_wrapper/hw/system_wrapper.xsa
TRACE::2026-04-01.14:42:01::SCWPlatform::DSA directory D:/Zynq/vitis/version_2020/23_01_sd_bmp_lcd/vitis/system_wrapper/hw
TRACE::2026-04-01.14:42:01::SCWPlatform:: Platform Path D:/Zynq/vitis/version_2020/23_01_sd_bmp_lcd/vitis/system_wrapper/hw/system_wrapper.xsa
TRACE::2026-04-01.14:42:01::SCWPlatform:: Unique name xilinx:::0.0
TRACE::2026-04-01.14:42:01::SCWPlatform::Trying to set the existing hwdb with name system_wrapper_2
TRACE::2026-04-01.14:42:01::SCWPlatform::Opened existing hwdb system_wrapper_2
TRACE::2026-04-01.14:42:01::SCWPlatform::Found the Hw Db part of the input DSA
TRACE::2026-04-01.14:42:01::SCWReader::Boot application domain added for zynq_fsbl
TRACE::2026-04-01.14:42:01::SCWPlatform::Trying to open the hw design at D:/Zynq/vitis/version_2020/23_01_sd_bmp_lcd/vitis/system_wrapper/hw/system_wrapper.xsa
TRACE::2026-04-01.14:42:01::SCWPlatform::DSA given D:/Zynq/vitis/version_2020/23_01_sd_bmp_lcd/vitis/system_wrapper/hw/system_wrapper.xsa
TRACE::2026-04-01.14:42:01::SCWPlatform::DSA absoulate path D:/Zynq/vitis/version_2020/23_01_sd_bmp_lcd/vitis/system_wrapper/hw/system_wrapper.xsa
TRACE::2026-04-01.14:42:01::SCWPlatform::DSA directory D:/Zynq/vitis/version_2020/23_01_sd_bmp_lcd/vitis/system_wrapper/hw
TRACE::2026-04-01.14:42:01::SCWPlatform:: Platform Path D:/Zynq/vitis/version_2020/23_01_sd_bmp_lcd/vitis/system_wrapper/hw/system_wrapper.xsa
TRACE::2026-04-01.14:42:01::SCWPlatform:: Unique name xilinx:::0.0
TRACE::2026-04-01.14:42:01::SCWPlatform::Trying to set the existing hwdb with name system_wrapper_2
TRACE::2026-04-01.14:42:01::SCWPlatform::Opened existing hwdb system_wrapper_2
TRACE::2026-04-01.14:42:01::SCWPlatform::Found the Hw Db part of the input DSA
TRACE::2026-04-01.14:42:01::SCWMssOS::Checking the sw design at  D:/Zynq/vitis/version_2020/23_01_sd_bmp_lcd/vitis/system_wrapper/zynq_fsbl/zynq_fsbl_bsp/system.mss
TRACE::2026-04-01.14:42:01::SCWMssOS::DEBUG:  swdes dump  
TRACE::2026-04-01.14:42:01::SCWMssOS::No sw design opened at  D:/Zynq/vitis/version_2020/23_01_sd_bmp_lcd/vitis/system_wrapper/zynq_fsbl/zynq_fsbl_bsp/system.mss
TRACE::2026-04-01.14:42:01::SCWMssOS::mss exists loading the mss file  D:/Zynq/vitis/version_2020/23_01_sd_bmp_lcd/vitis/system_wrapper/zynq_fsbl/zynq_fsbl_bsp/system.mss
TRACE::2026-04-01.14:42:01::SCWMssOS::Opened the sw design from mss  D:/Zynq/vitis/version_2020/23_01_sd_bmp_lcd/vitis/system_wrapper/zynq_fsbl/zynq_fsbl_bsp/system.mss
TRACE::2026-04-01.14:42:01::SCWMssOS::Adding the swdes entry D:/Zynq/vitis/version_2020/23_01_sd_bmp_lcd/vitis/system_wrapper/zynq_fsbl/zynq_fsbl_bsp/system.mss with des name system
TRACE::2026-04-01.14:42:01::SCWMssOS::updating the scw layer about changes
TRACE::2026-04-01.14:42:01::SCWMssOS::Opened the sw design.  D:/Zynq/vitis/version_2020/23_01_sd_bmp_lcd/vitis/system_wrapper/zynq_fsbl/zynq_fsbl_bsp/system.mss
TRACE::2026-04-01.14:42:01::SCWPlatform::Trying to open the hw design at D:/Zynq/vitis/version_2020/23_01_sd_bmp_lcd/vitis/system_wrapper/hw/system_wrapper.xsa
TRACE::2026-04-01.14:42:01::SCWPlatform::DSA given D:/Zynq/vitis/version_2020/23_01_sd_bmp_lcd/vitis/system_wrapper/hw/system_wrapper.xsa
TRACE::2026-04-01.14:42:01::SCWPlatform::DSA absoulate path D:/Zynq/vitis/version_2020/23_01_sd_bmp_lcd/vitis/system_wrapper/hw/system_wrapper.xsa
TRACE::2026-04-01.14:42:01::SCWPlatform::DSA directory D:/Zynq/vitis/version_2020/23_01_sd_bmp_lcd/vitis/system_wrapper/hw
TRACE::2026-04-01.14:42:01::SCWPlatform:: Platform Path D:/Zynq/vitis/version_2020/23_01_sd_bmp_lcd/vitis/system_wrapper/hw/system_wrapper.xsa
TRACE::2026-04-01.14:42:01::SCWPlatform:: Unique name xilinx:::0.0
TRACE::2026-04-01.14:42:01::SCWPlatform::Trying to set the existing hwdb with name system_wrapper_2
TRACE::2026-04-01.14:42:01::SCWPlatform::Opened existing hwdb system_wrapper_2
TRACE::2026-04-01.14:42:01::SCWPlatform::Found the Hw Db part of the input DSA
TRACE::2026-04-01.14:42:01::SCWMssOS::Checking the sw design at  D:/Zynq/vitis/version_2020/23_01_sd_bmp_lcd/vitis/system_wrapper/zynq_fsbl/zynq_fsbl_bsp/system.mss
TRACE::2026-04-01.14:42:01::SCWMssOS::DEBUG:  swdes dump  D:/Zynq/vitis/version_2020/23_01_sd_bmp_lcd/vitis/system_wrapper/zynq_fsbl/zynq_fsbl_bsp/system.mss|system||

TRACE::2026-04-01.14:42:01::SCWMssOS::Sw design exists and opened at  D:/Zynq/vitis/version_2020/23_01_sd_bmp_lcd/vitis/system_wrapper/zynq_fsbl/zynq_fsbl_bsp/system.mss
TRACE::2026-04-01.14:42:01::SCWMssOS:: library already available in sw design:  xilffs:4.4
TRACE::2026-04-01.14:42:01::SCWPlatform::Trying to open the hw design at D:/Zynq/vitis/version_2020/23_01_sd_bmp_lcd/vitis/system_wrapper/hw/system_wrapper.xsa
TRACE::2026-04-01.14:42:01::SCWPlatform::DSA given D:/Zynq/vitis/version_2020/23_01_sd_bmp_lcd/vitis/system_wrapper/hw/system_wrapper.xsa
TRACE::2026-04-01.14:42:01::SCWPlatform::DSA absoulate path D:/Zynq/vitis/version_2020/23_01_sd_bmp_lcd/vitis/system_wrapper/hw/system_wrapper.xsa
TRACE::2026-04-01.14:42:01::SCWPlatform::DSA directory D:/Zynq/vitis/version_2020/23_01_sd_bmp_lcd/vitis/system_wrapper/hw
TRACE::2026-04-01.14:42:01::SCWPlatform:: Platform Path D:/Zynq/vitis/version_2020/23_01_sd_bmp_lcd/vitis/system_wrapper/hw/system_wrapper.xsa
TRACE::2026-04-01.14:42:01::SCWPlatform:: Unique name xilinx:::0.0
TRACE::2026-04-01.14:42:01::SCWPlatform::Trying to set the existing hwdb with name system_wrapper_2
TRACE::2026-04-01.14:42:01::SCWPlatform::Opened existing hwdb system_wrapper_2
TRACE::2026-04-01.14:42:01::SCWPlatform::Found the Hw Db part of the input DSA
TRACE::2026-04-01.14:42:01::SCWMssOS::Checking the sw design at  D:/Zynq/vitis/version_2020/23_01_sd_bmp_lcd/vitis/system_wrapper/zynq_fsbl/zynq_fsbl_bsp/system.mss
TRACE::2026-04-01.14:42:01::SCWMssOS::DEBUG:  swdes dump  D:/Zynq/vitis/version_2020/23_01_sd_bmp_lcd/vitis/system_wrapper/zynq_fsbl/zynq_fsbl_bsp/system.mss|system||

TRACE::2026-04-01.14:42:01::SCWMssOS::Sw design exists and opened at  D:/Zynq/vitis/version_2020/23_01_sd_bmp_lcd/vitis/system_wrapper/zynq_fsbl/zynq_fsbl_bsp/system.mss
TRACE::2026-04-01.14:42:01::SCWMssOS:: library already available in sw design:  xilrsa:1.6
TRACE::2026-04-01.14:42:01::SCWMssOS::Saving the mss changes D:/Zynq/vitis/version_2020/23_01_sd_bmp_lcd/vitis/system_wrapper/zynq_fsbl/zynq_fsbl_bsp/system.mss
TRACE::2026-04-01.14:42:01::SCWMssOS::Found a swdesign opened with the mssfile.
TRACE::2026-04-01.14:42:01::SCWMssOS::Completed writemss as part of save.
TRACE::2026-04-01.14:42:01::SCWMssOS::Commit changes completed.
TRACE::2026-04-01.14:42:01::SCWReader::Adding prebuilt librarypaths as   
TRACE::2026-04-01.14:42:01::SCWReader::Adding prebuilt incpaths  as   
TRACE::2026-04-01.14:42:01::SCWPlatform::Trying to open the hw design at D:/Zynq/vitis/version_2020/23_01_sd_bmp_lcd/vitis/system_wrapper/hw/system_wrapper.xsa
TRACE::2026-04-01.14:42:01::SCWPlatform::DSA given D:/Zynq/vitis/version_2020/23_01_sd_bmp_lcd/vitis/system_wrapper/hw/system_wrapper.xsa
TRACE::2026-04-01.14:42:01::SCWPlatform::DSA absoulate path D:/Zynq/vitis/version_2020/23_01_sd_bmp_lcd/vitis/system_wrapper/hw/system_wrapper.xsa
TRACE::2026-04-01.14:42:01::SCWPlatform::DSA directory D:/Zynq/vitis/version_2020/23_01_sd_bmp_lcd/vitis/system_wrapper/hw
TRACE::2026-04-01.14:42:01::SCWPlatform:: Platform Path D:/Zynq/vitis/version_2020/23_01_sd_bmp_lcd/vitis/system_wrapper/hw/system_wrapper.xsa
TRACE::2026-04-01.14:42:01::SCWPlatform:: Unique name xilinx:::0.0
TRACE::2026-04-01.14:42:01::SCWPlatform::Trying to set the existing hwdb with name system_wrapper_2
TRACE::2026-04-01.14:42:01::SCWPlatform::Opened existing hwdb system_wrapper_2
TRACE::2026-04-01.14:42:01::SCWPlatform::Found the Hw Db part of the input DSA
TRACE::2026-04-01.14:42:01::SCWMssOS::Checking the sw design at  D:/Zynq/vitis/version_2020/23_01_sd_bmp_lcd/vitis/system_wrapper/zynq_fsbl/zynq_fsbl_bsp/system.mss
TRACE::2026-04-01.14:42:01::SCWMssOS::DEBUG:  swdes dump  D:/Zynq/vitis/version_2020/23_01_sd_bmp_lcd/vitis/system_wrapper/zynq_fsbl/zynq_fsbl_bsp/system.mss|system||

TRACE::2026-04-01.14:42:01::SCWMssOS::Sw design exists and opened at  D:/Zynq/vitis/version_2020/23_01_sd_bmp_lcd/vitis/system_wrapper/zynq_fsbl/zynq_fsbl_bsp/system.mss
TRACE::2026-04-01.14:42:01::SCWReader::No isolation master present  
TRACE::2026-04-01.14:42:01::SCWDomain::checking for install qemu data   : 
TRACE::2026-04-01.14:42:01::SCWDomain:: Using the QEMU Data from install at  : C:/Xilinx/Vitis/2020.2/data/emulation/platforms/zynq/sw/a9_standalone/qemu/
TRACE::2026-04-01.14:42:01::SCWDomain:: Using the QEMU args  from install at  : C:/Xilinx/Vitis/2020.2/data/emulation/platforms/zynq/sw/a9_standalone/qemu/qemu_args.txt
TRACE::2026-04-01.14:42:01::SCWPlatform::Trying to open the hw design at D:/Zynq/vitis/version_2020/23_01_sd_bmp_lcd/vitis/system_wrapper/hw/system_wrapper.xsa
TRACE::2026-04-01.14:42:01::SCWPlatform::DSA given D:/Zynq/vitis/version_2020/23_01_sd_bmp_lcd/vitis/system_wrapper/hw/system_wrapper.xsa
TRACE::2026-04-01.14:42:01::SCWPlatform::DSA absoulate path D:/Zynq/vitis/version_2020/23_01_sd_bmp_lcd/vitis/system_wrapper/hw/system_wrapper.xsa
TRACE::2026-04-01.14:42:01::SCWPlatform::DSA directory D:/Zynq/vitis/version_2020/23_01_sd_bmp_lcd/vitis/system_wrapper/hw
TRACE::2026-04-01.14:42:01::SCWPlatform:: Platform Path D:/Zynq/vitis/version_2020/23_01_sd_bmp_lcd/vitis/system_wrapper/hw/system_wrapper.xsa
TRACE::2026-04-01.14:42:01::SCWPlatform:: Unique name xilinx:::0.0
TRACE::2026-04-01.14:42:01::SCWPlatform::Trying to set the existing hwdb with name system_wrapper_2
TRACE::2026-04-01.14:42:01::SCWPlatform::Opened existing hwdb system_wrapper_2
TRACE::2026-04-01.14:42:01::SCWPlatform::Found the Hw Db part of the input DSA
TRACE::2026-04-01.14:42:01::SCWPlatform::Trying to open the hw design at D:/Zynq/vitis/version_2020/23_01_sd_bmp_lcd/vitis/system_wrapper/hw/system_wrapper.xsa
TRACE::2026-04-01.14:42:01::SCWPlatform::DSA given D:/Zynq/vitis/version_2020/23_01_sd_bmp_lcd/vitis/system_wrapper/hw/system_wrapper.xsa
TRACE::2026-04-01.14:42:01::SCWPlatform::DSA absoulate path D:/Zynq/vitis/version_2020/23_01_sd_bmp_lcd/vitis/system_wrapper/hw/system_wrapper.xsa
TRACE::2026-04-01.14:42:01::SCWPlatform::DSA directory D:/Zynq/vitis/version_2020/23_01_sd_bmp_lcd/vitis/system_wrapper/hw
TRACE::2026-04-01.14:42:01::SCWPlatform:: Platform Path D:/Zynq/vitis/version_2020/23_01_sd_bmp_lcd/vitis/system_wrapper/hw/system_wrapper.xsa
TRACE::2026-04-01.14:42:01::SCWPlatform:: Unique name xilinx:::0.0
TRACE::2026-04-01.14:42:01::SCWPlatform::Trying to set the existing hwdb with name system_wrapper_2
TRACE::2026-04-01.14:42:01::SCWPlatform::Opened existing hwdb system_wrapper_2
TRACE::2026-04-01.14:42:01::SCWPlatform::Found the Hw Db part of the input DSA
TRACE::2026-04-01.14:42:01::SCWPlatform::Trying to open the hw design at D:/Zynq/vitis/version_2020/23_01_sd_bmp_lcd/vitis/system_wrapper/hw/system_wrapper.xsa
TRACE::2026-04-01.14:42:01::SCWPlatform::DSA given D:/Zynq/vitis/version_2020/23_01_sd_bmp_lcd/vitis/system_wrapper/hw/system_wrapper.xsa
TRACE::2026-04-01.14:42:01::SCWPlatform::DSA absoulate path D:/Zynq/vitis/version_2020/23_01_sd_bmp_lcd/vitis/system_wrapper/hw/system_wrapper.xsa
TRACE::2026-04-01.14:42:01::SCWPlatform::DSA directory D:/Zynq/vitis/version_2020/23_01_sd_bmp_lcd/vitis/system_wrapper/hw
TRACE::2026-04-01.14:42:01::SCWPlatform:: Platform Path D:/Zynq/vitis/version_2020/23_01_sd_bmp_lcd/vitis/system_wrapper/hw/system_wrapper.xsa
TRACE::2026-04-01.14:42:01::SCWPlatform:: Unique name xilinx:::0.0
TRACE::2026-04-01.14:42:01::SCWPlatform::Trying to set the existing hwdb with name system_wrapper_2
TRACE::2026-04-01.14:42:01::SCWPlatform::Opened existing hwdb system_wrapper_2
TRACE::2026-04-01.14:42:01::SCWPlatform::Found the Hw Db part of the input DSA
TRACE::2026-04-01.14:42:01::SCWMssOS::Checking the sw design at  D:/Zynq/vitis/version_2020/23_01_sd_bmp_lcd/vitis/system_wrapper/ps7_cortexa9_0/standalone_ps7_cortexa9_0/bsp/system.mss
TRACE::2026-04-01.14:42:01::SCWMssOS::DEBUG:  swdes dump  D:/Zynq/vitis/version_2020/23_01_sd_bmp_lcd/vitis/system_wrapper/zynq_fsbl/zynq_fsbl_bsp/system.mss|system||

TRACE::2026-04-01.14:42:01::SCWMssOS::No sw design opened at  D:/Zynq/vitis/version_2020/23_01_sd_bmp_lcd/vitis/system_wrapper/ps7_cortexa9_0/standalone_ps7_cortexa9_0/bsp/system.mss
TRACE::2026-04-01.14:42:01::SCWMssOS::mss exists loading the mss file  D:/Zynq/vitis/version_2020/23_01_sd_bmp_lcd/vitis/system_wrapper/ps7_cortexa9_0/standalone_ps7_cortexa9_0/bsp/system.mss
TRACE::2026-04-01.14:42:01::SCWMssOS::Opened the sw design from mss  D:/Zynq/vitis/version_2020/23_01_sd_bmp_lcd/vitis/system_wrapper/ps7_cortexa9_0/standalone_ps7_cortexa9_0/bsp/system.mss
TRACE::2026-04-01.14:42:01::SCWMssOS::Adding the swdes entry D:/Zynq/vitis/version_2020/23_01_sd_bmp_lcd/vitis/system_wrapper/ps7_cortexa9_0/standalone_ps7_cortexa9_0/bsp/system.mss with des name system_0
TRACE::2026-04-01.14:42:01::SCWMssOS::updating the scw layer about changes
TRACE::2026-04-01.14:42:01::SCWMssOS::Opened the sw design.  D:/Zynq/vitis/version_2020/23_01_sd_bmp_lcd/vitis/system_wrapper/ps7_cortexa9_0/standalone_ps7_cortexa9_0/bsp/system.mss
TRACE::2026-04-01.14:42:01::SCWMssOS::Saving the mss changes D:/Zynq/vitis/version_2020/23_01_sd_bmp_lcd/vitis/system_wrapper/ps7_cortexa9_0/standalone_ps7_cortexa9_0/bsp/system.mss
TRACE::2026-04-01.14:42:01::SCWMssOS::Found a swdesign opened with the mssfile.
TRACE::2026-04-01.14:42:01::SCWMssOS::Completed writemss as part of save.
TRACE::2026-04-01.14:42:01::SCWMssOS::Commit changes completed.
TRACE::2026-04-01.14:42:01::SCWReader::Adding prebuilt librarypaths as   
TRACE::2026-04-01.14:42:01::SCWReader::Adding prebuilt incpaths  as   
TRACE::2026-04-01.14:42:01::SCWPlatform::Trying to open the hw design at D:/Zynq/vitis/version_2020/23_01_sd_bmp_lcd/vitis/system_wrapper/hw/system_wrapper.xsa
TRACE::2026-04-01.14:42:01::SCWPlatform::DSA given D:/Zynq/vitis/version_2020/23_01_sd_bmp_lcd/vitis/system_wrapper/hw/system_wrapper.xsa
TRACE::2026-04-01.14:42:01::SCWPlatform::DSA absoulate path D:/Zynq/vitis/version_2020/23_01_sd_bmp_lcd/vitis/system_wrapper/hw/system_wrapper.xsa
TRACE::2026-04-01.14:42:01::SCWPlatform::DSA directory D:/Zynq/vitis/version_2020/23_01_sd_bmp_lcd/vitis/system_wrapper/hw
TRACE::2026-04-01.14:42:01::SCWPlatform:: Platform Path D:/Zynq/vitis/version_2020/23_01_sd_bmp_lcd/vitis/system_wrapper/hw/system_wrapper.xsa
TRACE::2026-04-01.14:42:01::SCWPlatform:: Unique name xilinx:::0.0
TRACE::2026-04-01.14:42:01::SCWPlatform::Trying to set the existing hwdb with name system_wrapper_2
TRACE::2026-04-01.14:42:01::SCWPlatform::Opened existing hwdb system_wrapper_2
TRACE::2026-04-01.14:42:01::SCWPlatform::Found the Hw Db part of the input DSA
TRACE::2026-04-01.14:42:01::SCWMssOS::Checking the sw design at  D:/Zynq/vitis/version_2020/23_01_sd_bmp_lcd/vitis/system_wrapper/ps7_cortexa9_0/standalone_ps7_cortexa9_0/bsp/system.mss
TRACE::2026-04-01.14:42:01::SCWMssOS::DEBUG:  swdes dump  D:/Zynq/vitis/version_2020/23_01_sd_bmp_lcd/vitis/system_wrapper/ps7_cortexa9_0/standalone_ps7_cortexa9_0/bsp/system.mss|system_0||
D:/Zynq/vitis/version_2020/23_01_sd_bmp_lcd/vitis/system_wrapper/zynq_fsbl/zynq_fsbl_bsp/system.mss|system||

TRACE::2026-04-01.14:42:01::SCWMssOS::Sw design exists and opened at  D:/Zynq/vitis/version_2020/23_01_sd_bmp_lcd/vitis/system_wrapper/ps7_cortexa9_0/standalone_ps7_cortexa9_0/bsp/system.mss
TRACE::2026-04-01.14:42:01::SCWReader::No isolation master present  
TRACE::2026-04-01.14:42:02::SCWPlatform::Trying to open the hw design at D:/Zynq/vitis/version_2020/23_01_sd_bmp_lcd/vitis/system_wrapper/hw/system_wrapper.xsa
TRACE::2026-04-01.14:42:02::SCWPlatform::DSA given D:/Zynq/vitis/version_2020/23_01_sd_bmp_lcd/vitis/system_wrapper/hw/system_wrapper.xsa
TRACE::2026-04-01.14:42:02::SCWPlatform::DSA absoulate path D:/Zynq/vitis/version_2020/23_01_sd_bmp_lcd/vitis/system_wrapper/hw/system_wrapper.xsa
TRACE::2026-04-01.14:42:02::SCWPlatform::DSA directory D:/Zynq/vitis/version_2020/23_01_sd_bmp_lcd/vitis/system_wrapper/hw
TRACE::2026-04-01.14:42:02::SCWPlatform:: Platform Path D:/Zynq/vitis/version_2020/23_01_sd_bmp_lcd/vitis/system_wrapper/hw/system_wrapper.xsa
TRACE::2026-04-01.14:42:02::SCWPlatform:: Unique name xilinx:::0.0
TRACE::2026-04-01.14:42:02::SCWPlatform::Trying to set the existing hwdb with name system_wrapper_2
TRACE::2026-04-01.14:42:02::SCWPlatform::Opened existing hwdb system_wrapper_2
TRACE::2026-04-01.14:42:02::SCWPlatform::Found the Hw Db part of the input DSA
TRACE::2026-04-01.14:42:02::SCWMssOS::Checking the sw design at  D:/Zynq/vitis/version_2020/23_01_sd_bmp_lcd/vitis/system_wrapper/ps7_cortexa9_0/standalone_ps7_cortexa9_0/bsp/system.mss
TRACE::2026-04-01.14:42:02::SCWMssOS::DEBUG:  swdes dump  D:/Zynq/vitis/version_2020/23_01_sd_bmp_lcd/vitis/system_wrapper/ps7_cortexa9_0/standalone_ps7_cortexa9_0/bsp/system.mss|system_0||
D:/Zynq/vitis/version_2020/23_01_sd_bmp_lcd/vitis/system_wrapper/zynq_fsbl/zynq_fsbl_bsp/system.mss|system||

TRACE::2026-04-01.14:42:02::SCWMssOS::Sw design exists and opened at  D:/Zynq/vitis/version_2020/23_01_sd_bmp_lcd/vitis/system_wrapper/ps7_cortexa9_0/standalone_ps7_cortexa9_0/bsp/system.mss
TRACE::2026-04-01.14:42:02::SCWMssOS::In reload Mss file.
TRACE::2026-04-01.14:42:02::SCWPlatform::Trying to open the hw design at D:/Zynq/vitis/version_2020/23_01_sd_bmp_lcd/vitis/system_wrapper/hw/system_wrapper.xsa
TRACE::2026-04-01.14:42:02::SCWPlatform::DSA given D:/Zynq/vitis/version_2020/23_01_sd_bmp_lcd/vitis/system_wrapper/hw/system_wrapper.xsa
TRACE::2026-04-01.14:42:02::SCWPlatform::DSA absoulate path D:/Zynq/vitis/version_2020/23_01_sd_bmp_lcd/vitis/system_wrapper/hw/system_wrapper.xsa
TRACE::2026-04-01.14:42:02::SCWPlatform::DSA directory D:/Zynq/vitis/version_2020/23_01_sd_bmp_lcd/vitis/system_wrapper/hw
TRACE::2026-04-01.14:42:02::SCWPlatform:: Platform Path D:/Zynq/vitis/version_2020/23_01_sd_bmp_lcd/vitis/system_wrapper/hw/system_wrapper.xsa
TRACE::2026-04-01.14:42:02::SCWPlatform:: Unique name xilinx:::0.0
TRACE::2026-04-01.14:42:02::SCWPlatform::Trying to set the existing hwdb with name system_wrapper_2
TRACE::2026-04-01.14:42:02::SCWPlatform::Opened existing hwdb system_wrapper_2
TRACE::2026-04-01.14:42:02::SCWPlatform::Found the Hw Db part of the input DSA
TRACE::2026-04-01.14:42:02::SCWMssOS::Checking the sw design at  D:/Zynq/vitis/version_2020/23_01_sd_bmp_lcd/vitis/system_wrapper/ps7_cortexa9_0/standalone_ps7_cortexa9_0/bsp/system.mss
TRACE::2026-04-01.14:42:02::SCWMssOS::DEBUG:  swdes dump  D:/Zynq/vitis/version_2020/23_01_sd_bmp_lcd/vitis/system_wrapper/ps7_cortexa9_0/standalone_ps7_cortexa9_0/bsp/system.mss|system_0||
D:/Zynq/vitis/version_2020/23_01_sd_bmp_lcd/vitis/system_wrapper/zynq_fsbl/zynq_fsbl_bsp/system.mss|system||

KEYINFO::2026-04-01.14:42:02::SCWMssOS::Could not open the swdb for system_0
KEYINFO::2026-04-01.14:42:02::SCWMssOS::Could not open the sw design at  system_0
ERROR: [Hsi 55-1558] Software Design system_0 is not found

TRACE::2026-04-01.14:42:02::SCWMssOS::Cleared the swdb table entry
TRACE::2026-04-01.14:42:02::SCWMssOS::No sw design opened at  D:/Zynq/vitis/version_2020/23_01_sd_bmp_lcd/vitis/system_wrapper/ps7_cortexa9_0/standalone_ps7_cortexa9_0/bsp/system.mss
TRACE::2026-04-01.14:42:02::SCWMssOS::mss exists loading the mss file  D:/Zynq/vitis/version_2020/23_01_sd_bmp_lcd/vitis/system_wrapper/ps7_cortexa9_0/standalone_ps7_cortexa9_0/bsp/system.mss
TRACE::2026-04-01.14:42:02::SCWMssOS::Opened the sw design from mss  D:/Zynq/vitis/version_2020/23_01_sd_bmp_lcd/vitis/system_wrapper/ps7_cortexa9_0/standalone_ps7_cortexa9_0/bsp/system.mss
TRACE::2026-04-01.14:42:02::SCWMssOS::Adding the swdes entry D:/Zynq/vitis/version_2020/23_01_sd_bmp_lcd/vitis/system_wrapper/ps7_cortexa9_0/standalone_ps7_cortexa9_0/bsp/system.mss with des name system_0
TRACE::2026-04-01.14:42:02::SCWMssOS::updating the scw layer about changes
TRACE::2026-04-01.14:42:02::SCWMssOS::Opened the sw design.  D:/Zynq/vitis/version_2020/23_01_sd_bmp_lcd/vitis/system_wrapper/ps7_cortexa9_0/standalone_ps7_cortexa9_0/bsp/system.mss
TRACE::2026-04-01.14:42:02::SCWMssOS::Saving the mss changes D:/Zynq/vitis/version_2020/23_01_sd_bmp_lcd/vitis/system_wrapper/ps7_cortexa9_0/standalone_ps7_cortexa9_0/bsp/system.mss
TRACE::2026-04-01.14:42:02::SCWMssOS::Found a swdesign opened with the mssfile.
TRACE::2026-04-01.14:42:02::SCWMssOS::Completed writemss as part of save.
TRACE::2026-04-01.14:42:02::SCWMssOS::Commit changes completed.
TRACE::2026-04-01.14:42:02::SCWPlatform::Trying to open the hw design at D:/Zynq/vitis/version_2020/23_01_sd_bmp_lcd/vitis/system_wrapper/hw/system_wrapper.xsa
TRACE::2026-04-01.14:42:02::SCWPlatform::DSA given D:/Zynq/vitis/version_2020/23_01_sd_bmp_lcd/vitis/system_wrapper/hw/system_wrapper.xsa
TRACE::2026-04-01.14:42:02::SCWPlatform::DSA absoulate path D:/Zynq/vitis/version_2020/23_01_sd_bmp_lcd/vitis/system_wrapper/hw/system_wrapper.xsa
TRACE::2026-04-01.14:42:02::SCWPlatform::DSA directory D:/Zynq/vitis/version_2020/23_01_sd_bmp_lcd/vitis/system_wrapper/hw
TRACE::2026-04-01.14:42:02::SCWPlatform:: Platform Path D:/Zynq/vitis/version_2020/23_01_sd_bmp_lcd/vitis/system_wrapper/hw/system_wrapper.xsa
TRACE::2026-04-01.14:42:02::SCWPlatform:: Unique name xilinx:::0.0
TRACE::2026-04-01.14:42:02::SCWPlatform::Trying to set the existing hwdb with name system_wrapper_2
TRACE::2026-04-01.14:42:02::SCWPlatform::Opened existing hwdb system_wrapper_2
TRACE::2026-04-01.14:42:02::SCWPlatform::Found the Hw Db part of the input DSA
TRACE::2026-04-01.14:42:02::SCWMssOS::Checking the sw design at  D:/Zynq/vitis/version_2020/23_01_sd_bmp_lcd/vitis/system_wrapper/ps7_cortexa9_0/standalone_ps7_cortexa9_0/bsp/system.mss
TRACE::2026-04-01.14:42:02::SCWMssOS::DEBUG:  swdes dump  D:/Zynq/vitis/version_2020/23_01_sd_bmp_lcd/vitis/system_wrapper/ps7_cortexa9_0/standalone_ps7_cortexa9_0/bsp/system.mss|system_0||
D:/Zynq/vitis/version_2020/23_01_sd_bmp_lcd/vitis/system_wrapper/zynq_fsbl/zynq_fsbl_bsp/system.mss|system||

TRACE::2026-04-01.14:42:02::SCWMssOS::Sw design exists and opened at  D:/Zynq/vitis/version_2020/23_01_sd_bmp_lcd/vitis/system_wrapper/ps7_cortexa9_0/standalone_ps7_cortexa9_0/bsp/system.mss
TRACE::2026-04-01.14:42:02::SCWMssOS::Removing the swdes entry for  D:/Zynq/vitis/version_2020/23_01_sd_bmp_lcd/vitis/system_wrapper/ps7_cortexa9_0/standalone_ps7_cortexa9_0/bsp/system.mss
TRACE::2026-04-01.14:42:04::SCWPlatform::Trying to open the hw design at D:/Zynq/vitis/version_2020/23_01_sd_bmp_lcd/vitis/system_wrapper/hw/system_wrapper.xsa
TRACE::2026-04-01.14:42:04::SCWPlatform::DSA given D:/Zynq/vitis/version_2020/23_01_sd_bmp_lcd/vitis/system_wrapper/hw/system_wrapper.xsa
TRACE::2026-04-01.14:42:04::SCWPlatform::DSA absoulate path D:/Zynq/vitis/version_2020/23_01_sd_bmp_lcd/vitis/system_wrapper/hw/system_wrapper.xsa
TRACE::2026-04-01.14:42:04::SCWPlatform::DSA directory D:/Zynq/vitis/version_2020/23_01_sd_bmp_lcd/vitis/system_wrapper/hw
TRACE::2026-04-01.14:42:04::SCWPlatform:: Platform Path D:/Zynq/vitis/version_2020/23_01_sd_bmp_lcd/vitis/system_wrapper/hw/system_wrapper.xsa
TRACE::2026-04-01.14:42:04::SCWPlatform:: Unique name xilinx:::0.0
TRACE::2026-04-01.14:42:04::SCWPlatform::Trying to set the existing hwdb with name system_wrapper_2
TRACE::2026-04-01.14:42:04::SCWPlatform::Opened existing hwdb system_wrapper_2
TRACE::2026-04-01.14:42:04::SCWPlatform::Found the Hw Db part of the input DSA
TRACE::2026-04-01.14:42:04::SCWMssOS::Checking the sw design at  D:/Zynq/vitis/version_2020/23_01_sd_bmp_lcd/vitis/system_wrapper/ps7_cortexa9_0/standalone_ps7_cortexa9_0/bsp/system.mss
TRACE::2026-04-01.14:42:04::SCWMssOS::DEBUG:  swdes dump  D:/Zynq/vitis/version_2020/23_01_sd_bmp_lcd/vitis/system_wrapper/zynq_fsbl/zynq_fsbl_bsp/system.mss|system||

TRACE::2026-04-01.14:42:04::SCWMssOS::No sw design opened at  D:/Zynq/vitis/version_2020/23_01_sd_bmp_lcd/vitis/system_wrapper/ps7_cortexa9_0/standalone_ps7_cortexa9_0/bsp/system.mss
TRACE::2026-04-01.14:42:04::SCWMssOS::mss exists loading the mss file  D:/Zynq/vitis/version_2020/23_01_sd_bmp_lcd/vitis/system_wrapper/ps7_cortexa9_0/standalone_ps7_cortexa9_0/bsp/system.mss
TRACE::2026-04-01.14:42:04::SCWMssOS::Opened the sw design from mss  D:/Zynq/vitis/version_2020/23_01_sd_bmp_lcd/vitis/system_wrapper/ps7_cortexa9_0/standalone_ps7_cortexa9_0/bsp/system.mss
TRACE::2026-04-01.14:42:04::SCWMssOS::Adding the swdes entry D:/Zynq/vitis/version_2020/23_01_sd_bmp_lcd/vitis/system_wrapper/ps7_cortexa9_0/standalone_ps7_cortexa9_0/bsp/system.mss with des name system_0
TRACE::2026-04-01.14:42:04::SCWMssOS::updating the scw layer about changes
TRACE::2026-04-01.14:42:04::SCWMssOS::Opened the sw design.  D:/Zynq/vitis/version_2020/23_01_sd_bmp_lcd/vitis/system_wrapper/ps7_cortexa9_0/standalone_ps7_cortexa9_0/bsp/system.mss
TRACE::2026-04-01.14:42:11::SCWPlatform::Trying to open the hw design at D:/Zynq/vitis/version_2020/23_01_sd_bmp_lcd/vitis/system_wrapper/hw/system_wrapper.xsa
TRACE::2026-04-01.14:42:11::SCWPlatform::DSA given D:/Zynq/vitis/version_2020/23_01_sd_bmp_lcd/vitis/system_wrapper/hw/system_wrapper.xsa
TRACE::2026-04-01.14:42:11::SCWPlatform::DSA absoulate path D:/Zynq/vitis/version_2020/23_01_sd_bmp_lcd/vitis/system_wrapper/hw/system_wrapper.xsa
TRACE::2026-04-01.14:42:11::SCWPlatform::DSA directory D:/Zynq/vitis/version_2020/23_01_sd_bmp_lcd/vitis/system_wrapper/hw
TRACE::2026-04-01.14:42:11::SCWPlatform:: Platform Path D:/Zynq/vitis/version_2020/23_01_sd_bmp_lcd/vitis/system_wrapper/hw/system_wrapper.xsa
TRACE::2026-04-01.14:42:11::SCWPlatform:: Unique name xilinx:::0.0
TRACE::2026-04-01.14:42:11::SCWPlatform::Trying to set the existing hwdb with name system_wrapper_2
TRACE::2026-04-01.14:42:11::SCWPlatform::Opened existing hwdb system_wrapper_2
TRACE::2026-04-01.14:42:11::SCWPlatform::Found the Hw Db part of the input DSA
TRACE::2026-04-01.14:42:11::SCWMssOS::Checking the sw design at  D:/Zynq/vitis/version_2020/23_01_sd_bmp_lcd/vitis/system_wrapper/ps7_cortexa9_0/standalone_ps7_cortexa9_0/bsp/system.mss
TRACE::2026-04-01.14:42:11::SCWMssOS::DEBUG:  swdes dump  D:/Zynq/vitis/version_2020/23_01_sd_bmp_lcd/vitis/system_wrapper/ps7_cortexa9_0/standalone_ps7_cortexa9_0/bsp/system.mss|system_0||
D:/Zynq/vitis/version_2020/23_01_sd_bmp_lcd/vitis/system_wrapper/zynq_fsbl/zynq_fsbl_bsp/system.mss|system||

TRACE::2026-04-01.14:42:11::SCWMssOS::Sw design exists and opened at  D:/Zynq/vitis/version_2020/23_01_sd_bmp_lcd/vitis/system_wrapper/ps7_cortexa9_0/standalone_ps7_cortexa9_0/bsp/system.mss
TRACE::2026-04-01.14:42:11::SCWMssOS::Adding Library:  xilffs:4.4
TRACE::2026-04-01.14:42:11::SCWMssOS::Added Library:  xilffs
TRACE::2026-04-01.14:42:11::SCWPlatform::Trying to open the hw design at D:/Zynq/vitis/version_2020/23_01_sd_bmp_lcd/vitis/system_wrapper/hw/system_wrapper.xsa
TRACE::2026-04-01.14:42:11::SCWPlatform::DSA given D:/Zynq/vitis/version_2020/23_01_sd_bmp_lcd/vitis/system_wrapper/hw/system_wrapper.xsa
TRACE::2026-04-01.14:42:11::SCWPlatform::DSA absoulate path D:/Zynq/vitis/version_2020/23_01_sd_bmp_lcd/vitis/system_wrapper/hw/system_wrapper.xsa
TRACE::2026-04-01.14:42:11::SCWPlatform::DSA directory D:/Zynq/vitis/version_2020/23_01_sd_bmp_lcd/vitis/system_wrapper/hw
TRACE::2026-04-01.14:42:11::SCWPlatform:: Platform Path D:/Zynq/vitis/version_2020/23_01_sd_bmp_lcd/vitis/system_wrapper/hw/system_wrapper.xsa
TRACE::2026-04-01.14:42:11::SCWPlatform:: Unique name xilinx:::0.0
TRACE::2026-04-01.14:42:11::SCWPlatform::Trying to set the existing hwdb with name system_wrapper_2
TRACE::2026-04-01.14:42:11::SCWPlatform::Opened existing hwdb system_wrapper_2
TRACE::2026-04-01.14:42:11::SCWPlatform::Found the Hw Db part of the input DSA
TRACE::2026-04-01.14:42:11::SCWMssOS::Checking the sw design at  D:/Zynq/vitis/version_2020/23_01_sd_bmp_lcd/vitis/system_wrapper/ps7_cortexa9_0/standalone_ps7_cortexa9_0/bsp/system.mss
TRACE::2026-04-01.14:42:11::SCWMssOS::DEBUG:  swdes dump  D:/Zynq/vitis/version_2020/23_01_sd_bmp_lcd/vitis/system_wrapper/ps7_cortexa9_0/standalone_ps7_cortexa9_0/bsp/system.mss|system_0||
D:/Zynq/vitis/version_2020/23_01_sd_bmp_lcd/vitis/system_wrapper/zynq_fsbl/zynq_fsbl_bsp/system.mss|system||

TRACE::2026-04-01.14:42:11::SCWMssOS::Sw design exists and opened at  D:/Zynq/vitis/version_2020/23_01_sd_bmp_lcd/vitis/system_wrapper/ps7_cortexa9_0/standalone_ps7_cortexa9_0/bsp/system.mss
TRACE::2026-04-01.14:42:29::SCWMssOS::Saving the mss changes D:/Zynq/vitis/version_2020/23_01_sd_bmp_lcd/vitis/system_wrapper/zynq_fsbl/zynq_fsbl_bsp/system.mss
TRACE::2026-04-01.14:42:29::SCWMssOS::Found a swdesign opened with the mssfile.
TRACE::2026-04-01.14:42:29::SCWMssOS::Completed writemss as part of save.
TRACE::2026-04-01.14:42:29::SCWMssOS::Commit changes completed.
TRACE::2026-04-01.14:42:29::SCWMssOS::Saving the mss changes D:/Zynq/vitis/version_2020/23_01_sd_bmp_lcd/vitis/system_wrapper/ps7_cortexa9_0/standalone_ps7_cortexa9_0/bsp/system.mss
TRACE::2026-04-01.14:42:29::SCWMssOS::Found a swdesign opened with the mssfile.
TRACE::2026-04-01.14:42:29::SCWMssOS::Completed writemss as part of save.
TRACE::2026-04-01.14:42:29::SCWMssOS::Commit changes completed.
TRACE::2026-04-01.14:42:29::SCWPlatform::Trying to open the hw design at D:/Zynq/vitis/version_2020/23_01_sd_bmp_lcd/vitis/system_wrapper/hw/system_wrapper.xsa
TRACE::2026-04-01.14:42:29::SCWPlatform::DSA given D:/Zynq/vitis/version_2020/23_01_sd_bmp_lcd/vitis/system_wrapper/hw/system_wrapper.xsa
TRACE::2026-04-01.14:42:29::SCWPlatform::DSA absoulate path D:/Zynq/vitis/version_2020/23_01_sd_bmp_lcd/vitis/system_wrapper/hw/system_wrapper.xsa
TRACE::2026-04-01.14:42:29::SCWPlatform::DSA directory D:/Zynq/vitis/version_2020/23_01_sd_bmp_lcd/vitis/system_wrapper/hw
TRACE::2026-04-01.14:42:29::SCWPlatform:: Platform Path D:/Zynq/vitis/version_2020/23_01_sd_bmp_lcd/vitis/system_wrapper/hw/system_wrapper.xsa
TRACE::2026-04-01.14:42:29::SCWPlatform:: Unique name xilinx:::0.0
TRACE::2026-04-01.14:42:29::SCWPlatform::Trying to set the existing hwdb with name system_wrapper_2
TRACE::2026-04-01.14:42:29::SCWPlatform::Opened existing hwdb system_wrapper_2
TRACE::2026-04-01.14:42:29::SCWPlatform::Found the Hw Db part of the input DSA
TRACE::2026-04-01.14:42:29::SCWMssOS::Checking the sw design at  D:/Zynq/vitis/version_2020/23_01_sd_bmp_lcd/vitis/system_wrapper/zynq_fsbl/zynq_fsbl_bsp/system.mss
TRACE::2026-04-01.14:42:29::SCWMssOS::DEBUG:  swdes dump  D:/Zynq/vitis/version_2020/23_01_sd_bmp_lcd/vitis/system_wrapper/ps7_cortexa9_0/standalone_ps7_cortexa9_0/bsp/system.mss|system_0||
D:/Zynq/vitis/version_2020/23_01_sd_bmp_lcd/vitis/system_wrapper/zynq_fsbl/zynq_fsbl_bsp/system.mss|system||

TRACE::2026-04-01.14:42:29::SCWMssOS::Sw design exists and opened at  D:/Zynq/vitis/version_2020/23_01_sd_bmp_lcd/vitis/system_wrapper/zynq_fsbl/zynq_fsbl_bsp/system.mss
TRACE::2026-04-01.14:42:29::SCWPlatform::Trying to open the hw design at D:/Zynq/vitis/version_2020/23_01_sd_bmp_lcd/vitis/system_wrapper/hw/system_wrapper.xsa
TRACE::2026-04-01.14:42:29::SCWPlatform::DSA given D:/Zynq/vitis/version_2020/23_01_sd_bmp_lcd/vitis/system_wrapper/hw/system_wrapper.xsa
TRACE::2026-04-01.14:42:29::SCWPlatform::DSA absoulate path D:/Zynq/vitis/version_2020/23_01_sd_bmp_lcd/vitis/system_wrapper/hw/system_wrapper.xsa
TRACE::2026-04-01.14:42:29::SCWPlatform::DSA directory D:/Zynq/vitis/version_2020/23_01_sd_bmp_lcd/vitis/system_wrapper/hw
TRACE::2026-04-01.14:42:29::SCWPlatform:: Platform Path D:/Zynq/vitis/version_2020/23_01_sd_bmp_lcd/vitis/system_wrapper/hw/system_wrapper.xsa
TRACE::2026-04-01.14:42:29::SCWPlatform:: Unique name xilinx:::0.0
TRACE::2026-04-01.14:42:29::SCWPlatform::Trying to set the existing hwdb with name system_wrapper_2
TRACE::2026-04-01.14:42:29::SCWPlatform::Opened existing hwdb system_wrapper_2
TRACE::2026-04-01.14:42:29::SCWPlatform::Found the Hw Db part of the input DSA
TRACE::2026-04-01.14:42:29::SCWMssOS::Checking the sw design at  D:/Zynq/vitis/version_2020/23_01_sd_bmp_lcd/vitis/system_wrapper/ps7_cortexa9_0/standalone_ps7_cortexa9_0/bsp/system.mss
TRACE::2026-04-01.14:42:29::SCWMssOS::DEBUG:  swdes dump  D:/Zynq/vitis/version_2020/23_01_sd_bmp_lcd/vitis/system_wrapper/ps7_cortexa9_0/standalone_ps7_cortexa9_0/bsp/system.mss|system_0||
D:/Zynq/vitis/version_2020/23_01_sd_bmp_lcd/vitis/system_wrapper/zynq_fsbl/zynq_fsbl_bsp/system.mss|system||

TRACE::2026-04-01.14:42:29::SCWMssOS::Sw design exists and opened at  D:/Zynq/vitis/version_2020/23_01_sd_bmp_lcd/vitis/system_wrapper/ps7_cortexa9_0/standalone_ps7_cortexa9_0/bsp/system.mss
TRACE::2026-04-01.14:42:29::SCWWriter::formatted JSON is {
	"platformName":	"system_wrapper",
	"sprVersion":	"2.0",
	"mode":	"gui",
	"dsaType":	"Fixed",
	"platformDesc":	"system_wrapper",
	"platHandOff":	"<platformDir>.xsa",
	"platIntHandOff":	"<platformDir>/hw/system_wrapper.xsa",
	"deviceType":	"zynq",
	"platIsPrebuiltAutogen":	"false",
	"platIsNoBootBsp":	"false",
	"hasFsblMakeHasChanges":	"false",
	"hasPmufwMakeHasChanges":	"false",
	"fsblExtraCompilerFlags":	"-MMD -MP       -mcpu=cortex-a9 -mfpu=vfpv3 -mfloat-abi=hard ",
	"platPreBuiltFlag":	false,
	"platformSamplesDir":	"",
	"platActiveSys":	"system_wrapper",
	"systems":	[{
			"systemName":	"system_wrapper",
			"systemDesc":	"system_wrapper",
			"sysIsBootAutoGen":	"true",
			"systemDispName":	"system_wrapper",
			"sysActiveDom":	"standalone_ps7_cortexa9_0",
			"sysDefaultDom":	"standalone_ps7_cortexa9_0",
			"domains":	[{
					"domainName":	"zynq_fsbl",
					"domainDispName":	"zynq_fsbl",
					"domainDesc":	"FSBL Application BSP - Auto Generated.",
					"processors":	"ps7_cortexa9_0",
					"os":	"standalone",
					"sdxOs":	"standalone",
					"debugEnable":	"",
					"domRuntimes":	["cpp"],
					"swRepo":	"",
					"mssOsVer":	"7.3",
					"mssFile":	"",
					"md5Digest":	"859314a3ecadd41c03fc4d7adee735a0",
					"compatibleApp":	"zynq_fsbl",
					"domType":	"bootDomain",
					"arch":	"32-bit",
					"appSettings":	{
						"appCompilerFlags":	"",
						"appLinkerFlags":	""
					},
					"addedLibs":	["xilffs:4.4", "xilrsa:1.6"],
					"libOptions":	{
						"libsContainingOptions":	[]
					},
					"prebuiltLibs":	{
						"prebuiltIncPath":	[],
						"prebuiltLibPath":	[]
					},
					"isolation":	{
					}
				}, {
					"domainName":	"standalone_ps7_cortexa9_0",
					"domainDispName":	"standalone_ps7_cortexa9_0",
					"domainDesc":	"standalone_ps7_cortexa9_0",
					"processors":	"ps7_cortexa9_0",
					"os":	"standalone",
					"sdxOs":	"standalone",
					"qemuArgs":	"C:/Xilinx/Vitis/2020.2/data/emulation/platforms/zynq/sw/a9_standalone/qemu/qemu_args.txt",
					"qemuData":	"C:/Xilinx/Vitis/2020.2/data/emulation/platforms/zynq/sw/a9_standalone/qemu/",
					"debugEnable":	"False",
					"domRuntimes":	["cpp"],
					"swRepo":	"",
					"mssOsVer":	"7.3",
					"mssFile":	"",
					"md5Digest":	"1a21bc5aabc8de73e3f381fb4dcd7621",
					"compatibleApp":	"",
					"domType":	"mssDomain",
					"arch":	"32-bit",
					"appSettings":	{
						"appCompilerFlags":	"",
						"appLinkerFlags":	""
					},
					"addedLibs":	["xilffs:4.4"],
					"libOptions":	{
						"libsContainingOptions":	[]
					},
					"prebuiltLibs":	{
						"prebuiltIncPath":	[],
						"prebuiltLibPath":	[]
					},
					"isolation":	{
					}
				}]
		}]
}
TRACE::2026-04-01.14:42:29::SCWMssOS::Saving the mss changes D:/Zynq/vitis/version_2020/23_01_sd_bmp_lcd/vitis/system_wrapper/ps7_cortexa9_0/standalone_ps7_cortexa9_0/bsp/system.mss
TRACE::2026-04-01.14:42:29::SCWMssOS::Found a swdesign opened with the mssfile.
TRACE::2026-04-01.14:42:29::SCWMssOS::Completed writemss as part of save.
TRACE::2026-04-01.14:42:29::SCWMssOS::Commit changes completed.
TRACE::2026-04-01.14:42:29::SCWPlatform::Trying to open the hw design at D:/Zynq/vitis/version_2020/23_01_sd_bmp_lcd/vitis/system_wrapper/hw/system_wrapper.xsa
TRACE::2026-04-01.14:42:29::SCWPlatform::DSA given D:/Zynq/vitis/version_2020/23_01_sd_bmp_lcd/vitis/system_wrapper/hw/system_wrapper.xsa
TRACE::2026-04-01.14:42:29::SCWPlatform::DSA absoulate path D:/Zynq/vitis/version_2020/23_01_sd_bmp_lcd/vitis/system_wrapper/hw/system_wrapper.xsa
TRACE::2026-04-01.14:42:29::SCWPlatform::DSA directory D:/Zynq/vitis/version_2020/23_01_sd_bmp_lcd/vitis/system_wrapper/hw
TRACE::2026-04-01.14:42:29::SCWPlatform:: Platform Path D:/Zynq/vitis/version_2020/23_01_sd_bmp_lcd/vitis/system_wrapper/hw/system_wrapper.xsa
TRACE::2026-04-01.14:42:29::SCWPlatform:: Unique name xilinx:::0.0
TRACE::2026-04-01.14:42:29::SCWPlatform::Trying to set the existing hwdb with name system_wrapper_2
TRACE::2026-04-01.14:42:29::SCWPlatform::Opened existing hwdb system_wrapper_2
TRACE::2026-04-01.14:42:29::SCWPlatform::Found the Hw Db part of the input DSA
TRACE::2026-04-01.14:42:29::SCWMssOS::Checking the sw design at  D:/Zynq/vitis/version_2020/23_01_sd_bmp_lcd/vitis/system_wrapper/ps7_cortexa9_0/standalone_ps7_cortexa9_0/bsp/system.mss
TRACE::2026-04-01.14:42:29::SCWMssOS::DEBUG:  swdes dump  D:/Zynq/vitis/version_2020/23_01_sd_bmp_lcd/vitis/system_wrapper/ps7_cortexa9_0/standalone_ps7_cortexa9_0/bsp/system.mss|system_0||
D:/Zynq/vitis/version_2020/23_01_sd_bmp_lcd/vitis/system_wrapper/zynq_fsbl/zynq_fsbl_bsp/system.mss|system||

TRACE::2026-04-01.14:42:29::SCWMssOS::Sw design exists and opened at  D:/Zynq/vitis/version_2020/23_01_sd_bmp_lcd/vitis/system_wrapper/ps7_cortexa9_0/standalone_ps7_cortexa9_0/bsp/system.mss
TRACE::2026-04-01.14:42:29::SCWMssOS::Removing the swdes entry for  D:/Zynq/vitis/version_2020/23_01_sd_bmp_lcd/vitis/system_wrapper/ps7_cortexa9_0/standalone_ps7_cortexa9_0/bsp/system.mss
TRACE::2026-04-01.14:42:29::SCWMssOS::In reload Mss file.
TRACE::2026-04-01.14:42:29::SCWPlatform::Trying to open the hw design at D:/Zynq/vitis/version_2020/23_01_sd_bmp_lcd/vitis/system_wrapper/hw/system_wrapper.xsa
TRACE::2026-04-01.14:42:29::SCWPlatform::DSA given D:/Zynq/vitis/version_2020/23_01_sd_bmp_lcd/vitis/system_wrapper/hw/system_wrapper.xsa
TRACE::2026-04-01.14:42:29::SCWPlatform::DSA absoulate path D:/Zynq/vitis/version_2020/23_01_sd_bmp_lcd/vitis/system_wrapper/hw/system_wrapper.xsa
TRACE::2026-04-01.14:42:29::SCWPlatform::DSA directory D:/Zynq/vitis/version_2020/23_01_sd_bmp_lcd/vitis/system_wrapper/hw
TRACE::2026-04-01.14:42:29::SCWPlatform:: Platform Path D:/Zynq/vitis/version_2020/23_01_sd_bmp_lcd/vitis/system_wrapper/hw/system_wrapper.xsa
TRACE::2026-04-01.14:42:29::SCWPlatform:: Unique name xilinx:::0.0
TRACE::2026-04-01.14:42:29::SCWPlatform::Trying to set the existing hwdb with name system_wrapper_2
TRACE::2026-04-01.14:42:29::SCWPlatform::Opened existing hwdb system_wrapper_2
TRACE::2026-04-01.14:42:29::SCWPlatform::Found the Hw Db part of the input DSA
TRACE::2026-04-01.14:42:29::SCWMssOS::Checking the sw design at  D:/Zynq/vitis/version_2020/23_01_sd_bmp_lcd/vitis/system_wrapper/ps7_cortexa9_0/standalone_ps7_cortexa9_0/bsp/system.mss
TRACE::2026-04-01.14:42:29::SCWMssOS::DEBUG:  swdes dump  D:/Zynq/vitis/version_2020/23_01_sd_bmp_lcd/vitis/system_wrapper/zynq_fsbl/zynq_fsbl_bsp/system.mss|system||

TRACE::2026-04-01.14:42:29::SCWMssOS::No sw design opened at  D:/Zynq/vitis/version_2020/23_01_sd_bmp_lcd/vitis/system_wrapper/ps7_cortexa9_0/standalone_ps7_cortexa9_0/bsp/system.mss
TRACE::2026-04-01.14:42:29::SCWMssOS::mss exists loading the mss file  D:/Zynq/vitis/version_2020/23_01_sd_bmp_lcd/vitis/system_wrapper/ps7_cortexa9_0/standalone_ps7_cortexa9_0/bsp/system.mss
TRACE::2026-04-01.14:42:29::SCWMssOS::Opened the sw design from mss  D:/Zynq/vitis/version_2020/23_01_sd_bmp_lcd/vitis/system_wrapper/ps7_cortexa9_0/standalone_ps7_cortexa9_0/bsp/system.mss
TRACE::2026-04-01.14:42:29::SCWMssOS::Adding the swdes entry D:/Zynq/vitis/version_2020/23_01_sd_bmp_lcd/vitis/system_wrapper/ps7_cortexa9_0/standalone_ps7_cortexa9_0/bsp/system.mss with des name system_0
TRACE::2026-04-01.14:42:29::SCWMssOS::updating the scw layer about changes
TRACE::2026-04-01.14:42:29::SCWMssOS::Opened the sw design.  D:/Zynq/vitis/version_2020/23_01_sd_bmp_lcd/vitis/system_wrapper/ps7_cortexa9_0/standalone_ps7_cortexa9_0/bsp/system.mss
TRACE::2026-04-01.14:42:29::SCWPlatform::Trying to open the hw design at D:/Zynq/vitis/version_2020/23_01_sd_bmp_lcd/vitis/system_wrapper/hw/system_wrapper.xsa
TRACE::2026-04-01.14:42:29::SCWPlatform::DSA given D:/Zynq/vitis/version_2020/23_01_sd_bmp_lcd/vitis/system_wrapper/hw/system_wrapper.xsa
TRACE::2026-04-01.14:42:29::SCWPlatform::DSA absoulate path D:/Zynq/vitis/version_2020/23_01_sd_bmp_lcd/vitis/system_wrapper/hw/system_wrapper.xsa
TRACE::2026-04-01.14:42:29::SCWPlatform::DSA directory D:/Zynq/vitis/version_2020/23_01_sd_bmp_lcd/vitis/system_wrapper/hw
TRACE::2026-04-01.14:42:29::SCWPlatform:: Platform Path D:/Zynq/vitis/version_2020/23_01_sd_bmp_lcd/vitis/system_wrapper/hw/system_wrapper.xsa
TRACE::2026-04-01.14:42:29::SCWPlatform:: Unique name xilinx:::0.0
TRACE::2026-04-01.14:42:29::SCWPlatform::Trying to set the existing hwdb with name system_wrapper_2
TRACE::2026-04-01.14:42:29::SCWPlatform::Opened existing hwdb system_wrapper_2
TRACE::2026-04-01.14:42:29::SCWPlatform::Found the Hw Db part of the input DSA
TRACE::2026-04-01.14:42:29::SCWMssOS::Checking the sw design at  D:/Zynq/vitis/version_2020/23_01_sd_bmp_lcd/vitis/system_wrapper/ps7_cortexa9_0/standalone_ps7_cortexa9_0/bsp/system.mss
TRACE::2026-04-01.14:42:29::SCWMssOS::DEBUG:  swdes dump  D:/Zynq/vitis/version_2020/23_01_sd_bmp_lcd/vitis/system_wrapper/ps7_cortexa9_0/standalone_ps7_cortexa9_0/bsp/system.mss|system_0||
D:/Zynq/vitis/version_2020/23_01_sd_bmp_lcd/vitis/system_wrapper/zynq_fsbl/zynq_fsbl_bsp/system.mss|system||

TRACE::2026-04-01.14:42:29::SCWMssOS::Sw design exists and opened at  D:/Zynq/vitis/version_2020/23_01_sd_bmp_lcd/vitis/system_wrapper/ps7_cortexa9_0/standalone_ps7_cortexa9_0/bsp/system.mss
TRACE::2026-04-01.14:42:29::SCWMssOS:: library already available in sw design:  xilffs:4.4
TRACE::2026-04-01.14:42:29::SCWMssOS::Saving the mss changes D:/Zynq/vitis/version_2020/23_01_sd_bmp_lcd/vitis/system_wrapper/ps7_cortexa9_0/standalone_ps7_cortexa9_0/bsp/system.mss
TRACE::2026-04-01.14:42:29::SCWMssOS::Found a swdesign opened with the mssfile.
TRACE::2026-04-01.14:42:29::SCWMssOS::Completed writemss as part of save.
TRACE::2026-04-01.14:42:29::SCWMssOS::Commit changes completed.
TRACE::2026-04-01.14:42:29::SCWPlatform::Trying to open the hw design at D:/Zynq/vitis/version_2020/23_01_sd_bmp_lcd/vitis/system_wrapper/hw/system_wrapper.xsa
TRACE::2026-04-01.14:42:29::SCWPlatform::DSA given D:/Zynq/vitis/version_2020/23_01_sd_bmp_lcd/vitis/system_wrapper/hw/system_wrapper.xsa
TRACE::2026-04-01.14:42:29::SCWPlatform::DSA absoulate path D:/Zynq/vitis/version_2020/23_01_sd_bmp_lcd/vitis/system_wrapper/hw/system_wrapper.xsa
TRACE::2026-04-01.14:42:29::SCWPlatform::DSA directory D:/Zynq/vitis/version_2020/23_01_sd_bmp_lcd/vitis/system_wrapper/hw
TRACE::2026-04-01.14:42:29::SCWPlatform:: Platform Path D:/Zynq/vitis/version_2020/23_01_sd_bmp_lcd/vitis/system_wrapper/hw/system_wrapper.xsa
TRACE::2026-04-01.14:42:29::SCWPlatform:: Unique name xilinx:::0.0
TRACE::2026-04-01.14:42:29::SCWPlatform::Trying to set the existing hwdb with name system_wrapper_2
TRACE::2026-04-01.14:42:29::SCWPlatform::Opened existing hwdb system_wrapper_2
TRACE::2026-04-01.14:42:29::SCWPlatform::Found the Hw Db part of the input DSA
TRACE::2026-04-01.14:42:29::SCWMssOS::Checking the sw design at  D:/Zynq/vitis/version_2020/23_01_sd_bmp_lcd/vitis/system_wrapper/ps7_cortexa9_0/standalone_ps7_cortexa9_0/bsp/system.mss
TRACE::2026-04-01.14:42:29::SCWMssOS::DEBUG:  swdes dump  D:/Zynq/vitis/version_2020/23_01_sd_bmp_lcd/vitis/system_wrapper/ps7_cortexa9_0/standalone_ps7_cortexa9_0/bsp/system.mss|system_0||
D:/Zynq/vitis/version_2020/23_01_sd_bmp_lcd/vitis/system_wrapper/zynq_fsbl/zynq_fsbl_bsp/system.mss|system||

TRACE::2026-04-01.14:42:29::SCWMssOS::Sw design exists and opened at  D:/Zynq/vitis/version_2020/23_01_sd_bmp_lcd/vitis/system_wrapper/ps7_cortexa9_0/standalone_ps7_cortexa9_0/bsp/system.mss
TRACE::2026-04-01.14:42:29::SCWMssOS::Removing the swdes entry for  D:/Zynq/vitis/version_2020/23_01_sd_bmp_lcd/vitis/system_wrapper/ps7_cortexa9_0/standalone_ps7_cortexa9_0/bsp/system.mss
TRACE::2026-04-01.14:42:29::SCWPlatform::Trying to open the hw design at D:/Zynq/vitis/version_2020/23_01_sd_bmp_lcd/vitis/system_wrapper/hw/system_wrapper.xsa
TRACE::2026-04-01.14:42:29::SCWPlatform::DSA given D:/Zynq/vitis/version_2020/23_01_sd_bmp_lcd/vitis/system_wrapper/hw/system_wrapper.xsa
TRACE::2026-04-01.14:42:29::SCWPlatform::DSA absoulate path D:/Zynq/vitis/version_2020/23_01_sd_bmp_lcd/vitis/system_wrapper/hw/system_wrapper.xsa
TRACE::2026-04-01.14:42:29::SCWPlatform::DSA directory D:/Zynq/vitis/version_2020/23_01_sd_bmp_lcd/vitis/system_wrapper/hw
TRACE::2026-04-01.14:42:29::SCWPlatform:: Platform Path D:/Zynq/vitis/version_2020/23_01_sd_bmp_lcd/vitis/system_wrapper/hw/system_wrapper.xsa
TRACE::2026-04-01.14:42:29::SCWPlatform:: Unique name xilinx:::0.0
TRACE::2026-04-01.14:42:29::SCWPlatform::Trying to set the existing hwdb with name system_wrapper_2
TRACE::2026-04-01.14:42:29::SCWPlatform::Opened existing hwdb system_wrapper_2
TRACE::2026-04-01.14:42:29::SCWPlatform::Found the Hw Db part of the input DSA
TRACE::2026-04-01.14:42:29::SCWMssOS::Checking the sw design at  D:/Zynq/vitis/version_2020/23_01_sd_bmp_lcd/vitis/system_wrapper/ps7_cortexa9_0/standalone_ps7_cortexa9_0/bsp/system.mss
TRACE::2026-04-01.14:42:29::SCWMssOS::DEBUG:  swdes dump  D:/Zynq/vitis/version_2020/23_01_sd_bmp_lcd/vitis/system_wrapper/zynq_fsbl/zynq_fsbl_bsp/system.mss|system||

TRACE::2026-04-01.14:42:29::SCWMssOS::No sw design opened at  D:/Zynq/vitis/version_2020/23_01_sd_bmp_lcd/vitis/system_wrapper/ps7_cortexa9_0/standalone_ps7_cortexa9_0/bsp/system.mss
TRACE::2026-04-01.14:42:29::SCWMssOS::mss exists loading the mss file  D:/Zynq/vitis/version_2020/23_01_sd_bmp_lcd/vitis/system_wrapper/ps7_cortexa9_0/standalone_ps7_cortexa9_0/bsp/system.mss
TRACE::2026-04-01.14:42:29::SCWMssOS::Opened the sw design from mss  D:/Zynq/vitis/version_2020/23_01_sd_bmp_lcd/vitis/system_wrapper/ps7_cortexa9_0/standalone_ps7_cortexa9_0/bsp/system.mss
TRACE::2026-04-01.14:42:29::SCWMssOS::Adding the swdes entry D:/Zynq/vitis/version_2020/23_01_sd_bmp_lcd/vitis/system_wrapper/ps7_cortexa9_0/standalone_ps7_cortexa9_0/bsp/system.mss with des name system_0
TRACE::2026-04-01.14:42:29::SCWMssOS::updating the scw layer about changes
TRACE::2026-04-01.14:42:30::SCWMssOS::Opened the sw design.  D:/Zynq/vitis/version_2020/23_01_sd_bmp_lcd/vitis/system_wrapper/ps7_cortexa9_0/standalone_ps7_cortexa9_0/bsp/system.mss
TRACE::2026-04-01.14:42:30::SCWMssOS::Completed writing the mss file at D:/Zynq/vitis/version_2020/23_01_sd_bmp_lcd/vitis/system_wrapper/ps7_cortexa9_0/standalone_ps7_cortexa9_0/bsp
TRACE::2026-04-01.14:42:30::SCWMssOS::Forcing BSP Sources regeneration.
KEYINFO::2026-04-01.14:42:30::SCWMssOS::Removing file D:/Zynq/vitis/version_2020/23_01_sd_bmp_lcd/vitis/system_wrapper/ps7_cortexa9_0/standalone_ps7_cortexa9_0/bsp\system_0.mss
TRACE::2026-04-01.14:42:31::SCWPlatform::Trying to open the hw design at D:/Zynq/vitis/version_2020/23_01_sd_bmp_lcd/vitis/system_wrapper/hw/system_wrapper.xsa
TRACE::2026-04-01.14:42:31::SCWPlatform::DSA given D:/Zynq/vitis/version_2020/23_01_sd_bmp_lcd/vitis/system_wrapper/hw/system_wrapper.xsa
TRACE::2026-04-01.14:42:31::SCWPlatform::DSA absoulate path D:/Zynq/vitis/version_2020/23_01_sd_bmp_lcd/vitis/system_wrapper/hw/system_wrapper.xsa
TRACE::2026-04-01.14:42:31::SCWPlatform::DSA directory D:/Zynq/vitis/version_2020/23_01_sd_bmp_lcd/vitis/system_wrapper/hw
TRACE::2026-04-01.14:42:31::SCWPlatform:: Platform Path D:/Zynq/vitis/version_2020/23_01_sd_bmp_lcd/vitis/system_wrapper/hw/system_wrapper.xsa
TRACE::2026-04-01.14:42:31::SCWPlatform:: Unique name xilinx:::0.0
TRACE::2026-04-01.14:42:31::SCWPlatform::Trying to set the existing hwdb with name system_wrapper_2
TRACE::2026-04-01.14:42:31::SCWPlatform::Opened existing hwdb system_wrapper_2
TRACE::2026-04-01.14:42:31::SCWPlatform::Found the Hw Db part of the input DSA
TRACE::2026-04-01.14:42:31::SCWMssOS::Checking the sw design at  D:/Zynq/vitis/version_2020/23_01_sd_bmp_lcd/vitis/system_wrapper/ps7_cortexa9_0/standalone_ps7_cortexa9_0/bsp/system.mss
TRACE::2026-04-01.14:42:31::SCWMssOS::DEBUG:  swdes dump  D:/Zynq/vitis/version_2020/23_01_sd_bmp_lcd/vitis/system_wrapper/ps7_cortexa9_0/standalone_ps7_cortexa9_0/bsp/system.mss|system_0||
D:/Zynq/vitis/version_2020/23_01_sd_bmp_lcd/vitis/system_wrapper/zynq_fsbl/zynq_fsbl_bsp/system.mss|system||

KEYINFO::2026-04-01.14:42:31::SCWMssOS::Could not open the swdb for system_0
KEYINFO::2026-04-01.14:42:31::SCWMssOS::Could not open the sw design at  system_0
ERROR: [Hsi 55-1558] Software Design system_0 is not found

TRACE::2026-04-01.14:42:31::SCWMssOS::Cleared the swdb table entry
TRACE::2026-04-01.14:42:31::SCWMssOS::No sw design opened at  D:/Zynq/vitis/version_2020/23_01_sd_bmp_lcd/vitis/system_wrapper/ps7_cortexa9_0/standalone_ps7_cortexa9_0/bsp/system.mss
TRACE::2026-04-01.14:42:31::SCWMssOS::mss exists loading the mss file  D:/Zynq/vitis/version_2020/23_01_sd_bmp_lcd/vitis/system_wrapper/ps7_cortexa9_0/standalone_ps7_cortexa9_0/bsp/system.mss
TRACE::2026-04-01.14:42:31::SCWMssOS::Opened the sw design from mss  D:/Zynq/vitis/version_2020/23_01_sd_bmp_lcd/vitis/system_wrapper/ps7_cortexa9_0/standalone_ps7_cortexa9_0/bsp/system.mss
TRACE::2026-04-01.14:42:31::SCWMssOS::Adding the swdes entry D:/Zynq/vitis/version_2020/23_01_sd_bmp_lcd/vitis/system_wrapper/ps7_cortexa9_0/standalone_ps7_cortexa9_0/bsp/system.mss with des name system_0
TRACE::2026-04-01.14:42:31::SCWMssOS::updating the scw layer about changes
TRACE::2026-04-01.14:42:31::SCWMssOS::Opened the sw design.  D:/Zynq/vitis/version_2020/23_01_sd_bmp_lcd/vitis/system_wrapper/ps7_cortexa9_0/standalone_ps7_cortexa9_0/bsp/system.mss
TRACE::2026-04-01.14:42:44::SCWPlatform::Trying to open the hw design at D:/Zynq/vitis/version_2020/23_01_sd_bmp_lcd/vitis/system_wrapper/hw/system_wrapper.xsa
TRACE::2026-04-01.14:42:44::SCWPlatform::DSA given D:/Zynq/vitis/version_2020/23_01_sd_bmp_lcd/vitis/system_wrapper/hw/system_wrapper.xsa
TRACE::2026-04-01.14:42:44::SCWPlatform::DSA absoulate path D:/Zynq/vitis/version_2020/23_01_sd_bmp_lcd/vitis/system_wrapper/hw/system_wrapper.xsa
TRACE::2026-04-01.14:42:44::SCWPlatform::DSA directory D:/Zynq/vitis/version_2020/23_01_sd_bmp_lcd/vitis/system_wrapper/hw
TRACE::2026-04-01.14:42:44::SCWPlatform:: Platform Path D:/Zynq/vitis/version_2020/23_01_sd_bmp_lcd/vitis/system_wrapper/hw/system_wrapper.xsa
TRACE::2026-04-01.14:42:44::SCWPlatform:: Unique name xilinx:::0.0
TRACE::2026-04-01.14:42:44::SCWPlatform::Trying to set the existing hwdb with name system_wrapper_2
TRACE::2026-04-01.14:42:44::SCWPlatform::Opened existing hwdb system_wrapper_2
TRACE::2026-04-01.14:42:44::SCWPlatform::Found the Hw Db part of the input DSA
TRACE::2026-04-01.14:42:44::SCWMssOS::Checking the sw design at  D:/Zynq/vitis/version_2020/23_01_sd_bmp_lcd/vitis/system_wrapper/ps7_cortexa9_0/standalone_ps7_cortexa9_0/bsp/system.mss
TRACE::2026-04-01.14:42:44::SCWMssOS::DEBUG:  swdes dump  D:/Zynq/vitis/version_2020/23_01_sd_bmp_lcd/vitis/system_wrapper/ps7_cortexa9_0/standalone_ps7_cortexa9_0/bsp/system.mss|system_0||
D:/Zynq/vitis/version_2020/23_01_sd_bmp_lcd/vitis/system_wrapper/zynq_fsbl/zynq_fsbl_bsp/system.mss|system||

TRACE::2026-04-01.14:42:44::SCWMssOS::Sw design exists and opened at  D:/Zynq/vitis/version_2020/23_01_sd_bmp_lcd/vitis/system_wrapper/ps7_cortexa9_0/standalone_ps7_cortexa9_0/bsp/system.mss
TRACE::2026-04-01.14:42:44::SCWPlatform::Trying to open the hw design at D:/Zynq/vitis/version_2020/23_01_sd_bmp_lcd/vitis/system_wrapper/hw/system_wrapper.xsa
TRACE::2026-04-01.14:42:44::SCWPlatform::DSA given D:/Zynq/vitis/version_2020/23_01_sd_bmp_lcd/vitis/system_wrapper/hw/system_wrapper.xsa
TRACE::2026-04-01.14:42:44::SCWPlatform::DSA absoulate path D:/Zynq/vitis/version_2020/23_01_sd_bmp_lcd/vitis/system_wrapper/hw/system_wrapper.xsa
TRACE::2026-04-01.14:42:44::SCWPlatform::DSA directory D:/Zynq/vitis/version_2020/23_01_sd_bmp_lcd/vitis/system_wrapper/hw
TRACE::2026-04-01.14:42:44::SCWPlatform:: Platform Path D:/Zynq/vitis/version_2020/23_01_sd_bmp_lcd/vitis/system_wrapper/hw/system_wrapper.xsa
TRACE::2026-04-01.14:42:44::SCWPlatform:: Unique name xilinx:::0.0
TRACE::2026-04-01.14:42:44::SCWPlatform::Trying to set the existing hwdb with name system_wrapper_2
TRACE::2026-04-01.14:42:44::SCWPlatform::Opened existing hwdb system_wrapper_2
TRACE::2026-04-01.14:42:44::SCWPlatform::Found the Hw Db part of the input DSA
TRACE::2026-04-01.14:42:44::SCWMssOS::Checking the sw design at  D:/Zynq/vitis/version_2020/23_01_sd_bmp_lcd/vitis/system_wrapper/ps7_cortexa9_0/standalone_ps7_cortexa9_0/bsp/system.mss
TRACE::2026-04-01.14:42:44::SCWMssOS::DEBUG:  swdes dump  D:/Zynq/vitis/version_2020/23_01_sd_bmp_lcd/vitis/system_wrapper/ps7_cortexa9_0/standalone_ps7_cortexa9_0/bsp/system.mss|system_0||
D:/Zynq/vitis/version_2020/23_01_sd_bmp_lcd/vitis/system_wrapper/zynq_fsbl/zynq_fsbl_bsp/system.mss|system||

TRACE::2026-04-01.14:42:44::SCWMssOS::Sw design exists and opened at  D:/Zynq/vitis/version_2020/23_01_sd_bmp_lcd/vitis/system_wrapper/ps7_cortexa9_0/standalone_ps7_cortexa9_0/bsp/system.mss
TRACE::2026-04-01.14:42:44::SCWPlatform::Trying to open the hw design at D:/Zynq/vitis/version_2020/23_01_sd_bmp_lcd/vitis/system_wrapper/hw/system_wrapper.xsa
TRACE::2026-04-01.14:42:44::SCWPlatform::DSA given D:/Zynq/vitis/version_2020/23_01_sd_bmp_lcd/vitis/system_wrapper/hw/system_wrapper.xsa
TRACE::2026-04-01.14:42:44::SCWPlatform::DSA absoulate path D:/Zynq/vitis/version_2020/23_01_sd_bmp_lcd/vitis/system_wrapper/hw/system_wrapper.xsa
TRACE::2026-04-01.14:42:44::SCWPlatform::DSA directory D:/Zynq/vitis/version_2020/23_01_sd_bmp_lcd/vitis/system_wrapper/hw
TRACE::2026-04-01.14:42:44::SCWPlatform:: Platform Path D:/Zynq/vitis/version_2020/23_01_sd_bmp_lcd/vitis/system_wrapper/hw/system_wrapper.xsa
TRACE::2026-04-01.14:42:44::SCWPlatform:: Unique name xilinx:::0.0
TRACE::2026-04-01.14:42:44::SCWPlatform::Trying to set the existing hwdb with name system_wrapper_2
TRACE::2026-04-01.14:42:44::SCWPlatform::Opened existing hwdb system_wrapper_2
TRACE::2026-04-01.14:42:44::SCWPlatform::Found the Hw Db part of the input DSA
TRACE::2026-04-01.14:42:44::SCWMssOS::Checking the sw design at  D:/Zynq/vitis/version_2020/23_01_sd_bmp_lcd/vitis/system_wrapper/ps7_cortexa9_0/standalone_ps7_cortexa9_0/bsp/system.mss
TRACE::2026-04-01.14:42:44::SCWMssOS::DEBUG:  swdes dump  D:/Zynq/vitis/version_2020/23_01_sd_bmp_lcd/vitis/system_wrapper/ps7_cortexa9_0/standalone_ps7_cortexa9_0/bsp/system.mss|system_0||
D:/Zynq/vitis/version_2020/23_01_sd_bmp_lcd/vitis/system_wrapper/zynq_fsbl/zynq_fsbl_bsp/system.mss|system||

TRACE::2026-04-01.14:42:44::SCWMssOS::Sw design exists and opened at  D:/Zynq/vitis/version_2020/23_01_sd_bmp_lcd/vitis/system_wrapper/ps7_cortexa9_0/standalone_ps7_cortexa9_0/bsp/system.mss
TRACE::2026-04-01.14:42:44::SCWPlatform::Trying to open the hw design at D:/Zynq/vitis/version_2020/23_01_sd_bmp_lcd/vitis/system_wrapper/hw/system_wrapper.xsa
TRACE::2026-04-01.14:42:44::SCWPlatform::DSA given D:/Zynq/vitis/version_2020/23_01_sd_bmp_lcd/vitis/system_wrapper/hw/system_wrapper.xsa
TRACE::2026-04-01.14:42:44::SCWPlatform::DSA absoulate path D:/Zynq/vitis/version_2020/23_01_sd_bmp_lcd/vitis/system_wrapper/hw/system_wrapper.xsa
TRACE::2026-04-01.14:42:44::SCWPlatform::DSA directory D:/Zynq/vitis/version_2020/23_01_sd_bmp_lcd/vitis/system_wrapper/hw
TRACE::2026-04-01.14:42:44::SCWPlatform:: Platform Path D:/Zynq/vitis/version_2020/23_01_sd_bmp_lcd/vitis/system_wrapper/hw/system_wrapper.xsa
TRACE::2026-04-01.14:42:44::SCWPlatform:: Unique name xilinx:::0.0
TRACE::2026-04-01.14:42:44::SCWPlatform::Trying to set the existing hwdb with name system_wrapper_2
TRACE::2026-04-01.14:42:44::SCWPlatform::Opened existing hwdb system_wrapper_2
TRACE::2026-04-01.14:42:44::SCWPlatform::Found the Hw Db part of the input DSA
TRACE::2026-04-01.14:42:44::SCWMssOS::Checking the sw design at  D:/Zynq/vitis/version_2020/23_01_sd_bmp_lcd/vitis/system_wrapper/ps7_cortexa9_0/standalone_ps7_cortexa9_0/bsp/system.mss
TRACE::2026-04-01.14:42:44::SCWMssOS::DEBUG:  swdes dump  D:/Zynq/vitis/version_2020/23_01_sd_bmp_lcd/vitis/system_wrapper/ps7_cortexa9_0/standalone_ps7_cortexa9_0/bsp/system.mss|system_0||
D:/Zynq/vitis/version_2020/23_01_sd_bmp_lcd/vitis/system_wrapper/zynq_fsbl/zynq_fsbl_bsp/system.mss|system||

TRACE::2026-04-01.14:42:44::SCWMssOS::Sw design exists and opened at  D:/Zynq/vitis/version_2020/23_01_sd_bmp_lcd/vitis/system_wrapper/ps7_cortexa9_0/standalone_ps7_cortexa9_0/bsp/system.mss
TRACE::2026-04-01.14:42:44::SCWPlatform::Trying to open the hw design at D:/Zynq/vitis/version_2020/23_01_sd_bmp_lcd/vitis/system_wrapper/hw/system_wrapper.xsa
TRACE::2026-04-01.14:42:44::SCWPlatform::DSA given D:/Zynq/vitis/version_2020/23_01_sd_bmp_lcd/vitis/system_wrapper/hw/system_wrapper.xsa
TRACE::2026-04-01.14:42:44::SCWPlatform::DSA absoulate path D:/Zynq/vitis/version_2020/23_01_sd_bmp_lcd/vitis/system_wrapper/hw/system_wrapper.xsa
TRACE::2026-04-01.14:42:44::SCWPlatform::DSA directory D:/Zynq/vitis/version_2020/23_01_sd_bmp_lcd/vitis/system_wrapper/hw
TRACE::2026-04-01.14:42:44::SCWPlatform:: Platform Path D:/Zynq/vitis/version_2020/23_01_sd_bmp_lcd/vitis/system_wrapper/hw/system_wrapper.xsa
TRACE::2026-04-01.14:42:44::SCWPlatform:: Unique name xilinx:::0.0
TRACE::2026-04-01.14:42:44::SCWPlatform::Trying to set the existing hwdb with name system_wrapper_2
TRACE::2026-04-01.14:42:44::SCWPlatform::Opened existing hwdb system_wrapper_2
TRACE::2026-04-01.14:42:44::SCWPlatform::Found the Hw Db part of the input DSA
TRACE::2026-04-01.14:42:44::SCWMssOS::Checking the sw design at  D:/Zynq/vitis/version_2020/23_01_sd_bmp_lcd/vitis/system_wrapper/ps7_cortexa9_0/standalone_ps7_cortexa9_0/bsp/system.mss
TRACE::2026-04-01.14:42:44::SCWMssOS::DEBUG:  swdes dump  D:/Zynq/vitis/version_2020/23_01_sd_bmp_lcd/vitis/system_wrapper/ps7_cortexa9_0/standalone_ps7_cortexa9_0/bsp/system.mss|system_0||
D:/Zynq/vitis/version_2020/23_01_sd_bmp_lcd/vitis/system_wrapper/zynq_fsbl/zynq_fsbl_bsp/system.mss|system||

TRACE::2026-04-01.14:42:44::SCWMssOS::Sw design exists and opened at  D:/Zynq/vitis/version_2020/23_01_sd_bmp_lcd/vitis/system_wrapper/ps7_cortexa9_0/standalone_ps7_cortexa9_0/bsp/system.mss
TRACE::2026-04-01.14:42:44::SCWPlatform::Trying to open the hw design at D:/Zynq/vitis/version_2020/23_01_sd_bmp_lcd/vitis/system_wrapper/hw/system_wrapper.xsa
TRACE::2026-04-01.14:42:44::SCWPlatform::DSA given D:/Zynq/vitis/version_2020/23_01_sd_bmp_lcd/vitis/system_wrapper/hw/system_wrapper.xsa
TRACE::2026-04-01.14:42:44::SCWPlatform::DSA absoulate path D:/Zynq/vitis/version_2020/23_01_sd_bmp_lcd/vitis/system_wrapper/hw/system_wrapper.xsa
TRACE::2026-04-01.14:42:44::SCWPlatform::DSA directory D:/Zynq/vitis/version_2020/23_01_sd_bmp_lcd/vitis/system_wrapper/hw
TRACE::2026-04-01.14:42:44::SCWPlatform:: Platform Path D:/Zynq/vitis/version_2020/23_01_sd_bmp_lcd/vitis/system_wrapper/hw/system_wrapper.xsa
TRACE::2026-04-01.14:42:44::SCWPlatform:: Unique name xilinx:::0.0
TRACE::2026-04-01.14:42:44::SCWPlatform::Trying to set the existing hwdb with name system_wrapper_2
TRACE::2026-04-01.14:42:44::SCWPlatform::Opened existing hwdb system_wrapper_2
TRACE::2026-04-01.14:42:44::SCWPlatform::Found the Hw Db part of the input DSA
TRACE::2026-04-01.14:42:44::SCWMssOS::Checking the sw design at  D:/Zynq/vitis/version_2020/23_01_sd_bmp_lcd/vitis/system_wrapper/ps7_cortexa9_0/standalone_ps7_cortexa9_0/bsp/system.mss
TRACE::2026-04-01.14:42:44::SCWMssOS::DEBUG:  swdes dump  D:/Zynq/vitis/version_2020/23_01_sd_bmp_lcd/vitis/system_wrapper/ps7_cortexa9_0/standalone_ps7_cortexa9_0/bsp/system.mss|system_0||
D:/Zynq/vitis/version_2020/23_01_sd_bmp_lcd/vitis/system_wrapper/zynq_fsbl/zynq_fsbl_bsp/system.mss|system||

TRACE::2026-04-01.14:42:44::SCWMssOS::Sw design exists and opened at  D:/Zynq/vitis/version_2020/23_01_sd_bmp_lcd/vitis/system_wrapper/ps7_cortexa9_0/standalone_ps7_cortexa9_0/bsp/system.mss
TRACE::2026-04-01.14:42:44::SCWMssOS::Saving the mss changes D:/Zynq/vitis/version_2020/23_01_sd_bmp_lcd/vitis/system_wrapper/zynq_fsbl/zynq_fsbl_bsp/system.mss
TRACE::2026-04-01.14:42:44::SCWMssOS::Found a swdesign opened with the mssfile.
TRACE::2026-04-01.14:42:44::SCWMssOS::Completed writemss as part of save.
TRACE::2026-04-01.14:42:44::SCWMssOS::Commit changes completed.
TRACE::2026-04-01.14:42:44::SCWMssOS::Saving the mss changes D:/Zynq/vitis/version_2020/23_01_sd_bmp_lcd/vitis/system_wrapper/ps7_cortexa9_0/standalone_ps7_cortexa9_0/bsp/system.mss
TRACE::2026-04-01.14:42:44::SCWMssOS::Found a swdesign opened with the mssfile.
TRACE::2026-04-01.14:42:44::SCWMssOS::Completed writemss as part of save.
TRACE::2026-04-01.14:42:44::SCWMssOS::Commit changes completed.
TRACE::2026-04-01.14:42:44::SCWPlatform::Trying to open the hw design at D:/Zynq/vitis/version_2020/23_01_sd_bmp_lcd/vitis/system_wrapper/hw/system_wrapper.xsa
TRACE::2026-04-01.14:42:44::SCWPlatform::DSA given D:/Zynq/vitis/version_2020/23_01_sd_bmp_lcd/vitis/system_wrapper/hw/system_wrapper.xsa
TRACE::2026-04-01.14:42:44::SCWPlatform::DSA absoulate path D:/Zynq/vitis/version_2020/23_01_sd_bmp_lcd/vitis/system_wrapper/hw/system_wrapper.xsa
TRACE::2026-04-01.14:42:44::SCWPlatform::DSA directory D:/Zynq/vitis/version_2020/23_01_sd_bmp_lcd/vitis/system_wrapper/hw
TRACE::2026-04-01.14:42:44::SCWPlatform:: Platform Path D:/Zynq/vitis/version_2020/23_01_sd_bmp_lcd/vitis/system_wrapper/hw/system_wrapper.xsa
TRACE::2026-04-01.14:42:44::SCWPlatform:: Unique name xilinx:::0.0
TRACE::2026-04-01.14:42:44::SCWPlatform::Trying to set the existing hwdb with name system_wrapper_2
TRACE::2026-04-01.14:42:44::SCWPlatform::Opened existing hwdb system_wrapper_2
TRACE::2026-04-01.14:42:44::SCWPlatform::Found the Hw Db part of the input DSA
TRACE::2026-04-01.14:42:44::SCWMssOS::Checking the sw design at  D:/Zynq/vitis/version_2020/23_01_sd_bmp_lcd/vitis/system_wrapper/zynq_fsbl/zynq_fsbl_bsp/system.mss
TRACE::2026-04-01.14:42:44::SCWMssOS::DEBUG:  swdes dump  D:/Zynq/vitis/version_2020/23_01_sd_bmp_lcd/vitis/system_wrapper/ps7_cortexa9_0/standalone_ps7_cortexa9_0/bsp/system.mss|system_0||
D:/Zynq/vitis/version_2020/23_01_sd_bmp_lcd/vitis/system_wrapper/zynq_fsbl/zynq_fsbl_bsp/system.mss|system||

TRACE::2026-04-01.14:42:44::SCWMssOS::Sw design exists and opened at  D:/Zynq/vitis/version_2020/23_01_sd_bmp_lcd/vitis/system_wrapper/zynq_fsbl/zynq_fsbl_bsp/system.mss
TRACE::2026-04-01.14:42:44::SCWPlatform::Trying to open the hw design at D:/Zynq/vitis/version_2020/23_01_sd_bmp_lcd/vitis/system_wrapper/hw/system_wrapper.xsa
TRACE::2026-04-01.14:42:44::SCWPlatform::DSA given D:/Zynq/vitis/version_2020/23_01_sd_bmp_lcd/vitis/system_wrapper/hw/system_wrapper.xsa
TRACE::2026-04-01.14:42:44::SCWPlatform::DSA absoulate path D:/Zynq/vitis/version_2020/23_01_sd_bmp_lcd/vitis/system_wrapper/hw/system_wrapper.xsa
TRACE::2026-04-01.14:42:44::SCWPlatform::DSA directory D:/Zynq/vitis/version_2020/23_01_sd_bmp_lcd/vitis/system_wrapper/hw
TRACE::2026-04-01.14:42:44::SCWPlatform:: Platform Path D:/Zynq/vitis/version_2020/23_01_sd_bmp_lcd/vitis/system_wrapper/hw/system_wrapper.xsa
TRACE::2026-04-01.14:42:44::SCWPlatform:: Unique name xilinx:::0.0
TRACE::2026-04-01.14:42:44::SCWPlatform::Trying to set the existing hwdb with name system_wrapper_2
TRACE::2026-04-01.14:42:44::SCWPlatform::Opened existing hwdb system_wrapper_2
TRACE::2026-04-01.14:42:44::SCWPlatform::Found the Hw Db part of the input DSA
TRACE::2026-04-01.14:42:44::SCWMssOS::Checking the sw design at  D:/Zynq/vitis/version_2020/23_01_sd_bmp_lcd/vitis/system_wrapper/ps7_cortexa9_0/standalone_ps7_cortexa9_0/bsp/system.mss
TRACE::2026-04-01.14:42:44::SCWMssOS::DEBUG:  swdes dump  D:/Zynq/vitis/version_2020/23_01_sd_bmp_lcd/vitis/system_wrapper/ps7_cortexa9_0/standalone_ps7_cortexa9_0/bsp/system.mss|system_0||
D:/Zynq/vitis/version_2020/23_01_sd_bmp_lcd/vitis/system_wrapper/zynq_fsbl/zynq_fsbl_bsp/system.mss|system||

TRACE::2026-04-01.14:42:44::SCWMssOS::Sw design exists and opened at  D:/Zynq/vitis/version_2020/23_01_sd_bmp_lcd/vitis/system_wrapper/ps7_cortexa9_0/standalone_ps7_cortexa9_0/bsp/system.mss
TRACE::2026-04-01.14:42:44::SCWWriter::formatted JSON is {
	"platformName":	"system_wrapper",
	"sprVersion":	"2.0",
	"mode":	"gui",
	"dsaType":	"Fixed",
	"platformDesc":	"system_wrapper",
	"platHandOff":	"<platformDir>.xsa",
	"platIntHandOff":	"<platformDir>/hw/system_wrapper.xsa",
	"deviceType":	"zynq",
	"platIsPrebuiltAutogen":	"false",
	"platIsNoBootBsp":	"false",
	"hasFsblMakeHasChanges":	"false",
	"hasPmufwMakeHasChanges":	"false",
	"fsblExtraCompilerFlags":	"-MMD -MP       -mcpu=cortex-a9 -mfpu=vfpv3 -mfloat-abi=hard ",
	"platPreBuiltFlag":	false,
	"platformSamplesDir":	"",
	"platActiveSys":	"system_wrapper",
	"systems":	[{
			"systemName":	"system_wrapper",
			"systemDesc":	"system_wrapper",
			"sysIsBootAutoGen":	"true",
			"systemDispName":	"system_wrapper",
			"sysActiveDom":	"standalone_ps7_cortexa9_0",
			"sysDefaultDom":	"standalone_ps7_cortexa9_0",
			"domains":	[{
					"domainName":	"zynq_fsbl",
					"domainDispName":	"zynq_fsbl",
					"domainDesc":	"FSBL Application BSP - Auto Generated.",
					"processors":	"ps7_cortexa9_0",
					"os":	"standalone",
					"sdxOs":	"standalone",
					"debugEnable":	"",
					"domRuntimes":	["cpp"],
					"swRepo":	"",
					"mssOsVer":	"7.3",
					"mssFile":	"",
					"md5Digest":	"859314a3ecadd41c03fc4d7adee735a0",
					"compatibleApp":	"zynq_fsbl",
					"domType":	"bootDomain",
					"arch":	"32-bit",
					"appSettings":	{
						"appCompilerFlags":	"",
						"appLinkerFlags":	""
					},
					"addedLibs":	["xilffs:4.4", "xilrsa:1.6"],
					"libOptions":	{
						"libsContainingOptions":	[]
					},
					"prebuiltLibs":	{
						"prebuiltIncPath":	[],
						"prebuiltLibPath":	[]
					},
					"isolation":	{
					}
				}, {
					"domainName":	"standalone_ps7_cortexa9_0",
					"domainDispName":	"standalone_ps7_cortexa9_0",
					"domainDesc":	"standalone_ps7_cortexa9_0",
					"processors":	"ps7_cortexa9_0",
					"os":	"standalone",
					"sdxOs":	"standalone",
					"qemuArgs":	"C:/Xilinx/Vitis/2020.2/data/emulation/platforms/zynq/sw/a9_standalone/qemu/qemu_args.txt",
					"qemuData":	"C:/Xilinx/Vitis/2020.2/data/emulation/platforms/zynq/sw/a9_standalone/qemu/",
					"debugEnable":	"False",
					"domRuntimes":	["cpp"],
					"swRepo":	"",
					"mssOsVer":	"7.3",
					"mssFile":	"",
					"md5Digest":	"2cff3dadde5929768d238c7bd618a310",
					"compatibleApp":	"",
					"domType":	"mssDomain",
					"arch":	"32-bit",
					"appSettings":	{
						"appCompilerFlags":	"",
						"appLinkerFlags":	""
					},
					"addedLibs":	["xilffs:4.4"],
					"libOptions":	{
						"xilffs":	{
							"use_lfn":	"1",
							"libOptionNames":	["use_lfn"]
						},
						"libsContainingOptions":	["xilffs"]
					},
					"prebuiltLibs":	{
						"prebuiltIncPath":	[],
						"prebuiltLibPath":	[]
					},
					"isolation":	{
					}
				}]
		}]
}
TRACE::2026-04-01.14:42:44::SCWMssOS::Saving the mss changes D:/Zynq/vitis/version_2020/23_01_sd_bmp_lcd/vitis/system_wrapper/ps7_cortexa9_0/standalone_ps7_cortexa9_0/bsp/system.mss
TRACE::2026-04-01.14:42:44::SCWMssOS::Found a swdesign opened with the mssfile.
TRACE::2026-04-01.14:42:44::SCWMssOS::Completed writemss as part of save.
TRACE::2026-04-01.14:42:44::SCWMssOS::Commit changes completed.
TRACE::2026-04-01.14:42:44::SCWPlatform::Trying to open the hw design at D:/Zynq/vitis/version_2020/23_01_sd_bmp_lcd/vitis/system_wrapper/hw/system_wrapper.xsa
TRACE::2026-04-01.14:42:44::SCWPlatform::DSA given D:/Zynq/vitis/version_2020/23_01_sd_bmp_lcd/vitis/system_wrapper/hw/system_wrapper.xsa
TRACE::2026-04-01.14:42:44::SCWPlatform::DSA absoulate path D:/Zynq/vitis/version_2020/23_01_sd_bmp_lcd/vitis/system_wrapper/hw/system_wrapper.xsa
TRACE::2026-04-01.14:42:44::SCWPlatform::DSA directory D:/Zynq/vitis/version_2020/23_01_sd_bmp_lcd/vitis/system_wrapper/hw
TRACE::2026-04-01.14:42:44::SCWPlatform:: Platform Path D:/Zynq/vitis/version_2020/23_01_sd_bmp_lcd/vitis/system_wrapper/hw/system_wrapper.xsa
TRACE::2026-04-01.14:42:44::SCWPlatform:: Unique name xilinx:::0.0
TRACE::2026-04-01.14:42:44::SCWPlatform::Trying to set the existing hwdb with name system_wrapper_2
TRACE::2026-04-01.14:42:44::SCWPlatform::Opened existing hwdb system_wrapper_2
TRACE::2026-04-01.14:42:44::SCWPlatform::Found the Hw Db part of the input DSA
TRACE::2026-04-01.14:42:44::SCWMssOS::Checking the sw design at  D:/Zynq/vitis/version_2020/23_01_sd_bmp_lcd/vitis/system_wrapper/ps7_cortexa9_0/standalone_ps7_cortexa9_0/bsp/system.mss
TRACE::2026-04-01.14:42:44::SCWMssOS::DEBUG:  swdes dump  D:/Zynq/vitis/version_2020/23_01_sd_bmp_lcd/vitis/system_wrapper/ps7_cortexa9_0/standalone_ps7_cortexa9_0/bsp/system.mss|system_0||
D:/Zynq/vitis/version_2020/23_01_sd_bmp_lcd/vitis/system_wrapper/zynq_fsbl/zynq_fsbl_bsp/system.mss|system||

TRACE::2026-04-01.14:42:44::SCWMssOS::Sw design exists and opened at  D:/Zynq/vitis/version_2020/23_01_sd_bmp_lcd/vitis/system_wrapper/ps7_cortexa9_0/standalone_ps7_cortexa9_0/bsp/system.mss
TRACE::2026-04-01.14:42:44::SCWMssOS::Removing the swdes entry for  D:/Zynq/vitis/version_2020/23_01_sd_bmp_lcd/vitis/system_wrapper/ps7_cortexa9_0/standalone_ps7_cortexa9_0/bsp/system.mss
TRACE::2026-04-01.14:42:44::SCWMssOS::In reload Mss file.
TRACE::2026-04-01.14:42:44::SCWPlatform::Trying to open the hw design at D:/Zynq/vitis/version_2020/23_01_sd_bmp_lcd/vitis/system_wrapper/hw/system_wrapper.xsa
TRACE::2026-04-01.14:42:44::SCWPlatform::DSA given D:/Zynq/vitis/version_2020/23_01_sd_bmp_lcd/vitis/system_wrapper/hw/system_wrapper.xsa
TRACE::2026-04-01.14:42:44::SCWPlatform::DSA absoulate path D:/Zynq/vitis/version_2020/23_01_sd_bmp_lcd/vitis/system_wrapper/hw/system_wrapper.xsa
TRACE::2026-04-01.14:42:44::SCWPlatform::DSA directory D:/Zynq/vitis/version_2020/23_01_sd_bmp_lcd/vitis/system_wrapper/hw
TRACE::2026-04-01.14:42:44::SCWPlatform:: Platform Path D:/Zynq/vitis/version_2020/23_01_sd_bmp_lcd/vitis/system_wrapper/hw/system_wrapper.xsa
TRACE::2026-04-01.14:42:44::SCWPlatform:: Unique name xilinx:::0.0
TRACE::2026-04-01.14:42:44::SCWPlatform::Trying to set the existing hwdb with name system_wrapper_2
TRACE::2026-04-01.14:42:44::SCWPlatform::Opened existing hwdb system_wrapper_2
TRACE::2026-04-01.14:42:44::SCWPlatform::Found the Hw Db part of the input DSA
TRACE::2026-04-01.14:42:44::SCWMssOS::Checking the sw design at  D:/Zynq/vitis/version_2020/23_01_sd_bmp_lcd/vitis/system_wrapper/ps7_cortexa9_0/standalone_ps7_cortexa9_0/bsp/system.mss
TRACE::2026-04-01.14:42:44::SCWMssOS::DEBUG:  swdes dump  D:/Zynq/vitis/version_2020/23_01_sd_bmp_lcd/vitis/system_wrapper/zynq_fsbl/zynq_fsbl_bsp/system.mss|system||

TRACE::2026-04-01.14:42:44::SCWMssOS::No sw design opened at  D:/Zynq/vitis/version_2020/23_01_sd_bmp_lcd/vitis/system_wrapper/ps7_cortexa9_0/standalone_ps7_cortexa9_0/bsp/system.mss
TRACE::2026-04-01.14:42:44::SCWMssOS::mss exists loading the mss file  D:/Zynq/vitis/version_2020/23_01_sd_bmp_lcd/vitis/system_wrapper/ps7_cortexa9_0/standalone_ps7_cortexa9_0/bsp/system.mss
TRACE::2026-04-01.14:42:44::SCWMssOS::Opened the sw design from mss  D:/Zynq/vitis/version_2020/23_01_sd_bmp_lcd/vitis/system_wrapper/ps7_cortexa9_0/standalone_ps7_cortexa9_0/bsp/system.mss
TRACE::2026-04-01.14:42:44::SCWMssOS::Adding the swdes entry D:/Zynq/vitis/version_2020/23_01_sd_bmp_lcd/vitis/system_wrapper/ps7_cortexa9_0/standalone_ps7_cortexa9_0/bsp/system.mss with des name system_0
TRACE::2026-04-01.14:42:44::SCWMssOS::updating the scw layer about changes
TRACE::2026-04-01.14:42:44::SCWMssOS::Opened the sw design.  D:/Zynq/vitis/version_2020/23_01_sd_bmp_lcd/vitis/system_wrapper/ps7_cortexa9_0/standalone_ps7_cortexa9_0/bsp/system.mss
TRACE::2026-04-01.14:42:44::SCWPlatform::Trying to open the hw design at D:/Zynq/vitis/version_2020/23_01_sd_bmp_lcd/vitis/system_wrapper/hw/system_wrapper.xsa
TRACE::2026-04-01.14:42:44::SCWPlatform::DSA given D:/Zynq/vitis/version_2020/23_01_sd_bmp_lcd/vitis/system_wrapper/hw/system_wrapper.xsa
TRACE::2026-04-01.14:42:44::SCWPlatform::DSA absoulate path D:/Zynq/vitis/version_2020/23_01_sd_bmp_lcd/vitis/system_wrapper/hw/system_wrapper.xsa
TRACE::2026-04-01.14:42:44::SCWPlatform::DSA directory D:/Zynq/vitis/version_2020/23_01_sd_bmp_lcd/vitis/system_wrapper/hw
TRACE::2026-04-01.14:42:44::SCWPlatform:: Platform Path D:/Zynq/vitis/version_2020/23_01_sd_bmp_lcd/vitis/system_wrapper/hw/system_wrapper.xsa
TRACE::2026-04-01.14:42:44::SCWPlatform:: Unique name xilinx:::0.0
TRACE::2026-04-01.14:42:44::SCWPlatform::Trying to set the existing hwdb with name system_wrapper_2
TRACE::2026-04-01.14:42:44::SCWPlatform::Opened existing hwdb system_wrapper_2
TRACE::2026-04-01.14:42:44::SCWPlatform::Found the Hw Db part of the input DSA
TRACE::2026-04-01.14:42:44::SCWMssOS::Checking the sw design at  D:/Zynq/vitis/version_2020/23_01_sd_bmp_lcd/vitis/system_wrapper/ps7_cortexa9_0/standalone_ps7_cortexa9_0/bsp/system.mss
TRACE::2026-04-01.14:42:44::SCWMssOS::DEBUG:  swdes dump  D:/Zynq/vitis/version_2020/23_01_sd_bmp_lcd/vitis/system_wrapper/ps7_cortexa9_0/standalone_ps7_cortexa9_0/bsp/system.mss|system_0||
D:/Zynq/vitis/version_2020/23_01_sd_bmp_lcd/vitis/system_wrapper/zynq_fsbl/zynq_fsbl_bsp/system.mss|system||

TRACE::2026-04-01.14:42:44::SCWMssOS::Sw design exists and opened at  D:/Zynq/vitis/version_2020/23_01_sd_bmp_lcd/vitis/system_wrapper/ps7_cortexa9_0/standalone_ps7_cortexa9_0/bsp/system.mss
TRACE::2026-04-01.14:42:44::SCWMssOS:: library already available in sw design:  xilffs:4.4
TRACE::2026-04-01.14:42:44::SCWPlatform::Trying to open the hw design at D:/Zynq/vitis/version_2020/23_01_sd_bmp_lcd/vitis/system_wrapper/hw/system_wrapper.xsa
TRACE::2026-04-01.14:42:44::SCWPlatform::DSA given D:/Zynq/vitis/version_2020/23_01_sd_bmp_lcd/vitis/system_wrapper/hw/system_wrapper.xsa
TRACE::2026-04-01.14:42:44::SCWPlatform::DSA absoulate path D:/Zynq/vitis/version_2020/23_01_sd_bmp_lcd/vitis/system_wrapper/hw/system_wrapper.xsa
TRACE::2026-04-01.14:42:44::SCWPlatform::DSA directory D:/Zynq/vitis/version_2020/23_01_sd_bmp_lcd/vitis/system_wrapper/hw
TRACE::2026-04-01.14:42:44::SCWPlatform:: Platform Path D:/Zynq/vitis/version_2020/23_01_sd_bmp_lcd/vitis/system_wrapper/hw/system_wrapper.xsa
TRACE::2026-04-01.14:42:44::SCWPlatform:: Unique name xilinx:::0.0
TRACE::2026-04-01.14:42:44::SCWPlatform::Trying to set the existing hwdb with name system_wrapper_2
TRACE::2026-04-01.14:42:44::SCWPlatform::Opened existing hwdb system_wrapper_2
TRACE::2026-04-01.14:42:44::SCWPlatform::Found the Hw Db part of the input DSA
TRACE::2026-04-01.14:42:44::SCWMssOS::Checking the sw design at  D:/Zynq/vitis/version_2020/23_01_sd_bmp_lcd/vitis/system_wrapper/ps7_cortexa9_0/standalone_ps7_cortexa9_0/bsp/system.mss
TRACE::2026-04-01.14:42:44::SCWMssOS::DEBUG:  swdes dump  D:/Zynq/vitis/version_2020/23_01_sd_bmp_lcd/vitis/system_wrapper/ps7_cortexa9_0/standalone_ps7_cortexa9_0/bsp/system.mss|system_0||
D:/Zynq/vitis/version_2020/23_01_sd_bmp_lcd/vitis/system_wrapper/zynq_fsbl/zynq_fsbl_bsp/system.mss|system||

TRACE::2026-04-01.14:42:44::SCWMssOS::Sw design exists and opened at  D:/Zynq/vitis/version_2020/23_01_sd_bmp_lcd/vitis/system_wrapper/ps7_cortexa9_0/standalone_ps7_cortexa9_0/bsp/system.mss
TRACE::2026-04-01.14:42:44::SCWPlatform::Trying to open the hw design at D:/Zynq/vitis/version_2020/23_01_sd_bmp_lcd/vitis/system_wrapper/hw/system_wrapper.xsa
TRACE::2026-04-01.14:42:44::SCWPlatform::DSA given D:/Zynq/vitis/version_2020/23_01_sd_bmp_lcd/vitis/system_wrapper/hw/system_wrapper.xsa
TRACE::2026-04-01.14:42:44::SCWPlatform::DSA absoulate path D:/Zynq/vitis/version_2020/23_01_sd_bmp_lcd/vitis/system_wrapper/hw/system_wrapper.xsa
TRACE::2026-04-01.14:42:44::SCWPlatform::DSA directory D:/Zynq/vitis/version_2020/23_01_sd_bmp_lcd/vitis/system_wrapper/hw
TRACE::2026-04-01.14:42:44::SCWPlatform:: Platform Path D:/Zynq/vitis/version_2020/23_01_sd_bmp_lcd/vitis/system_wrapper/hw/system_wrapper.xsa
TRACE::2026-04-01.14:42:44::SCWPlatform:: Unique name xilinx:::0.0
TRACE::2026-04-01.14:42:44::SCWPlatform::Trying to set the existing hwdb with name system_wrapper_2
TRACE::2026-04-01.14:42:44::SCWPlatform::Opened existing hwdb system_wrapper_2
TRACE::2026-04-01.14:42:44::SCWPlatform::Found the Hw Db part of the input DSA
TRACE::2026-04-01.14:42:44::SCWMssOS::Checking the sw design at  D:/Zynq/vitis/version_2020/23_01_sd_bmp_lcd/vitis/system_wrapper/ps7_cortexa9_0/standalone_ps7_cortexa9_0/bsp/system.mss
TRACE::2026-04-01.14:42:44::SCWMssOS::DEBUG:  swdes dump  D:/Zynq/vitis/version_2020/23_01_sd_bmp_lcd/vitis/system_wrapper/ps7_cortexa9_0/standalone_ps7_cortexa9_0/bsp/system.mss|system_0||
D:/Zynq/vitis/version_2020/23_01_sd_bmp_lcd/vitis/system_wrapper/zynq_fsbl/zynq_fsbl_bsp/system.mss|system||

TRACE::2026-04-01.14:42:44::SCWMssOS::Sw design exists and opened at  D:/Zynq/vitis/version_2020/23_01_sd_bmp_lcd/vitis/system_wrapper/ps7_cortexa9_0/standalone_ps7_cortexa9_0/bsp/system.mss
TRACE::2026-04-01.14:42:44::SCWMssOS::Saving the mss changes D:/Zynq/vitis/version_2020/23_01_sd_bmp_lcd/vitis/system_wrapper/ps7_cortexa9_0/standalone_ps7_cortexa9_0/bsp/system.mss
TRACE::2026-04-01.14:42:44::SCWMssOS::Found a swdesign opened with the mssfile.
TRACE::2026-04-01.14:42:44::SCWMssOS::Completed writemss as part of save.
TRACE::2026-04-01.14:42:44::SCWMssOS::Commit changes completed.
TRACE::2026-04-01.14:42:44::SCWPlatform::Trying to open the hw design at D:/Zynq/vitis/version_2020/23_01_sd_bmp_lcd/vitis/system_wrapper/hw/system_wrapper.xsa
TRACE::2026-04-01.14:42:44::SCWPlatform::DSA given D:/Zynq/vitis/version_2020/23_01_sd_bmp_lcd/vitis/system_wrapper/hw/system_wrapper.xsa
TRACE::2026-04-01.14:42:44::SCWPlatform::DSA absoulate path D:/Zynq/vitis/version_2020/23_01_sd_bmp_lcd/vitis/system_wrapper/hw/system_wrapper.xsa
TRACE::2026-04-01.14:42:44::SCWPlatform::DSA directory D:/Zynq/vitis/version_2020/23_01_sd_bmp_lcd/vitis/system_wrapper/hw
TRACE::2026-04-01.14:42:44::SCWPlatform:: Platform Path D:/Zynq/vitis/version_2020/23_01_sd_bmp_lcd/vitis/system_wrapper/hw/system_wrapper.xsa
TRACE::2026-04-01.14:42:44::SCWPlatform:: Unique name xilinx:::0.0
TRACE::2026-04-01.14:42:44::SCWPlatform::Trying to set the existing hwdb with name system_wrapper_2
TRACE::2026-04-01.14:42:44::SCWPlatform::Opened existing hwdb system_wrapper_2
TRACE::2026-04-01.14:42:44::SCWPlatform::Found the Hw Db part of the input DSA
TRACE::2026-04-01.14:42:44::SCWMssOS::Checking the sw design at  D:/Zynq/vitis/version_2020/23_01_sd_bmp_lcd/vitis/system_wrapper/ps7_cortexa9_0/standalone_ps7_cortexa9_0/bsp/system.mss
TRACE::2026-04-01.14:42:44::SCWMssOS::DEBUG:  swdes dump  D:/Zynq/vitis/version_2020/23_01_sd_bmp_lcd/vitis/system_wrapper/ps7_cortexa9_0/standalone_ps7_cortexa9_0/bsp/system.mss|system_0||
D:/Zynq/vitis/version_2020/23_01_sd_bmp_lcd/vitis/system_wrapper/zynq_fsbl/zynq_fsbl_bsp/system.mss|system||

TRACE::2026-04-01.14:42:44::SCWMssOS::Sw design exists and opened at  D:/Zynq/vitis/version_2020/23_01_sd_bmp_lcd/vitis/system_wrapper/ps7_cortexa9_0/standalone_ps7_cortexa9_0/bsp/system.mss
TRACE::2026-04-01.14:42:44::SCWMssOS::Removing the swdes entry for  D:/Zynq/vitis/version_2020/23_01_sd_bmp_lcd/vitis/system_wrapper/ps7_cortexa9_0/standalone_ps7_cortexa9_0/bsp/system.mss
TRACE::2026-04-01.14:42:44::SCWPlatform::Trying to open the hw design at D:/Zynq/vitis/version_2020/23_01_sd_bmp_lcd/vitis/system_wrapper/hw/system_wrapper.xsa
TRACE::2026-04-01.14:42:44::SCWPlatform::DSA given D:/Zynq/vitis/version_2020/23_01_sd_bmp_lcd/vitis/system_wrapper/hw/system_wrapper.xsa
TRACE::2026-04-01.14:42:44::SCWPlatform::DSA absoulate path D:/Zynq/vitis/version_2020/23_01_sd_bmp_lcd/vitis/system_wrapper/hw/system_wrapper.xsa
TRACE::2026-04-01.14:42:44::SCWPlatform::DSA directory D:/Zynq/vitis/version_2020/23_01_sd_bmp_lcd/vitis/system_wrapper/hw
TRACE::2026-04-01.14:42:44::SCWPlatform:: Platform Path D:/Zynq/vitis/version_2020/23_01_sd_bmp_lcd/vitis/system_wrapper/hw/system_wrapper.xsa
TRACE::2026-04-01.14:42:44::SCWPlatform:: Unique name xilinx:::0.0
TRACE::2026-04-01.14:42:44::SCWPlatform::Trying to set the existing hwdb with name system_wrapper_2
TRACE::2026-04-01.14:42:44::SCWPlatform::Opened existing hwdb system_wrapper_2
TRACE::2026-04-01.14:42:44::SCWPlatform::Found the Hw Db part of the input DSA
TRACE::2026-04-01.14:42:44::SCWMssOS::Checking the sw design at  D:/Zynq/vitis/version_2020/23_01_sd_bmp_lcd/vitis/system_wrapper/ps7_cortexa9_0/standalone_ps7_cortexa9_0/bsp/system.mss
TRACE::2026-04-01.14:42:44::SCWMssOS::DEBUG:  swdes dump  D:/Zynq/vitis/version_2020/23_01_sd_bmp_lcd/vitis/system_wrapper/zynq_fsbl/zynq_fsbl_bsp/system.mss|system||

TRACE::2026-04-01.14:42:44::SCWMssOS::No sw design opened at  D:/Zynq/vitis/version_2020/23_01_sd_bmp_lcd/vitis/system_wrapper/ps7_cortexa9_0/standalone_ps7_cortexa9_0/bsp/system.mss
TRACE::2026-04-01.14:42:44::SCWMssOS::mss exists loading the mss file  D:/Zynq/vitis/version_2020/23_01_sd_bmp_lcd/vitis/system_wrapper/ps7_cortexa9_0/standalone_ps7_cortexa9_0/bsp/system.mss
TRACE::2026-04-01.14:42:44::SCWMssOS::Opened the sw design from mss  D:/Zynq/vitis/version_2020/23_01_sd_bmp_lcd/vitis/system_wrapper/ps7_cortexa9_0/standalone_ps7_cortexa9_0/bsp/system.mss
TRACE::2026-04-01.14:42:44::SCWMssOS::Adding the swdes entry D:/Zynq/vitis/version_2020/23_01_sd_bmp_lcd/vitis/system_wrapper/ps7_cortexa9_0/standalone_ps7_cortexa9_0/bsp/system.mss with des name system_0
TRACE::2026-04-01.14:42:44::SCWMssOS::updating the scw layer about changes
TRACE::2026-04-01.14:42:44::SCWMssOS::Opened the sw design.  D:/Zynq/vitis/version_2020/23_01_sd_bmp_lcd/vitis/system_wrapper/ps7_cortexa9_0/standalone_ps7_cortexa9_0/bsp/system.mss
TRACE::2026-04-01.14:42:44::SCWMssOS::Completed writing the mss file at D:/Zynq/vitis/version_2020/23_01_sd_bmp_lcd/vitis/system_wrapper/ps7_cortexa9_0/standalone_ps7_cortexa9_0/bsp
TRACE::2026-04-01.14:42:44::SCWMssOS::Forcing BSP Sources regeneration.
KEYINFO::2026-04-01.14:42:45::SCWMssOS::Removing file D:/Zynq/vitis/version_2020/23_01_sd_bmp_lcd/vitis/system_wrapper/ps7_cortexa9_0/standalone_ps7_cortexa9_0/bsp\system_0.mss
LOG::2026-04-01.14:42:48::SCWPlatform::Started generating the artifacts platform system_wrapper
TRACE::2026-04-01.14:42:48::SCWPlatform::Sanity checking of platform is completed
LOG::2026-04-01.14:42:48::SCWPlatform::Started generating the artifacts for system configuration system_wrapper
LOG::2026-04-01.14:42:48::SCWSystem::Checking the domain zynq_fsbl
LOG::2026-04-01.14:42:48::SCWSystem::Doing application build for :  zynq_fsbl
TRACE::2026-04-01.14:42:48::SCWBDomain::Not a forced makefile updation, No changes are present. 
TRACE::2026-04-01.14:42:48::SCWDomain::Skipping the build for domain :  zynq_fsbl
LOG::2026-04-01.14:42:48::SCWSystem::Checking the domain standalone_ps7_cortexa9_0
LOG::2026-04-01.14:42:48::SCWSystem::Not a boot domain 
LOG::2026-04-01.14:42:48::SCWSystem::Started Processing the domain standalone_ps7_cortexa9_0
TRACE::2026-04-01.14:42:48::SCWDomain::Generating domain artifcats
TRACE::2026-04-01.14:42:48::SCWMssOS::Generating standalone artifcats
TRACE::2026-04-01.14:42:48::SCWMssOS::Copying the qemu file from  C:/Xilinx/Vitis/2020.2/data/emulation/platforms/zynq/sw/a9_standalone/qemu/qemu_args.txt To D:/Zynq/vitis/version_2020/23_01_sd_bmp_lcd/vitis/system_wrapper/export/system_wrapper/sw/system_wrapper/qemu/
TRACE::2026-04-01.14:42:48::SCWMssOS::Copying the qemu file from  C:/Xilinx/Vitis/2020.2/data/emulation/platforms/zynq/sw/a9_standalone/qemu/qemu_args.txt To D:/Zynq/vitis/version_2020/23_01_sd_bmp_lcd/vitis/system_wrapper/export/system_wrapper/sw/system_wrapper/standalone_ps7_cortexa9_0/qemu/
TRACE::2026-04-01.14:42:48::SCWMssOS:: Copying the user libraries. 
TRACE::2026-04-01.14:42:48::SCWPlatform::Trying to open the hw design at D:/Zynq/vitis/version_2020/23_01_sd_bmp_lcd/vitis/system_wrapper/hw/system_wrapper.xsa
TRACE::2026-04-01.14:42:48::SCWPlatform::DSA given D:/Zynq/vitis/version_2020/23_01_sd_bmp_lcd/vitis/system_wrapper/hw/system_wrapper.xsa
TRACE::2026-04-01.14:42:48::SCWPlatform::DSA absoulate path D:/Zynq/vitis/version_2020/23_01_sd_bmp_lcd/vitis/system_wrapper/hw/system_wrapper.xsa
TRACE::2026-04-01.14:42:48::SCWPlatform::DSA directory D:/Zynq/vitis/version_2020/23_01_sd_bmp_lcd/vitis/system_wrapper/hw
TRACE::2026-04-01.14:42:48::SCWPlatform:: Platform Path D:/Zynq/vitis/version_2020/23_01_sd_bmp_lcd/vitis/system_wrapper/hw/system_wrapper.xsa
TRACE::2026-04-01.14:42:48::SCWPlatform:: Unique name xilinx:::0.0
TRACE::2026-04-01.14:42:48::SCWPlatform::Trying to set the existing hwdb with name system_wrapper_2
TRACE::2026-04-01.14:42:48::SCWPlatform::Opened existing hwdb system_wrapper_2
TRACE::2026-04-01.14:42:48::SCWPlatform::Found the Hw Db part of the input DSA
TRACE::2026-04-01.14:42:48::SCWMssOS::Checking the sw design at  D:/Zynq/vitis/version_2020/23_01_sd_bmp_lcd/vitis/system_wrapper/ps7_cortexa9_0/standalone_ps7_cortexa9_0/bsp/system.mss
TRACE::2026-04-01.14:42:48::SCWMssOS::DEBUG:  swdes dump  D:/Zynq/vitis/version_2020/23_01_sd_bmp_lcd/vitis/system_wrapper/ps7_cortexa9_0/standalone_ps7_cortexa9_0/bsp/system.mss|system_0||
D:/Zynq/vitis/version_2020/23_01_sd_bmp_lcd/vitis/system_wrapper/zynq_fsbl/zynq_fsbl_bsp/system.mss|system||

KEYINFO::2026-04-01.14:42:48::SCWMssOS::Could not open the swdb for system_0
KEYINFO::2026-04-01.14:42:48::SCWMssOS::Could not open the sw design at  system_0
ERROR: [Hsi 55-1558] Software Design system_0 is not found

TRACE::2026-04-01.14:42:48::SCWMssOS::Cleared the swdb table entry
TRACE::2026-04-01.14:42:48::SCWMssOS::No sw design opened at  D:/Zynq/vitis/version_2020/23_01_sd_bmp_lcd/vitis/system_wrapper/ps7_cortexa9_0/standalone_ps7_cortexa9_0/bsp/system.mss
TRACE::2026-04-01.14:42:48::SCWMssOS::mss exists loading the mss file  D:/Zynq/vitis/version_2020/23_01_sd_bmp_lcd/vitis/system_wrapper/ps7_cortexa9_0/standalone_ps7_cortexa9_0/bsp/system.mss
TRACE::2026-04-01.14:42:48::SCWMssOS::Opened the sw design from mss  D:/Zynq/vitis/version_2020/23_01_sd_bmp_lcd/vitis/system_wrapper/ps7_cortexa9_0/standalone_ps7_cortexa9_0/bsp/system.mss
TRACE::2026-04-01.14:42:48::SCWMssOS::Adding the swdes entry D:/Zynq/vitis/version_2020/23_01_sd_bmp_lcd/vitis/system_wrapper/ps7_cortexa9_0/standalone_ps7_cortexa9_0/bsp/system.mss with des name system_0
TRACE::2026-04-01.14:42:48::SCWMssOS::updating the scw layer about changes
TRACE::2026-04-01.14:42:48::SCWMssOS::Opened the sw design.  D:/Zynq/vitis/version_2020/23_01_sd_bmp_lcd/vitis/system_wrapper/ps7_cortexa9_0/standalone_ps7_cortexa9_0/bsp/system.mss
TRACE::2026-04-01.14:42:48::SCWMssOS::Completed writing the mss file at D:/Zynq/vitis/version_2020/23_01_sd_bmp_lcd/vitis/system_wrapper/ps7_cortexa9_0/standalone_ps7_cortexa9_0/bsp
TRACE::2026-04-01.14:42:48::SCWMssOS::Mss edits present, copying mssfile into export location D:/Zynq/vitis/version_2020/23_01_sd_bmp_lcd/vitis/system_wrapper/ps7_cortexa9_0/standalone_ps7_cortexa9_0/bsp/system.mss
TRACE::2026-04-01.14:42:48::SCWMssOS::bsp generated is upto date with the mss file. Skipping bsp generation.
TRACE::2026-04-01.14:42:48::SCWMssOS::BSP is already built. skipping the bsp build ... 
TRACE::2026-04-01.14:42:48::SCWDomain::Building the domain :  standalone_ps7_cortexa9_0
TRACE::2026-04-01.14:42:48::SCWMssOS::doing bsp build ... 
TRACE::2026-04-01.14:42:48::SCWMssOS::System Command Ran  D: & cd  D:/Zynq/vitis/version_2020/23_01_sd_bmp_lcd/vitis/system_wrapper/ps7_cortexa9_0/standalone_ps7_cortexa9_0/bsp & make 
TRACE::2026-04-01.14:42:48::SCWMssOS::make --no-print-directory seq_libs

TRACE::2026-04-01.14:42:48::SCWMssOS::'Finished building libraries sequentially.'

TRACE::2026-04-01.14:42:48::SCWMssOS::make -j --no-print-directory par_libs

TRACE::2026-04-01.14:42:48::SCWMssOS::"Running Make include in ps7_cortexa9_0/libsrc/axivdma_v6_8/src"

TRACE::2026-04-01.14:42:48::SCWMssOS::"Running Make include in ps7_cortexa9_0/libsrc/clk_wiz_v1_4/src"

TRACE::2026-04-01.14:42:48::SCWMssOS::make -C ps7_cortexa9_0/libsrc/axivdma_v6_8/src -s include  "SHELL=CMD" "COMPILER=arm-none-eabi-gcc" "ASSEMBLER=arm-none-eabi-as
TRACE::2026-04-01.14:42:48::SCWMssOS::" "ARCHIVER=arm-none-eabi-ar" "COMPILER_FLAGS=  -O2 -c" "EXTRA_COMPILER_FLAGS=-mcpu=cortex-a9 -mfpu=vfpv3 -mfloat-abi=hard -nos
TRACE::2026-04-01.14:42:48::SCWMssOS::tartfiles -g -Wall -Wextra"

TRACE::2026-04-01.14:42:48::SCWMssOS::"Running Make include in ps7_cortexa9_0/libsrc/coresightps_dcc_v1_8/src"

TRACE::2026-04-01.14:42:48::SCWMssOS::make -C ps7_cortexa9_0/libsrc/clk_wiz_v1_4/src -s include  "SHELL=CMD" "COMPILER=arm-none-eabi-gcc" "ASSEMBLER=arm-none-eabi-as
TRACE::2026-04-01.14:42:48::SCWMssOS::" "ARCHIVER=arm-none-eabi-ar" "COMPILER_FLAGS=  -O2 -c" "EXTRA_COMPILER_FLAGS=-mcpu=cortex-a9 -mfpu=vfpv3 -mfloat-abi=hard -nos
TRACE::2026-04-01.14:42:48::SCWMssOS::tartfiles -g -Wall -Wextra"

TRACE::2026-04-01.14:42:48::SCWMssOS::"Running Make include in ps7_cortexa9_0/libsrc/cpu_cortexa9_v2_10/src"

TRACE::2026-04-01.14:42:48::SCWMssOS::make -C ps7_cortexa9_0/libsrc/coresightps_dcc_v1_8/src -s include  "SHELL=CMD" "COMPILER=arm-none-eabi-gcc" "ASSEMBLER=arm-none
TRACE::2026-04-01.14:42:48::SCWMssOS::-eabi-as" "ARCHIVER=arm-none-eabi-ar" "COMPILER_FLAGS=  -O2 -c" "EXTRA_COMPILER_FLAGS=-mcpu=cortex-a9 -mfpu=vfpv3 -mfloat-abi=h
TRACE::2026-04-01.14:42:48::SCWMssOS::ard -nostartfiles -g -Wall -Wextra"

TRACE::2026-04-01.14:42:48::SCWMssOS::make -C ps7_cortexa9_0/libsrc/cpu_cortexa9_v2_10/src -s include  "SHELL=CMD" "COMPILER=arm-none-eabi-gcc" "ASSEMBLER=arm-none-e
TRACE::2026-04-01.14:42:48::SCWMssOS::abi-as" "ARCHIVER=arm-none-eabi-ar" "COMPILER_FLAGS=  -O2 -c" "EXTRA_COMPILER_FLAGS=-mcpu=cortex-a9 -mfpu=vfpv3 -mfloat-abi=har
TRACE::2026-04-01.14:42:48::SCWMssOS::d -nostartfiles -g -Wall -Wextra"

TRACE::2026-04-01.14:42:48::SCWMssOS::"Running Make include in ps7_cortexa9_0/libsrc/ddrps_v1_2/src"

TRACE::2026-04-01.14:42:48::SCWMssOS::make -C ps7_cortexa9_0/libsrc/ddrps_v1_2/src -s include  "SHELL=CMD" "COMPILER=arm-none-eabi-gcc" "ASSEMBLER=arm-none-eabi-as" 
TRACE::2026-04-01.14:42:48::SCWMssOS::"ARCHIVER=arm-none-eabi-ar" "COMPILER_FLAGS=  -O2 -c" "EXTRA_COMPILER_FLAGS=-mcpu=cortex-a9 -mfpu=vfpv3 -mfloat-abi=hard -nosta
TRACE::2026-04-01.14:42:48::SCWMssOS::rtfiles -g -Wall -Wextra"

TRACE::2026-04-01.14:42:48::SCWMssOS::"Running Make include in ps7_cortexa9_0/libsrc/devcfg_v3_7/src"

TRACE::2026-04-01.14:42:48::SCWMssOS::make -C ps7_cortexa9_0/libsrc/devcfg_v3_7/src -s include  "SHELL=CMD" "COMPILER=arm-none-eabi-gcc" "ASSEMBLER=arm-none-eabi-as"
TRACE::2026-04-01.14:42:48::SCWMssOS:: "ARCHIVER=arm-none-eabi-ar" "COMPILER_FLAGS=  -O2 -c" "EXTRA_COMPILER_FLAGS=-mcpu=cortex-a9 -mfpu=vfpv3 -mfloat-abi=hard -nost
TRACE::2026-04-01.14:42:48::SCWMssOS::artfiles -g -Wall -Wextra"

TRACE::2026-04-01.14:42:48::SCWMssOS::"Running Make include in ps7_cortexa9_0/libsrc/dmaps_v2_7/src"

TRACE::2026-04-01.14:42:48::SCWMssOS::make -C ps7_cortexa9_0/libsrc/dmaps_v2_7/src -s include  "SHELL=CMD" "COMPILER=arm-none-eabi-gcc" "ASSEMBLER=arm-none-eabi-as" 
TRACE::2026-04-01.14:42:48::SCWMssOS::"ARCHIVER=arm-none-eabi-ar" "COMPILER_FLAGS=  -O2 -c" "EXTRA_COMPILER_FLAGS=-mcpu=cortex-a9 -mfpu=vfpv3 -mfloat-abi=hard -nosta
TRACE::2026-04-01.14:42:48::SCWMssOS::rtfiles -g -Wall -Wextra"

TRACE::2026-04-01.14:42:48::SCWMssOS::"Running Make include in ps7_cortexa9_0/libsrc/gpio_v4_7/src"

TRACE::2026-04-01.14:42:48::SCWMssOS::make -C ps7_cortexa9_0/libsrc/gpio_v4_7/src -s include  "SHELL=CMD" "COMPILER=arm-none-eabi-gcc" "ASSEMBLER=arm-none-eabi-as" "
TRACE::2026-04-01.14:42:48::SCWMssOS::ARCHIVER=arm-none-eabi-ar" "COMPILER_FLAGS=  -O2 -c" "EXTRA_COMPILER_FLAGS=-mcpu=cortex-a9 -mfpu=vfpv3 -mfloat-abi=hard -nostar
TRACE::2026-04-01.14:42:48::SCWMssOS::tfiles -g -Wall -Wextra"

TRACE::2026-04-01.14:42:48::SCWMssOS::"Running Make include in ps7_cortexa9_0/libsrc/scugic_v4_3/src"

TRACE::2026-04-01.14:42:48::SCWMssOS::make -C ps7_cortexa9_0/libsrc/scugic_v4_3/src -s include  "SHELL=CMD" "COMPILER=arm-none-eabi-gcc" "ASSEMBLER=arm-none-eabi-as"
TRACE::2026-04-01.14:42:48::SCWMssOS:: "ARCHIVER=arm-none-eabi-ar" "COMPILER_FLAGS=  -O2 -c" "EXTRA_COMPILER_FLAGS=-mcpu=cortex-a9 -mfpu=vfpv3 -mfloat-abi=hard -nost
TRACE::2026-04-01.14:42:48::SCWMssOS::artfiles -g -Wall -Wextra"

TRACE::2026-04-01.14:42:48::SCWMssOS::"Running Make include in ps7_cortexa9_0/libsrc/scutimer_v2_3/src"

TRACE::2026-04-01.14:42:48::SCWMssOS::"Running Make include in ps7_cortexa9_0/libsrc/scuwdt_v2_3/src"

TRACE::2026-04-01.14:42:48::SCWMssOS::make -C ps7_cortexa9_0/libsrc/scutimer_v2_3/src -s include  "SHELL=CMD" "COMPILER=arm-none-eabi-gcc" "ASSEMBLER=arm-none-eabi-a
TRACE::2026-04-01.14:42:48::SCWMssOS::s" "ARCHIVER=arm-none-eabi-ar" "COMPILER_FLAGS=  -O2 -c" "EXTRA_COMPILER_FLAGS=-mcpu=cortex-a9 -mfpu=vfpv3 -mfloat-abi=hard -no
TRACE::2026-04-01.14:42:48::SCWMssOS::startfiles -g -Wall -Wextra"

TRACE::2026-04-01.14:42:48::SCWMssOS::"Running Make include in ps7_cortexa9_0/libsrc/sdps_v3_10/src"

TRACE::2026-04-01.14:42:48::SCWMssOS::make -C ps7_cortexa9_0/libsrc/scuwdt_v2_3/src -s include  "SHELL=CMD" "COMPILER=arm-none-eabi-gcc" "ASSEMBLER=arm-none-eabi-as"
TRACE::2026-04-01.14:42:48::SCWMssOS:: "ARCHIVER=arm-none-eabi-ar" "COMPILER_FLAGS=  -O2 -c" "EXTRA_COMPILER_FLAGS=-mcpu=cortex-a9 -mfpu=vfpv3 -mfloat-abi=hard -nost
TRACE::2026-04-01.14:42:48::SCWMssOS::artfiles -g -Wall -Wextra"

TRACE::2026-04-01.14:42:48::SCWMssOS::"Running Make include in ps7_cortexa9_0/libsrc/standalone_v7_3/src"

TRACE::2026-04-01.14:42:48::SCWMssOS::make -C ps7_cortexa9_0/libsrc/sdps_v3_10/src -s include  "SHELL=CMD" "COMPILER=arm-none-eabi-gcc" "ASSEMBLER=arm-none-eabi-as" 
TRACE::2026-04-01.14:42:48::SCWMssOS::"ARCHIVER=arm-none-eabi-ar" "COMPILER_FLAGS=  -O2 -c" "EXTRA_COMPILER_FLAGS=-mcpu=cortex-a9 -mfpu=vfpv3 -mfloat-abi=hard -nosta
TRACE::2026-04-01.14:42:48::SCWMssOS::rtfiles -g -Wall -Wextra"

TRACE::2026-04-01.14:42:48::SCWMssOS::make -C ps7_cortexa9_0/libsrc/standalone_v7_3/src -s include  "SHELL=CMD" "COMPILER=arm-none-eabi-gcc" "ASSEMBLER=arm-none-eabi
TRACE::2026-04-01.14:42:48::SCWMssOS::-as" "ARCHIVER=arm-none-eabi-ar" "COMPILER_FLAGS=  -O2 -c" "EXTRA_COMPILER_FLAGS=-mcpu=cortex-a9 -mfpu=vfpv3 -mfloat-abi=hard -
TRACE::2026-04-01.14:42:48::SCWMssOS::nostartfiles -g -Wall -Wextra"

TRACE::2026-04-01.14:42:48::SCWMssOS::"Running Make include in ps7_cortexa9_0/libsrc/uartps_v3_10/src"

TRACE::2026-04-01.14:42:48::SCWMssOS::make -C ps7_cortexa9_0/libsrc/uartps_v3_10/src -s include  "SHELL=CMD" "COMPILER=arm-none-eabi-gcc" "ASSEMBLER=arm-none-eabi-as
TRACE::2026-04-01.14:42:48::SCWMssOS::" "ARCHIVER=arm-none-eabi-ar" "COMPILER_FLAGS=  -O2 -c" "EXTRA_COMPILER_FLAGS=-mcpu=cortex-a9 -mfpu=vfpv3 -mfloat-abi=hard -nos
TRACE::2026-04-01.14:42:48::SCWMssOS::tartfiles -g -Wall -Wextra"

TRACE::2026-04-01.14:42:48::SCWMssOS::"Running Make include in ps7_cortexa9_0/libsrc/vtc_v8_3/src"

TRACE::2026-04-01.14:42:48::SCWMssOS::"Running Make include in ps7_cortexa9_0/libsrc/xadcps_v2_5/src"

TRACE::2026-04-01.14:42:48::SCWMssOS::make -C ps7_cortexa9_0/libsrc/vtc_v8_3/src -s include  "SHELL=CMD" "COMPILER=arm-none-eabi-gcc" "ASSEMBLER=arm-none-eabi-as" "A
TRACE::2026-04-01.14:42:48::SCWMssOS::RCHIVER=arm-none-eabi-ar" "COMPILER_FLAGS=  -O2 -c" "EXTRA_COMPILER_FLAGS=-mcpu=cortex-a9 -mfpu=vfpv3 -mfloat-abi=hard -nostart
TRACE::2026-04-01.14:42:48::SCWMssOS::files -g -Wall -Wextra"

TRACE::2026-04-01.14:42:48::SCWMssOS::make -C ps7_cortexa9_0/libsrc/xadcps_v2_5/src -s include  "SHELL=CMD" "COMPILER=arm-none-eabi-gcc" "ASSEMBLER=arm-none-eabi-as"
TRACE::2026-04-01.14:42:48::SCWMssOS:: "ARCHIVER=arm-none-eabi-ar" "COMPILER_FLAGS=  -O2 -c" "EXTRA_COMPILER_FLAGS=-mcpu=cortex-a9 -mfpu=vfpv3 -mfloat-abi=hard -nost
TRACE::2026-04-01.14:42:48::SCWMssOS::artfiles -g -Wall -Wextra"

TRACE::2026-04-01.14:42:48::SCWMssOS::"Running Make include in ps7_cortexa9_0/libsrc/xilffs_v4_4/src"

TRACE::2026-04-01.14:42:48::SCWMssOS::make -C ps7_cortexa9_0/libsrc/xilffs_v4_4/src -s include  "SHELL=CMD" "COMPILER=arm-none-eabi-gcc" "ASSEMBLER=arm-none-eabi-as"
TRACE::2026-04-01.14:42:48::SCWMssOS:: "ARCHIVER=arm-none-eabi-ar" "COMPILER_FLAGS=  -O2 -c" "EXTRA_COMPILER_FLAGS=-mcpu=cortex-a9 -mfpu=vfpv3 -mfloat-abi=hard -nost
TRACE::2026-04-01.14:42:48::SCWMssOS::artfiles -g -Wall -Wextra"

TRACE::2026-04-01.14:42:49::SCWMssOS::"Running Make libs in ps7_cortexa9_0/libsrc/axivdma_v6_8/src"

TRACE::2026-04-01.14:42:49::SCWMssOS::"Running Make libs in ps7_cortexa9_0/libsrc/clk_wiz_v1_4/src"

TRACE::2026-04-01.14:42:49::SCWMssOS::make -C ps7_cortexa9_0/libsrc/axivdma_v6_8/src -s libs  "SHELL=CMD" "COMPILER=arm-none-eabi-gcc" "ASSEMBLER=arm-none-eabi-as" "
TRACE::2026-04-01.14:42:49::SCWMssOS::ARCHIVER=arm-none-eabi-ar" "COMPILER_FLAGS=  -O2 -c" "EXTRA_COMPILER_FLAGS=-mcpu=cortex-a9 -mfpu=vfpv3 -mfloat-abi=hard -nostar
TRACE::2026-04-01.14:42:49::SCWMssOS::tfiles -g -Wall -Wextra"

TRACE::2026-04-01.14:42:49::SCWMssOS::"Running Make libs in ps7_cortexa9_0/libsrc/coresightps_dcc_v1_8/src"

TRACE::2026-04-01.14:42:49::SCWMssOS::make -C ps7_cortexa9_0/libsrc/clk_wiz_v1_4/src -s libs  "SHELL=CMD" "COMPILER=arm-none-eabi-gcc" "ASSEMBLER=arm-none-eabi-as" "
TRACE::2026-04-01.14:42:49::SCWMssOS::ARCHIVER=arm-none-eabi-ar" "COMPILER_FLAGS=  -O2 -c" "EXTRA_COMPILER_FLAGS=-mcpu=cortex-a9 -mfpu=vfpv3 -mfloat-abi=hard -nostar
TRACE::2026-04-01.14:42:49::SCWMssOS::tfiles -g -Wall -Wextra"

TRACE::2026-04-01.14:42:49::SCWMssOS::"Running Make libs in ps7_cortexa9_0/libsrc/cpu_cortexa9_v2_10/src"

TRACE::2026-04-01.14:42:49::SCWMssOS::make -C ps7_cortexa9_0/libsrc/coresightps_dcc_v1_8/src -s libs  "SHELL=CMD" "COMPILER=arm-none-eabi-gcc" "ASSEMBLER=arm-none-ea
TRACE::2026-04-01.14:42:49::SCWMssOS::bi-as" "ARCHIVER=arm-none-eabi-ar" "COMPILER_FLAGS=  -O2 -c" "EXTRA_COMPILER_FLAGS=-mcpu=cortex-a9 -mfpu=vfpv3 -mfloat-abi=hard
TRACE::2026-04-01.14:42:49::SCWMssOS:: -nostartfiles -g -Wall -Wextra"

TRACE::2026-04-01.14:42:49::SCWMssOS::make -C ps7_cortexa9_0/libsrc/cpu_cortexa9_v2_10/src -s libs  "SHELL=CMD" "COMPILER=arm-none-eabi-gcc" "ASSEMBLER=arm-none-eabi
TRACE::2026-04-01.14:42:49::SCWMssOS::-as" "ARCHIVER=arm-none-eabi-ar" "COMPILER_FLAGS=  -O2 -c" "EXTRA_COMPILER_FLAGS=-mcpu=cortex-a9 -mfpu=vfpv3 -mfloat-abi=hard -
TRACE::2026-04-01.14:42:49::SCWMssOS::nostartfiles -g -Wall -Wextra"

TRACE::2026-04-01.14:42:49::SCWMssOS::"Running Make libs in ps7_cortexa9_0/libsrc/ddrps_v1_2/src"

TRACE::2026-04-01.14:42:49::SCWMssOS::make -C ps7_cortexa9_0/libsrc/ddrps_v1_2/src -s libs  "SHELL=CMD" "COMPILER=arm-none-eabi-gcc" "ASSEMBLER=arm-none-eabi-as" "AR
TRACE::2026-04-01.14:42:49::SCWMssOS::CHIVER=arm-none-eabi-ar" "COMPILER_FLAGS=  -O2 -c" "EXTRA_COMPILER_FLAGS=-mcpu=cortex-a9 -mfpu=vfpv3 -mfloat-abi=hard -nostartf
TRACE::2026-04-01.14:42:49::SCWMssOS::iles -g -Wall -Wextra"

TRACE::2026-04-01.14:42:49::SCWMssOS::"Running Make libs in ps7_cortexa9_0/libsrc/devcfg_v3_7/src"

TRACE::2026-04-01.14:42:49::SCWMssOS::make -C ps7_cortexa9_0/libsrc/devcfg_v3_7/src -s libs  "SHELL=CMD" "COMPILER=arm-none-eabi-gcc" "ASSEMBLER=arm-none-eabi-as" "A
TRACE::2026-04-01.14:42:49::SCWMssOS::RCHIVER=arm-none-eabi-ar" "COMPILER_FLAGS=  -O2 -c" "EXTRA_COMPILER_FLAGS=-mcpu=cortex-a9 -mfpu=vfpv3 -mfloat-abi=hard -nostart
TRACE::2026-04-01.14:42:49::SCWMssOS::files -g -Wall -Wextra"

TRACE::2026-04-01.14:42:49::SCWMssOS::"Running Make libs in ps7_cortexa9_0/libsrc/dmaps_v2_7/src"

TRACE::2026-04-01.14:42:49::SCWMssOS::make -C ps7_cortexa9_0/libsrc/dmaps_v2_7/src -s libs  "SHELL=CMD" "COMPILER=arm-none-eabi-gcc" "ASSEMBLER=arm-none-eabi-as" "AR
TRACE::2026-04-01.14:42:49::SCWMssOS::CHIVER=arm-none-eabi-ar" "COMPILER_FLAGS=  -O2 -c" "EXTRA_COMPILER_FLAGS=-mcpu=cortex-a9 -mfpu=vfpv3 -mfloat-abi=hard -nostartf
TRACE::2026-04-01.14:42:49::SCWMssOS::iles -g -Wall -Wextra"

TRACE::2026-04-01.14:42:49::SCWMssOS::"Running Make libs in ps7_cortexa9_0/libsrc/gpio_v4_7/src"

TRACE::2026-04-01.14:42:49::SCWMssOS::make -C ps7_cortexa9_0/libsrc/gpio_v4_7/src -s libs  "SHELL=CMD" "COMPILER=arm-none-eabi-gcc" "ASSEMBLER=arm-none-eabi-as" "ARC
TRACE::2026-04-01.14:42:49::SCWMssOS::HIVER=arm-none-eabi-ar" "COMPILER_FLAGS=  -O2 -c" "EXTRA_COMPILER_FLAGS=-mcpu=cortex-a9 -mfpu=vfpv3 -mfloat-abi=hard -nostartfi
TRACE::2026-04-01.14:42:49::SCWMssOS::les -g -Wall -Wextra"

TRACE::2026-04-01.14:42:49::SCWMssOS::"Running Make libs in ps7_cortexa9_0/libsrc/scugic_v4_3/src"

TRACE::2026-04-01.14:42:49::SCWMssOS::"Running Make libs in ps7_cortexa9_0/libsrc/scutimer_v2_3/src"

TRACE::2026-04-01.14:42:49::SCWMssOS::"Running Make libs in ps7_cortexa9_0/libsrc/scuwdt_v2_3/src"

TRACE::2026-04-01.14:42:49::SCWMssOS::"Running Make libs in ps7_cortexa9_0/libsrc/sdps_v3_10/src"

TRACE::2026-04-01.14:42:49::SCWMssOS::make -C ps7_cortexa9_0/libsrc/scugic_v4_3/src -s libs  "SHELL=CMD" "COMPILER=arm-none-eabi-gcc" "ASSEMBLER=arm-none-eabi-as" "A
TRACE::2026-04-01.14:42:49::SCWMssOS::RCHIVER=arm-none-eabi-ar" "COMPILER_FLAGS=  -O2 -c" "EXTRA_COMPILER_FLAGS=-mcpu=cortex-a9 -mfpu=vfpv3 -mfloat-abi=hard -nostart
TRACE::2026-04-01.14:42:49::SCWMssOS::files -g -Wall -Wextra"

TRACE::2026-04-01.14:42:49::SCWMssOS::"Running Make libs in ps7_cortexa9_0/libsrc/standalone_v7_3/src"

TRACE::2026-04-01.14:42:49::SCWMssOS::make -C ps7_cortexa9_0/libsrc/scutimer_v2_3/src -s libs  "SHELL=CMD" "COMPILER=arm-none-eabi-gcc" "ASSEMBLER=arm-none-eabi-as" 
TRACE::2026-04-01.14:42:49::SCWMssOS::"ARCHIVER=arm-none-eabi-ar" "COMPILER_FLAGS=  -O2 -c" "EXTRA_COMPILER_FLAGS=-mcpu=cortex-a9 -mfpu=vfpv3 -mfloat-abi=hard -nosta
TRACE::2026-04-01.14:42:49::SCWMssOS::rtfiles -g -Wall -Wextra"

TRACE::2026-04-01.14:42:49::SCWMssOS::make -C ps7_cortexa9_0/libsrc/scuwdt_v2_3/src -s libs  "SHELL=CMD" "COMPILER=arm-none-eabi-gcc" "ASSEMBLER=arm-none-eabi-as" "A
TRACE::2026-04-01.14:42:49::SCWMssOS::RCHIVER=arm-none-eabi-ar" "COMPILER_FLAGS=  -O2 -c" "EXTRA_COMPILER_FLAGS=-mcpu=cortex-a9 -mfpu=vfpv3 -mfloat-abi=hard -nostart
TRACE::2026-04-01.14:42:49::SCWMssOS::files -g -Wall -Wextra"

TRACE::2026-04-01.14:42:49::SCWMssOS::make -C ps7_cortexa9_0/libsrc/sdps_v3_10/src -s libs  "SHELL=CMD" "COMPILER=arm-none-eabi-gcc" "ASSEMBLER=arm-none-eabi-as" "AR
TRACE::2026-04-01.14:42:49::SCWMssOS::CHIVER=arm-none-eabi-ar" "COMPILER_FLAGS=  -O2 -c" "EXTRA_COMPILER_FLAGS=-mcpu=cortex-a9 -mfpu=vfpv3 -mfloat-abi=hard -nostartf
TRACE::2026-04-01.14:42:49::SCWMssOS::iles -g -Wall -Wextra"

TRACE::2026-04-01.14:42:49::SCWMssOS::make -C ps7_cortexa9_0/libsrc/standalone_v7_3/src -s libs  "SHELL=CMD" "COMPILER=arm-none-eabi-gcc" "ASSEMBLER=arm-none-eabi-as
TRACE::2026-04-01.14:42:49::SCWMssOS::" "ARCHIVER=arm-none-eabi-ar" "COMPILER_FLAGS=  -O2 -c" "EXTRA_COMPILER_FLAGS=-mcpu=cortex-a9 -mfpu=vfpv3 -mfloat-abi=hard -nos
TRACE::2026-04-01.14:42:49::SCWMssOS::tartfiles -g -Wall -Wextra"

TRACE::2026-04-01.14:42:49::SCWMssOS::"Running Make libs in ps7_cortexa9_0/libsrc/uartps_v3_10/src"

TRACE::2026-04-01.14:42:49::SCWMssOS::make -C ps7_cortexa9_0/libsrc/uartps_v3_10/src -s libs  "SHELL=CMD" "COMPILER=arm-none-eabi-gcc" "ASSEMBLER=arm-none-eabi-as" "
TRACE::2026-04-01.14:42:49::SCWMssOS::ARCHIVER=arm-none-eabi-ar" "COMPILER_FLAGS=  -O2 -c" "EXTRA_COMPILER_FLAGS=-mcpu=cortex-a9 -mfpu=vfpv3 -mfloat-abi=hard -nostar
TRACE::2026-04-01.14:42:49::SCWMssOS::tfiles -g -Wall -Wextra"

TRACE::2026-04-01.14:42:49::SCWMssOS::"Running Make libs in ps7_cortexa9_0/libsrc/xadcps_v2_5/src"

TRACE::2026-04-01.14:42:49::SCWMssOS::"Running Make libs in ps7_cortexa9_0/libsrc/vtc_v8_3/src"

TRACE::2026-04-01.14:42:49::SCWMssOS::"Running Make libs in ps7_cortexa9_0/libsrc/xilffs_v4_4/src"

TRACE::2026-04-01.14:42:49::SCWMssOS::make -C ps7_cortexa9_0/libsrc/xadcps_v2_5/src -s libs  "SHELL=CMD" "COMPILER=arm-none-eabi-gcc" "ASSEMBLER=arm-none-eabi-as" "A
TRACE::2026-04-01.14:42:49::SCWMssOS::RCHIVER=arm-none-eabi-ar" "COMPILER_FLAGS=  -O2 -c" "EXTRA_COMPILER_FLAGS=-mcpu=cortex-a9 -mfpu=vfpv3 -mfloat-abi=hard -nostart
TRACE::2026-04-01.14:42:49::SCWMssOS::files -g -Wall -Wextra"

TRACE::2026-04-01.14:42:49::SCWMssOS::make -C ps7_cortexa9_0/libsrc/vtc_v8_3/src -s libs  "SHELL=CMD" "COMPILER=arm-none-eabi-gcc" "ASSEMBLER=arm-none-eabi-as" "ARCH
TRACE::2026-04-01.14:42:49::SCWMssOS::IVER=arm-none-eabi-ar" "COMPILER_FLAGS=  -O2 -c" "EXTRA_COMPILER_FLAGS=-mcpu=cortex-a9 -mfpu=vfpv3 -mfloat-abi=hard -nostartfil
TRACE::2026-04-01.14:42:49::SCWMssOS::es -g -Wall -Wextra"

TRACE::2026-04-01.14:42:49::SCWMssOS::make -C ps7_cortexa9_0/libsrc/xilffs_v4_4/src -s libs  "SHELL=CMD" "COMPILER=arm-none-eabi-gcc" "ASSEMBLER=arm-none-eabi-as" "A
TRACE::2026-04-01.14:42:49::SCWMssOS::RCHIVER=arm-none-eabi-ar" "COMPILER_FLAGS=  -O2 -c" "EXTRA_COMPILER_FLAGS=-mcpu=cortex-a9 -mfpu=vfpv3 -mfloat-abi=hard -nostart
TRACE::2026-04-01.14:42:49::SCWMssOS::files -g -Wall -Wextra"

TRACE::2026-04-01.14:42:50::SCWMssOS::'Finished building libraries parallelly.'

TRACE::2026-04-01.14:42:50::SCWMssOS::make --no-print-directory archive

TRACE::2026-04-01.14:42:50::SCWMssOS::arm-none-eabi-ar -r  ps7_cortexa9_0/lib/libxil.a ps7_cortexa9_0/lib/xil_printf.o ps7_cortexa9_0/lib/xadcps_selftest.o ps7_corte
TRACE::2026-04-01.14:42:50::SCWMssOS::xa9_0/lib/usleep.o ps7_cortexa9_0/lib/xscuwdt.o ps7_cortexa9_0/lib/xplatform_info.o ps7_cortexa9_0/lib/print.o ps7_cortexa9_0/l
TRACE::2026-04-01.14:42:50::SCWMssOS::ib/xscutimer.o ps7_cortexa9_0/lib/xclk_wiz_sinit.o ps7_cortexa9_0/lib/xsdps_card.o ps7_cortexa9_0/lib/xvtc_selftest.o ps7_corte
TRACE::2026-04-01.14:42:50::SCWMssOS::xa9_0/lib/xil_testio.o ps7_cortexa9_0/lib/sleep.o ps7_cortexa9_0/lib/xdevcfg_hw.o ps7_cortexa9_0/lib/xadcps_intr.o ps7_cortexa9
TRACE::2026-04-01.14:42:50::SCWMssOS::_0/lib/xpm_counter.o ps7_cortexa9_0/lib/xscutimer_sinit.o ps7_cortexa9_0/lib/xdmaps_g.o ps7_cortexa9_0/lib/xclk_wiz_g.o ps7_cor
TRACE::2026-04-01.14:42:50::SCWMssOS::texa9_0/lib/xdmaps_sinit.o ps7_cortexa9_0/lib/xil_cache.o ps7_cortexa9_0/lib/inbyte.o ps7_cortexa9_0/lib/xsdps_options.o ps7_co
TRACE::2026-04-01.14:42:50::SCWMssOS::rtexa9_0/lib/xdmaps_selftest.o ps7_cortexa9_0/lib/xil_misc_psreset_api.o ps7_cortexa9_0/lib/cpputest_time.o ps7_cortexa9_0/lib/
TRACE::2026-04-01.14:42:50::SCWMssOS::xuartps_options.o ps7_cortexa9_0/lib/xsdps.o ps7_cortexa9_0/lib/close.o ps7_cortexa9_0/lib/xil_mem.o ps7_cortexa9_0/lib/xscugic
TRACE::2026-04-01.14:42:50::SCWMssOS::_hw.o ps7_cortexa9_0/lib/xuartps_sinit.o ps7_cortexa9_0/lib/_exit.o ps7_cortexa9_0/lib/xscuwdt_selftest.o ps7_cortexa9_0/lib/xg
TRACE::2026-04-01.14:42:50::SCWMssOS::pio_g.o ps7_cortexa9_0/lib/translation_table.o ps7_cortexa9_0/lib/xaxivdma_g.o ps7_cortexa9_0/lib/xclk_wiz_intr.o ps7_cortexa9_
TRACE::2026-04-01.14:42:50::SCWMssOS::0/lib/xaxivdma_sinit.o ps7_cortexa9_0/lib/cpu_init.o ps7_cortexa9_0/lib/xscugic_g.o ps7_cortexa9_0/lib/xsdps_sinit.o ps7_cortex
TRACE::2026-04-01.14:42:50::SCWMssOS::a9_0/lib/xgpio_selftest.o ps7_cortexa9_0/lib/xvtc_g.o ps7_cortexa9_0/lib/xaxivdma_selftest.o ps7_cortexa9_0/lib/xgpio_intr.o ps
TRACE::2026-04-01.14:42:50::SCWMssOS::7_cortexa9_0/lib/xil_sleepcommon.o ps7_cortexa9_0/lib/unlink.o ps7_cortexa9_0/lib/xadcps.o ps7_cortexa9_0/lib/xdmaps_hw.o ps7_c
TRACE::2026-04-01.14:42:50::SCWMssOS::ortexa9_0/lib/xscugic_intr.o ps7_cortexa9_0/lib/xscugic_sinit.o ps7_cortexa9_0/lib/fcntl.o ps7_cortexa9_0/lib/open.o ps7_cortex
TRACE::2026-04-01.14:42:50::SCWMssOS::a9_0/lib/outbyte.o ps7_cortexa9_0/lib/xuartps_selftest.o ps7_cortexa9_0/lib/xuartps_hw.o ps7_cortexa9_0/lib/lseek.o ps7_cortexa
TRACE::2026-04-01.14:42:50::SCWMssOS::9_0/lib/xscutimer_selftest.o ps7_cortexa9_0/lib/read.o ps7_cortexa9_0/lib/xil_testmem.o ps7_cortexa9_0/lib/xtime_l.o ps7_cortex
TRACE::2026-04-01.14:42:50::SCWMssOS::a9_0/lib/xl2cc_counter.o ps7_cortexa9_0/lib/kill.o ps7_cortexa9_0/lib/xil_mmu.o ps7_cortexa9_0/lib/asm_vectors.o ps7_cortexa9_0
TRACE::2026-04-01.14:42:50::SCWMssOS::/lib/abort.o ps7_cortexa9_0/lib/xdevcfg_g.o ps7_cortexa9_0/lib/xuartps_intr.o ps7_cortexa9_0/lib/xuartps.o ps7_cortexa9_0/lib/g
TRACE::2026-04-01.14:42:50::SCWMssOS::etpid.o ps7_cortexa9_0/lib/xil_testcache.o ps7_cortexa9_0/lib/xdevcfg_sinit.o ps7_cortexa9_0/lib/xdmaps.o ps7_cortexa9_0/lib/xa
TRACE::2026-04-01.14:42:50::SCWMssOS::xivdma_channel.o ps7_cortexa9_0/lib/xdevcfg_selftest.o ps7_cortexa9_0/lib/xclk_wiz.o ps7_cortexa9_0/lib/xvtc_intr.o ps7_cortexa
TRACE::2026-04-01.14:42:50::SCWMssOS::9_0/lib/xvtc_sinit.o ps7_cortexa9_0/lib/xvtc.o ps7_cortexa9_0/lib/xscuwdt_sinit.o ps7_cortexa9_0/lib/sbrk.o ps7_cortexa9_0/lib/
TRACE::2026-04-01.14:42:50::SCWMssOS::xaxivdma.o ps7_cortexa9_0/lib/xsdps_g.o ps7_cortexa9_0/lib/fstat.o ps7_cortexa9_0/lib/xscuwdt_g.o ps7_cortexa9_0/lib/errno.o ps
TRACE::2026-04-01.14:42:50::SCWMssOS::7_cortexa9_0/lib/xil_util.o ps7_cortexa9_0/lib/xdevcfg_intr.o ps7_cortexa9_0/lib/xscutimer_g.o ps7_cortexa9_0/lib/_sbrk.o ps7_c
TRACE::2026-04-01.14:42:50::SCWMssOS::ortexa9_0/lib/xil_sleeptimer.o ps7_cortexa9_0/lib/vectors.o ps7_cortexa9_0/lib/xil_exception.o ps7_cortexa9_0/lib/xgpio.o ps7_c
TRACE::2026-04-01.14:42:50::SCWMssOS::ortexa9_0/lib/write.o ps7_cortexa9_0/lib/putnum.o ps7_cortexa9_0/lib/xil_clocking.o ps7_cortexa9_0/lib/xgpio_sinit.o ps7_cortex
TRACE::2026-04-01.14:42:50::SCWMssOS::a9_0/lib/xil_assert.o ps7_cortexa9_0/lib/xaxivdma_intr.o ps7_cortexa9_0/lib/xgpio_extra.o ps7_cortexa9_0/lib/xsdps_host.o ps7_c
TRACE::2026-04-01.14:42:50::SCWMssOS::ortexa9_0/lib/xcoresightpsdcc.o ps7_cortexa9_0/lib/isatty.o ps7_cortexa9_0/lib/xil-crt0.o ps7_cortexa9_0/lib/xscugic.o ps7_cort
TRACE::2026-04-01.14:42:50::SCWMssOS::exa9_0/lib/xadcps_g.o ps7_cortexa9_0/lib/xscugic_selftest.o ps7_cortexa9_0/lib/xuartps_g.o ps7_cortexa9_0/lib/xadcps_sinit.o ps
TRACE::2026-04-01.14:42:50::SCWMssOS::7_cortexa9_0/lib/boot.o ps7_cortexa9_0/lib/_open.o ps7_cortexa9_0/lib/xdevcfg.o

TRACE::2026-04-01.14:42:50::SCWMssOS::'Finished building libraries'

TRACE::2026-04-01.14:42:50::SCWMssOS::Copying to export directory.
TRACE::2026-04-01.14:42:50::SCWMssOS:: Checking if to create the Supporting Applications
TRACE::2026-04-01.14:42:50::SCWMssOS:: No Linux domain exists, trying to generate FSBL 
LOG::2026-04-01.14:42:50::SCWSystem::Completed Processing the domain standalone_ps7_cortexa9_0
LOG::2026-04-01.14:42:50::SCWSystem::Completed Processing the sysconfig system_wrapper
LOG::2026-04-01.14:42:50::SCWPlatform::Completed generating the artifacts for system configuration system_wrapper
TRACE::2026-04-01.14:42:50::SCWPlatform::Started preparing the platform 
TRACE::2026-04-01.14:42:50::SCWSystem::Writing the bif file for system config system_wrapper
TRACE::2026-04-01.14:42:50::SCWSystem::dir created 
TRACE::2026-04-01.14:42:50::SCWSystem::Writing the bif 
TRACE::2026-04-01.14:42:50::SCWPlatform::Started writing the spfm file 
TRACE::2026-04-01.14:42:50::SCWPlatform::Started writing the xpfm file 
TRACE::2026-04-01.14:42:50::SCWPlatform::Completed generating the platform
TRACE::2026-04-01.14:42:50::SCWMssOS::Saving the mss changes D:/Zynq/vitis/version_2020/23_01_sd_bmp_lcd/vitis/system_wrapper/zynq_fsbl/zynq_fsbl_bsp/system.mss
TRACE::2026-04-01.14:42:50::SCWMssOS::Found a swdesign opened with the mssfile.
TRACE::2026-04-01.14:42:50::SCWMssOS::Completed writemss as part of save.
TRACE::2026-04-01.14:42:50::SCWMssOS::Commit changes completed.
TRACE::2026-04-01.14:42:50::SCWMssOS::Saving the mss changes D:/Zynq/vitis/version_2020/23_01_sd_bmp_lcd/vitis/system_wrapper/ps7_cortexa9_0/standalone_ps7_cortexa9_0/bsp/system.mss
TRACE::2026-04-01.14:42:50::SCWMssOS::Found a swdesign opened with the mssfile.
TRACE::2026-04-01.14:42:50::SCWMssOS::Completed writemss as part of save.
TRACE::2026-04-01.14:42:50::SCWMssOS::Commit changes completed.
TRACE::2026-04-01.14:42:50::SCWPlatform::Trying to open the hw design at D:/Zynq/vitis/version_2020/23_01_sd_bmp_lcd/vitis/system_wrapper/hw/system_wrapper.xsa
TRACE::2026-04-01.14:42:50::SCWPlatform::DSA given D:/Zynq/vitis/version_2020/23_01_sd_bmp_lcd/vitis/system_wrapper/hw/system_wrapper.xsa
TRACE::2026-04-01.14:42:50::SCWPlatform::DSA absoulate path D:/Zynq/vitis/version_2020/23_01_sd_bmp_lcd/vitis/system_wrapper/hw/system_wrapper.xsa
TRACE::2026-04-01.14:42:50::SCWPlatform::DSA directory D:/Zynq/vitis/version_2020/23_01_sd_bmp_lcd/vitis/system_wrapper/hw
TRACE::2026-04-01.14:42:50::SCWPlatform:: Platform Path D:/Zynq/vitis/version_2020/23_01_sd_bmp_lcd/vitis/system_wrapper/hw/system_wrapper.xsa
TRACE::2026-04-01.14:42:50::SCWPlatform:: Unique name xilinx:::0.0
TRACE::2026-04-01.14:42:50::SCWPlatform::Trying to set the existing hwdb with name system_wrapper_2
TRACE::2026-04-01.14:42:50::SCWPlatform::Opened existing hwdb system_wrapper_2
TRACE::2026-04-01.14:42:50::SCWPlatform::Found the Hw Db part of the input DSA
TRACE::2026-04-01.14:42:50::SCWMssOS::Checking the sw design at  D:/Zynq/vitis/version_2020/23_01_sd_bmp_lcd/vitis/system_wrapper/zynq_fsbl/zynq_fsbl_bsp/system.mss
TRACE::2026-04-01.14:42:50::SCWMssOS::DEBUG:  swdes dump  D:/Zynq/vitis/version_2020/23_01_sd_bmp_lcd/vitis/system_wrapper/ps7_cortexa9_0/standalone_ps7_cortexa9_0/bsp/system.mss|system_0||
D:/Zynq/vitis/version_2020/23_01_sd_bmp_lcd/vitis/system_wrapper/zynq_fsbl/zynq_fsbl_bsp/system.mss|system||

TRACE::2026-04-01.14:42:50::SCWMssOS::Sw design exists and opened at  D:/Zynq/vitis/version_2020/23_01_sd_bmp_lcd/vitis/system_wrapper/zynq_fsbl/zynq_fsbl_bsp/system.mss
TRACE::2026-04-01.14:42:50::SCWPlatform::Trying to open the hw design at D:/Zynq/vitis/version_2020/23_01_sd_bmp_lcd/vitis/system_wrapper/hw/system_wrapper.xsa
TRACE::2026-04-01.14:42:50::SCWPlatform::DSA given D:/Zynq/vitis/version_2020/23_01_sd_bmp_lcd/vitis/system_wrapper/hw/system_wrapper.xsa
TRACE::2026-04-01.14:42:50::SCWPlatform::DSA absoulate path D:/Zynq/vitis/version_2020/23_01_sd_bmp_lcd/vitis/system_wrapper/hw/system_wrapper.xsa
TRACE::2026-04-01.14:42:50::SCWPlatform::DSA directory D:/Zynq/vitis/version_2020/23_01_sd_bmp_lcd/vitis/system_wrapper/hw
TRACE::2026-04-01.14:42:50::SCWPlatform:: Platform Path D:/Zynq/vitis/version_2020/23_01_sd_bmp_lcd/vitis/system_wrapper/hw/system_wrapper.xsa
TRACE::2026-04-01.14:42:50::SCWPlatform:: Unique name xilinx:::0.0
TRACE::2026-04-01.14:42:50::SCWPlatform::Trying to set the existing hwdb with name system_wrapper_2
TRACE::2026-04-01.14:42:50::SCWPlatform::Opened existing hwdb system_wrapper_2
TRACE::2026-04-01.14:42:50::SCWPlatform::Found the Hw Db part of the input DSA
TRACE::2026-04-01.14:42:50::SCWMssOS::Checking the sw design at  D:/Zynq/vitis/version_2020/23_01_sd_bmp_lcd/vitis/system_wrapper/ps7_cortexa9_0/standalone_ps7_cortexa9_0/bsp/system.mss
TRACE::2026-04-01.14:42:50::SCWMssOS::DEBUG:  swdes dump  D:/Zynq/vitis/version_2020/23_01_sd_bmp_lcd/vitis/system_wrapper/ps7_cortexa9_0/standalone_ps7_cortexa9_0/bsp/system.mss|system_0||
D:/Zynq/vitis/version_2020/23_01_sd_bmp_lcd/vitis/system_wrapper/zynq_fsbl/zynq_fsbl_bsp/system.mss|system||

TRACE::2026-04-01.14:42:50::SCWMssOS::Sw design exists and opened at  D:/Zynq/vitis/version_2020/23_01_sd_bmp_lcd/vitis/system_wrapper/ps7_cortexa9_0/standalone_ps7_cortexa9_0/bsp/system.mss
TRACE::2026-04-01.14:42:50::SCWWriter::formatted JSON is {
	"platformName":	"system_wrapper",
	"sprVersion":	"2.0",
	"mode":	"gui",
	"dsaType":	"Fixed",
	"platformDesc":	"system_wrapper",
	"platHandOff":	"<platformDir>.xsa",
	"platIntHandOff":	"<platformDir>/hw/system_wrapper.xsa",
	"deviceType":	"zynq",
	"platIsPrebuiltAutogen":	"false",
	"platIsNoBootBsp":	"false",
	"hasFsblMakeHasChanges":	"false",
	"hasPmufwMakeHasChanges":	"false",
	"fsblExtraCompilerFlags":	"-MMD -MP       -mcpu=cortex-a9 -mfpu=vfpv3 -mfloat-abi=hard ",
	"platPreBuiltFlag":	false,
	"platformSamplesDir":	"",
	"platActiveSys":	"system_wrapper",
	"systems":	[{
			"systemName":	"system_wrapper",
			"systemDesc":	"system_wrapper",
			"sysIsBootAutoGen":	"true",
			"systemDispName":	"system_wrapper",
			"sysActiveDom":	"standalone_ps7_cortexa9_0",
			"sysDefaultDom":	"standalone_ps7_cortexa9_0",
			"domains":	[{
					"domainName":	"zynq_fsbl",
					"domainDispName":	"zynq_fsbl",
					"domainDesc":	"FSBL Application BSP - Auto Generated.",
					"processors":	"ps7_cortexa9_0",
					"os":	"standalone",
					"sdxOs":	"standalone",
					"debugEnable":	"",
					"domRuntimes":	["cpp"],
					"swRepo":	"",
					"mssOsVer":	"7.3",
					"mssFile":	"",
					"md5Digest":	"859314a3ecadd41c03fc4d7adee735a0",
					"compatibleApp":	"zynq_fsbl",
					"domType":	"bootDomain",
					"arch":	"32-bit",
					"appSettings":	{
						"appCompilerFlags":	"",
						"appLinkerFlags":	""
					},
					"addedLibs":	["xilffs:4.4", "xilrsa:1.6"],
					"libOptions":	{
						"libsContainingOptions":	[]
					},
					"prebuiltLibs":	{
						"prebuiltIncPath":	[],
						"prebuiltLibPath":	[]
					},
					"isolation":	{
					}
				}, {
					"domainName":	"standalone_ps7_cortexa9_0",
					"domainDispName":	"standalone_ps7_cortexa9_0",
					"domainDesc":	"standalone_ps7_cortexa9_0",
					"processors":	"ps7_cortexa9_0",
					"os":	"standalone",
					"sdxOs":	"standalone",
					"qemuArgs":	"C:/Xilinx/Vitis/2020.2/data/emulation/platforms/zynq/sw/a9_standalone/qemu/qemu_args.txt",
					"qemuData":	"C:/Xilinx/Vitis/2020.2/data/emulation/platforms/zynq/sw/a9_standalone/qemu/",
					"debugEnable":	"False",
					"domRuntimes":	["cpp"],
					"swRepo":	"",
					"mssOsVer":	"7.3",
					"mssFile":	"",
					"md5Digest":	"35f35852a30c5b2625a333696bdf6fd6",
					"compatibleApp":	"",
					"domType":	"mssDomain",
					"arch":	"32-bit",
					"appSettings":	{
						"appCompilerFlags":	"",
						"appLinkerFlags":	""
					},
					"addedLibs":	["xilffs:4.4"],
					"libOptions":	{
						"xilffs":	{
							"use_lfn":	"1",
							"libOptionNames":	["use_lfn"]
						},
						"libsContainingOptions":	["xilffs"]
					},
					"prebuiltLibs":	{
						"prebuiltIncPath":	[],
						"prebuiltLibPath":	[]
					},
					"isolation":	{
					}
				}]
		}]
}
KEYINFO::2026-04-01.14:42:50::SCWPlatform::updated the xpfm file.
TRACE::2026-04-01.14:42:50::SCWPlatform::Trying to open the hw design at D:/Zynq/vitis/version_2020/23_01_sd_bmp_lcd/vitis/system_wrapper/hw/system_wrapper.xsa
TRACE::2026-04-01.14:42:50::SCWPlatform::DSA given D:/Zynq/vitis/version_2020/23_01_sd_bmp_lcd/vitis/system_wrapper/hw/system_wrapper.xsa
TRACE::2026-04-01.14:42:50::SCWPlatform::DSA absoulate path D:/Zynq/vitis/version_2020/23_01_sd_bmp_lcd/vitis/system_wrapper/hw/system_wrapper.xsa
TRACE::2026-04-01.14:42:50::SCWPlatform::DSA directory D:/Zynq/vitis/version_2020/23_01_sd_bmp_lcd/vitis/system_wrapper/hw
TRACE::2026-04-01.14:42:50::SCWPlatform:: Platform Path D:/Zynq/vitis/version_2020/23_01_sd_bmp_lcd/vitis/system_wrapper/hw/system_wrapper.xsa
TRACE::2026-04-01.14:42:50::SCWPlatform:: Unique name xilinx:::0.0
TRACE::2026-04-01.14:42:50::SCWPlatform::Trying to set the existing hwdb with name system_wrapper_2
TRACE::2026-04-01.14:42:50::SCWPlatform::Opened existing hwdb system_wrapper_2
TRACE::2026-04-01.14:42:50::SCWPlatform::Found the Hw Db part of the input DSA
TRACE::2026-04-01.14:42:50::SCWMssOS::Checking the sw design at  D:/Zynq/vitis/version_2020/23_01_sd_bmp_lcd/vitis/system_wrapper/ps7_cortexa9_0/standalone_ps7_cortexa9_0/bsp/system.mss
TRACE::2026-04-01.14:42:50::SCWMssOS::DEBUG:  swdes dump  D:/Zynq/vitis/version_2020/23_01_sd_bmp_lcd/vitis/system_wrapper/ps7_cortexa9_0/standalone_ps7_cortexa9_0/bsp/system.mss|system_0||
D:/Zynq/vitis/version_2020/23_01_sd_bmp_lcd/vitis/system_wrapper/zynq_fsbl/zynq_fsbl_bsp/system.mss|system||

TRACE::2026-04-01.14:42:50::SCWMssOS::Sw design exists and opened at  D:/Zynq/vitis/version_2020/23_01_sd_bmp_lcd/vitis/system_wrapper/ps7_cortexa9_0/standalone_ps7_cortexa9_0/bsp/system.mss
TRACE::2026-04-01.16:23:06::SCWBDomain::System Command Ran  D:&  cd  D:/Zynq/vitis/version_2020/23_01_sd_bmp_lcd/vitis/system_wrapper/zynq_fsbl & make clean
TRACE::2026-04-01.16:23:06::SCWBDomain::rm -rf  sd.o  nand.o  image_mover.o  md5.o  fsbl_hooks.o  main.o  nor.o  qspi.o  rsa.o  ps7_init.o  pcap.o  fsbl_handoff.o zynq
TRACE::2026-04-01.16:23:06::SCWBDomain::_fsbl_bsp/ps7_cortexa9_0/lib/libxil.a fsbl.elf *.o

TRACE::2026-04-01.16:23:06::SCWBDomain::System Command Ran  D:&  cd  D:/Zynq/vitis/version_2020/23_01_sd_bmp_lcd/vitis/system_wrapper/zynq_fsbl/zynq_fsbl_bsp & make clean
TRACE::2026-04-01.16:23:06::SCWBDomain::make -C ps7_cortexa9_0/libsrc/axivdma_v6_8/src -s clean 

TRACE::2026-04-01.16:23:06::SCWBDomain::make -C ps7_cortexa9_0/libsrc/clk_wiz_v1_4/src -s clean 

TRACE::2026-04-01.16:23:06::SCWBDomain::make -C ps7_cortexa9_0/libsrc/coresightps_dcc_v1_8/src -s clean 

TRACE::2026-04-01.16:23:07::SCWBDomain::make -C ps7_cortexa9_0/libsrc/cpu_cortexa9_v2_10/src -s clean 

TRACE::2026-04-01.16:23:07::SCWBDomain::make -C ps7_cortexa9_0/libsrc/ddrps_v1_2/src -s clean 

TRACE::2026-04-01.16:23:07::SCWBDomain::make -C ps7_cortexa9_0/libsrc/devcfg_v3_7/src -s clean 

TRACE::2026-04-01.16:23:07::SCWBDomain::make -C ps7_cortexa9_0/libsrc/dmaps_v2_7/src -s clean 

TRACE::2026-04-01.16:23:07::SCWBDomain::make -C ps7_cortexa9_0/libsrc/gpio_v4_7/src -s clean 

TRACE::2026-04-01.16:23:07::SCWBDomain::make -C ps7_cortexa9_0/libsrc/scugic_v4_3/src -s clean 

TRACE::2026-04-01.16:23:07::SCWBDomain::make -C ps7_cortexa9_0/libsrc/scutimer_v2_3/src -s clean 

TRACE::2026-04-01.16:23:07::SCWBDomain::make -C ps7_cortexa9_0/libsrc/scuwdt_v2_3/src -s clean 

TRACE::2026-04-01.16:23:07::SCWBDomain::make -C ps7_cortexa9_0/libsrc/sdps_v3_10/src -s clean 

TRACE::2026-04-01.16:23:07::SCWBDomain::make -C ps7_cortexa9_0/libsrc/standalone_v7_3/src -s clean 

TRACE::2026-04-01.16:23:07::SCWBDomain::make -C ps7_cortexa9_0/libsrc/uartps_v3_10/src -s clean 

TRACE::2026-04-01.16:23:07::SCWBDomain::make -C ps7_cortexa9_0/libsrc/vtc_v8_3/src -s clean 

TRACE::2026-04-01.16:23:07::SCWBDomain::make -C ps7_cortexa9_0/libsrc/xadcps_v2_5/src -s clean 

TRACE::2026-04-01.16:23:07::SCWBDomain::make -C ps7_cortexa9_0/libsrc/xilffs_v4_4/src -s clean 

TRACE::2026-04-01.16:23:07::SCWBDomain::make -C ps7_cortexa9_0/libsrc/xilrsa_v1_6/src -s clean 

TRACE::2026-04-01.16:23:07::SCWBDomain::rm -f ps7_cortexa9_0/lib/libxil.a

TRACE::2026-04-01.16:23:07::SCWMssOS::cleaning the bsp 
TRACE::2026-04-01.16:23:07::SCWMssOS::System Command Ran  D: & cd  D:/Zynq/vitis/version_2020/23_01_sd_bmp_lcd/vitis/system_wrapper/ps7_cortexa9_0/standalone_ps7_cortexa9_0/bsp & make clean 
TRACE::2026-04-01.16:23:07::SCWMssOS::make -C ps7_cortexa9_0/libsrc/axivdma_v6_8/src -s clean 

TRACE::2026-04-01.16:23:07::SCWMssOS::make -C ps7_cortexa9_0/libsrc/clk_wiz_v1_4/src -s clean 

TRACE::2026-04-01.16:23:07::SCWMssOS::make -C ps7_cortexa9_0/libsrc/coresightps_dcc_v1_8/src -s clean 

TRACE::2026-04-01.16:23:07::SCWMssOS::make -C ps7_cortexa9_0/libsrc/cpu_cortexa9_v2_10/src -s clean 

TRACE::2026-04-01.16:23:08::SCWMssOS::make -C ps7_cortexa9_0/libsrc/ddrps_v1_2/src -s clean 

TRACE::2026-04-01.16:23:08::SCWMssOS::make -C ps7_cortexa9_0/libsrc/devcfg_v3_7/src -s clean 

TRACE::2026-04-01.16:23:08::SCWMssOS::make -C ps7_cortexa9_0/libsrc/dmaps_v2_7/src -s clean 

TRACE::2026-04-01.16:23:08::SCWMssOS::make -C ps7_cortexa9_0/libsrc/gpio_v4_7/src -s clean 

TRACE::2026-04-01.16:23:08::SCWMssOS::make -C ps7_cortexa9_0/libsrc/scugic_v4_3/src -s clean 

TRACE::2026-04-01.16:23:08::SCWMssOS::make -C ps7_cortexa9_0/libsrc/scutimer_v2_3/src -s clean 

TRACE::2026-04-01.16:23:08::SCWMssOS::make -C ps7_cortexa9_0/libsrc/scuwdt_v2_3/src -s clean 

TRACE::2026-04-01.16:23:08::SCWMssOS::make -C ps7_cortexa9_0/libsrc/sdps_v3_10/src -s clean 

TRACE::2026-04-01.16:23:08::SCWMssOS::make -C ps7_cortexa9_0/libsrc/standalone_v7_3/src -s clean 

TRACE::2026-04-01.16:23:08::SCWMssOS::make -C ps7_cortexa9_0/libsrc/uartps_v3_10/src -s clean 

TRACE::2026-04-01.16:23:08::SCWMssOS::make -C ps7_cortexa9_0/libsrc/vtc_v8_3/src -s clean 

TRACE::2026-04-01.16:23:08::SCWMssOS::make -C ps7_cortexa9_0/libsrc/xadcps_v2_5/src -s clean 

TRACE::2026-04-01.16:23:08::SCWMssOS::make -C ps7_cortexa9_0/libsrc/xilffs_v4_4/src -s clean 

TRACE::2026-04-01.16:23:08::SCWMssOS::rm -f ps7_cortexa9_0/lib/libxil.a

TRACE::2026-04-01.16:23:11::SCWBDomain::System Command Ran  D:&  cd  D:/Zynq/vitis/version_2020/23_01_sd_bmp_lcd/vitis/system_wrapper/zynq_fsbl & make clean
TRACE::2026-04-01.16:23:11::SCWBDomain::rm -rf  sd.o  nand.o  image_mover.o  md5.o  fsbl_hooks.o  main.o  rsa.o  nor.o  qspi.o  ps7_init.o  pcap.o  fsbl_handoff.o zynq
TRACE::2026-04-01.16:23:11::SCWBDomain::_fsbl_bsp/ps7_cortexa9_0/lib/libxil.a fsbl.elf *.o

ERROR::2026-04-01.16:23:11::SCWSystem::Error in Processing the domain zynq_fsbl
