TRACE::2026-05-13.14:56:01::SCWPlatform::Trying to open the hw design at D:/Zynq/vitis/version_2020/24_01_sd_bmp_hdmi/vitis/system_wrapper/hw/system_wrapper.xsa
TRACE::2026-05-13.14:56:01::SCWPlatform::DSA given D:/Zynq/vitis/version_2020/24_01_sd_bmp_hdmi/vitis/system_wrapper/hw/system_wrapper.xsa
TRACE::2026-05-13.14:56:01::SCWPlatform::DSA absoulate path D:/Zynq/vitis/version_2020/24_01_sd_bmp_hdmi/vitis/system_wrapper/hw/system_wrapper.xsa
TRACE::2026-05-13.14:56:03::SCWPlatform::DSA directory D:/Zynq/vitis/version_2020/24_01_sd_bmp_hdmi/vitis/system_wrapper/hw
TRACE::2026-05-13.14:56:03::SCWPlatform:: Platform Path D:/Zynq/vitis/version_2020/24_01_sd_bmp_hdmi/vitis/system_wrapper/hw/system_wrapper.xsa
TRACE::2026-05-13.14:56:03::SCWPlatform:: Unique name xilinx:::0.0
TRACE::2026-05-13.14:56:03::SCWPlatform::Do not have an existing db opened. 
TRACE::2026-05-13.14:56:04::SCWPlatform::Opened new HwDB with name system_wrapper_0
TRACE::2026-05-13.14:56:04::SCWWriter::formatted JSON is {
	"platformName":	"system_wrapper",
	"sprVersion":	"2.0",
	"mode":	"gui",
	"dsaType":	"Fixed",
	"platformDesc":	"system_wrapper",
	"platHandOff":	"<platformDir>.xsa",
	"platIntHandOff":	"<platformDir>/hw/system_wrapper.xsa",
	"deviceType":	"zynq",
	"platIsPrebuiltAutogen":	"false",
	"platIsNoBootBsp":	"false",
	"hasFsblMakeHasChanges":	"false",
	"hasPmufwMakeHasChanges":	"false",
	"platPreBuiltFlag":	false,
	"platformSamplesDir":	""
}
TRACE::2026-05-13.14:56:04::SCWWriter::formatted JSON is {
	"platformName":	"system_wrapper",
	"sprVersion":	"2.0",
	"mode":	"gui",
	"dsaType":	"Fixed",
	"platformDesc":	"system_wrapper",
	"platHandOff":	"<platformDir>.xsa",
	"platIntHandOff":	"<platformDir>/hw/system_wrapper.xsa",
	"deviceType":	"zynq",
	"platIsPrebuiltAutogen":	"false",
	"platIsNoBootBsp":	"false",
	"hasFsblMakeHasChanges":	"false",
	"hasPmufwMakeHasChanges":	"false",
	"platPreBuiltFlag":	false,
	"platformSamplesDir":	"",
	"platActiveSys":	"system_wrapper",
	"systems":	[{
			"systemName":	"system_wrapper",
			"systemDesc":	"system_wrapper",
			"sysIsBootAutoGen":	"true",
			"systemDispName":	"system_wrapper"
		}]
}
TRACE::2026-05-13.14:56:04::SCWPlatform::Boot application domains not present, creating them
TRACE::2026-05-13.14:56:04::SCWDomain::checking for install qemu data   : 
TRACE::2026-05-13.14:56:04::SCWDomain:: Using the QEMU Data from install at  : C:/Xilinx/Vitis/2020.2/data/emulation/platforms/zynq/sw/a9_standalone/qemu/
TRACE::2026-05-13.14:56:04::SCWDomain:: Using the QEMU args  from install at  : C:/Xilinx/Vitis/2020.2/data/emulation/platforms/zynq/sw/a9_standalone/qemu/qemu_args.txt
TRACE::2026-05-13.14:56:04::SCWPlatform::Trying to open the hw design at D:/Zynq/vitis/version_2020/24_01_sd_bmp_hdmi/vitis/system_wrapper/hw/system_wrapper.xsa
TRACE::2026-05-13.14:56:04::SCWPlatform::DSA given D:/Zynq/vitis/version_2020/24_01_sd_bmp_hdmi/vitis/system_wrapper/hw/system_wrapper.xsa
TRACE::2026-05-13.14:56:04::SCWPlatform::DSA absoulate path D:/Zynq/vitis/version_2020/24_01_sd_bmp_hdmi/vitis/system_wrapper/hw/system_wrapper.xsa
TRACE::2026-05-13.14:56:04::SCWPlatform::DSA directory D:/Zynq/vitis/version_2020/24_01_sd_bmp_hdmi/vitis/system_wrapper/hw
TRACE::2026-05-13.14:56:04::SCWPlatform:: Platform Path D:/Zynq/vitis/version_2020/24_01_sd_bmp_hdmi/vitis/system_wrapper/hw/system_wrapper.xsa
TRACE::2026-05-13.14:56:04::SCWPlatform:: Unique name xilinx:::0.0
TRACE::2026-05-13.14:56:04::SCWPlatform::Trying to set the existing hwdb with name system_wrapper_0
TRACE::2026-05-13.14:56:04::SCWPlatform::Opened existing hwdb system_wrapper_0
TRACE::2026-05-13.14:56:04::SCWPlatform::Found the Hw Db part of the input DSA
TRACE::2026-05-13.14:56:04::SCWPlatform::Trying to open the hw design at D:/Zynq/vitis/version_2020/24_01_sd_bmp_hdmi/vitis/system_wrapper/hw/system_wrapper.xsa
TRACE::2026-05-13.14:56:04::SCWPlatform::DSA given D:/Zynq/vitis/version_2020/24_01_sd_bmp_hdmi/vitis/system_wrapper/hw/system_wrapper.xsa
TRACE::2026-05-13.14:56:04::SCWPlatform::DSA absoulate path D:/Zynq/vitis/version_2020/24_01_sd_bmp_hdmi/vitis/system_wrapper/hw/system_wrapper.xsa
TRACE::2026-05-13.14:56:04::SCWPlatform::DSA directory D:/Zynq/vitis/version_2020/24_01_sd_bmp_hdmi/vitis/system_wrapper/hw
TRACE::2026-05-13.14:56:04::SCWPlatform:: Platform Path D:/Zynq/vitis/version_2020/24_01_sd_bmp_hdmi/vitis/system_wrapper/hw/system_wrapper.xsa
TRACE::2026-05-13.14:56:04::SCWPlatform:: Unique name xilinx:::0.0
TRACE::2026-05-13.14:56:04::SCWPlatform::Trying to set the existing hwdb with name system_wrapper_0
TRACE::2026-05-13.14:56:04::SCWPlatform::Opened existing hwdb system_wrapper_0
TRACE::2026-05-13.14:56:04::SCWPlatform::Found the Hw Db part of the input DSA
TRACE::2026-05-13.14:56:04::SCWPlatform::Trying to open the hw design at D:/Zynq/vitis/version_2020/24_01_sd_bmp_hdmi/vitis/system_wrapper/hw/system_wrapper.xsa
TRACE::2026-05-13.14:56:04::SCWPlatform::DSA given D:/Zynq/vitis/version_2020/24_01_sd_bmp_hdmi/vitis/system_wrapper/hw/system_wrapper.xsa
TRACE::2026-05-13.14:56:04::SCWPlatform::DSA absoulate path D:/Zynq/vitis/version_2020/24_01_sd_bmp_hdmi/vitis/system_wrapper/hw/system_wrapper.xsa
TRACE::2026-05-13.14:56:04::SCWPlatform::DSA directory D:/Zynq/vitis/version_2020/24_01_sd_bmp_hdmi/vitis/system_wrapper/hw
TRACE::2026-05-13.14:56:04::SCWPlatform:: Platform Path D:/Zynq/vitis/version_2020/24_01_sd_bmp_hdmi/vitis/system_wrapper/hw/system_wrapper.xsa
TRACE::2026-05-13.14:56:04::SCWPlatform:: Unique name xilinx:::0.0
TRACE::2026-05-13.14:56:04::SCWPlatform::Trying to set the existing hwdb with name system_wrapper_0
TRACE::2026-05-13.14:56:04::SCWPlatform::Opened existing hwdb system_wrapper_0
TRACE::2026-05-13.14:56:04::SCWPlatform::Found the Hw Db part of the input DSA
TRACE::2026-05-13.14:56:04::SCWPlatform::Boot application domain added for zynq_fsbl
TRACE::2026-05-13.14:56:04::SCWPlatform::Generating the sources  .
TRACE::2026-05-13.14:56:04::SCWBDomain::Generating boot domain sources.
TRACE::2026-05-13.14:56:04::SCWBDomain:: Generating the zynq_fsbl Application.
TRACE::2026-05-13.14:56:04::SCWPlatform::Trying to open the hw design at D:/Zynq/vitis/version_2020/24_01_sd_bmp_hdmi/vitis/system_wrapper/hw/system_wrapper.xsa
TRACE::2026-05-13.14:56:04::SCWPlatform::DSA given D:/Zynq/vitis/version_2020/24_01_sd_bmp_hdmi/vitis/system_wrapper/hw/system_wrapper.xsa
TRACE::2026-05-13.14:56:04::SCWPlatform::DSA absoulate path D:/Zynq/vitis/version_2020/24_01_sd_bmp_hdmi/vitis/system_wrapper/hw/system_wrapper.xsa
TRACE::2026-05-13.14:56:04::SCWPlatform::DSA directory D:/Zynq/vitis/version_2020/24_01_sd_bmp_hdmi/vitis/system_wrapper/hw
TRACE::2026-05-13.14:56:04::SCWPlatform:: Platform Path D:/Zynq/vitis/version_2020/24_01_sd_bmp_hdmi/vitis/system_wrapper/hw/system_wrapper.xsa
TRACE::2026-05-13.14:56:04::SCWPlatform:: Unique name xilinx:::0.0
TRACE::2026-05-13.14:56:04::SCWPlatform::Trying to set the existing hwdb with name system_wrapper_0
TRACE::2026-05-13.14:56:04::SCWPlatform::Opened existing hwdb system_wrapper_0
TRACE::2026-05-13.14:56:04::SCWPlatform::Found the Hw Db part of the input DSA
TRACE::2026-05-13.14:56:04::SCWMssOS::Checking the sw design at  D:/Zynq/vitis/version_2020/24_01_sd_bmp_hdmi/vitis/system_wrapper/zynq_fsbl/zynq_fsbl_bsp/system.mss
TRACE::2026-05-13.14:56:04::SCWMssOS::DEBUG:  swdes dump  
TRACE::2026-05-13.14:56:04::SCWMssOS::No sw design opened at  D:/Zynq/vitis/version_2020/24_01_sd_bmp_hdmi/vitis/system_wrapper/zynq_fsbl/zynq_fsbl_bsp/system.mss
TRACE::2026-05-13.14:56:04::SCWMssOS::mss does not exists at D:/Zynq/vitis/version_2020/24_01_sd_bmp_hdmi/vitis/system_wrapper/zynq_fsbl/zynq_fsbl_bsp/system.mss
TRACE::2026-05-13.14:56:04::SCWMssOS::Creating sw design at  D:/Zynq/vitis/version_2020/24_01_sd_bmp_hdmi/vitis/system_wrapper/zynq_fsbl/zynq_fsbl_bsp/system.mss
TRACE::2026-05-13.14:56:04::SCWMssOS::Adding the swdes entry, created swdb D:/Zynq/vitis/version_2020/24_01_sd_bmp_hdmi/vitis/system_wrapper/zynq_fsbl/zynq_fsbl_bsp/system.mss with des name D:/Zynq/vitis/version_2020/24_01_sd_bmp_hdmi/vitis/system_wrapper/zynq_fsbl/zynq_fsbl_bsp/system.mss
TRACE::2026-05-13.14:56:04::SCWMssOS::updating the scw layer changes to swdes at   D:/Zynq/vitis/version_2020/24_01_sd_bmp_hdmi/vitis/system_wrapper/zynq_fsbl/zynq_fsbl_bsp/system.mss
TRACE::2026-05-13.14:56:04::SCWMssOS::Writing mss at D:/Zynq/vitis/version_2020/24_01_sd_bmp_hdmi/vitis/system_wrapper/zynq_fsbl/zynq_fsbl_bsp/system.mss
TRACE::2026-05-13.14:56:04::SCWMssOS::Completed writing the mss file at D:/Zynq/vitis/version_2020/24_01_sd_bmp_hdmi/vitis/system_wrapper/zynq_fsbl/zynq_fsbl_bsp
TRACE::2026-05-13.14:56:04::SCWMssOS::Picking up changes from newly written mss file into SCW Layer. 
TRACE::2026-05-13.14:56:04::SCWMssOS::Updated the changes from newly written mss file into SCW Layer. 
TRACE::2026-05-13.14:56:04::SCWBDomain::Completed writing the mss file at D:/Zynq/vitis/version_2020/24_01_sd_bmp_hdmi/vitis/system_wrapper/zynq_fsbl/zynq_fsbl_bsp
TRACE::2026-05-13.14:56:07::SCWPlatform::Generating sources Done.
TRACE::2026-05-13.14:56:07::SCWPlatform::Trying to open the hw design at D:/Zynq/vitis/version_2020/24_01_sd_bmp_hdmi/vitis/system_wrapper/hw/system_wrapper.xsa
TRACE::2026-05-13.14:56:07::SCWPlatform::DSA given D:/Zynq/vitis/version_2020/24_01_sd_bmp_hdmi/vitis/system_wrapper/hw/system_wrapper.xsa
TRACE::2026-05-13.14:56:07::SCWPlatform::DSA absoulate path D:/Zynq/vitis/version_2020/24_01_sd_bmp_hdmi/vitis/system_wrapper/hw/system_wrapper.xsa
TRACE::2026-05-13.14:56:07::SCWPlatform::DSA directory D:/Zynq/vitis/version_2020/24_01_sd_bmp_hdmi/vitis/system_wrapper/hw
TRACE::2026-05-13.14:56:07::SCWPlatform:: Platform Path D:/Zynq/vitis/version_2020/24_01_sd_bmp_hdmi/vitis/system_wrapper/hw/system_wrapper.xsa
TRACE::2026-05-13.14:56:07::SCWPlatform:: Unique name xilinx:::0.0
TRACE::2026-05-13.14:56:07::SCWPlatform::Trying to set the existing hwdb with name system_wrapper_0
TRACE::2026-05-13.14:56:07::SCWPlatform::Opened existing hwdb system_wrapper_0
TRACE::2026-05-13.14:56:07::SCWPlatform::Found the Hw Db part of the input DSA
TRACE::2026-05-13.14:56:07::SCWMssOS::Checking the sw design at  D:/Zynq/vitis/version_2020/24_01_sd_bmp_hdmi/vitis/system_wrapper/zynq_fsbl/zynq_fsbl_bsp/system.mss
TRACE::2026-05-13.14:56:07::SCWMssOS::DEBUG:  swdes dump  D:/Zynq/vitis/version_2020/24_01_sd_bmp_hdmi/vitis/system_wrapper/zynq_fsbl/zynq_fsbl_bsp/system.mss|D:/Zynq/vitis/version_2020/24_01_sd_bmp_hdmi/vitis/system_wrapper/zynq_fsbl/zynq_fsbl_bsp/system.mss||

KEYINFO::2026-05-13.14:56:07::SCWMssOS::Could not open the swdb for D:/Zynq/vitis/version_2020/24_01_sd_bmp_hdmi/vitis/system_wrapper/zynq_fsbl/zynq_fsbl_bsp/system.mss
KEYINFO::2026-05-13.14:56:07::SCWMssOS::Could not open the sw design at  D:/Zynq/vitis/version_2020/24_01_sd_bmp_hdmi/vitis/system_wrapper/zynq_fsbl/zynq_fsbl_bsp/system.mss
ERROR: [Hsi 55-1558] Software Design D:/Zynq/vitis/version_2020/24_01_sd_bmp_hdmi/vitis/system_wrapper/zynq_fsbl/zynq_fsbl_bsp/system.mss is not found

TRACE::2026-05-13.14:56:07::SCWMssOS::Cleared the swdb table entry
TRACE::2026-05-13.14:56:07::SCWMssOS::No sw design opened at  D:/Zynq/vitis/version_2020/24_01_sd_bmp_hdmi/vitis/system_wrapper/zynq_fsbl/zynq_fsbl_bsp/system.mss
TRACE::2026-05-13.14:56:07::SCWMssOS::mss exists loading the mss file  D:/Zynq/vitis/version_2020/24_01_sd_bmp_hdmi/vitis/system_wrapper/zynq_fsbl/zynq_fsbl_bsp/system.mss
TRACE::2026-05-13.14:56:07::SCWMssOS::Opened the sw design from mss  D:/Zynq/vitis/version_2020/24_01_sd_bmp_hdmi/vitis/system_wrapper/zynq_fsbl/zynq_fsbl_bsp/system.mss
TRACE::2026-05-13.14:56:07::SCWMssOS::Adding the swdes entry D:/Zynq/vitis/version_2020/24_01_sd_bmp_hdmi/vitis/system_wrapper/zynq_fsbl/zynq_fsbl_bsp/system.mss with des name system
TRACE::2026-05-13.14:56:07::SCWMssOS::updating the scw layer about changes
TRACE::2026-05-13.14:56:07::SCWMssOS::Opened the sw design.  D:/Zynq/vitis/version_2020/24_01_sd_bmp_hdmi/vitis/system_wrapper/zynq_fsbl/zynq_fsbl_bsp/system.mss
TRACE::2026-05-13.14:56:07::SCWMssOS::Saving the mss changes D:/Zynq/vitis/version_2020/24_01_sd_bmp_hdmi/vitis/system_wrapper/zynq_fsbl/zynq_fsbl_bsp/system.mss
TRACE::2026-05-13.14:56:07::SCWMssOS::Found a swdesign opened with the mssfile.
TRACE::2026-05-13.14:56:07::SCWMssOS::Completed writemss as part of save.
TRACE::2026-05-13.14:56:07::SCWMssOS::Commit changes completed.
TRACE::2026-05-13.14:56:07::SCWPlatform::Trying to open the hw design at D:/Zynq/vitis/version_2020/24_01_sd_bmp_hdmi/vitis/system_wrapper/hw/system_wrapper.xsa
TRACE::2026-05-13.14:56:07::SCWPlatform::DSA given D:/Zynq/vitis/version_2020/24_01_sd_bmp_hdmi/vitis/system_wrapper/hw/system_wrapper.xsa
TRACE::2026-05-13.14:56:07::SCWPlatform::DSA absoulate path D:/Zynq/vitis/version_2020/24_01_sd_bmp_hdmi/vitis/system_wrapper/hw/system_wrapper.xsa
TRACE::2026-05-13.14:56:07::SCWPlatform::DSA directory D:/Zynq/vitis/version_2020/24_01_sd_bmp_hdmi/vitis/system_wrapper/hw
TRACE::2026-05-13.14:56:07::SCWPlatform:: Platform Path D:/Zynq/vitis/version_2020/24_01_sd_bmp_hdmi/vitis/system_wrapper/hw/system_wrapper.xsa
TRACE::2026-05-13.14:56:07::SCWPlatform:: Unique name xilinx:::0.0
TRACE::2026-05-13.14:56:07::SCWPlatform::Trying to set the existing hwdb with name system_wrapper_0
TRACE::2026-05-13.14:56:07::SCWPlatform::Opened existing hwdb system_wrapper_0
TRACE::2026-05-13.14:56:07::SCWPlatform::Found the Hw Db part of the input DSA
TRACE::2026-05-13.14:56:07::SCWMssOS::Checking the sw design at  D:/Zynq/vitis/version_2020/24_01_sd_bmp_hdmi/vitis/system_wrapper/zynq_fsbl/zynq_fsbl_bsp/system.mss
TRACE::2026-05-13.14:56:07::SCWMssOS::DEBUG:  swdes dump  D:/Zynq/vitis/version_2020/24_01_sd_bmp_hdmi/vitis/system_wrapper/zynq_fsbl/zynq_fsbl_bsp/system.mss|system||

TRACE::2026-05-13.14:56:07::SCWMssOS::Sw design exists and opened at  D:/Zynq/vitis/version_2020/24_01_sd_bmp_hdmi/vitis/system_wrapper/zynq_fsbl/zynq_fsbl_bsp/system.mss
TRACE::2026-05-13.14:56:07::SCWPlatform::Trying to open the hw design at D:/Zynq/vitis/version_2020/24_01_sd_bmp_hdmi/vitis/system_wrapper/hw/system_wrapper.xsa
TRACE::2026-05-13.14:56:07::SCWPlatform::DSA given D:/Zynq/vitis/version_2020/24_01_sd_bmp_hdmi/vitis/system_wrapper/hw/system_wrapper.xsa
TRACE::2026-05-13.14:56:07::SCWPlatform::DSA absoulate path D:/Zynq/vitis/version_2020/24_01_sd_bmp_hdmi/vitis/system_wrapper/hw/system_wrapper.xsa
TRACE::2026-05-13.14:56:07::SCWPlatform::DSA directory D:/Zynq/vitis/version_2020/24_01_sd_bmp_hdmi/vitis/system_wrapper/hw
TRACE::2026-05-13.14:56:07::SCWPlatform:: Platform Path D:/Zynq/vitis/version_2020/24_01_sd_bmp_hdmi/vitis/system_wrapper/hw/system_wrapper.xsa
TRACE::2026-05-13.14:56:07::SCWPlatform:: Unique name xilinx:::0.0
TRACE::2026-05-13.14:56:07::SCWPlatform::Trying to set the existing hwdb with name system_wrapper_0
TRACE::2026-05-13.14:56:07::SCWPlatform::Opened existing hwdb system_wrapper_0
TRACE::2026-05-13.14:56:07::SCWPlatform::Found the Hw Db part of the input DSA
TRACE::2026-05-13.14:56:07::SCWMssOS::Checking the sw design at  D:/Zynq/vitis/version_2020/24_01_sd_bmp_hdmi/vitis/system_wrapper/zynq_fsbl/zynq_fsbl_bsp/system.mss
TRACE::2026-05-13.14:56:07::SCWMssOS::DEBUG:  swdes dump  D:/Zynq/vitis/version_2020/24_01_sd_bmp_hdmi/vitis/system_wrapper/zynq_fsbl/zynq_fsbl_bsp/system.mss|system||

TRACE::2026-05-13.14:56:07::SCWMssOS::Sw design exists and opened at  D:/Zynq/vitis/version_2020/24_01_sd_bmp_hdmi/vitis/system_wrapper/zynq_fsbl/zynq_fsbl_bsp/system.mss
TRACE::2026-05-13.14:56:07::SCWPlatform::Trying to open the hw design at D:/Zynq/vitis/version_2020/24_01_sd_bmp_hdmi/vitis/system_wrapper/hw/system_wrapper.xsa
TRACE::2026-05-13.14:56:07::SCWPlatform::DSA given D:/Zynq/vitis/version_2020/24_01_sd_bmp_hdmi/vitis/system_wrapper/hw/system_wrapper.xsa
TRACE::2026-05-13.14:56:07::SCWPlatform::DSA absoulate path D:/Zynq/vitis/version_2020/24_01_sd_bmp_hdmi/vitis/system_wrapper/hw/system_wrapper.xsa
TRACE::2026-05-13.14:56:07::SCWPlatform::DSA directory D:/Zynq/vitis/version_2020/24_01_sd_bmp_hdmi/vitis/system_wrapper/hw
TRACE::2026-05-13.14:56:07::SCWPlatform:: Platform Path D:/Zynq/vitis/version_2020/24_01_sd_bmp_hdmi/vitis/system_wrapper/hw/system_wrapper.xsa
TRACE::2026-05-13.14:56:07::SCWPlatform:: Unique name xilinx:::0.0
TRACE::2026-05-13.14:56:07::SCWPlatform::Trying to set the existing hwdb with name system_wrapper_0
TRACE::2026-05-13.14:56:07::SCWPlatform::Opened existing hwdb system_wrapper_0
TRACE::2026-05-13.14:56:07::SCWPlatform::Found the Hw Db part of the input DSA
TRACE::2026-05-13.14:56:07::SCWMssOS::Checking the sw design at  D:/Zynq/vitis/version_2020/24_01_sd_bmp_hdmi/vitis/system_wrapper/zynq_fsbl/zynq_fsbl_bsp/system.mss
TRACE::2026-05-13.14:56:07::SCWMssOS::DEBUG:  swdes dump  D:/Zynq/vitis/version_2020/24_01_sd_bmp_hdmi/vitis/system_wrapper/zynq_fsbl/zynq_fsbl_bsp/system.mss|system||

TRACE::2026-05-13.14:56:07::SCWMssOS::Sw design exists and opened at  D:/Zynq/vitis/version_2020/24_01_sd_bmp_hdmi/vitis/system_wrapper/zynq_fsbl/zynq_fsbl_bsp/system.mss
TRACE::2026-05-13.14:56:07::SCWWriter::formatted JSON is {
	"platformName":	"system_wrapper",
	"sprVersion":	"2.0",
	"mode":	"gui",
	"dsaType":	"Fixed",
	"platformDesc":	"system_wrapper",
	"platHandOff":	"<platformDir>.xsa",
	"platIntHandOff":	"<platformDir>/hw/system_wrapper.xsa",
	"deviceType":	"zynq",
	"platIsPrebuiltAutogen":	"false",
	"platIsNoBootBsp":	"false",
	"platFsblTarget":	"ps7_cortexa9_0",
	"hasFsblMakeHasChanges":	"false",
	"hasPmufwMakeHasChanges":	"false",
	"fsblExtraCompilerFlags":	"-MMD -MP       -mcpu=cortex-a9 -mfpu=vfpv3 -mfloat-abi=hard ",
	"platPreBuiltFlag":	false,
	"platformSamplesDir":	"",
	"platActiveSys":	"system_wrapper",
	"systems":	[{
			"systemName":	"system_wrapper",
			"systemDesc":	"system_wrapper",
			"sysIsBootAutoGen":	"true",
			"systemDispName":	"system_wrapper",
			"sysActiveDom":	"zynq_fsbl",
			"sysDefaultDom":	"",
			"domains":	[{
					"domainName":	"zynq_fsbl",
					"domainDispName":	"zynq_fsbl",
					"domainDesc":	"FSBL Application BSP - Auto Generated.",
					"processors":	"ps7_cortexa9_0",
					"os":	"standalone",
					"sdxOs":	"standalone",
					"debugEnable":	"",
					"domRuntimes":	["cpp"],
					"swRepo":	"",
					"mssOsVer":	"7.3",
					"mssFile":	"",
					"md5Digest":	"f064f1502b86aad8e5076f480f530e93",
					"compatibleApp":	"zynq_fsbl",
					"domType":	"bootDomain",
					"arch":	"32-bit",
					"appSettings":	{
						"appCompilerFlags":	"",
						"appLinkerFlags":	""
					},
					"addedLibs":	["xilffs:4.4", "xilrsa:1.6"],
					"libOptions":	{
						"libsContainingOptions":	[]
					},
					"prebuiltLibs":	{
						"prebuiltIncPath":	[],
						"prebuiltLibPath":	[]
					},
					"isolation":	{
					}
				}]
		}]
}
TRACE::2026-05-13.14:56:07::SCWMssOS::Saving the mss changes D:/Zynq/vitis/version_2020/24_01_sd_bmp_hdmi/vitis/system_wrapper/zynq_fsbl/zynq_fsbl_bsp/system.mss
TRACE::2026-05-13.14:56:07::SCWMssOS::Found a swdesign opened with the mssfile.
TRACE::2026-05-13.14:56:07::SCWMssOS::Completed writemss as part of save.
TRACE::2026-05-13.14:56:07::SCWMssOS::Commit changes completed.
TRACE::2026-05-13.14:56:07::SCWPlatform::Trying to open the hw design at D:/Zynq/vitis/version_2020/24_01_sd_bmp_hdmi/vitis/system_wrapper/hw/system_wrapper.xsa
TRACE::2026-05-13.14:56:07::SCWPlatform::DSA given D:/Zynq/vitis/version_2020/24_01_sd_bmp_hdmi/vitis/system_wrapper/hw/system_wrapper.xsa
TRACE::2026-05-13.14:56:07::SCWPlatform::DSA absoulate path D:/Zynq/vitis/version_2020/24_01_sd_bmp_hdmi/vitis/system_wrapper/hw/system_wrapper.xsa
TRACE::2026-05-13.14:56:07::SCWPlatform::DSA directory D:/Zynq/vitis/version_2020/24_01_sd_bmp_hdmi/vitis/system_wrapper/hw
TRACE::2026-05-13.14:56:07::SCWPlatform:: Platform Path D:/Zynq/vitis/version_2020/24_01_sd_bmp_hdmi/vitis/system_wrapper/hw/system_wrapper.xsa
TRACE::2026-05-13.14:56:07::SCWPlatform:: Unique name xilinx:::0.0
TRACE::2026-05-13.14:56:07::SCWPlatform::Trying to set the existing hwdb with name system_wrapper_0
TRACE::2026-05-13.14:56:07::SCWPlatform::Opened existing hwdb system_wrapper_0
TRACE::2026-05-13.14:56:07::SCWPlatform::Found the Hw Db part of the input DSA
TRACE::2026-05-13.14:56:07::SCWMssOS::Checking the sw design at  D:/Zynq/vitis/version_2020/24_01_sd_bmp_hdmi/vitis/system_wrapper/zynq_fsbl/zynq_fsbl_bsp/system.mss
TRACE::2026-05-13.14:56:07::SCWMssOS::DEBUG:  swdes dump  D:/Zynq/vitis/version_2020/24_01_sd_bmp_hdmi/vitis/system_wrapper/zynq_fsbl/zynq_fsbl_bsp/system.mss|system||

TRACE::2026-05-13.14:56:07::SCWMssOS::Sw design exists and opened at  D:/Zynq/vitis/version_2020/24_01_sd_bmp_hdmi/vitis/system_wrapper/zynq_fsbl/zynq_fsbl_bsp/system.mss
TRACE::2026-05-13.14:56:07::SCWPlatform::Trying to open the hw design at D:/Zynq/vitis/version_2020/24_01_sd_bmp_hdmi/vitis/system_wrapper/hw/system_wrapper.xsa
TRACE::2026-05-13.14:56:07::SCWPlatform::DSA given D:/Zynq/vitis/version_2020/24_01_sd_bmp_hdmi/vitis/system_wrapper/hw/system_wrapper.xsa
TRACE::2026-05-13.14:56:07::SCWPlatform::DSA absoulate path D:/Zynq/vitis/version_2020/24_01_sd_bmp_hdmi/vitis/system_wrapper/hw/system_wrapper.xsa
TRACE::2026-05-13.14:56:07::SCWPlatform::DSA directory D:/Zynq/vitis/version_2020/24_01_sd_bmp_hdmi/vitis/system_wrapper/hw
TRACE::2026-05-13.14:56:07::SCWPlatform:: Platform Path D:/Zynq/vitis/version_2020/24_01_sd_bmp_hdmi/vitis/system_wrapper/hw/system_wrapper.xsa
TRACE::2026-05-13.14:56:07::SCWPlatform:: Unique name xilinx:::0.0
TRACE::2026-05-13.14:56:07::SCWPlatform::Trying to set the existing hwdb with name system_wrapper_0
TRACE::2026-05-13.14:56:07::SCWPlatform::Opened existing hwdb system_wrapper_0
TRACE::2026-05-13.14:56:07::SCWPlatform::Found the Hw Db part of the input DSA
TRACE::2026-05-13.14:56:07::SCWMssOS::Checking the sw design at  D:/Zynq/vitis/version_2020/24_01_sd_bmp_hdmi/vitis/system_wrapper/zynq_fsbl/zynq_fsbl_bsp/system.mss
TRACE::2026-05-13.14:56:07::SCWMssOS::DEBUG:  swdes dump  D:/Zynq/vitis/version_2020/24_01_sd_bmp_hdmi/vitis/system_wrapper/zynq_fsbl/zynq_fsbl_bsp/system.mss|system||

TRACE::2026-05-13.14:56:07::SCWMssOS::Sw design exists and opened at  D:/Zynq/vitis/version_2020/24_01_sd_bmp_hdmi/vitis/system_wrapper/zynq_fsbl/zynq_fsbl_bsp/system.mss
TRACE::2026-05-13.14:56:07::SCWPlatform::Trying to open the hw design at D:/Zynq/vitis/version_2020/24_01_sd_bmp_hdmi/vitis/system_wrapper/hw/system_wrapper.xsa
TRACE::2026-05-13.14:56:07::SCWPlatform::DSA given D:/Zynq/vitis/version_2020/24_01_sd_bmp_hdmi/vitis/system_wrapper/hw/system_wrapper.xsa
TRACE::2026-05-13.14:56:07::SCWPlatform::DSA absoulate path D:/Zynq/vitis/version_2020/24_01_sd_bmp_hdmi/vitis/system_wrapper/hw/system_wrapper.xsa
TRACE::2026-05-13.14:56:07::SCWPlatform::DSA directory D:/Zynq/vitis/version_2020/24_01_sd_bmp_hdmi/vitis/system_wrapper/hw
TRACE::2026-05-13.14:56:07::SCWPlatform:: Platform Path D:/Zynq/vitis/version_2020/24_01_sd_bmp_hdmi/vitis/system_wrapper/hw/system_wrapper.xsa
TRACE::2026-05-13.14:56:07::SCWPlatform:: Unique name xilinx:::0.0
TRACE::2026-05-13.14:56:07::SCWPlatform::Trying to set the existing hwdb with name system_wrapper_0
TRACE::2026-05-13.14:56:07::SCWPlatform::Opened existing hwdb system_wrapper_0
TRACE::2026-05-13.14:56:07::SCWPlatform::Found the Hw Db part of the input DSA
TRACE::2026-05-13.14:56:07::SCWMssOS::Checking the sw design at  D:/Zynq/vitis/version_2020/24_01_sd_bmp_hdmi/vitis/system_wrapper/zynq_fsbl/zynq_fsbl_bsp/system.mss
TRACE::2026-05-13.14:56:07::SCWMssOS::DEBUG:  swdes dump  D:/Zynq/vitis/version_2020/24_01_sd_bmp_hdmi/vitis/system_wrapper/zynq_fsbl/zynq_fsbl_bsp/system.mss|system||

TRACE::2026-05-13.14:56:07::SCWMssOS::Sw design exists and opened at  D:/Zynq/vitis/version_2020/24_01_sd_bmp_hdmi/vitis/system_wrapper/zynq_fsbl/zynq_fsbl_bsp/system.mss
TRACE::2026-05-13.14:56:07::SCWWriter::formatted JSON is {
	"platformName":	"system_wrapper",
	"sprVersion":	"2.0",
	"mode":	"gui",
	"dsaType":	"Fixed",
	"platformDesc":	"system_wrapper",
	"platHandOff":	"<platformDir>.xsa",
	"platIntHandOff":	"<platformDir>/hw/system_wrapper.xsa",
	"deviceType":	"zynq",
	"platIsPrebuiltAutogen":	"false",
	"platIsNoBootBsp":	"false",
	"platFsblTarget":	"ps7_cortexa9_0",
	"hasFsblMakeHasChanges":	"false",
	"hasPmufwMakeHasChanges":	"false",
	"fsblExtraCompilerFlags":	"-MMD -MP       -mcpu=cortex-a9 -mfpu=vfpv3 -mfloat-abi=hard ",
	"platPreBuiltFlag":	false,
	"platformSamplesDir":	"",
	"platActiveSys":	"system_wrapper",
	"systems":	[{
			"systemName":	"system_wrapper",
			"systemDesc":	"system_wrapper",
			"sysIsBootAutoGen":	"true",
			"systemDispName":	"system_wrapper",
			"sysActiveDom":	"zynq_fsbl",
			"sysDefaultDom":	"",
			"domains":	[{
					"domainName":	"zynq_fsbl",
					"domainDispName":	"zynq_fsbl",
					"domainDesc":	"FSBL Application BSP - Auto Generated.",
					"processors":	"ps7_cortexa9_0",
					"os":	"standalone",
					"sdxOs":	"standalone",
					"debugEnable":	"",
					"domRuntimes":	["cpp"],
					"swRepo":	"",
					"mssOsVer":	"7.3",
					"mssFile":	"",
					"md5Digest":	"f064f1502b86aad8e5076f480f530e93",
					"compatibleApp":	"zynq_fsbl",
					"domType":	"bootDomain",
					"arch":	"32-bit",
					"appSettings":	{
						"appCompilerFlags":	"",
						"appLinkerFlags":	""
					},
					"addedLibs":	["xilffs:4.4", "xilrsa:1.6"],
					"libOptions":	{
						"libsContainingOptions":	[]
					},
					"prebuiltLibs":	{
						"prebuiltIncPath":	[],
						"prebuiltLibPath":	[]
					},
					"isolation":	{
					}
				}]
		}]
}
TRACE::2026-05-13.14:56:07::SCWDomain::checking for install qemu data   : 
TRACE::2026-05-13.14:56:07::SCWDomain:: Using the QEMU Data from install at  : C:/Xilinx/Vitis/2020.2/data/emulation/platforms/zynq/sw/a9_standalone/qemu/
TRACE::2026-05-13.14:56:07::SCWDomain:: Using the QEMU args  from install at  : C:/Xilinx/Vitis/2020.2/data/emulation/platforms/zynq/sw/a9_standalone/qemu/qemu_args.txt
TRACE::2026-05-13.14:56:07::SCWPlatform::Trying to open the hw design at D:/Zynq/vitis/version_2020/24_01_sd_bmp_hdmi/vitis/system_wrapper/hw/system_wrapper.xsa
TRACE::2026-05-13.14:56:07::SCWPlatform::DSA given D:/Zynq/vitis/version_2020/24_01_sd_bmp_hdmi/vitis/system_wrapper/hw/system_wrapper.xsa
TRACE::2026-05-13.14:56:07::SCWPlatform::DSA absoulate path D:/Zynq/vitis/version_2020/24_01_sd_bmp_hdmi/vitis/system_wrapper/hw/system_wrapper.xsa
TRACE::2026-05-13.14:56:07::SCWPlatform::DSA directory D:/Zynq/vitis/version_2020/24_01_sd_bmp_hdmi/vitis/system_wrapper/hw
TRACE::2026-05-13.14:56:07::SCWPlatform:: Platform Path D:/Zynq/vitis/version_2020/24_01_sd_bmp_hdmi/vitis/system_wrapper/hw/system_wrapper.xsa
TRACE::2026-05-13.14:56:07::SCWPlatform:: Unique name xilinx:::0.0
TRACE::2026-05-13.14:56:07::SCWPlatform::Trying to set the existing hwdb with name system_wrapper_0
TRACE::2026-05-13.14:56:07::SCWPlatform::Opened existing hwdb system_wrapper_0
TRACE::2026-05-13.14:56:07::SCWPlatform::Found the Hw Db part of the input DSA
TRACE::2026-05-13.14:56:07::SCWPlatform::Trying to open the hw design at D:/Zynq/vitis/version_2020/24_01_sd_bmp_hdmi/vitis/system_wrapper/hw/system_wrapper.xsa
TRACE::2026-05-13.14:56:07::SCWPlatform::DSA given D:/Zynq/vitis/version_2020/24_01_sd_bmp_hdmi/vitis/system_wrapper/hw/system_wrapper.xsa
TRACE::2026-05-13.14:56:07::SCWPlatform::DSA absoulate path D:/Zynq/vitis/version_2020/24_01_sd_bmp_hdmi/vitis/system_wrapper/hw/system_wrapper.xsa
TRACE::2026-05-13.14:56:07::SCWPlatform::DSA directory D:/Zynq/vitis/version_2020/24_01_sd_bmp_hdmi/vitis/system_wrapper/hw
TRACE::2026-05-13.14:56:07::SCWPlatform:: Platform Path D:/Zynq/vitis/version_2020/24_01_sd_bmp_hdmi/vitis/system_wrapper/hw/system_wrapper.xsa
TRACE::2026-05-13.14:56:07::SCWPlatform:: Unique name xilinx:::0.0
TRACE::2026-05-13.14:56:07::SCWPlatform::Trying to set the existing hwdb with name system_wrapper_0
TRACE::2026-05-13.14:56:07::SCWPlatform::Opened existing hwdb system_wrapper_0
TRACE::2026-05-13.14:56:07::SCWPlatform::Found the Hw Db part of the input DSA
TRACE::2026-05-13.14:56:07::SCWPlatform::Trying to open the hw design at D:/Zynq/vitis/version_2020/24_01_sd_bmp_hdmi/vitis/system_wrapper/hw/system_wrapper.xsa
TRACE::2026-05-13.14:56:07::SCWPlatform::DSA given D:/Zynq/vitis/version_2020/24_01_sd_bmp_hdmi/vitis/system_wrapper/hw/system_wrapper.xsa
TRACE::2026-05-13.14:56:07::SCWPlatform::DSA absoulate path D:/Zynq/vitis/version_2020/24_01_sd_bmp_hdmi/vitis/system_wrapper/hw/system_wrapper.xsa
TRACE::2026-05-13.14:56:07::SCWPlatform::DSA directory D:/Zynq/vitis/version_2020/24_01_sd_bmp_hdmi/vitis/system_wrapper/hw
TRACE::2026-05-13.14:56:07::SCWPlatform:: Platform Path D:/Zynq/vitis/version_2020/24_01_sd_bmp_hdmi/vitis/system_wrapper/hw/system_wrapper.xsa
TRACE::2026-05-13.14:56:07::SCWPlatform:: Unique name xilinx:::0.0
TRACE::2026-05-13.14:56:07::SCWPlatform::Trying to set the existing hwdb with name system_wrapper_0
TRACE::2026-05-13.14:56:07::SCWPlatform::Opened existing hwdb system_wrapper_0
TRACE::2026-05-13.14:56:07::SCWPlatform::Found the Hw Db part of the input DSA
TRACE::2026-05-13.14:56:07::SCWMssOS::Checking the sw design at  D:/Zynq/vitis/version_2020/24_01_sd_bmp_hdmi/vitis/system_wrapper/ps7_cortexa9_0/standalone_ps7_cortexa9_0/bsp/system.mss
TRACE::2026-05-13.14:56:07::SCWMssOS::DEBUG:  swdes dump  D:/Zynq/vitis/version_2020/24_01_sd_bmp_hdmi/vitis/system_wrapper/zynq_fsbl/zynq_fsbl_bsp/system.mss|system||

TRACE::2026-05-13.14:56:07::SCWMssOS::No sw design opened at  D:/Zynq/vitis/version_2020/24_01_sd_bmp_hdmi/vitis/system_wrapper/ps7_cortexa9_0/standalone_ps7_cortexa9_0/bsp/system.mss
TRACE::2026-05-13.14:56:07::SCWMssOS::mss does not exists at D:/Zynq/vitis/version_2020/24_01_sd_bmp_hdmi/vitis/system_wrapper/ps7_cortexa9_0/standalone_ps7_cortexa9_0/bsp/system.mss
TRACE::2026-05-13.14:56:07::SCWMssOS::Creating sw design at  D:/Zynq/vitis/version_2020/24_01_sd_bmp_hdmi/vitis/system_wrapper/ps7_cortexa9_0/standalone_ps7_cortexa9_0/bsp/system.mss
TRACE::2026-05-13.14:56:07::SCWMssOS::Adding the swdes entry, created swdb D:/Zynq/vitis/version_2020/24_01_sd_bmp_hdmi/vitis/system_wrapper/ps7_cortexa9_0/standalone_ps7_cortexa9_0/bsp/system.mss with des name D:/Zynq/vitis/version_2020/24_01_sd_bmp_hdmi/vitis/system_wrapper/ps7_cortexa9_0/standalone_ps7_cortexa9_0/bsp/system.mss
TRACE::2026-05-13.14:56:07::SCWMssOS::updating the scw layer changes to swdes at   D:/Zynq/vitis/version_2020/24_01_sd_bmp_hdmi/vitis/system_wrapper/ps7_cortexa9_0/standalone_ps7_cortexa9_0/bsp/system.mss
TRACE::2026-05-13.14:56:07::SCWMssOS::Writing mss at D:/Zynq/vitis/version_2020/24_01_sd_bmp_hdmi/vitis/system_wrapper/ps7_cortexa9_0/standalone_ps7_cortexa9_0/bsp/system.mss
TRACE::2026-05-13.14:56:07::SCWMssOS::Completed writing the mss file at D:/Zynq/vitis/version_2020/24_01_sd_bmp_hdmi/vitis/system_wrapper/ps7_cortexa9_0/standalone_ps7_cortexa9_0/bsp
TRACE::2026-05-13.14:56:07::SCWMssOS::Picking up changes from newly written mss file into SCW Layer. 
TRACE::2026-05-13.14:56:07::SCWMssOS::Updated the changes from newly written mss file into SCW Layer. 
TRACE::2026-05-13.14:56:07::SCWMssOS::Completed writing the mss file at D:/Zynq/vitis/version_2020/24_01_sd_bmp_hdmi/vitis/system_wrapper/ps7_cortexa9_0/standalone_ps7_cortexa9_0/bsp
TRACE::2026-05-13.14:56:07::SCWMssOS::Forcing BSP Sources regeneration.
TRACE::2026-05-13.14:56:07::SCWMssOS::Saving the mss changes D:/Zynq/vitis/version_2020/24_01_sd_bmp_hdmi/vitis/system_wrapper/zynq_fsbl/zynq_fsbl_bsp/system.mss
TRACE::2026-05-13.14:56:07::SCWMssOS::Found a swdesign opened with the mssfile.
TRACE::2026-05-13.14:56:07::SCWMssOS::Completed writemss as part of save.
TRACE::2026-05-13.14:56:07::SCWMssOS::Commit changes completed.
TRACE::2026-05-13.14:56:07::SCWMssOS::Saving the mss changes D:/Zynq/vitis/version_2020/24_01_sd_bmp_hdmi/vitis/system_wrapper/ps7_cortexa9_0/standalone_ps7_cortexa9_0/bsp/system.mss
TRACE::2026-05-13.14:56:07::SCWMssOS::Found a swdesign opened with the mssfile.
TRACE::2026-05-13.14:56:07::SCWMssOS::Running validate of swdbs.
KEYINFO::2026-05-13.14:56:07::SCWMssOS::Could not open the swdb for D:/Zynq/vitis/version_2020/24_01_sd_bmp_hdmi/vitis/system_wrapper/ps7_cortexa9_0/standalone_ps7_cortexa9_0/bsp/system.mss
KEYINFO::2026-05-13.14:56:07::SCWMssOS::Could not open the sw design at  D:/Zynq/vitis/version_2020/24_01_sd_bmp_hdmi/vitis/system_wrapper/ps7_cortexa9_0/standalone_ps7_cortexa9_0/bsp/system.mss
ERROR: [Hsi 55-1558] Software Design D:/Zynq/vitis/version_2020/24_01_sd_bmp_hdmi/vitis/system_wrapper/ps7_cortexa9_0/standalone_ps7_cortexa9_0/bsp/system.mss is not found

TRACE::2026-05-13.14:56:07::SCWMssOS::Cleared the swdb table entry
TRACE::2026-05-13.14:56:07::SCWMssOS::Adding the swdes entry, mss present, able to open swdb D:/Zynq/vitis/version_2020/24_01_sd_bmp_hdmi/vitis/system_wrapper/ps7_cortexa9_0/standalone_ps7_cortexa9_0/bsp/system.mss with des name system_0
TRACE::2026-05-13.14:56:07::SCWMssOS::Writing the mss file completed D:/Zynq/vitis/version_2020/24_01_sd_bmp_hdmi/vitis/system_wrapper/ps7_cortexa9_0/standalone_ps7_cortexa9_0/bsp/system.mss
TRACE::2026-05-13.14:56:07::SCWMssOS::Commit changes completed.
TRACE::2026-05-13.14:56:07::SCWPlatform::Trying to open the hw design at D:/Zynq/vitis/version_2020/24_01_sd_bmp_hdmi/vitis/system_wrapper/hw/system_wrapper.xsa
TRACE::2026-05-13.14:56:07::SCWPlatform::DSA given D:/Zynq/vitis/version_2020/24_01_sd_bmp_hdmi/vitis/system_wrapper/hw/system_wrapper.xsa
TRACE::2026-05-13.14:56:07::SCWPlatform::DSA absoulate path D:/Zynq/vitis/version_2020/24_01_sd_bmp_hdmi/vitis/system_wrapper/hw/system_wrapper.xsa
TRACE::2026-05-13.14:56:07::SCWPlatform::DSA directory D:/Zynq/vitis/version_2020/24_01_sd_bmp_hdmi/vitis/system_wrapper/hw
TRACE::2026-05-13.14:56:07::SCWPlatform:: Platform Path D:/Zynq/vitis/version_2020/24_01_sd_bmp_hdmi/vitis/system_wrapper/hw/system_wrapper.xsa
TRACE::2026-05-13.14:56:07::SCWPlatform:: Unique name xilinx:::0.0
TRACE::2026-05-13.14:56:07::SCWPlatform::Trying to set the existing hwdb with name system_wrapper_0
TRACE::2026-05-13.14:56:07::SCWPlatform::Opened existing hwdb system_wrapper_0
TRACE::2026-05-13.14:56:07::SCWPlatform::Found the Hw Db part of the input DSA
TRACE::2026-05-13.14:56:07::SCWMssOS::Checking the sw design at  D:/Zynq/vitis/version_2020/24_01_sd_bmp_hdmi/vitis/system_wrapper/zynq_fsbl/zynq_fsbl_bsp/system.mss
TRACE::2026-05-13.14:56:07::SCWMssOS::DEBUG:  swdes dump  D:/Zynq/vitis/version_2020/24_01_sd_bmp_hdmi/vitis/system_wrapper/ps7_cortexa9_0/standalone_ps7_cortexa9_0/bsp/system.mss|system_0||
D:/Zynq/vitis/version_2020/24_01_sd_bmp_hdmi/vitis/system_wrapper/zynq_fsbl/zynq_fsbl_bsp/system.mss|system||

TRACE::2026-05-13.14:56:07::SCWMssOS::Sw design exists and opened at  D:/Zynq/vitis/version_2020/24_01_sd_bmp_hdmi/vitis/system_wrapper/zynq_fsbl/zynq_fsbl_bsp/system.mss
TRACE::2026-05-13.14:56:07::SCWPlatform::Trying to open the hw design at D:/Zynq/vitis/version_2020/24_01_sd_bmp_hdmi/vitis/system_wrapper/hw/system_wrapper.xsa
TRACE::2026-05-13.14:56:07::SCWPlatform::DSA given D:/Zynq/vitis/version_2020/24_01_sd_bmp_hdmi/vitis/system_wrapper/hw/system_wrapper.xsa
TRACE::2026-05-13.14:56:07::SCWPlatform::DSA absoulate path D:/Zynq/vitis/version_2020/24_01_sd_bmp_hdmi/vitis/system_wrapper/hw/system_wrapper.xsa
TRACE::2026-05-13.14:56:07::SCWPlatform::DSA directory D:/Zynq/vitis/version_2020/24_01_sd_bmp_hdmi/vitis/system_wrapper/hw
TRACE::2026-05-13.14:56:07::SCWPlatform:: Platform Path D:/Zynq/vitis/version_2020/24_01_sd_bmp_hdmi/vitis/system_wrapper/hw/system_wrapper.xsa
TRACE::2026-05-13.14:56:07::SCWPlatform:: Unique name xilinx:::0.0
TRACE::2026-05-13.14:56:07::SCWPlatform::Trying to set the existing hwdb with name system_wrapper_0
TRACE::2026-05-13.14:56:07::SCWPlatform::Opened existing hwdb system_wrapper_0
TRACE::2026-05-13.14:56:07::SCWPlatform::Found the Hw Db part of the input DSA
TRACE::2026-05-13.14:56:07::SCWMssOS::Checking the sw design at  D:/Zynq/vitis/version_2020/24_01_sd_bmp_hdmi/vitis/system_wrapper/zynq_fsbl/zynq_fsbl_bsp/system.mss
TRACE::2026-05-13.14:56:07::SCWMssOS::DEBUG:  swdes dump  D:/Zynq/vitis/version_2020/24_01_sd_bmp_hdmi/vitis/system_wrapper/ps7_cortexa9_0/standalone_ps7_cortexa9_0/bsp/system.mss|system_0||
D:/Zynq/vitis/version_2020/24_01_sd_bmp_hdmi/vitis/system_wrapper/zynq_fsbl/zynq_fsbl_bsp/system.mss|system||

TRACE::2026-05-13.14:56:07::SCWMssOS::Sw design exists and opened at  D:/Zynq/vitis/version_2020/24_01_sd_bmp_hdmi/vitis/system_wrapper/zynq_fsbl/zynq_fsbl_bsp/system.mss
TRACE::2026-05-13.14:56:07::SCWPlatform::Trying to open the hw design at D:/Zynq/vitis/version_2020/24_01_sd_bmp_hdmi/vitis/system_wrapper/hw/system_wrapper.xsa
TRACE::2026-05-13.14:56:07::SCWPlatform::DSA given D:/Zynq/vitis/version_2020/24_01_sd_bmp_hdmi/vitis/system_wrapper/hw/system_wrapper.xsa
TRACE::2026-05-13.14:56:07::SCWPlatform::DSA absoulate path D:/Zynq/vitis/version_2020/24_01_sd_bmp_hdmi/vitis/system_wrapper/hw/system_wrapper.xsa
TRACE::2026-05-13.14:56:07::SCWPlatform::DSA directory D:/Zynq/vitis/version_2020/24_01_sd_bmp_hdmi/vitis/system_wrapper/hw
TRACE::2026-05-13.14:56:07::SCWPlatform:: Platform Path D:/Zynq/vitis/version_2020/24_01_sd_bmp_hdmi/vitis/system_wrapper/hw/system_wrapper.xsa
TRACE::2026-05-13.14:56:07::SCWPlatform:: Unique name xilinx:::0.0
TRACE::2026-05-13.14:56:07::SCWPlatform::Trying to set the existing hwdb with name system_wrapper_0
TRACE::2026-05-13.14:56:07::SCWPlatform::Opened existing hwdb system_wrapper_0
TRACE::2026-05-13.14:56:07::SCWPlatform::Found the Hw Db part of the input DSA
TRACE::2026-05-13.14:56:07::SCWMssOS::Checking the sw design at  D:/Zynq/vitis/version_2020/24_01_sd_bmp_hdmi/vitis/system_wrapper/zynq_fsbl/zynq_fsbl_bsp/system.mss
TRACE::2026-05-13.14:56:07::SCWMssOS::DEBUG:  swdes dump  D:/Zynq/vitis/version_2020/24_01_sd_bmp_hdmi/vitis/system_wrapper/ps7_cortexa9_0/standalone_ps7_cortexa9_0/bsp/system.mss|system_0||
D:/Zynq/vitis/version_2020/24_01_sd_bmp_hdmi/vitis/system_wrapper/zynq_fsbl/zynq_fsbl_bsp/system.mss|system||

TRACE::2026-05-13.14:56:07::SCWMssOS::Sw design exists and opened at  D:/Zynq/vitis/version_2020/24_01_sd_bmp_hdmi/vitis/system_wrapper/zynq_fsbl/zynq_fsbl_bsp/system.mss
TRACE::2026-05-13.14:56:07::SCWPlatform::Trying to open the hw design at D:/Zynq/vitis/version_2020/24_01_sd_bmp_hdmi/vitis/system_wrapper/hw/system_wrapper.xsa
TRACE::2026-05-13.14:56:07::SCWPlatform::DSA given D:/Zynq/vitis/version_2020/24_01_sd_bmp_hdmi/vitis/system_wrapper/hw/system_wrapper.xsa
TRACE::2026-05-13.14:56:07::SCWPlatform::DSA absoulate path D:/Zynq/vitis/version_2020/24_01_sd_bmp_hdmi/vitis/system_wrapper/hw/system_wrapper.xsa
TRACE::2026-05-13.14:56:07::SCWPlatform::DSA directory D:/Zynq/vitis/version_2020/24_01_sd_bmp_hdmi/vitis/system_wrapper/hw
TRACE::2026-05-13.14:56:07::SCWPlatform:: Platform Path D:/Zynq/vitis/version_2020/24_01_sd_bmp_hdmi/vitis/system_wrapper/hw/system_wrapper.xsa
TRACE::2026-05-13.14:56:07::SCWPlatform:: Unique name xilinx:::0.0
TRACE::2026-05-13.14:56:07::SCWPlatform::Trying to set the existing hwdb with name system_wrapper_0
TRACE::2026-05-13.14:56:07::SCWPlatform::Opened existing hwdb system_wrapper_0
TRACE::2026-05-13.14:56:07::SCWPlatform::Found the Hw Db part of the input DSA
TRACE::2026-05-13.14:56:07::SCWMssOS::Checking the sw design at  D:/Zynq/vitis/version_2020/24_01_sd_bmp_hdmi/vitis/system_wrapper/ps7_cortexa9_0/standalone_ps7_cortexa9_0/bsp/system.mss
TRACE::2026-05-13.14:56:07::SCWMssOS::DEBUG:  swdes dump  D:/Zynq/vitis/version_2020/24_01_sd_bmp_hdmi/vitis/system_wrapper/ps7_cortexa9_0/standalone_ps7_cortexa9_0/bsp/system.mss|system_0||
D:/Zynq/vitis/version_2020/24_01_sd_bmp_hdmi/vitis/system_wrapper/zynq_fsbl/zynq_fsbl_bsp/system.mss|system||

TRACE::2026-05-13.14:56:07::SCWMssOS::Sw design exists and opened at  D:/Zynq/vitis/version_2020/24_01_sd_bmp_hdmi/vitis/system_wrapper/ps7_cortexa9_0/standalone_ps7_cortexa9_0/bsp/system.mss
TRACE::2026-05-13.14:56:07::SCWPlatform::Trying to open the hw design at D:/Zynq/vitis/version_2020/24_01_sd_bmp_hdmi/vitis/system_wrapper/hw/system_wrapper.xsa
TRACE::2026-05-13.14:56:07::SCWPlatform::DSA given D:/Zynq/vitis/version_2020/24_01_sd_bmp_hdmi/vitis/system_wrapper/hw/system_wrapper.xsa
TRACE::2026-05-13.14:56:07::SCWPlatform::DSA absoulate path D:/Zynq/vitis/version_2020/24_01_sd_bmp_hdmi/vitis/system_wrapper/hw/system_wrapper.xsa
TRACE::2026-05-13.14:56:07::SCWPlatform::DSA directory D:/Zynq/vitis/version_2020/24_01_sd_bmp_hdmi/vitis/system_wrapper/hw
TRACE::2026-05-13.14:56:07::SCWPlatform:: Platform Path D:/Zynq/vitis/version_2020/24_01_sd_bmp_hdmi/vitis/system_wrapper/hw/system_wrapper.xsa
TRACE::2026-05-13.14:56:07::SCWPlatform:: Unique name xilinx:::0.0
TRACE::2026-05-13.14:56:07::SCWPlatform::Trying to set the existing hwdb with name system_wrapper_0
TRACE::2026-05-13.14:56:07::SCWPlatform::Opened existing hwdb system_wrapper_0
TRACE::2026-05-13.14:56:07::SCWPlatform::Found the Hw Db part of the input DSA
TRACE::2026-05-13.14:56:07::SCWMssOS::Checking the sw design at  D:/Zynq/vitis/version_2020/24_01_sd_bmp_hdmi/vitis/system_wrapper/ps7_cortexa9_0/standalone_ps7_cortexa9_0/bsp/system.mss
TRACE::2026-05-13.14:56:07::SCWMssOS::DEBUG:  swdes dump  D:/Zynq/vitis/version_2020/24_01_sd_bmp_hdmi/vitis/system_wrapper/ps7_cortexa9_0/standalone_ps7_cortexa9_0/bsp/system.mss|system_0||
D:/Zynq/vitis/version_2020/24_01_sd_bmp_hdmi/vitis/system_wrapper/zynq_fsbl/zynq_fsbl_bsp/system.mss|system||

TRACE::2026-05-13.14:56:07::SCWMssOS::Sw design exists and opened at  D:/Zynq/vitis/version_2020/24_01_sd_bmp_hdmi/vitis/system_wrapper/ps7_cortexa9_0/standalone_ps7_cortexa9_0/bsp/system.mss
TRACE::2026-05-13.14:56:07::SCWPlatform::Trying to open the hw design at D:/Zynq/vitis/version_2020/24_01_sd_bmp_hdmi/vitis/system_wrapper/hw/system_wrapper.xsa
TRACE::2026-05-13.14:56:07::SCWPlatform::DSA given D:/Zynq/vitis/version_2020/24_01_sd_bmp_hdmi/vitis/system_wrapper/hw/system_wrapper.xsa
TRACE::2026-05-13.14:56:07::SCWPlatform::DSA absoulate path D:/Zynq/vitis/version_2020/24_01_sd_bmp_hdmi/vitis/system_wrapper/hw/system_wrapper.xsa
TRACE::2026-05-13.14:56:07::SCWPlatform::DSA directory D:/Zynq/vitis/version_2020/24_01_sd_bmp_hdmi/vitis/system_wrapper/hw
TRACE::2026-05-13.14:56:07::SCWPlatform:: Platform Path D:/Zynq/vitis/version_2020/24_01_sd_bmp_hdmi/vitis/system_wrapper/hw/system_wrapper.xsa
TRACE::2026-05-13.14:56:07::SCWPlatform:: Unique name xilinx:::0.0
TRACE::2026-05-13.14:56:07::SCWPlatform::Trying to set the existing hwdb with name system_wrapper_0
TRACE::2026-05-13.14:56:07::SCWPlatform::Opened existing hwdb system_wrapper_0
TRACE::2026-05-13.14:56:07::SCWPlatform::Found the Hw Db part of the input DSA
TRACE::2026-05-13.14:56:07::SCWMssOS::Checking the sw design at  D:/Zynq/vitis/version_2020/24_01_sd_bmp_hdmi/vitis/system_wrapper/ps7_cortexa9_0/standalone_ps7_cortexa9_0/bsp/system.mss
TRACE::2026-05-13.14:56:07::SCWMssOS::DEBUG:  swdes dump  D:/Zynq/vitis/version_2020/24_01_sd_bmp_hdmi/vitis/system_wrapper/ps7_cortexa9_0/standalone_ps7_cortexa9_0/bsp/system.mss|system_0||
D:/Zynq/vitis/version_2020/24_01_sd_bmp_hdmi/vitis/system_wrapper/zynq_fsbl/zynq_fsbl_bsp/system.mss|system||

TRACE::2026-05-13.14:56:07::SCWMssOS::Sw design exists and opened at  D:/Zynq/vitis/version_2020/24_01_sd_bmp_hdmi/vitis/system_wrapper/ps7_cortexa9_0/standalone_ps7_cortexa9_0/bsp/system.mss
TRACE::2026-05-13.14:56:07::SCWWriter::formatted JSON is {
	"platformName":	"system_wrapper",
	"sprVersion":	"2.0",
	"mode":	"gui",
	"dsaType":	"Fixed",
	"platformDesc":	"system_wrapper",
	"platHandOff":	"<platformDir>.xsa",
	"platIntHandOff":	"<platformDir>/hw/system_wrapper.xsa",
	"deviceType":	"zynq",
	"platIsPrebuiltAutogen":	"false",
	"platIsNoBootBsp":	"false",
	"platFsblTarget":	"ps7_cortexa9_0",
	"hasFsblMakeHasChanges":	"false",
	"hasPmufwMakeHasChanges":	"false",
	"fsblExtraCompilerFlags":	"-MMD -MP       -mcpu=cortex-a9 -mfpu=vfpv3 -mfloat-abi=hard ",
	"platPreBuiltFlag":	false,
	"platformSamplesDir":	"",
	"platActiveSys":	"system_wrapper",
	"systems":	[{
			"systemName":	"system_wrapper",
			"systemDesc":	"system_wrapper",
			"sysIsBootAutoGen":	"true",
			"systemDispName":	"system_wrapper",
			"sysActiveDom":	"standalone_ps7_cortexa9_0",
			"sysDefaultDom":	"standalone_ps7_cortexa9_0",
			"domains":	[{
					"domainName":	"zynq_fsbl",
					"domainDispName":	"zynq_fsbl",
					"domainDesc":	"FSBL Application BSP - Auto Generated.",
					"processors":	"ps7_cortexa9_0",
					"os":	"standalone",
					"sdxOs":	"standalone",
					"debugEnable":	"",
					"domRuntimes":	["cpp"],
					"swRepo":	"",
					"mssOsVer":	"7.3",
					"mssFile":	"",
					"md5Digest":	"f064f1502b86aad8e5076f480f530e93",
					"compatibleApp":	"zynq_fsbl",
					"domType":	"bootDomain",
					"arch":	"32-bit",
					"appSettings":	{
						"appCompilerFlags":	"",
						"appLinkerFlags":	""
					},
					"addedLibs":	["xilffs:4.4", "xilrsa:1.6"],
					"libOptions":	{
						"libsContainingOptions":	[]
					},
					"prebuiltLibs":	{
						"prebuiltIncPath":	[],
						"prebuiltLibPath":	[]
					},
					"isolation":	{
					}
				}, {
					"domainName":	"standalone_ps7_cortexa9_0",
					"domainDispName":	"standalone_ps7_cortexa9_0",
					"domainDesc":	"standalone_ps7_cortexa9_0",
					"processors":	"ps7_cortexa9_0",
					"os":	"standalone",
					"sdxOs":	"standalone",
					"qemuArgs":	"C:/Xilinx/Vitis/2020.2/data/emulation/platforms/zynq/sw/a9_standalone/qemu/qemu_args.txt",
					"qemuData":	"C:/Xilinx/Vitis/2020.2/data/emulation/platforms/zynq/sw/a9_standalone/qemu/",
					"debugEnable":	"False",
					"domRuntimes":	["cpp"],
					"swRepo":	"",
					"mssOsVer":	"7.3",
					"mssFile":	"",
					"md5Digest":	"3bf95608236b1a72e39391af23412f9a",
					"compatibleApp":	"hello_world",
					"domType":	"mssDomain",
					"arch":	"32-bit",
					"appSettings":	{
						"appCompilerFlags":	"",
						"appLinkerFlags":	""
					},
					"addedLibs":	[],
					"libOptions":	{
						"libsContainingOptions":	[]
					},
					"prebuiltLibs":	{
						"prebuiltIncPath":	[],
						"prebuiltLibPath":	[]
					},
					"isolation":	{
					}
				}]
		}]
}
LOG::2026-05-13.14:56:07::SCWPlatform::Started generating the artifacts platform system_wrapper
TRACE::2026-05-13.14:56:07::SCWPlatform::Sanity checking of platform is completed
LOG::2026-05-13.14:56:07::SCWPlatform::Started generating the artifacts for system configuration system_wrapper
LOG::2026-05-13.14:56:07::SCWSystem::Checking the domain zynq_fsbl
LOG::2026-05-13.14:56:07::SCWSystem::Doing application build for :  zynq_fsbl
TRACE::2026-05-13.14:56:07::SCWBDomain::Not a forced makefile updation, No changes are present. 
TRACE::2026-05-13.14:56:07::SCWDomain::Skipping the build for domain :  zynq_fsbl
LOG::2026-05-13.14:56:07::SCWSystem::Checking the domain standalone_ps7_cortexa9_0
LOG::2026-05-13.14:56:07::SCWSystem::Not a boot domain 
LOG::2026-05-13.14:56:07::SCWSystem::Started Processing the domain standalone_ps7_cortexa9_0
TRACE::2026-05-13.14:56:07::SCWDomain::Generating domain artifcats
TRACE::2026-05-13.14:56:07::SCWMssOS::Generating standalone artifcats
TRACE::2026-05-13.14:56:07::SCWMssOS::Copying the qemu file from  C:/Xilinx/Vitis/2020.2/data/emulation/platforms/zynq/sw/a9_standalone/qemu/qemu_args.txt To D:/Zynq/vitis/version_2020/24_01_sd_bmp_hdmi/vitis/system_wrapper/export/system_wrapper/sw/system_wrapper/qemu/
TRACE::2026-05-13.14:56:07::SCWMssOS::Copying the qemu file from  C:/Xilinx/Vitis/2020.2/data/emulation/platforms/zynq/sw/a9_standalone/qemu/qemu_args.txt To D:/Zynq/vitis/version_2020/24_01_sd_bmp_hdmi/vitis/system_wrapper/export/system_wrapper/sw/system_wrapper/standalone_ps7_cortexa9_0/qemu/
TRACE::2026-05-13.14:56:07::SCWMssOS:: Copying the user libraries. 
TRACE::2026-05-13.14:56:07::SCWPlatform::Trying to open the hw design at D:/Zynq/vitis/version_2020/24_01_sd_bmp_hdmi/vitis/system_wrapper/hw/system_wrapper.xsa
TRACE::2026-05-13.14:56:07::SCWPlatform::DSA given D:/Zynq/vitis/version_2020/24_01_sd_bmp_hdmi/vitis/system_wrapper/hw/system_wrapper.xsa
TRACE::2026-05-13.14:56:07::SCWPlatform::DSA absoulate path D:/Zynq/vitis/version_2020/24_01_sd_bmp_hdmi/vitis/system_wrapper/hw/system_wrapper.xsa
TRACE::2026-05-13.14:56:07::SCWPlatform::DSA directory D:/Zynq/vitis/version_2020/24_01_sd_bmp_hdmi/vitis/system_wrapper/hw
TRACE::2026-05-13.14:56:07::SCWPlatform:: Platform Path D:/Zynq/vitis/version_2020/24_01_sd_bmp_hdmi/vitis/system_wrapper/hw/system_wrapper.xsa
TRACE::2026-05-13.14:56:07::SCWPlatform:: Unique name xilinx:::0.0
TRACE::2026-05-13.14:56:07::SCWPlatform::Trying to set the existing hwdb with name system_wrapper_0
TRACE::2026-05-13.14:56:07::SCWPlatform::Opened existing hwdb system_wrapper_0
TRACE::2026-05-13.14:56:07::SCWPlatform::Found the Hw Db part of the input DSA
TRACE::2026-05-13.14:56:07::SCWMssOS::Checking the sw design at  D:/Zynq/vitis/version_2020/24_01_sd_bmp_hdmi/vitis/system_wrapper/ps7_cortexa9_0/standalone_ps7_cortexa9_0/bsp/system.mss
TRACE::2026-05-13.14:56:07::SCWMssOS::DEBUG:  swdes dump  D:/Zynq/vitis/version_2020/24_01_sd_bmp_hdmi/vitis/system_wrapper/ps7_cortexa9_0/standalone_ps7_cortexa9_0/bsp/system.mss|system_0||
D:/Zynq/vitis/version_2020/24_01_sd_bmp_hdmi/vitis/system_wrapper/zynq_fsbl/zynq_fsbl_bsp/system.mss|system||

TRACE::2026-05-13.14:56:07::SCWMssOS::Sw design exists and opened at  D:/Zynq/vitis/version_2020/24_01_sd_bmp_hdmi/vitis/system_wrapper/ps7_cortexa9_0/standalone_ps7_cortexa9_0/bsp/system.mss
TRACE::2026-05-13.14:56:07::SCWMssOS::Completed writing the mss file at D:/Zynq/vitis/version_2020/24_01_sd_bmp_hdmi/vitis/system_wrapper/ps7_cortexa9_0/standalone_ps7_cortexa9_0/bsp
TRACE::2026-05-13.14:56:07::SCWMssOS::Mss edits present, copying mssfile into export location D:/Zynq/vitis/version_2020/24_01_sd_bmp_hdmi/vitis/system_wrapper/ps7_cortexa9_0/standalone_ps7_cortexa9_0/bsp/system.mss
TRACE::2026-05-13.14:56:07::SCWMssOS::bsp generated is upto date with the mss file. Skipping bsp generation.
TRACE::2026-05-13.14:56:07::SCWMssOS::BSP is already built. skipping the bsp build ... 
TRACE::2026-05-13.14:56:07::SCWDomain::Skipping the build for domain :  standalone_ps7_cortexa9_0
TRACE::2026-05-13.14:56:07::SCWMssOS::skipping the bsp build ... 
TRACE::2026-05-13.14:56:07::SCWMssOS::Copying to export directory.
TRACE::2026-05-13.14:56:07::SCWMssOS:: Checking if to create the Supporting Applications
TRACE::2026-05-13.14:56:07::SCWMssOS:: No Linux domain exists, trying to generate FSBL 
TRACE::2026-05-13.14:56:07::SCWMssOS:: Completed Standalone Artifacts creation 
LOG::2026-05-13.14:56:07::SCWSystem::Completed Processing the domain standalone_ps7_cortexa9_0
LOG::2026-05-13.14:56:07::SCWSystem::Completed Processing the sysconfig system_wrapper
LOG::2026-05-13.14:56:07::SCWPlatform::Completed generating the artifacts for system configuration system_wrapper
TRACE::2026-05-13.14:56:07::SCWPlatform::Started preparing the platform 
TRACE::2026-05-13.14:56:07::SCWSystem::Writing the bif file for system config system_wrapper
TRACE::2026-05-13.14:56:07::SCWSystem::dir created 
TRACE::2026-05-13.14:56:07::SCWSystem::Writing the bif 
TRACE::2026-05-13.14:56:07::SCWPlatform::Started writing the spfm file 
TRACE::2026-05-13.14:56:07::SCWPlatform::Started writing the xpfm file 
TRACE::2026-05-13.14:56:07::SCWPlatform::Completed generating the platform
TRACE::2026-05-13.14:56:07::SCWMssOS::Saving the mss changes D:/Zynq/vitis/version_2020/24_01_sd_bmp_hdmi/vitis/system_wrapper/zynq_fsbl/zynq_fsbl_bsp/system.mss
TRACE::2026-05-13.14:56:07::SCWMssOS::Found a swdesign opened with the mssfile.
TRACE::2026-05-13.14:56:07::SCWMssOS::Completed writemss as part of save.
TRACE::2026-05-13.14:56:07::SCWMssOS::Commit changes completed.
TRACE::2026-05-13.14:56:07::SCWMssOS::Saving the mss changes D:/Zynq/vitis/version_2020/24_01_sd_bmp_hdmi/vitis/system_wrapper/ps7_cortexa9_0/standalone_ps7_cortexa9_0/bsp/system.mss
TRACE::2026-05-13.14:56:07::SCWMssOS::Found a swdesign opened with the mssfile.
TRACE::2026-05-13.14:56:07::SCWMssOS::Completed writemss as part of save.
TRACE::2026-05-13.14:56:07::SCWMssOS::Commit changes completed.
TRACE::2026-05-13.14:56:07::SCWPlatform::Trying to open the hw design at D:/Zynq/vitis/version_2020/24_01_sd_bmp_hdmi/vitis/system_wrapper/hw/system_wrapper.xsa
TRACE::2026-05-13.14:56:07::SCWPlatform::DSA given D:/Zynq/vitis/version_2020/24_01_sd_bmp_hdmi/vitis/system_wrapper/hw/system_wrapper.xsa
TRACE::2026-05-13.14:56:07::SCWPlatform::DSA absoulate path D:/Zynq/vitis/version_2020/24_01_sd_bmp_hdmi/vitis/system_wrapper/hw/system_wrapper.xsa
TRACE::2026-05-13.14:56:07::SCWPlatform::DSA directory D:/Zynq/vitis/version_2020/24_01_sd_bmp_hdmi/vitis/system_wrapper/hw
TRACE::2026-05-13.14:56:07::SCWPlatform:: Platform Path D:/Zynq/vitis/version_2020/24_01_sd_bmp_hdmi/vitis/system_wrapper/hw/system_wrapper.xsa
TRACE::2026-05-13.14:56:07::SCWPlatform:: Unique name xilinx:::0.0
TRACE::2026-05-13.14:56:07::SCWPlatform::Trying to set the existing hwdb with name system_wrapper_0
TRACE::2026-05-13.14:56:07::SCWPlatform::Opened existing hwdb system_wrapper_0
TRACE::2026-05-13.14:56:07::SCWPlatform::Found the Hw Db part of the input DSA
TRACE::2026-05-13.14:56:07::SCWMssOS::Checking the sw design at  D:/Zynq/vitis/version_2020/24_01_sd_bmp_hdmi/vitis/system_wrapper/zynq_fsbl/zynq_fsbl_bsp/system.mss
TRACE::2026-05-13.14:56:07::SCWMssOS::DEBUG:  swdes dump  D:/Zynq/vitis/version_2020/24_01_sd_bmp_hdmi/vitis/system_wrapper/ps7_cortexa9_0/standalone_ps7_cortexa9_0/bsp/system.mss|system_0||
D:/Zynq/vitis/version_2020/24_01_sd_bmp_hdmi/vitis/system_wrapper/zynq_fsbl/zynq_fsbl_bsp/system.mss|system||

TRACE::2026-05-13.14:56:07::SCWMssOS::Sw design exists and opened at  D:/Zynq/vitis/version_2020/24_01_sd_bmp_hdmi/vitis/system_wrapper/zynq_fsbl/zynq_fsbl_bsp/system.mss
TRACE::2026-05-13.14:56:07::SCWPlatform::Trying to open the hw design at D:/Zynq/vitis/version_2020/24_01_sd_bmp_hdmi/vitis/system_wrapper/hw/system_wrapper.xsa
TRACE::2026-05-13.14:56:07::SCWPlatform::DSA given D:/Zynq/vitis/version_2020/24_01_sd_bmp_hdmi/vitis/system_wrapper/hw/system_wrapper.xsa
TRACE::2026-05-13.14:56:07::SCWPlatform::DSA absoulate path D:/Zynq/vitis/version_2020/24_01_sd_bmp_hdmi/vitis/system_wrapper/hw/system_wrapper.xsa
TRACE::2026-05-13.14:56:07::SCWPlatform::DSA directory D:/Zynq/vitis/version_2020/24_01_sd_bmp_hdmi/vitis/system_wrapper/hw
TRACE::2026-05-13.14:56:07::SCWPlatform:: Platform Path D:/Zynq/vitis/version_2020/24_01_sd_bmp_hdmi/vitis/system_wrapper/hw/system_wrapper.xsa
TRACE::2026-05-13.14:56:07::SCWPlatform:: Unique name xilinx:::0.0
TRACE::2026-05-13.14:56:07::SCWPlatform::Trying to set the existing hwdb with name system_wrapper_0
TRACE::2026-05-13.14:56:07::SCWPlatform::Opened existing hwdb system_wrapper_0
TRACE::2026-05-13.14:56:07::SCWPlatform::Found the Hw Db part of the input DSA
TRACE::2026-05-13.14:56:07::SCWMssOS::Checking the sw design at  D:/Zynq/vitis/version_2020/24_01_sd_bmp_hdmi/vitis/system_wrapper/zynq_fsbl/zynq_fsbl_bsp/system.mss
TRACE::2026-05-13.14:56:07::SCWMssOS::DEBUG:  swdes dump  D:/Zynq/vitis/version_2020/24_01_sd_bmp_hdmi/vitis/system_wrapper/ps7_cortexa9_0/standalone_ps7_cortexa9_0/bsp/system.mss|system_0||
D:/Zynq/vitis/version_2020/24_01_sd_bmp_hdmi/vitis/system_wrapper/zynq_fsbl/zynq_fsbl_bsp/system.mss|system||

TRACE::2026-05-13.14:56:07::SCWMssOS::Sw design exists and opened at  D:/Zynq/vitis/version_2020/24_01_sd_bmp_hdmi/vitis/system_wrapper/zynq_fsbl/zynq_fsbl_bsp/system.mss
TRACE::2026-05-13.14:56:07::SCWPlatform::Trying to open the hw design at D:/Zynq/vitis/version_2020/24_01_sd_bmp_hdmi/vitis/system_wrapper/hw/system_wrapper.xsa
TRACE::2026-05-13.14:56:07::SCWPlatform::DSA given D:/Zynq/vitis/version_2020/24_01_sd_bmp_hdmi/vitis/system_wrapper/hw/system_wrapper.xsa
TRACE::2026-05-13.14:56:07::SCWPlatform::DSA absoulate path D:/Zynq/vitis/version_2020/24_01_sd_bmp_hdmi/vitis/system_wrapper/hw/system_wrapper.xsa
TRACE::2026-05-13.14:56:07::SCWPlatform::DSA directory D:/Zynq/vitis/version_2020/24_01_sd_bmp_hdmi/vitis/system_wrapper/hw
TRACE::2026-05-13.14:56:07::SCWPlatform:: Platform Path D:/Zynq/vitis/version_2020/24_01_sd_bmp_hdmi/vitis/system_wrapper/hw/system_wrapper.xsa
TRACE::2026-05-13.14:56:07::SCWPlatform:: Unique name xilinx:::0.0
TRACE::2026-05-13.14:56:07::SCWPlatform::Trying to set the existing hwdb with name system_wrapper_0
TRACE::2026-05-13.14:56:07::SCWPlatform::Opened existing hwdb system_wrapper_0
TRACE::2026-05-13.14:56:07::SCWPlatform::Found the Hw Db part of the input DSA
TRACE::2026-05-13.14:56:07::SCWMssOS::Checking the sw design at  D:/Zynq/vitis/version_2020/24_01_sd_bmp_hdmi/vitis/system_wrapper/zynq_fsbl/zynq_fsbl_bsp/system.mss
TRACE::2026-05-13.14:56:07::SCWMssOS::DEBUG:  swdes dump  D:/Zynq/vitis/version_2020/24_01_sd_bmp_hdmi/vitis/system_wrapper/ps7_cortexa9_0/standalone_ps7_cortexa9_0/bsp/system.mss|system_0||
D:/Zynq/vitis/version_2020/24_01_sd_bmp_hdmi/vitis/system_wrapper/zynq_fsbl/zynq_fsbl_bsp/system.mss|system||

TRACE::2026-05-13.14:56:07::SCWMssOS::Sw design exists and opened at  D:/Zynq/vitis/version_2020/24_01_sd_bmp_hdmi/vitis/system_wrapper/zynq_fsbl/zynq_fsbl_bsp/system.mss
TRACE::2026-05-13.14:56:07::SCWPlatform::Trying to open the hw design at D:/Zynq/vitis/version_2020/24_01_sd_bmp_hdmi/vitis/system_wrapper/hw/system_wrapper.xsa
TRACE::2026-05-13.14:56:07::SCWPlatform::DSA given D:/Zynq/vitis/version_2020/24_01_sd_bmp_hdmi/vitis/system_wrapper/hw/system_wrapper.xsa
TRACE::2026-05-13.14:56:07::SCWPlatform::DSA absoulate path D:/Zynq/vitis/version_2020/24_01_sd_bmp_hdmi/vitis/system_wrapper/hw/system_wrapper.xsa
TRACE::2026-05-13.14:56:07::SCWPlatform::DSA directory D:/Zynq/vitis/version_2020/24_01_sd_bmp_hdmi/vitis/system_wrapper/hw
TRACE::2026-05-13.14:56:07::SCWPlatform:: Platform Path D:/Zynq/vitis/version_2020/24_01_sd_bmp_hdmi/vitis/system_wrapper/hw/system_wrapper.xsa
TRACE::2026-05-13.14:56:07::SCWPlatform:: Unique name xilinx:::0.0
TRACE::2026-05-13.14:56:07::SCWPlatform::Trying to set the existing hwdb with name system_wrapper_0
TRACE::2026-05-13.14:56:07::SCWPlatform::Opened existing hwdb system_wrapper_0
TRACE::2026-05-13.14:56:07::SCWPlatform::Found the Hw Db part of the input DSA
TRACE::2026-05-13.14:56:07::SCWMssOS::Checking the sw design at  D:/Zynq/vitis/version_2020/24_01_sd_bmp_hdmi/vitis/system_wrapper/ps7_cortexa9_0/standalone_ps7_cortexa9_0/bsp/system.mss
TRACE::2026-05-13.14:56:07::SCWMssOS::DEBUG:  swdes dump  D:/Zynq/vitis/version_2020/24_01_sd_bmp_hdmi/vitis/system_wrapper/ps7_cortexa9_0/standalone_ps7_cortexa9_0/bsp/system.mss|system_0||
D:/Zynq/vitis/version_2020/24_01_sd_bmp_hdmi/vitis/system_wrapper/zynq_fsbl/zynq_fsbl_bsp/system.mss|system||

TRACE::2026-05-13.14:56:07::SCWMssOS::Sw design exists and opened at  D:/Zynq/vitis/version_2020/24_01_sd_bmp_hdmi/vitis/system_wrapper/ps7_cortexa9_0/standalone_ps7_cortexa9_0/bsp/system.mss
TRACE::2026-05-13.14:56:07::SCWPlatform::Trying to open the hw design at D:/Zynq/vitis/version_2020/24_01_sd_bmp_hdmi/vitis/system_wrapper/hw/system_wrapper.xsa
TRACE::2026-05-13.14:56:07::SCWPlatform::DSA given D:/Zynq/vitis/version_2020/24_01_sd_bmp_hdmi/vitis/system_wrapper/hw/system_wrapper.xsa
TRACE::2026-05-13.14:56:07::SCWPlatform::DSA absoulate path D:/Zynq/vitis/version_2020/24_01_sd_bmp_hdmi/vitis/system_wrapper/hw/system_wrapper.xsa
TRACE::2026-05-13.14:56:07::SCWPlatform::DSA directory D:/Zynq/vitis/version_2020/24_01_sd_bmp_hdmi/vitis/system_wrapper/hw
TRACE::2026-05-13.14:56:07::SCWPlatform:: Platform Path D:/Zynq/vitis/version_2020/24_01_sd_bmp_hdmi/vitis/system_wrapper/hw/system_wrapper.xsa
TRACE::2026-05-13.14:56:07::SCWPlatform:: Unique name xilinx:::0.0
TRACE::2026-05-13.14:56:07::SCWPlatform::Trying to set the existing hwdb with name system_wrapper_0
TRACE::2026-05-13.14:56:07::SCWPlatform::Opened existing hwdb system_wrapper_0
TRACE::2026-05-13.14:56:07::SCWPlatform::Found the Hw Db part of the input DSA
TRACE::2026-05-13.14:56:07::SCWMssOS::Checking the sw design at  D:/Zynq/vitis/version_2020/24_01_sd_bmp_hdmi/vitis/system_wrapper/ps7_cortexa9_0/standalone_ps7_cortexa9_0/bsp/system.mss
TRACE::2026-05-13.14:56:07::SCWMssOS::DEBUG:  swdes dump  D:/Zynq/vitis/version_2020/24_01_sd_bmp_hdmi/vitis/system_wrapper/ps7_cortexa9_0/standalone_ps7_cortexa9_0/bsp/system.mss|system_0||
D:/Zynq/vitis/version_2020/24_01_sd_bmp_hdmi/vitis/system_wrapper/zynq_fsbl/zynq_fsbl_bsp/system.mss|system||

TRACE::2026-05-13.14:56:07::SCWMssOS::Sw design exists and opened at  D:/Zynq/vitis/version_2020/24_01_sd_bmp_hdmi/vitis/system_wrapper/ps7_cortexa9_0/standalone_ps7_cortexa9_0/bsp/system.mss
TRACE::2026-05-13.14:56:07::SCWPlatform::Trying to open the hw design at D:/Zynq/vitis/version_2020/24_01_sd_bmp_hdmi/vitis/system_wrapper/hw/system_wrapper.xsa
TRACE::2026-05-13.14:56:07::SCWPlatform::DSA given D:/Zynq/vitis/version_2020/24_01_sd_bmp_hdmi/vitis/system_wrapper/hw/system_wrapper.xsa
TRACE::2026-05-13.14:56:07::SCWPlatform::DSA absoulate path D:/Zynq/vitis/version_2020/24_01_sd_bmp_hdmi/vitis/system_wrapper/hw/system_wrapper.xsa
TRACE::2026-05-13.14:56:07::SCWPlatform::DSA directory D:/Zynq/vitis/version_2020/24_01_sd_bmp_hdmi/vitis/system_wrapper/hw
TRACE::2026-05-13.14:56:07::SCWPlatform:: Platform Path D:/Zynq/vitis/version_2020/24_01_sd_bmp_hdmi/vitis/system_wrapper/hw/system_wrapper.xsa
TRACE::2026-05-13.14:56:07::SCWPlatform:: Unique name xilinx:::0.0
TRACE::2026-05-13.14:56:07::SCWPlatform::Trying to set the existing hwdb with name system_wrapper_0
TRACE::2026-05-13.14:56:07::SCWPlatform::Opened existing hwdb system_wrapper_0
TRACE::2026-05-13.14:56:07::SCWPlatform::Found the Hw Db part of the input DSA
TRACE::2026-05-13.14:56:07::SCWMssOS::Checking the sw design at  D:/Zynq/vitis/version_2020/24_01_sd_bmp_hdmi/vitis/system_wrapper/ps7_cortexa9_0/standalone_ps7_cortexa9_0/bsp/system.mss
TRACE::2026-05-13.14:56:07::SCWMssOS::DEBUG:  swdes dump  D:/Zynq/vitis/version_2020/24_01_sd_bmp_hdmi/vitis/system_wrapper/ps7_cortexa9_0/standalone_ps7_cortexa9_0/bsp/system.mss|system_0||
D:/Zynq/vitis/version_2020/24_01_sd_bmp_hdmi/vitis/system_wrapper/zynq_fsbl/zynq_fsbl_bsp/system.mss|system||

TRACE::2026-05-13.14:56:07::SCWMssOS::Sw design exists and opened at  D:/Zynq/vitis/version_2020/24_01_sd_bmp_hdmi/vitis/system_wrapper/ps7_cortexa9_0/standalone_ps7_cortexa9_0/bsp/system.mss
TRACE::2026-05-13.14:56:07::SCWWriter::formatted JSON is {
	"platformName":	"system_wrapper",
	"sprVersion":	"2.0",
	"mode":	"gui",
	"dsaType":	"Fixed",
	"platformDesc":	"system_wrapper",
	"platHandOff":	"<platformDir>.xsa",
	"platIntHandOff":	"<platformDir>/hw/system_wrapper.xsa",
	"deviceType":	"zynq",
	"platIsPrebuiltAutogen":	"false",
	"platIsNoBootBsp":	"false",
	"platFsblTarget":	"ps7_cortexa9_0",
	"hasFsblMakeHasChanges":	"false",
	"hasPmufwMakeHasChanges":	"false",
	"fsblExtraCompilerFlags":	"-MMD -MP       -mcpu=cortex-a9 -mfpu=vfpv3 -mfloat-abi=hard ",
	"platPreBuiltFlag":	false,
	"platformSamplesDir":	"",
	"platActiveSys":	"system_wrapper",
	"systems":	[{
			"systemName":	"system_wrapper",
			"systemDesc":	"system_wrapper",
			"sysIsBootAutoGen":	"true",
			"systemDispName":	"system_wrapper",
			"sysActiveDom":	"standalone_ps7_cortexa9_0",
			"sysDefaultDom":	"standalone_ps7_cortexa9_0",
			"domains":	[{
					"domainName":	"zynq_fsbl",
					"domainDispName":	"zynq_fsbl",
					"domainDesc":	"FSBL Application BSP - Auto Generated.",
					"processors":	"ps7_cortexa9_0",
					"os":	"standalone",
					"sdxOs":	"standalone",
					"debugEnable":	"",
					"domRuntimes":	["cpp"],
					"swRepo":	"",
					"mssOsVer":	"7.3",
					"mssFile":	"",
					"md5Digest":	"f064f1502b86aad8e5076f480f530e93",
					"compatibleApp":	"zynq_fsbl",
					"domType":	"bootDomain",
					"arch":	"32-bit",
					"appSettings":	{
						"appCompilerFlags":	"",
						"appLinkerFlags":	""
					},
					"addedLibs":	["xilffs:4.4", "xilrsa:1.6"],
					"libOptions":	{
						"libsContainingOptions":	[]
					},
					"prebuiltLibs":	{
						"prebuiltIncPath":	[],
						"prebuiltLibPath":	[]
					},
					"isolation":	{
					}
				}, {
					"domainName":	"standalone_ps7_cortexa9_0",
					"domainDispName":	"standalone_ps7_cortexa9_0",
					"domainDesc":	"standalone_ps7_cortexa9_0",
					"processors":	"ps7_cortexa9_0",
					"os":	"standalone",
					"sdxOs":	"standalone",
					"qemuArgs":	"C:/Xilinx/Vitis/2020.2/data/emulation/platforms/zynq/sw/a9_standalone/qemu/qemu_args.txt",
					"qemuData":	"C:/Xilinx/Vitis/2020.2/data/emulation/platforms/zynq/sw/a9_standalone/qemu/",
					"debugEnable":	"False",
					"domRuntimes":	["cpp"],
					"swRepo":	"",
					"mssOsVer":	"7.3",
					"mssFile":	"",
					"md5Digest":	"3bf95608236b1a72e39391af23412f9a",
					"compatibleApp":	"hello_world",
					"domType":	"mssDomain",
					"arch":	"32-bit",
					"appSettings":	{
						"appCompilerFlags":	"",
						"appLinkerFlags":	""
					},
					"addedLibs":	[],
					"libOptions":	{
						"libsContainingOptions":	[]
					},
					"prebuiltLibs":	{
						"prebuiltIncPath":	[],
						"prebuiltLibPath":	[]
					},
					"isolation":	{
					}
				}]
		}]
}
KEYINFO::2026-05-13.14:56:07::SCWPlatform::updated the xpfm file.
TRACE::2026-05-13.14:56:07::SCWPlatform::Trying to open the hw design at D:/Zynq/vitis/version_2020/24_01_sd_bmp_hdmi/vitis/system_wrapper/hw/system_wrapper.xsa
TRACE::2026-05-13.14:56:07::SCWPlatform::DSA given D:/Zynq/vitis/version_2020/24_01_sd_bmp_hdmi/vitis/system_wrapper/hw/system_wrapper.xsa
TRACE::2026-05-13.14:56:07::SCWPlatform::DSA absoulate path D:/Zynq/vitis/version_2020/24_01_sd_bmp_hdmi/vitis/system_wrapper/hw/system_wrapper.xsa
TRACE::2026-05-13.14:56:07::SCWPlatform::DSA directory D:/Zynq/vitis/version_2020/24_01_sd_bmp_hdmi/vitis/system_wrapper/hw
TRACE::2026-05-13.14:56:07::SCWPlatform:: Platform Path D:/Zynq/vitis/version_2020/24_01_sd_bmp_hdmi/vitis/system_wrapper/hw/system_wrapper.xsa
TRACE::2026-05-13.14:56:07::SCWPlatform:: Unique name xilinx:::0.0
TRACE::2026-05-13.14:56:07::SCWPlatform::Trying to set the existing hwdb with name system_wrapper_0
TRACE::2026-05-13.14:56:07::SCWPlatform::Opened existing hwdb system_wrapper_0
TRACE::2026-05-13.14:56:07::SCWPlatform::Found the Hw Db part of the input DSA
TRACE::2026-05-13.14:56:07::SCWMssOS::Checking the sw design at  D:/Zynq/vitis/version_2020/24_01_sd_bmp_hdmi/vitis/system_wrapper/ps7_cortexa9_0/standalone_ps7_cortexa9_0/bsp/system.mss
TRACE::2026-05-13.14:56:07::SCWMssOS::DEBUG:  swdes dump  D:/Zynq/vitis/version_2020/24_01_sd_bmp_hdmi/vitis/system_wrapper/ps7_cortexa9_0/standalone_ps7_cortexa9_0/bsp/system.mss|system_0||
D:/Zynq/vitis/version_2020/24_01_sd_bmp_hdmi/vitis/system_wrapper/zynq_fsbl/zynq_fsbl_bsp/system.mss|system||

TRACE::2026-05-13.14:56:07::SCWMssOS::Sw design exists and opened at  D:/Zynq/vitis/version_2020/24_01_sd_bmp_hdmi/vitis/system_wrapper/ps7_cortexa9_0/standalone_ps7_cortexa9_0/bsp/system.mss
TRACE::2026-05-13.14:56:07::SCWMssOS::Saving the mss changes D:/Zynq/vitis/version_2020/24_01_sd_bmp_hdmi/vitis/system_wrapper/zynq_fsbl/zynq_fsbl_bsp/system.mss
TRACE::2026-05-13.14:56:07::SCWMssOS::Found a swdesign opened with the mssfile.
TRACE::2026-05-13.14:56:07::SCWMssOS::Completed writemss as part of save.
TRACE::2026-05-13.14:56:07::SCWMssOS::Commit changes completed.
TRACE::2026-05-13.14:56:07::SCWMssOS::Saving the mss changes D:/Zynq/vitis/version_2020/24_01_sd_bmp_hdmi/vitis/system_wrapper/ps7_cortexa9_0/standalone_ps7_cortexa9_0/bsp/system.mss
TRACE::2026-05-13.14:56:07::SCWMssOS::Found a swdesign opened with the mssfile.
TRACE::2026-05-13.14:56:07::SCWMssOS::Completed writemss as part of save.
TRACE::2026-05-13.14:56:07::SCWMssOS::Commit changes completed.
TRACE::2026-05-13.14:56:07::SCWPlatform::Trying to open the hw design at D:/Zynq/vitis/version_2020/24_01_sd_bmp_hdmi/vitis/system_wrapper/hw/system_wrapper.xsa
TRACE::2026-05-13.14:56:07::SCWPlatform::DSA given D:/Zynq/vitis/version_2020/24_01_sd_bmp_hdmi/vitis/system_wrapper/hw/system_wrapper.xsa
TRACE::2026-05-13.14:56:07::SCWPlatform::DSA absoulate path D:/Zynq/vitis/version_2020/24_01_sd_bmp_hdmi/vitis/system_wrapper/hw/system_wrapper.xsa
TRACE::2026-05-13.14:56:07::SCWPlatform::DSA directory D:/Zynq/vitis/version_2020/24_01_sd_bmp_hdmi/vitis/system_wrapper/hw
TRACE::2026-05-13.14:56:07::SCWPlatform:: Platform Path D:/Zynq/vitis/version_2020/24_01_sd_bmp_hdmi/vitis/system_wrapper/hw/system_wrapper.xsa
TRACE::2026-05-13.14:56:07::SCWPlatform:: Unique name xilinx:::0.0
TRACE::2026-05-13.14:56:07::SCWPlatform::Trying to set the existing hwdb with name system_wrapper_0
TRACE::2026-05-13.14:56:07::SCWPlatform::Opened existing hwdb system_wrapper_0
TRACE::2026-05-13.14:56:07::SCWPlatform::Found the Hw Db part of the input DSA
TRACE::2026-05-13.14:56:07::SCWMssOS::Checking the sw design at  D:/Zynq/vitis/version_2020/24_01_sd_bmp_hdmi/vitis/system_wrapper/zynq_fsbl/zynq_fsbl_bsp/system.mss
TRACE::2026-05-13.14:56:07::SCWMssOS::DEBUG:  swdes dump  D:/Zynq/vitis/version_2020/24_01_sd_bmp_hdmi/vitis/system_wrapper/ps7_cortexa9_0/standalone_ps7_cortexa9_0/bsp/system.mss|system_0||
D:/Zynq/vitis/version_2020/24_01_sd_bmp_hdmi/vitis/system_wrapper/zynq_fsbl/zynq_fsbl_bsp/system.mss|system||

TRACE::2026-05-13.14:56:07::SCWMssOS::Sw design exists and opened at  D:/Zynq/vitis/version_2020/24_01_sd_bmp_hdmi/vitis/system_wrapper/zynq_fsbl/zynq_fsbl_bsp/system.mss
TRACE::2026-05-13.14:56:07::SCWPlatform::Trying to open the hw design at D:/Zynq/vitis/version_2020/24_01_sd_bmp_hdmi/vitis/system_wrapper/hw/system_wrapper.xsa
TRACE::2026-05-13.14:56:07::SCWPlatform::DSA given D:/Zynq/vitis/version_2020/24_01_sd_bmp_hdmi/vitis/system_wrapper/hw/system_wrapper.xsa
TRACE::2026-05-13.14:56:07::SCWPlatform::DSA absoulate path D:/Zynq/vitis/version_2020/24_01_sd_bmp_hdmi/vitis/system_wrapper/hw/system_wrapper.xsa
TRACE::2026-05-13.14:56:07::SCWPlatform::DSA directory D:/Zynq/vitis/version_2020/24_01_sd_bmp_hdmi/vitis/system_wrapper/hw
TRACE::2026-05-13.14:56:07::SCWPlatform:: Platform Path D:/Zynq/vitis/version_2020/24_01_sd_bmp_hdmi/vitis/system_wrapper/hw/system_wrapper.xsa
TRACE::2026-05-13.14:56:07::SCWPlatform:: Unique name xilinx:::0.0
TRACE::2026-05-13.14:56:07::SCWPlatform::Trying to set the existing hwdb with name system_wrapper_0
TRACE::2026-05-13.14:56:07::SCWPlatform::Opened existing hwdb system_wrapper_0
TRACE::2026-05-13.14:56:07::SCWPlatform::Found the Hw Db part of the input DSA
TRACE::2026-05-13.14:56:07::SCWMssOS::Checking the sw design at  D:/Zynq/vitis/version_2020/24_01_sd_bmp_hdmi/vitis/system_wrapper/zynq_fsbl/zynq_fsbl_bsp/system.mss
TRACE::2026-05-13.14:56:07::SCWMssOS::DEBUG:  swdes dump  D:/Zynq/vitis/version_2020/24_01_sd_bmp_hdmi/vitis/system_wrapper/ps7_cortexa9_0/standalone_ps7_cortexa9_0/bsp/system.mss|system_0||
D:/Zynq/vitis/version_2020/24_01_sd_bmp_hdmi/vitis/system_wrapper/zynq_fsbl/zynq_fsbl_bsp/system.mss|system||

TRACE::2026-05-13.14:56:07::SCWMssOS::Sw design exists and opened at  D:/Zynq/vitis/version_2020/24_01_sd_bmp_hdmi/vitis/system_wrapper/zynq_fsbl/zynq_fsbl_bsp/system.mss
TRACE::2026-05-13.14:56:07::SCWPlatform::Trying to open the hw design at D:/Zynq/vitis/version_2020/24_01_sd_bmp_hdmi/vitis/system_wrapper/hw/system_wrapper.xsa
TRACE::2026-05-13.14:56:07::SCWPlatform::DSA given D:/Zynq/vitis/version_2020/24_01_sd_bmp_hdmi/vitis/system_wrapper/hw/system_wrapper.xsa
TRACE::2026-05-13.14:56:07::SCWPlatform::DSA absoulate path D:/Zynq/vitis/version_2020/24_01_sd_bmp_hdmi/vitis/system_wrapper/hw/system_wrapper.xsa
TRACE::2026-05-13.14:56:07::SCWPlatform::DSA directory D:/Zynq/vitis/version_2020/24_01_sd_bmp_hdmi/vitis/system_wrapper/hw
TRACE::2026-05-13.14:56:07::SCWPlatform:: Platform Path D:/Zynq/vitis/version_2020/24_01_sd_bmp_hdmi/vitis/system_wrapper/hw/system_wrapper.xsa
TRACE::2026-05-13.14:56:07::SCWPlatform:: Unique name xilinx:::0.0
TRACE::2026-05-13.14:56:07::SCWPlatform::Trying to set the existing hwdb with name system_wrapper_0
TRACE::2026-05-13.14:56:07::SCWPlatform::Opened existing hwdb system_wrapper_0
TRACE::2026-05-13.14:56:07::SCWPlatform::Found the Hw Db part of the input DSA
TRACE::2026-05-13.14:56:07::SCWMssOS::Checking the sw design at  D:/Zynq/vitis/version_2020/24_01_sd_bmp_hdmi/vitis/system_wrapper/zynq_fsbl/zynq_fsbl_bsp/system.mss
TRACE::2026-05-13.14:56:07::SCWMssOS::DEBUG:  swdes dump  D:/Zynq/vitis/version_2020/24_01_sd_bmp_hdmi/vitis/system_wrapper/ps7_cortexa9_0/standalone_ps7_cortexa9_0/bsp/system.mss|system_0||
D:/Zynq/vitis/version_2020/24_01_sd_bmp_hdmi/vitis/system_wrapper/zynq_fsbl/zynq_fsbl_bsp/system.mss|system||

TRACE::2026-05-13.14:56:07::SCWMssOS::Sw design exists and opened at  D:/Zynq/vitis/version_2020/24_01_sd_bmp_hdmi/vitis/system_wrapper/zynq_fsbl/zynq_fsbl_bsp/system.mss
TRACE::2026-05-13.14:56:07::SCWPlatform::Trying to open the hw design at D:/Zynq/vitis/version_2020/24_01_sd_bmp_hdmi/vitis/system_wrapper/hw/system_wrapper.xsa
TRACE::2026-05-13.14:56:07::SCWPlatform::DSA given D:/Zynq/vitis/version_2020/24_01_sd_bmp_hdmi/vitis/system_wrapper/hw/system_wrapper.xsa
TRACE::2026-05-13.14:56:07::SCWPlatform::DSA absoulate path D:/Zynq/vitis/version_2020/24_01_sd_bmp_hdmi/vitis/system_wrapper/hw/system_wrapper.xsa
TRACE::2026-05-13.14:56:07::SCWPlatform::DSA directory D:/Zynq/vitis/version_2020/24_01_sd_bmp_hdmi/vitis/system_wrapper/hw
TRACE::2026-05-13.14:56:07::SCWPlatform:: Platform Path D:/Zynq/vitis/version_2020/24_01_sd_bmp_hdmi/vitis/system_wrapper/hw/system_wrapper.xsa
TRACE::2026-05-13.14:56:07::SCWPlatform:: Unique name xilinx:::0.0
TRACE::2026-05-13.14:56:07::SCWPlatform::Trying to set the existing hwdb with name system_wrapper_0
TRACE::2026-05-13.14:56:07::SCWPlatform::Opened existing hwdb system_wrapper_0
TRACE::2026-05-13.14:56:07::SCWPlatform::Found the Hw Db part of the input DSA
TRACE::2026-05-13.14:56:07::SCWMssOS::Checking the sw design at  D:/Zynq/vitis/version_2020/24_01_sd_bmp_hdmi/vitis/system_wrapper/ps7_cortexa9_0/standalone_ps7_cortexa9_0/bsp/system.mss
TRACE::2026-05-13.14:56:07::SCWMssOS::DEBUG:  swdes dump  D:/Zynq/vitis/version_2020/24_01_sd_bmp_hdmi/vitis/system_wrapper/ps7_cortexa9_0/standalone_ps7_cortexa9_0/bsp/system.mss|system_0||
D:/Zynq/vitis/version_2020/24_01_sd_bmp_hdmi/vitis/system_wrapper/zynq_fsbl/zynq_fsbl_bsp/system.mss|system||

TRACE::2026-05-13.14:56:07::SCWMssOS::Sw design exists and opened at  D:/Zynq/vitis/version_2020/24_01_sd_bmp_hdmi/vitis/system_wrapper/ps7_cortexa9_0/standalone_ps7_cortexa9_0/bsp/system.mss
TRACE::2026-05-13.14:56:07::SCWPlatform::Trying to open the hw design at D:/Zynq/vitis/version_2020/24_01_sd_bmp_hdmi/vitis/system_wrapper/hw/system_wrapper.xsa
TRACE::2026-05-13.14:56:07::SCWPlatform::DSA given D:/Zynq/vitis/version_2020/24_01_sd_bmp_hdmi/vitis/system_wrapper/hw/system_wrapper.xsa
TRACE::2026-05-13.14:56:07::SCWPlatform::DSA absoulate path D:/Zynq/vitis/version_2020/24_01_sd_bmp_hdmi/vitis/system_wrapper/hw/system_wrapper.xsa
TRACE::2026-05-13.14:56:07::SCWPlatform::DSA directory D:/Zynq/vitis/version_2020/24_01_sd_bmp_hdmi/vitis/system_wrapper/hw
TRACE::2026-05-13.14:56:07::SCWPlatform:: Platform Path D:/Zynq/vitis/version_2020/24_01_sd_bmp_hdmi/vitis/system_wrapper/hw/system_wrapper.xsa
TRACE::2026-05-13.14:56:07::SCWPlatform:: Unique name xilinx:::0.0
TRACE::2026-05-13.14:56:07::SCWPlatform::Trying to set the existing hwdb with name system_wrapper_0
TRACE::2026-05-13.14:56:07::SCWPlatform::Opened existing hwdb system_wrapper_0
TRACE::2026-05-13.14:56:07::SCWPlatform::Found the Hw Db part of the input DSA
TRACE::2026-05-13.14:56:07::SCWMssOS::Checking the sw design at  D:/Zynq/vitis/version_2020/24_01_sd_bmp_hdmi/vitis/system_wrapper/ps7_cortexa9_0/standalone_ps7_cortexa9_0/bsp/system.mss
TRACE::2026-05-13.14:56:07::SCWMssOS::DEBUG:  swdes dump  D:/Zynq/vitis/version_2020/24_01_sd_bmp_hdmi/vitis/system_wrapper/ps7_cortexa9_0/standalone_ps7_cortexa9_0/bsp/system.mss|system_0||
D:/Zynq/vitis/version_2020/24_01_sd_bmp_hdmi/vitis/system_wrapper/zynq_fsbl/zynq_fsbl_bsp/system.mss|system||

TRACE::2026-05-13.14:56:07::SCWMssOS::Sw design exists and opened at  D:/Zynq/vitis/version_2020/24_01_sd_bmp_hdmi/vitis/system_wrapper/ps7_cortexa9_0/standalone_ps7_cortexa9_0/bsp/system.mss
TRACE::2026-05-13.14:56:07::SCWPlatform::Trying to open the hw design at D:/Zynq/vitis/version_2020/24_01_sd_bmp_hdmi/vitis/system_wrapper/hw/system_wrapper.xsa
TRACE::2026-05-13.14:56:07::SCWPlatform::DSA given D:/Zynq/vitis/version_2020/24_01_sd_bmp_hdmi/vitis/system_wrapper/hw/system_wrapper.xsa
TRACE::2026-05-13.14:56:07::SCWPlatform::DSA absoulate path D:/Zynq/vitis/version_2020/24_01_sd_bmp_hdmi/vitis/system_wrapper/hw/system_wrapper.xsa
TRACE::2026-05-13.14:56:07::SCWPlatform::DSA directory D:/Zynq/vitis/version_2020/24_01_sd_bmp_hdmi/vitis/system_wrapper/hw
TRACE::2026-05-13.14:56:07::SCWPlatform:: Platform Path D:/Zynq/vitis/version_2020/24_01_sd_bmp_hdmi/vitis/system_wrapper/hw/system_wrapper.xsa
TRACE::2026-05-13.14:56:07::SCWPlatform:: Unique name xilinx:::0.0
TRACE::2026-05-13.14:56:07::SCWPlatform::Trying to set the existing hwdb with name system_wrapper_0
TRACE::2026-05-13.14:56:07::SCWPlatform::Opened existing hwdb system_wrapper_0
TRACE::2026-05-13.14:56:07::SCWPlatform::Found the Hw Db part of the input DSA
TRACE::2026-05-13.14:56:07::SCWMssOS::Checking the sw design at  D:/Zynq/vitis/version_2020/24_01_sd_bmp_hdmi/vitis/system_wrapper/ps7_cortexa9_0/standalone_ps7_cortexa9_0/bsp/system.mss
TRACE::2026-05-13.14:56:07::SCWMssOS::DEBUG:  swdes dump  D:/Zynq/vitis/version_2020/24_01_sd_bmp_hdmi/vitis/system_wrapper/ps7_cortexa9_0/standalone_ps7_cortexa9_0/bsp/system.mss|system_0||
D:/Zynq/vitis/version_2020/24_01_sd_bmp_hdmi/vitis/system_wrapper/zynq_fsbl/zynq_fsbl_bsp/system.mss|system||

TRACE::2026-05-13.14:56:07::SCWMssOS::Sw design exists and opened at  D:/Zynq/vitis/version_2020/24_01_sd_bmp_hdmi/vitis/system_wrapper/ps7_cortexa9_0/standalone_ps7_cortexa9_0/bsp/system.mss
TRACE::2026-05-13.14:56:07::SCWWriter::formatted JSON is {
	"platformName":	"system_wrapper",
	"sprVersion":	"2.0",
	"mode":	"gui",
	"dsaType":	"Fixed",
	"platformDesc":	"system_wrapper",
	"platHandOff":	"<platformDir>.xsa",
	"platIntHandOff":	"<platformDir>/hw/system_wrapper.xsa",
	"deviceType":	"zynq",
	"platIsPrebuiltAutogen":	"false",
	"platIsNoBootBsp":	"false",
	"platFsblTarget":	"ps7_cortexa9_0",
	"hasFsblMakeHasChanges":	"false",
	"hasPmufwMakeHasChanges":	"false",
	"fsblExtraCompilerFlags":	"-MMD -MP       -mcpu=cortex-a9 -mfpu=vfpv3 -mfloat-abi=hard ",
	"platPreBuiltFlag":	false,
	"platformSamplesDir":	"",
	"platActiveSys":	"system_wrapper",
	"systems":	[{
			"systemName":	"system_wrapper",
			"systemDesc":	"system_wrapper",
			"sysIsBootAutoGen":	"true",
			"systemDispName":	"system_wrapper",
			"sysActiveDom":	"standalone_ps7_cortexa9_0",
			"sysDefaultDom":	"standalone_ps7_cortexa9_0",
			"domains":	[{
					"domainName":	"zynq_fsbl",
					"domainDispName":	"zynq_fsbl",
					"domainDesc":	"FSBL Application BSP - Auto Generated.",
					"processors":	"ps7_cortexa9_0",
					"os":	"standalone",
					"sdxOs":	"standalone",
					"debugEnable":	"",
					"domRuntimes":	["cpp"],
					"swRepo":	"",
					"mssOsVer":	"7.3",
					"mssFile":	"",
					"md5Digest":	"f064f1502b86aad8e5076f480f530e93",
					"compatibleApp":	"zynq_fsbl",
					"domType":	"bootDomain",
					"arch":	"32-bit",
					"appSettings":	{
						"appCompilerFlags":	"",
						"appLinkerFlags":	""
					},
					"addedLibs":	["xilffs:4.4", "xilrsa:1.6"],
					"libOptions":	{
						"libsContainingOptions":	[]
					},
					"prebuiltLibs":	{
						"prebuiltIncPath":	[],
						"prebuiltLibPath":	[]
					},
					"isolation":	{
					}
				}, {
					"domainName":	"standalone_ps7_cortexa9_0",
					"domainDispName":	"standalone_ps7_cortexa9_0",
					"domainDesc":	"standalone_ps7_cortexa9_0",
					"processors":	"ps7_cortexa9_0",
					"os":	"standalone",
					"sdxOs":	"standalone",
					"qemuArgs":	"C:/Xilinx/Vitis/2020.2/data/emulation/platforms/zynq/sw/a9_standalone/qemu/qemu_args.txt",
					"qemuData":	"C:/Xilinx/Vitis/2020.2/data/emulation/platforms/zynq/sw/a9_standalone/qemu/",
					"debugEnable":	"False",
					"domRuntimes":	["cpp"],
					"swRepo":	"",
					"mssOsVer":	"7.3",
					"mssFile":	"",
					"md5Digest":	"3bf95608236b1a72e39391af23412f9a",
					"compatibleApp":	"hello_world",
					"domType":	"mssDomain",
					"arch":	"32-bit",
					"appSettings":	{
						"appCompilerFlags":	"",
						"appLinkerFlags":	""
					},
					"addedLibs":	[],
					"libOptions":	{
						"libsContainingOptions":	[]
					},
					"prebuiltLibs":	{
						"prebuiltIncPath":	[],
						"prebuiltLibPath":	[]
					},
					"isolation":	{
					}
				}]
		}]
}
TRACE::2026-05-13.14:56:07::SCWPlatform::Trying to open the hw design at D:/Zynq/vitis/version_2020/24_01_sd_bmp_hdmi/vitis/system_wrapper/hw/system_wrapper.xsa
TRACE::2026-05-13.14:56:07::SCWPlatform::DSA given D:/Zynq/vitis/version_2020/24_01_sd_bmp_hdmi/vitis/system_wrapper/hw/system_wrapper.xsa
TRACE::2026-05-13.14:56:07::SCWPlatform::DSA absoulate path D:/Zynq/vitis/version_2020/24_01_sd_bmp_hdmi/vitis/system_wrapper/hw/system_wrapper.xsa
TRACE::2026-05-13.14:56:07::SCWPlatform::DSA directory D:/Zynq/vitis/version_2020/24_01_sd_bmp_hdmi/vitis/system_wrapper/hw
TRACE::2026-05-13.14:56:07::SCWPlatform:: Platform Path D:/Zynq/vitis/version_2020/24_01_sd_bmp_hdmi/vitis/system_wrapper/hw/system_wrapper.xsa
TRACE::2026-05-13.14:56:07::SCWPlatform:: Unique name xilinx:::0.0
TRACE::2026-05-13.14:56:07::SCWPlatform::Trying to set the existing hwdb with name system_wrapper_0
TRACE::2026-05-13.14:56:07::SCWPlatform::Opened existing hwdb system_wrapper_0
TRACE::2026-05-13.14:56:07::SCWPlatform::Found the Hw Db part of the input DSA
TRACE::2026-05-13.14:56:07::SCWMssOS::Checking the sw design at  D:/Zynq/vitis/version_2020/24_01_sd_bmp_hdmi/vitis/system_wrapper/ps7_cortexa9_0/standalone_ps7_cortexa9_0/bsp/system.mss
TRACE::2026-05-13.14:56:07::SCWMssOS::DEBUG:  swdes dump  D:/Zynq/vitis/version_2020/24_01_sd_bmp_hdmi/vitis/system_wrapper/ps7_cortexa9_0/standalone_ps7_cortexa9_0/bsp/system.mss|system_0||
D:/Zynq/vitis/version_2020/24_01_sd_bmp_hdmi/vitis/system_wrapper/zynq_fsbl/zynq_fsbl_bsp/system.mss|system||

TRACE::2026-05-13.14:56:07::SCWMssOS::Sw design exists and opened at  D:/Zynq/vitis/version_2020/24_01_sd_bmp_hdmi/vitis/system_wrapper/ps7_cortexa9_0/standalone_ps7_cortexa9_0/bsp/system.mss
TRACE::2026-05-13.14:56:07::SCWPlatform::Trying to open the hw design at D:/Zynq/vitis/version_2020/24_01_sd_bmp_hdmi/vitis/system_wrapper/hw/system_wrapper.xsa
TRACE::2026-05-13.14:56:07::SCWPlatform::DSA given D:/Zynq/vitis/version_2020/24_01_sd_bmp_hdmi/vitis/system_wrapper/hw/system_wrapper.xsa
TRACE::2026-05-13.14:56:07::SCWPlatform::DSA absoulate path D:/Zynq/vitis/version_2020/24_01_sd_bmp_hdmi/vitis/system_wrapper/hw/system_wrapper.xsa
TRACE::2026-05-13.14:56:07::SCWPlatform::DSA directory D:/Zynq/vitis/version_2020/24_01_sd_bmp_hdmi/vitis/system_wrapper/hw
TRACE::2026-05-13.14:56:07::SCWPlatform:: Platform Path D:/Zynq/vitis/version_2020/24_01_sd_bmp_hdmi/vitis/system_wrapper/hw/system_wrapper.xsa
TRACE::2026-05-13.14:56:07::SCWPlatform:: Unique name xilinx:::0.0
TRACE::2026-05-13.14:56:07::SCWPlatform::Trying to set the existing hwdb with name system_wrapper_0
TRACE::2026-05-13.14:56:07::SCWPlatform::Opened existing hwdb system_wrapper_0
TRACE::2026-05-13.14:56:07::SCWPlatform::Found the Hw Db part of the input DSA
TRACE::2026-05-13.14:56:07::SCWMssOS::Checking the sw design at  D:/Zynq/vitis/version_2020/24_01_sd_bmp_hdmi/vitis/system_wrapper/ps7_cortexa9_0/standalone_ps7_cortexa9_0/bsp/system.mss
TRACE::2026-05-13.14:56:07::SCWMssOS::DEBUG:  swdes dump  D:/Zynq/vitis/version_2020/24_01_sd_bmp_hdmi/vitis/system_wrapper/ps7_cortexa9_0/standalone_ps7_cortexa9_0/bsp/system.mss|system_0||
D:/Zynq/vitis/version_2020/24_01_sd_bmp_hdmi/vitis/system_wrapper/zynq_fsbl/zynq_fsbl_bsp/system.mss|system||

TRACE::2026-05-13.14:56:07::SCWMssOS::Sw design exists and opened at  D:/Zynq/vitis/version_2020/24_01_sd_bmp_hdmi/vitis/system_wrapper/ps7_cortexa9_0/standalone_ps7_cortexa9_0/bsp/system.mss
TRACE::2026-05-13.14:56:07::SCWMssOS::Saving the mss changes D:/Zynq/vitis/version_2020/24_01_sd_bmp_hdmi/vitis/system_wrapper/zynq_fsbl/zynq_fsbl_bsp/system.mss
TRACE::2026-05-13.14:56:07::SCWMssOS::Found a swdesign opened with the mssfile.
TRACE::2026-05-13.14:56:07::SCWMssOS::Completed writemss as part of save.
TRACE::2026-05-13.14:56:07::SCWMssOS::Commit changes completed.
TRACE::2026-05-13.14:56:07::SCWMssOS::Saving the mss changes D:/Zynq/vitis/version_2020/24_01_sd_bmp_hdmi/vitis/system_wrapper/ps7_cortexa9_0/standalone_ps7_cortexa9_0/bsp/system.mss
TRACE::2026-05-13.14:56:07::SCWMssOS::Found a swdesign opened with the mssfile.
TRACE::2026-05-13.14:56:07::SCWMssOS::Completed writemss as part of save.
TRACE::2026-05-13.14:56:07::SCWMssOS::Commit changes completed.
TRACE::2026-05-13.14:56:07::SCWPlatform::Trying to open the hw design at D:/Zynq/vitis/version_2020/24_01_sd_bmp_hdmi/vitis/system_wrapper/hw/system_wrapper.xsa
TRACE::2026-05-13.14:56:07::SCWPlatform::DSA given D:/Zynq/vitis/version_2020/24_01_sd_bmp_hdmi/vitis/system_wrapper/hw/system_wrapper.xsa
TRACE::2026-05-13.14:56:07::SCWPlatform::DSA absoulate path D:/Zynq/vitis/version_2020/24_01_sd_bmp_hdmi/vitis/system_wrapper/hw/system_wrapper.xsa
TRACE::2026-05-13.14:56:07::SCWPlatform::DSA directory D:/Zynq/vitis/version_2020/24_01_sd_bmp_hdmi/vitis/system_wrapper/hw
TRACE::2026-05-13.14:56:07::SCWPlatform:: Platform Path D:/Zynq/vitis/version_2020/24_01_sd_bmp_hdmi/vitis/system_wrapper/hw/system_wrapper.xsa
TRACE::2026-05-13.14:56:07::SCWPlatform:: Unique name xilinx:::0.0
TRACE::2026-05-13.14:56:07::SCWPlatform::Trying to set the existing hwdb with name system_wrapper_0
TRACE::2026-05-13.14:56:07::SCWPlatform::Opened existing hwdb system_wrapper_0
TRACE::2026-05-13.14:56:07::SCWPlatform::Found the Hw Db part of the input DSA
TRACE::2026-05-13.14:56:07::SCWMssOS::Checking the sw design at  D:/Zynq/vitis/version_2020/24_01_sd_bmp_hdmi/vitis/system_wrapper/zynq_fsbl/zynq_fsbl_bsp/system.mss
TRACE::2026-05-13.14:56:07::SCWMssOS::DEBUG:  swdes dump  D:/Zynq/vitis/version_2020/24_01_sd_bmp_hdmi/vitis/system_wrapper/ps7_cortexa9_0/standalone_ps7_cortexa9_0/bsp/system.mss|system_0||
D:/Zynq/vitis/version_2020/24_01_sd_bmp_hdmi/vitis/system_wrapper/zynq_fsbl/zynq_fsbl_bsp/system.mss|system||

TRACE::2026-05-13.14:56:07::SCWMssOS::Sw design exists and opened at  D:/Zynq/vitis/version_2020/24_01_sd_bmp_hdmi/vitis/system_wrapper/zynq_fsbl/zynq_fsbl_bsp/system.mss
TRACE::2026-05-13.14:56:07::SCWPlatform::Trying to open the hw design at D:/Zynq/vitis/version_2020/24_01_sd_bmp_hdmi/vitis/system_wrapper/hw/system_wrapper.xsa
TRACE::2026-05-13.14:56:07::SCWPlatform::DSA given D:/Zynq/vitis/version_2020/24_01_sd_bmp_hdmi/vitis/system_wrapper/hw/system_wrapper.xsa
TRACE::2026-05-13.14:56:07::SCWPlatform::DSA absoulate path D:/Zynq/vitis/version_2020/24_01_sd_bmp_hdmi/vitis/system_wrapper/hw/system_wrapper.xsa
TRACE::2026-05-13.14:56:07::SCWPlatform::DSA directory D:/Zynq/vitis/version_2020/24_01_sd_bmp_hdmi/vitis/system_wrapper/hw
TRACE::2026-05-13.14:56:07::SCWPlatform:: Platform Path D:/Zynq/vitis/version_2020/24_01_sd_bmp_hdmi/vitis/system_wrapper/hw/system_wrapper.xsa
TRACE::2026-05-13.14:56:07::SCWPlatform:: Unique name xilinx:::0.0
TRACE::2026-05-13.14:56:07::SCWPlatform::Trying to set the existing hwdb with name system_wrapper_0
TRACE::2026-05-13.14:56:07::SCWPlatform::Opened existing hwdb system_wrapper_0
TRACE::2026-05-13.14:56:07::SCWPlatform::Found the Hw Db part of the input DSA
TRACE::2026-05-13.14:56:07::SCWMssOS::Checking the sw design at  D:/Zynq/vitis/version_2020/24_01_sd_bmp_hdmi/vitis/system_wrapper/zynq_fsbl/zynq_fsbl_bsp/system.mss
TRACE::2026-05-13.14:56:07::SCWMssOS::DEBUG:  swdes dump  D:/Zynq/vitis/version_2020/24_01_sd_bmp_hdmi/vitis/system_wrapper/ps7_cortexa9_0/standalone_ps7_cortexa9_0/bsp/system.mss|system_0||
D:/Zynq/vitis/version_2020/24_01_sd_bmp_hdmi/vitis/system_wrapper/zynq_fsbl/zynq_fsbl_bsp/system.mss|system||

TRACE::2026-05-13.14:56:07::SCWMssOS::Sw design exists and opened at  D:/Zynq/vitis/version_2020/24_01_sd_bmp_hdmi/vitis/system_wrapper/zynq_fsbl/zynq_fsbl_bsp/system.mss
TRACE::2026-05-13.14:56:07::SCWPlatform::Trying to open the hw design at D:/Zynq/vitis/version_2020/24_01_sd_bmp_hdmi/vitis/system_wrapper/hw/system_wrapper.xsa
TRACE::2026-05-13.14:56:07::SCWPlatform::DSA given D:/Zynq/vitis/version_2020/24_01_sd_bmp_hdmi/vitis/system_wrapper/hw/system_wrapper.xsa
TRACE::2026-05-13.14:56:07::SCWPlatform::DSA absoulate path D:/Zynq/vitis/version_2020/24_01_sd_bmp_hdmi/vitis/system_wrapper/hw/system_wrapper.xsa
TRACE::2026-05-13.14:56:07::SCWPlatform::DSA directory D:/Zynq/vitis/version_2020/24_01_sd_bmp_hdmi/vitis/system_wrapper/hw
TRACE::2026-05-13.14:56:07::SCWPlatform:: Platform Path D:/Zynq/vitis/version_2020/24_01_sd_bmp_hdmi/vitis/system_wrapper/hw/system_wrapper.xsa
TRACE::2026-05-13.14:56:07::SCWPlatform:: Unique name xilinx:::0.0
TRACE::2026-05-13.14:56:07::SCWPlatform::Trying to set the existing hwdb with name system_wrapper_0
TRACE::2026-05-13.14:56:07::SCWPlatform::Opened existing hwdb system_wrapper_0
TRACE::2026-05-13.14:56:07::SCWPlatform::Found the Hw Db part of the input DSA
TRACE::2026-05-13.14:56:07::SCWMssOS::Checking the sw design at  D:/Zynq/vitis/version_2020/24_01_sd_bmp_hdmi/vitis/system_wrapper/zynq_fsbl/zynq_fsbl_bsp/system.mss
TRACE::2026-05-13.14:56:07::SCWMssOS::DEBUG:  swdes dump  D:/Zynq/vitis/version_2020/24_01_sd_bmp_hdmi/vitis/system_wrapper/ps7_cortexa9_0/standalone_ps7_cortexa9_0/bsp/system.mss|system_0||
D:/Zynq/vitis/version_2020/24_01_sd_bmp_hdmi/vitis/system_wrapper/zynq_fsbl/zynq_fsbl_bsp/system.mss|system||

TRACE::2026-05-13.14:56:07::SCWMssOS::Sw design exists and opened at  D:/Zynq/vitis/version_2020/24_01_sd_bmp_hdmi/vitis/system_wrapper/zynq_fsbl/zynq_fsbl_bsp/system.mss
TRACE::2026-05-13.14:56:07::SCWPlatform::Trying to open the hw design at D:/Zynq/vitis/version_2020/24_01_sd_bmp_hdmi/vitis/system_wrapper/hw/system_wrapper.xsa
TRACE::2026-05-13.14:56:07::SCWPlatform::DSA given D:/Zynq/vitis/version_2020/24_01_sd_bmp_hdmi/vitis/system_wrapper/hw/system_wrapper.xsa
TRACE::2026-05-13.14:56:07::SCWPlatform::DSA absoulate path D:/Zynq/vitis/version_2020/24_01_sd_bmp_hdmi/vitis/system_wrapper/hw/system_wrapper.xsa
TRACE::2026-05-13.14:56:07::SCWPlatform::DSA directory D:/Zynq/vitis/version_2020/24_01_sd_bmp_hdmi/vitis/system_wrapper/hw
TRACE::2026-05-13.14:56:07::SCWPlatform:: Platform Path D:/Zynq/vitis/version_2020/24_01_sd_bmp_hdmi/vitis/system_wrapper/hw/system_wrapper.xsa
TRACE::2026-05-13.14:56:07::SCWPlatform:: Unique name xilinx:::0.0
TRACE::2026-05-13.14:56:07::SCWPlatform::Trying to set the existing hwdb with name system_wrapper_0
TRACE::2026-05-13.14:56:07::SCWPlatform::Opened existing hwdb system_wrapper_0
TRACE::2026-05-13.14:56:07::SCWPlatform::Found the Hw Db part of the input DSA
TRACE::2026-05-13.14:56:07::SCWMssOS::Checking the sw design at  D:/Zynq/vitis/version_2020/24_01_sd_bmp_hdmi/vitis/system_wrapper/ps7_cortexa9_0/standalone_ps7_cortexa9_0/bsp/system.mss
TRACE::2026-05-13.14:56:07::SCWMssOS::DEBUG:  swdes dump  D:/Zynq/vitis/version_2020/24_01_sd_bmp_hdmi/vitis/system_wrapper/ps7_cortexa9_0/standalone_ps7_cortexa9_0/bsp/system.mss|system_0||
D:/Zynq/vitis/version_2020/24_01_sd_bmp_hdmi/vitis/system_wrapper/zynq_fsbl/zynq_fsbl_bsp/system.mss|system||

TRACE::2026-05-13.14:56:07::SCWMssOS::Sw design exists and opened at  D:/Zynq/vitis/version_2020/24_01_sd_bmp_hdmi/vitis/system_wrapper/ps7_cortexa9_0/standalone_ps7_cortexa9_0/bsp/system.mss
TRACE::2026-05-13.14:56:07::SCWPlatform::Trying to open the hw design at D:/Zynq/vitis/version_2020/24_01_sd_bmp_hdmi/vitis/system_wrapper/hw/system_wrapper.xsa
TRACE::2026-05-13.14:56:07::SCWPlatform::DSA given D:/Zynq/vitis/version_2020/24_01_sd_bmp_hdmi/vitis/system_wrapper/hw/system_wrapper.xsa
TRACE::2026-05-13.14:56:07::SCWPlatform::DSA absoulate path D:/Zynq/vitis/version_2020/24_01_sd_bmp_hdmi/vitis/system_wrapper/hw/system_wrapper.xsa
TRACE::2026-05-13.14:56:07::SCWPlatform::DSA directory D:/Zynq/vitis/version_2020/24_01_sd_bmp_hdmi/vitis/system_wrapper/hw
TRACE::2026-05-13.14:56:07::SCWPlatform:: Platform Path D:/Zynq/vitis/version_2020/24_01_sd_bmp_hdmi/vitis/system_wrapper/hw/system_wrapper.xsa
TRACE::2026-05-13.14:56:07::SCWPlatform:: Unique name xilinx:::0.0
TRACE::2026-05-13.14:56:07::SCWPlatform::Trying to set the existing hwdb with name system_wrapper_0
TRACE::2026-05-13.14:56:07::SCWPlatform::Opened existing hwdb system_wrapper_0
TRACE::2026-05-13.14:56:07::SCWPlatform::Found the Hw Db part of the input DSA
TRACE::2026-05-13.14:56:07::SCWMssOS::Checking the sw design at  D:/Zynq/vitis/version_2020/24_01_sd_bmp_hdmi/vitis/system_wrapper/ps7_cortexa9_0/standalone_ps7_cortexa9_0/bsp/system.mss
TRACE::2026-05-13.14:56:07::SCWMssOS::DEBUG:  swdes dump  D:/Zynq/vitis/version_2020/24_01_sd_bmp_hdmi/vitis/system_wrapper/ps7_cortexa9_0/standalone_ps7_cortexa9_0/bsp/system.mss|system_0||
D:/Zynq/vitis/version_2020/24_01_sd_bmp_hdmi/vitis/system_wrapper/zynq_fsbl/zynq_fsbl_bsp/system.mss|system||

TRACE::2026-05-13.14:56:07::SCWMssOS::Sw design exists and opened at  D:/Zynq/vitis/version_2020/24_01_sd_bmp_hdmi/vitis/system_wrapper/ps7_cortexa9_0/standalone_ps7_cortexa9_0/bsp/system.mss
TRACE::2026-05-13.14:56:07::SCWPlatform::Trying to open the hw design at D:/Zynq/vitis/version_2020/24_01_sd_bmp_hdmi/vitis/system_wrapper/hw/system_wrapper.xsa
TRACE::2026-05-13.14:56:07::SCWPlatform::DSA given D:/Zynq/vitis/version_2020/24_01_sd_bmp_hdmi/vitis/system_wrapper/hw/system_wrapper.xsa
TRACE::2026-05-13.14:56:07::SCWPlatform::DSA absoulate path D:/Zynq/vitis/version_2020/24_01_sd_bmp_hdmi/vitis/system_wrapper/hw/system_wrapper.xsa
TRACE::2026-05-13.14:56:07::SCWPlatform::DSA directory D:/Zynq/vitis/version_2020/24_01_sd_bmp_hdmi/vitis/system_wrapper/hw
TRACE::2026-05-13.14:56:07::SCWPlatform:: Platform Path D:/Zynq/vitis/version_2020/24_01_sd_bmp_hdmi/vitis/system_wrapper/hw/system_wrapper.xsa
TRACE::2026-05-13.14:56:07::SCWPlatform:: Unique name xilinx:::0.0
TRACE::2026-05-13.14:56:07::SCWPlatform::Trying to set the existing hwdb with name system_wrapper_0
TRACE::2026-05-13.14:56:07::SCWPlatform::Opened existing hwdb system_wrapper_0
TRACE::2026-05-13.14:56:07::SCWPlatform::Found the Hw Db part of the input DSA
TRACE::2026-05-13.14:56:07::SCWMssOS::Checking the sw design at  D:/Zynq/vitis/version_2020/24_01_sd_bmp_hdmi/vitis/system_wrapper/ps7_cortexa9_0/standalone_ps7_cortexa9_0/bsp/system.mss
TRACE::2026-05-13.14:56:07::SCWMssOS::DEBUG:  swdes dump  D:/Zynq/vitis/version_2020/24_01_sd_bmp_hdmi/vitis/system_wrapper/ps7_cortexa9_0/standalone_ps7_cortexa9_0/bsp/system.mss|system_0||
D:/Zynq/vitis/version_2020/24_01_sd_bmp_hdmi/vitis/system_wrapper/zynq_fsbl/zynq_fsbl_bsp/system.mss|system||

TRACE::2026-05-13.14:56:07::SCWMssOS::Sw design exists and opened at  D:/Zynq/vitis/version_2020/24_01_sd_bmp_hdmi/vitis/system_wrapper/ps7_cortexa9_0/standalone_ps7_cortexa9_0/bsp/system.mss
TRACE::2026-05-13.14:56:07::SCWWriter::formatted JSON is {
	"platformName":	"system_wrapper",
	"sprVersion":	"2.0",
	"mode":	"gui",
	"dsaType":	"Fixed",
	"platformDesc":	"system_wrapper",
	"platHandOff":	"<platformDir>.xsa",
	"platIntHandOff":	"<platformDir>/hw/system_wrapper.xsa",
	"deviceType":	"zynq",
	"platIsPrebuiltAutogen":	"false",
	"platIsNoBootBsp":	"false",
	"platFsblTarget":	"ps7_cortexa9_0",
	"hasFsblMakeHasChanges":	"false",
	"hasPmufwMakeHasChanges":	"false",
	"fsblExtraCompilerFlags":	"-MMD -MP       -mcpu=cortex-a9 -mfpu=vfpv3 -mfloat-abi=hard ",
	"platPreBuiltFlag":	false,
	"platformSamplesDir":	"",
	"platActiveSys":	"system_wrapper",
	"systems":	[{
			"systemName":	"system_wrapper",
			"systemDesc":	"system_wrapper",
			"sysIsBootAutoGen":	"true",
			"systemDispName":	"system_wrapper",
			"sysActiveDom":	"standalone_ps7_cortexa9_0",
			"sysDefaultDom":	"standalone_ps7_cortexa9_0",
			"domains":	[{
					"domainName":	"zynq_fsbl",
					"domainDispName":	"zynq_fsbl",
					"domainDesc":	"FSBL Application BSP - Auto Generated.",
					"processors":	"ps7_cortexa9_0",
					"os":	"standalone",
					"sdxOs":	"standalone",
					"debugEnable":	"",
					"domRuntimes":	["cpp"],
					"swRepo":	"",
					"mssOsVer":	"7.3",
					"mssFile":	"",
					"md5Digest":	"f064f1502b86aad8e5076f480f530e93",
					"compatibleApp":	"zynq_fsbl",
					"domType":	"bootDomain",
					"arch":	"32-bit",
					"appSettings":	{
						"appCompilerFlags":	"",
						"appLinkerFlags":	""
					},
					"addedLibs":	["xilffs:4.4", "xilrsa:1.6"],
					"libOptions":	{
						"libsContainingOptions":	[]
					},
					"prebuiltLibs":	{
						"prebuiltIncPath":	[],
						"prebuiltLibPath":	[]
					},
					"isolation":	{
					}
				}, {
					"domainName":	"standalone_ps7_cortexa9_0",
					"domainDispName":	"standalone_ps7_cortexa9_0",
					"domainDesc":	"standalone_ps7_cortexa9_0",
					"processors":	"ps7_cortexa9_0",
					"os":	"standalone",
					"sdxOs":	"standalone",
					"qemuArgs":	"C:/Xilinx/Vitis/2020.2/data/emulation/platforms/zynq/sw/a9_standalone/qemu/qemu_args.txt",
					"qemuData":	"C:/Xilinx/Vitis/2020.2/data/emulation/platforms/zynq/sw/a9_standalone/qemu/",
					"debugEnable":	"False",
					"domRuntimes":	["cpp"],
					"swRepo":	"",
					"mssOsVer":	"7.3",
					"mssFile":	"",
					"md5Digest":	"3bf95608236b1a72e39391af23412f9a",
					"compatibleApp":	"hello_world",
					"domType":	"mssDomain",
					"arch":	"32-bit",
					"appSettings":	{
						"appCompilerFlags":	"",
						"appLinkerFlags":	""
					},
					"addedLibs":	[],
					"libOptions":	{
						"libsContainingOptions":	[]
					},
					"prebuiltLibs":	{
						"prebuiltIncPath":	[],
						"prebuiltLibPath":	[]
					},
					"isolation":	{
					}
				}]
		}]
}
LOG::2026-05-13.14:56:07::SCWPlatform::Started generating the artifacts platform system_wrapper
TRACE::2026-05-13.14:56:07::SCWPlatform::Sanity checking of platform is completed
LOG::2026-05-13.14:56:07::SCWPlatform::Started generating the artifacts for system configuration system_wrapper
LOG::2026-05-13.14:56:08::SCWSystem::Started Processing the domain standalone_ps7_cortexa9_0
TRACE::2026-05-13.14:56:08::SCWDomain::Generating domain artifcats
TRACE::2026-05-13.14:56:08::SCWMssOS::Generating standalone artifcats
TRACE::2026-05-13.14:56:08::SCWMssOS::Copying the qemu file from  C:/Xilinx/Vitis/2020.2/data/emulation/platforms/zynq/sw/a9_standalone/qemu/qemu_args.txt To D:/Zynq/vitis/version_2020/24_01_sd_bmp_hdmi/vitis/system_wrapper/export/system_wrapper/sw/system_wrapper/qemu/
TRACE::2026-05-13.14:56:08::SCWMssOS::Copying the qemu file from  C:/Xilinx/Vitis/2020.2/data/emulation/platforms/zynq/sw/a9_standalone/qemu/qemu_args.txt To D:/Zynq/vitis/version_2020/24_01_sd_bmp_hdmi/vitis/system_wrapper/export/system_wrapper/sw/system_wrapper/standalone_ps7_cortexa9_0/qemu/
TRACE::2026-05-13.14:56:08::SCWMssOS:: Copying the user libraries. 
TRACE::2026-05-13.14:56:08::SCWPlatform::Trying to open the hw design at D:/Zynq/vitis/version_2020/24_01_sd_bmp_hdmi/vitis/system_wrapper/hw/system_wrapper.xsa
TRACE::2026-05-13.14:56:08::SCWPlatform::DSA given D:/Zynq/vitis/version_2020/24_01_sd_bmp_hdmi/vitis/system_wrapper/hw/system_wrapper.xsa
TRACE::2026-05-13.14:56:08::SCWPlatform::DSA absoulate path D:/Zynq/vitis/version_2020/24_01_sd_bmp_hdmi/vitis/system_wrapper/hw/system_wrapper.xsa
TRACE::2026-05-13.14:56:08::SCWPlatform::DSA directory D:/Zynq/vitis/version_2020/24_01_sd_bmp_hdmi/vitis/system_wrapper/hw
TRACE::2026-05-13.14:56:08::SCWPlatform:: Platform Path D:/Zynq/vitis/version_2020/24_01_sd_bmp_hdmi/vitis/system_wrapper/hw/system_wrapper.xsa
TRACE::2026-05-13.14:56:08::SCWPlatform:: Unique name xilinx:::0.0
TRACE::2026-05-13.14:56:08::SCWPlatform::Trying to set the existing hwdb with name system_wrapper_0
TRACE::2026-05-13.14:56:08::SCWPlatform::Opened existing hwdb system_wrapper_0
TRACE::2026-05-13.14:56:08::SCWPlatform::Found the Hw Db part of the input DSA
TRACE::2026-05-13.14:56:08::SCWMssOS::Checking the sw design at  D:/Zynq/vitis/version_2020/24_01_sd_bmp_hdmi/vitis/system_wrapper/ps7_cortexa9_0/standalone_ps7_cortexa9_0/bsp/system.mss
TRACE::2026-05-13.14:56:08::SCWMssOS::DEBUG:  swdes dump  D:/Zynq/vitis/version_2020/24_01_sd_bmp_hdmi/vitis/system_wrapper/ps7_cortexa9_0/standalone_ps7_cortexa9_0/bsp/system.mss|system_0||
D:/Zynq/vitis/version_2020/24_01_sd_bmp_hdmi/vitis/system_wrapper/zynq_fsbl/zynq_fsbl_bsp/system.mss|system||

TRACE::2026-05-13.14:56:08::SCWMssOS::Sw design exists and opened at  D:/Zynq/vitis/version_2020/24_01_sd_bmp_hdmi/vitis/system_wrapper/ps7_cortexa9_0/standalone_ps7_cortexa9_0/bsp/system.mss
TRACE::2026-05-13.14:56:08::SCWMssOS::Completed writing the mss file at D:/Zynq/vitis/version_2020/24_01_sd_bmp_hdmi/vitis/system_wrapper/ps7_cortexa9_0/standalone_ps7_cortexa9_0/bsp
TRACE::2026-05-13.14:56:08::SCWMssOS::Mss edits present, copying mssfile into export location D:/Zynq/vitis/version_2020/24_01_sd_bmp_hdmi/vitis/system_wrapper/ps7_cortexa9_0/standalone_ps7_cortexa9_0/bsp/system.mss
TRACE::2026-05-13.14:56:08::SCWMssOS::bsp generated is upto date with the mss file. Skipping bsp generation.
TRACE::2026-05-13.14:56:08::SCWMssOS::BSP is already built. skipping the bsp build ... 
TRACE::2026-05-13.14:56:08::SCWDomain::Building the domain as part of full build :  standalone_ps7_cortexa9_0
TRACE::2026-05-13.14:56:08::SCWMssOS::skipping the bsp build ... 
TRACE::2026-05-13.14:56:08::SCWMssOS::Copying to export directory.
TRACE::2026-05-13.14:56:08::SCWMssOS:: Checking if to create the Supporting Applications
TRACE::2026-05-13.14:56:08::SCWMssOS:: No Linux domain exists, trying to generate FSBL 
TRACE::2026-05-13.14:56:08::SCWMssOS:: Completed Standalone Artifacts creation 
LOG::2026-05-13.14:56:08::SCWSystem::Completed Processing the domain standalone_ps7_cortexa9_0
LOG::2026-05-13.14:56:08::SCWSystem::Completed Processing the sysconfig system_wrapper
LOG::2026-05-13.14:56:08::SCWPlatform::Completed generating the artifacts for system configuration system_wrapper
TRACE::2026-05-13.14:56:08::SCWPlatform::Started preparing the platform 
TRACE::2026-05-13.14:56:08::SCWSystem::Writing the bif file for system config system_wrapper
TRACE::2026-05-13.14:56:08::SCWSystem::dir created 
TRACE::2026-05-13.14:56:08::SCWSystem::Writing the bif 
TRACE::2026-05-13.14:56:08::SCWPlatform::Started writing the spfm file 
TRACE::2026-05-13.14:56:08::SCWPlatform::Started writing the xpfm file 
TRACE::2026-05-13.14:56:08::SCWPlatform::Completed generating the platform
TRACE::2026-05-13.14:56:08::SCWMssOS::Saving the mss changes D:/Zynq/vitis/version_2020/24_01_sd_bmp_hdmi/vitis/system_wrapper/zynq_fsbl/zynq_fsbl_bsp/system.mss
TRACE::2026-05-13.14:56:08::SCWMssOS::Found a swdesign opened with the mssfile.
TRACE::2026-05-13.14:56:08::SCWMssOS::Completed writemss as part of save.
TRACE::2026-05-13.14:56:08::SCWMssOS::Commit changes completed.
TRACE::2026-05-13.14:56:08::SCWMssOS::Saving the mss changes D:/Zynq/vitis/version_2020/24_01_sd_bmp_hdmi/vitis/system_wrapper/ps7_cortexa9_0/standalone_ps7_cortexa9_0/bsp/system.mss
TRACE::2026-05-13.14:56:08::SCWMssOS::Found a swdesign opened with the mssfile.
TRACE::2026-05-13.14:56:08::SCWMssOS::Completed writemss as part of save.
TRACE::2026-05-13.14:56:08::SCWMssOS::Commit changes completed.
TRACE::2026-05-13.14:56:08::SCWPlatform::Trying to open the hw design at D:/Zynq/vitis/version_2020/24_01_sd_bmp_hdmi/vitis/system_wrapper/hw/system_wrapper.xsa
TRACE::2026-05-13.14:56:08::SCWPlatform::DSA given D:/Zynq/vitis/version_2020/24_01_sd_bmp_hdmi/vitis/system_wrapper/hw/system_wrapper.xsa
TRACE::2026-05-13.14:56:08::SCWPlatform::DSA absoulate path D:/Zynq/vitis/version_2020/24_01_sd_bmp_hdmi/vitis/system_wrapper/hw/system_wrapper.xsa
TRACE::2026-05-13.14:56:08::SCWPlatform::DSA directory D:/Zynq/vitis/version_2020/24_01_sd_bmp_hdmi/vitis/system_wrapper/hw
TRACE::2026-05-13.14:56:08::SCWPlatform:: Platform Path D:/Zynq/vitis/version_2020/24_01_sd_bmp_hdmi/vitis/system_wrapper/hw/system_wrapper.xsa
TRACE::2026-05-13.14:56:08::SCWPlatform:: Unique name xilinx:::0.0
TRACE::2026-05-13.14:56:08::SCWPlatform::Trying to set the existing hwdb with name system_wrapper_0
TRACE::2026-05-13.14:56:08::SCWPlatform::Opened existing hwdb system_wrapper_0
TRACE::2026-05-13.14:56:08::SCWPlatform::Found the Hw Db part of the input DSA
TRACE::2026-05-13.14:56:08::SCWMssOS::Checking the sw design at  D:/Zynq/vitis/version_2020/24_01_sd_bmp_hdmi/vitis/system_wrapper/zynq_fsbl/zynq_fsbl_bsp/system.mss
TRACE::2026-05-13.14:56:08::SCWMssOS::DEBUG:  swdes dump  D:/Zynq/vitis/version_2020/24_01_sd_bmp_hdmi/vitis/system_wrapper/ps7_cortexa9_0/standalone_ps7_cortexa9_0/bsp/system.mss|system_0||
D:/Zynq/vitis/version_2020/24_01_sd_bmp_hdmi/vitis/system_wrapper/zynq_fsbl/zynq_fsbl_bsp/system.mss|system||

TRACE::2026-05-13.14:56:08::SCWMssOS::Sw design exists and opened at  D:/Zynq/vitis/version_2020/24_01_sd_bmp_hdmi/vitis/system_wrapper/zynq_fsbl/zynq_fsbl_bsp/system.mss
TRACE::2026-05-13.14:56:08::SCWPlatform::Trying to open the hw design at D:/Zynq/vitis/version_2020/24_01_sd_bmp_hdmi/vitis/system_wrapper/hw/system_wrapper.xsa
TRACE::2026-05-13.14:56:08::SCWPlatform::DSA given D:/Zynq/vitis/version_2020/24_01_sd_bmp_hdmi/vitis/system_wrapper/hw/system_wrapper.xsa
TRACE::2026-05-13.14:56:08::SCWPlatform::DSA absoulate path D:/Zynq/vitis/version_2020/24_01_sd_bmp_hdmi/vitis/system_wrapper/hw/system_wrapper.xsa
TRACE::2026-05-13.14:56:08::SCWPlatform::DSA directory D:/Zynq/vitis/version_2020/24_01_sd_bmp_hdmi/vitis/system_wrapper/hw
TRACE::2026-05-13.14:56:08::SCWPlatform:: Platform Path D:/Zynq/vitis/version_2020/24_01_sd_bmp_hdmi/vitis/system_wrapper/hw/system_wrapper.xsa
TRACE::2026-05-13.14:56:08::SCWPlatform:: Unique name xilinx:::0.0
TRACE::2026-05-13.14:56:08::SCWPlatform::Trying to set the existing hwdb with name system_wrapper_0
TRACE::2026-05-13.14:56:08::SCWPlatform::Opened existing hwdb system_wrapper_0
TRACE::2026-05-13.14:56:08::SCWPlatform::Found the Hw Db part of the input DSA
TRACE::2026-05-13.14:56:08::SCWMssOS::Checking the sw design at  D:/Zynq/vitis/version_2020/24_01_sd_bmp_hdmi/vitis/system_wrapper/zynq_fsbl/zynq_fsbl_bsp/system.mss
TRACE::2026-05-13.14:56:08::SCWMssOS::DEBUG:  swdes dump  D:/Zynq/vitis/version_2020/24_01_sd_bmp_hdmi/vitis/system_wrapper/ps7_cortexa9_0/standalone_ps7_cortexa9_0/bsp/system.mss|system_0||
D:/Zynq/vitis/version_2020/24_01_sd_bmp_hdmi/vitis/system_wrapper/zynq_fsbl/zynq_fsbl_bsp/system.mss|system||

TRACE::2026-05-13.14:56:08::SCWMssOS::Sw design exists and opened at  D:/Zynq/vitis/version_2020/24_01_sd_bmp_hdmi/vitis/system_wrapper/zynq_fsbl/zynq_fsbl_bsp/system.mss
TRACE::2026-05-13.14:56:08::SCWPlatform::Trying to open the hw design at D:/Zynq/vitis/version_2020/24_01_sd_bmp_hdmi/vitis/system_wrapper/hw/system_wrapper.xsa
TRACE::2026-05-13.14:56:08::SCWPlatform::DSA given D:/Zynq/vitis/version_2020/24_01_sd_bmp_hdmi/vitis/system_wrapper/hw/system_wrapper.xsa
TRACE::2026-05-13.14:56:08::SCWPlatform::DSA absoulate path D:/Zynq/vitis/version_2020/24_01_sd_bmp_hdmi/vitis/system_wrapper/hw/system_wrapper.xsa
TRACE::2026-05-13.14:56:08::SCWPlatform::DSA directory D:/Zynq/vitis/version_2020/24_01_sd_bmp_hdmi/vitis/system_wrapper/hw
TRACE::2026-05-13.14:56:08::SCWPlatform:: Platform Path D:/Zynq/vitis/version_2020/24_01_sd_bmp_hdmi/vitis/system_wrapper/hw/system_wrapper.xsa
TRACE::2026-05-13.14:56:08::SCWPlatform:: Unique name xilinx:::0.0
TRACE::2026-05-13.14:56:08::SCWPlatform::Trying to set the existing hwdb with name system_wrapper_0
TRACE::2026-05-13.14:56:08::SCWPlatform::Opened existing hwdb system_wrapper_0
TRACE::2026-05-13.14:56:08::SCWPlatform::Found the Hw Db part of the input DSA
TRACE::2026-05-13.14:56:08::SCWMssOS::Checking the sw design at  D:/Zynq/vitis/version_2020/24_01_sd_bmp_hdmi/vitis/system_wrapper/zynq_fsbl/zynq_fsbl_bsp/system.mss
TRACE::2026-05-13.14:56:08::SCWMssOS::DEBUG:  swdes dump  D:/Zynq/vitis/version_2020/24_01_sd_bmp_hdmi/vitis/system_wrapper/ps7_cortexa9_0/standalone_ps7_cortexa9_0/bsp/system.mss|system_0||
D:/Zynq/vitis/version_2020/24_01_sd_bmp_hdmi/vitis/system_wrapper/zynq_fsbl/zynq_fsbl_bsp/system.mss|system||

TRACE::2026-05-13.14:56:08::SCWMssOS::Sw design exists and opened at  D:/Zynq/vitis/version_2020/24_01_sd_bmp_hdmi/vitis/system_wrapper/zynq_fsbl/zynq_fsbl_bsp/system.mss
TRACE::2026-05-13.14:56:08::SCWPlatform::Trying to open the hw design at D:/Zynq/vitis/version_2020/24_01_sd_bmp_hdmi/vitis/system_wrapper/hw/system_wrapper.xsa
TRACE::2026-05-13.14:56:08::SCWPlatform::DSA given D:/Zynq/vitis/version_2020/24_01_sd_bmp_hdmi/vitis/system_wrapper/hw/system_wrapper.xsa
TRACE::2026-05-13.14:56:08::SCWPlatform::DSA absoulate path D:/Zynq/vitis/version_2020/24_01_sd_bmp_hdmi/vitis/system_wrapper/hw/system_wrapper.xsa
TRACE::2026-05-13.14:56:08::SCWPlatform::DSA directory D:/Zynq/vitis/version_2020/24_01_sd_bmp_hdmi/vitis/system_wrapper/hw
TRACE::2026-05-13.14:56:08::SCWPlatform:: Platform Path D:/Zynq/vitis/version_2020/24_01_sd_bmp_hdmi/vitis/system_wrapper/hw/system_wrapper.xsa
TRACE::2026-05-13.14:56:08::SCWPlatform:: Unique name xilinx:::0.0
TRACE::2026-05-13.14:56:08::SCWPlatform::Trying to set the existing hwdb with name system_wrapper_0
TRACE::2026-05-13.14:56:08::SCWPlatform::Opened existing hwdb system_wrapper_0
TRACE::2026-05-13.14:56:08::SCWPlatform::Found the Hw Db part of the input DSA
TRACE::2026-05-13.14:56:08::SCWMssOS::Checking the sw design at  D:/Zynq/vitis/version_2020/24_01_sd_bmp_hdmi/vitis/system_wrapper/ps7_cortexa9_0/standalone_ps7_cortexa9_0/bsp/system.mss
TRACE::2026-05-13.14:56:08::SCWMssOS::DEBUG:  swdes dump  D:/Zynq/vitis/version_2020/24_01_sd_bmp_hdmi/vitis/system_wrapper/ps7_cortexa9_0/standalone_ps7_cortexa9_0/bsp/system.mss|system_0||
D:/Zynq/vitis/version_2020/24_01_sd_bmp_hdmi/vitis/system_wrapper/zynq_fsbl/zynq_fsbl_bsp/system.mss|system||

TRACE::2026-05-13.14:56:08::SCWMssOS::Sw design exists and opened at  D:/Zynq/vitis/version_2020/24_01_sd_bmp_hdmi/vitis/system_wrapper/ps7_cortexa9_0/standalone_ps7_cortexa9_0/bsp/system.mss
TRACE::2026-05-13.14:56:08::SCWPlatform::Trying to open the hw design at D:/Zynq/vitis/version_2020/24_01_sd_bmp_hdmi/vitis/system_wrapper/hw/system_wrapper.xsa
TRACE::2026-05-13.14:56:08::SCWPlatform::DSA given D:/Zynq/vitis/version_2020/24_01_sd_bmp_hdmi/vitis/system_wrapper/hw/system_wrapper.xsa
TRACE::2026-05-13.14:56:08::SCWPlatform::DSA absoulate path D:/Zynq/vitis/version_2020/24_01_sd_bmp_hdmi/vitis/system_wrapper/hw/system_wrapper.xsa
TRACE::2026-05-13.14:56:08::SCWPlatform::DSA directory D:/Zynq/vitis/version_2020/24_01_sd_bmp_hdmi/vitis/system_wrapper/hw
TRACE::2026-05-13.14:56:08::SCWPlatform:: Platform Path D:/Zynq/vitis/version_2020/24_01_sd_bmp_hdmi/vitis/system_wrapper/hw/system_wrapper.xsa
TRACE::2026-05-13.14:56:08::SCWPlatform:: Unique name xilinx:::0.0
TRACE::2026-05-13.14:56:08::SCWPlatform::Trying to set the existing hwdb with name system_wrapper_0
TRACE::2026-05-13.14:56:08::SCWPlatform::Opened existing hwdb system_wrapper_0
TRACE::2026-05-13.14:56:08::SCWPlatform::Found the Hw Db part of the input DSA
TRACE::2026-05-13.14:56:08::SCWMssOS::Checking the sw design at  D:/Zynq/vitis/version_2020/24_01_sd_bmp_hdmi/vitis/system_wrapper/ps7_cortexa9_0/standalone_ps7_cortexa9_0/bsp/system.mss
TRACE::2026-05-13.14:56:08::SCWMssOS::DEBUG:  swdes dump  D:/Zynq/vitis/version_2020/24_01_sd_bmp_hdmi/vitis/system_wrapper/ps7_cortexa9_0/standalone_ps7_cortexa9_0/bsp/system.mss|system_0||
D:/Zynq/vitis/version_2020/24_01_sd_bmp_hdmi/vitis/system_wrapper/zynq_fsbl/zynq_fsbl_bsp/system.mss|system||

TRACE::2026-05-13.14:56:08::SCWMssOS::Sw design exists and opened at  D:/Zynq/vitis/version_2020/24_01_sd_bmp_hdmi/vitis/system_wrapper/ps7_cortexa9_0/standalone_ps7_cortexa9_0/bsp/system.mss
TRACE::2026-05-13.14:56:08::SCWPlatform::Trying to open the hw design at D:/Zynq/vitis/version_2020/24_01_sd_bmp_hdmi/vitis/system_wrapper/hw/system_wrapper.xsa
TRACE::2026-05-13.14:56:08::SCWPlatform::DSA given D:/Zynq/vitis/version_2020/24_01_sd_bmp_hdmi/vitis/system_wrapper/hw/system_wrapper.xsa
TRACE::2026-05-13.14:56:08::SCWPlatform::DSA absoulate path D:/Zynq/vitis/version_2020/24_01_sd_bmp_hdmi/vitis/system_wrapper/hw/system_wrapper.xsa
TRACE::2026-05-13.14:56:08::SCWPlatform::DSA directory D:/Zynq/vitis/version_2020/24_01_sd_bmp_hdmi/vitis/system_wrapper/hw
TRACE::2026-05-13.14:56:08::SCWPlatform:: Platform Path D:/Zynq/vitis/version_2020/24_01_sd_bmp_hdmi/vitis/system_wrapper/hw/system_wrapper.xsa
TRACE::2026-05-13.14:56:08::SCWPlatform:: Unique name xilinx:::0.0
TRACE::2026-05-13.14:56:08::SCWPlatform::Trying to set the existing hwdb with name system_wrapper_0
TRACE::2026-05-13.14:56:08::SCWPlatform::Opened existing hwdb system_wrapper_0
TRACE::2026-05-13.14:56:08::SCWPlatform::Found the Hw Db part of the input DSA
TRACE::2026-05-13.14:56:08::SCWMssOS::Checking the sw design at  D:/Zynq/vitis/version_2020/24_01_sd_bmp_hdmi/vitis/system_wrapper/ps7_cortexa9_0/standalone_ps7_cortexa9_0/bsp/system.mss
TRACE::2026-05-13.14:56:08::SCWMssOS::DEBUG:  swdes dump  D:/Zynq/vitis/version_2020/24_01_sd_bmp_hdmi/vitis/system_wrapper/ps7_cortexa9_0/standalone_ps7_cortexa9_0/bsp/system.mss|system_0||
D:/Zynq/vitis/version_2020/24_01_sd_bmp_hdmi/vitis/system_wrapper/zynq_fsbl/zynq_fsbl_bsp/system.mss|system||

TRACE::2026-05-13.14:56:08::SCWMssOS::Sw design exists and opened at  D:/Zynq/vitis/version_2020/24_01_sd_bmp_hdmi/vitis/system_wrapper/ps7_cortexa9_0/standalone_ps7_cortexa9_0/bsp/system.mss
TRACE::2026-05-13.14:56:08::SCWWriter::formatted JSON is {
	"platformName":	"system_wrapper",
	"sprVersion":	"2.0",
	"mode":	"gui",
	"dsaType":	"Fixed",
	"platformDesc":	"system_wrapper",
	"platHandOff":	"<platformDir>.xsa",
	"platIntHandOff":	"<platformDir>/hw/system_wrapper.xsa",
	"deviceType":	"zynq",
	"platIsPrebuiltAutogen":	"false",
	"platIsNoBootBsp":	"false",
	"platFsblTarget":	"ps7_cortexa9_0",
	"hasFsblMakeHasChanges":	"false",
	"hasPmufwMakeHasChanges":	"false",
	"fsblExtraCompilerFlags":	"-MMD -MP       -mcpu=cortex-a9 -mfpu=vfpv3 -mfloat-abi=hard ",
	"platPreBuiltFlag":	false,
	"platformSamplesDir":	"",
	"platActiveSys":	"system_wrapper",
	"systems":	[{
			"systemName":	"system_wrapper",
			"systemDesc":	"system_wrapper",
			"sysIsBootAutoGen":	"true",
			"systemDispName":	"system_wrapper",
			"sysActiveDom":	"standalone_ps7_cortexa9_0",
			"sysDefaultDom":	"standalone_ps7_cortexa9_0",
			"domains":	[{
					"domainName":	"zynq_fsbl",
					"domainDispName":	"zynq_fsbl",
					"domainDesc":	"FSBL Application BSP - Auto Generated.",
					"processors":	"ps7_cortexa9_0",
					"os":	"standalone",
					"sdxOs":	"standalone",
					"debugEnable":	"",
					"domRuntimes":	["cpp"],
					"swRepo":	"",
					"mssOsVer":	"7.3",
					"mssFile":	"",
					"md5Digest":	"f064f1502b86aad8e5076f480f530e93",
					"compatibleApp":	"zynq_fsbl",
					"domType":	"bootDomain",
					"arch":	"32-bit",
					"appSettings":	{
						"appCompilerFlags":	"",
						"appLinkerFlags":	""
					},
					"addedLibs":	["xilffs:4.4", "xilrsa:1.6"],
					"libOptions":	{
						"libsContainingOptions":	[]
					},
					"prebuiltLibs":	{
						"prebuiltIncPath":	[],
						"prebuiltLibPath":	[]
					},
					"isolation":	{
					}
				}, {
					"domainName":	"standalone_ps7_cortexa9_0",
					"domainDispName":	"standalone_ps7_cortexa9_0",
					"domainDesc":	"standalone_ps7_cortexa9_0",
					"processors":	"ps7_cortexa9_0",
					"os":	"standalone",
					"sdxOs":	"standalone",
					"qemuArgs":	"C:/Xilinx/Vitis/2020.2/data/emulation/platforms/zynq/sw/a9_standalone/qemu/qemu_args.txt",
					"qemuData":	"C:/Xilinx/Vitis/2020.2/data/emulation/platforms/zynq/sw/a9_standalone/qemu/",
					"debugEnable":	"False",
					"domRuntimes":	["cpp"],
					"swRepo":	"",
					"mssOsVer":	"7.3",
					"mssFile":	"",
					"md5Digest":	"3bf95608236b1a72e39391af23412f9a",
					"compatibleApp":	"hello_world",
					"domType":	"mssDomain",
					"arch":	"32-bit",
					"appSettings":	{
						"appCompilerFlags":	"",
						"appLinkerFlags":	""
					},
					"addedLibs":	[],
					"libOptions":	{
						"libsContainingOptions":	[]
					},
					"prebuiltLibs":	{
						"prebuiltIncPath":	[],
						"prebuiltLibPath":	[]
					},
					"isolation":	{
					}
				}]
		}]
}
KEYINFO::2026-05-13.14:56:08::SCWPlatform::updated the xpfm file.
LOG::2026-05-13.15:00:33::SCWPlatform::Started generating the artifacts platform system_wrapper
TRACE::2026-05-13.15:00:33::SCWPlatform::Sanity checking of platform is completed
LOG::2026-05-13.15:00:33::SCWPlatform::Started generating the artifacts for system configuration system_wrapper
LOG::2026-05-13.15:00:33::SCWSystem::Checking the domain zynq_fsbl
LOG::2026-05-13.15:00:33::SCWSystem::Doing application build for :  zynq_fsbl
TRACE::2026-05-13.15:00:33::SCWBDomain::Not a forced makefile updation, No changes are present. 
TRACE::2026-05-13.15:00:33::SCWDomain::Building the domain as part of full build :  zynq_fsbl
TRACE::2026-05-13.15:00:33::SCWPlatform::Trying to open the hw design at D:/Zynq/vitis/version_2020/24_01_sd_bmp_hdmi/vitis/system_wrapper/hw/system_wrapper.xsa
TRACE::2026-05-13.15:00:33::SCWPlatform::DSA given D:/Zynq/vitis/version_2020/24_01_sd_bmp_hdmi/vitis/system_wrapper/hw/system_wrapper.xsa
TRACE::2026-05-13.15:00:33::SCWPlatform::DSA absoulate path D:/Zynq/vitis/version_2020/24_01_sd_bmp_hdmi/vitis/system_wrapper/hw/system_wrapper.xsa
TRACE::2026-05-13.15:00:33::SCWPlatform::DSA directory D:/Zynq/vitis/version_2020/24_01_sd_bmp_hdmi/vitis/system_wrapper/hw
TRACE::2026-05-13.15:00:33::SCWPlatform:: Platform Path D:/Zynq/vitis/version_2020/24_01_sd_bmp_hdmi/vitis/system_wrapper/hw/system_wrapper.xsa
TRACE::2026-05-13.15:00:33::SCWPlatform:: Unique name xilinx:::0.0
TRACE::2026-05-13.15:00:33::SCWPlatform::Trying to set the existing hwdb with name system_wrapper_0
TRACE::2026-05-13.15:00:33::SCWPlatform::Opened existing hwdb system_wrapper_0
TRACE::2026-05-13.15:00:33::SCWPlatform::Found the Hw Db part of the input DSA
TRACE::2026-05-13.15:00:33::SCWMssOS::Checking the sw design at  D:/Zynq/vitis/version_2020/24_01_sd_bmp_hdmi/vitis/system_wrapper/zynq_fsbl/zynq_fsbl_bsp/system.mss
TRACE::2026-05-13.15:00:33::SCWMssOS::DEBUG:  swdes dump  D:/Zynq/vitis/version_2020/24_01_sd_bmp_hdmi/vitis/system_wrapper/ps7_cortexa9_0/standalone_ps7_cortexa9_0/bsp/system.mss|system_0||
D:/Zynq/vitis/version_2020/24_01_sd_bmp_hdmi/vitis/system_wrapper/zynq_fsbl/zynq_fsbl_bsp/system.mss|system||

TRACE::2026-05-13.15:00:33::SCWMssOS::Sw design exists and opened at  D:/Zynq/vitis/version_2020/24_01_sd_bmp_hdmi/vitis/system_wrapper/zynq_fsbl/zynq_fsbl_bsp/system.mss
TRACE::2026-05-13.15:00:33::SCWBDomain::Completed writing the mss file at D:/Zynq/vitis/version_2020/24_01_sd_bmp_hdmi/vitis/system_wrapper/zynq_fsbl/zynq_fsbl_bsp
TRACE::2026-05-13.15:00:33::SCWBDomain::bsp generated is upto date with the mss file. Skipping bsp generation.
TRACE::2026-05-13.15:00:33::SCWBDomain::Not a forced makefile updation, No changes are present. 
TRACE::2026-05-13.15:00:33::SCWBDomain::System Command Ran  D:&  cd  D:/Zynq/vitis/version_2020/24_01_sd_bmp_hdmi/vitis/system_wrapper/zynq_fsbl& make -C  zynq_fsbl_bsp & make 
TRACE::2026-05-13.15:00:33::SCWBDomain::make: Entering directory 'D:/Zynq/vitis/version_2020/24_01_sd_bmp_hdmi/vitis/system_wrapper/zynq_fsbl/zynq_fsbl_bsp'

TRACE::2026-05-13.15:00:33::SCWBDomain::make --no-print-directory seq_libs

TRACE::2026-05-13.15:00:33::SCWBDomain::"Running Make include in ps7_cortexa9_0/libsrc/axivdma_v6_8/src"

TRACE::2026-05-13.15:00:33::SCWBDomain::make -C ps7_cortexa9_0/libsrc/axivdma_v6_8/src -s include  "SHELL=CMD" "COMPILER=arm-none-eabi-gcc" "ASSEMBLER=arm-none-eabi-as
TRACE::2026-05-13.15:00:33::SCWBDomain::" "ARCHIVER=arm-none-eabi-ar" "COMPILER_FLAGS=  -O2 -c" "EXTRA_COMPILER_FLAGS=-mcpu=cortex-a9 -mfpu=vfpv3 -mfloat-abi=hard -nos
TRACE::2026-05-13.15:00:33::SCWBDomain::tartfiles -g -Wall -Wextra"

TRACE::2026-05-13.15:00:34::SCWBDomain::"Running Make include in ps7_cortexa9_0/libsrc/coresightps_dcc_v1_8/src"

TRACE::2026-05-13.15:00:34::SCWBDomain::make -C ps7_cortexa9_0/libsrc/coresightps_dcc_v1_8/src -s include  "SHELL=CMD" "COMPILER=arm-none-eabi-gcc" "ASSEMBLER=arm-none
TRACE::2026-05-13.15:00:34::SCWBDomain::-eabi-as" "ARCHIVER=arm-none-eabi-ar" "COMPILER_FLAGS=  -O2 -c" "EXTRA_COMPILER_FLAGS=-mcpu=cortex-a9 -mfpu=vfpv3 -mfloat-abi=h
TRACE::2026-05-13.15:00:34::SCWBDomain::ard -nostartfiles -g -Wall -Wextra"

TRACE::2026-05-13.15:00:34::SCWBDomain::"Running Make include in ps7_cortexa9_0/libsrc/cpu_cortexa9_v2_10/src"

TRACE::2026-05-13.15:00:34::SCWBDomain::make -C ps7_cortexa9_0/libsrc/cpu_cortexa9_v2_10/src -s include  "SHELL=CMD" "COMPILER=arm-none-eabi-gcc" "ASSEMBLER=arm-none-e
TRACE::2026-05-13.15:00:34::SCWBDomain::abi-as" "ARCHIVER=arm-none-eabi-ar" "COMPILER_FLAGS=  -O2 -c" "EXTRA_COMPILER_FLAGS=-mcpu=cortex-a9 -mfpu=vfpv3 -mfloat-abi=har
TRACE::2026-05-13.15:00:34::SCWBDomain::d -nostartfiles -g -Wall -Wextra"

TRACE::2026-05-13.15:00:34::SCWBDomain::"Running Make include in ps7_cortexa9_0/libsrc/ddrps_v1_2/src"

TRACE::2026-05-13.15:00:34::SCWBDomain::make -C ps7_cortexa9_0/libsrc/ddrps_v1_2/src -s include  "SHELL=CMD" "COMPILER=arm-none-eabi-gcc" "ASSEMBLER=arm-none-eabi-as" 
TRACE::2026-05-13.15:00:34::SCWBDomain::"ARCHIVER=arm-none-eabi-ar" "COMPILER_FLAGS=  -O2 -c" "EXTRA_COMPILER_FLAGS=-mcpu=cortex-a9 -mfpu=vfpv3 -mfloat-abi=hard -nosta
TRACE::2026-05-13.15:00:34::SCWBDomain::rtfiles -g -Wall -Wextra"

TRACE::2026-05-13.15:00:35::SCWBDomain::"Running Make include in ps7_cortexa9_0/libsrc/devcfg_v3_7/src"

TRACE::2026-05-13.15:00:35::SCWBDomain::make -C ps7_cortexa9_0/libsrc/devcfg_v3_7/src -s include  "SHELL=CMD" "COMPILER=arm-none-eabi-gcc" "ASSEMBLER=arm-none-eabi-as"
TRACE::2026-05-13.15:00:35::SCWBDomain:: "ARCHIVER=arm-none-eabi-ar" "COMPILER_FLAGS=  -O2 -c" "EXTRA_COMPILER_FLAGS=-mcpu=cortex-a9 -mfpu=vfpv3 -mfloat-abi=hard -nost
TRACE::2026-05-13.15:00:35::SCWBDomain::artfiles -g -Wall -Wextra"

TRACE::2026-05-13.15:00:35::SCWBDomain::"Running Make include in ps7_cortexa9_0/libsrc/dmaps_v2_7/src"

TRACE::2026-05-13.15:00:35::SCWBDomain::make -C ps7_cortexa9_0/libsrc/dmaps_v2_7/src -s include  "SHELL=CMD" "COMPILER=arm-none-eabi-gcc" "ASSEMBLER=arm-none-eabi-as" 
TRACE::2026-05-13.15:00:35::SCWBDomain::"ARCHIVER=arm-none-eabi-ar" "COMPILER_FLAGS=  -O2 -c" "EXTRA_COMPILER_FLAGS=-mcpu=cortex-a9 -mfpu=vfpv3 -mfloat-abi=hard -nosta
TRACE::2026-05-13.15:00:35::SCWBDomain::rtfiles -g -Wall -Wextra"

TRACE::2026-05-13.15:00:35::SCWBDomain::"Running Make include in ps7_cortexa9_0/libsrc/scugic_v4_3/src"

TRACE::2026-05-13.15:00:35::SCWBDomain::make -C ps7_cortexa9_0/libsrc/scugic_v4_3/src -s include  "SHELL=CMD" "COMPILER=arm-none-eabi-gcc" "ASSEMBLER=arm-none-eabi-as"
TRACE::2026-05-13.15:00:35::SCWBDomain:: "ARCHIVER=arm-none-eabi-ar" "COMPILER_FLAGS=  -O2 -c" "EXTRA_COMPILER_FLAGS=-mcpu=cortex-a9 -mfpu=vfpv3 -mfloat-abi=hard -nost
TRACE::2026-05-13.15:00:35::SCWBDomain::artfiles -g -Wall -Wextra"

TRACE::2026-05-13.15:00:35::SCWBDomain::"Running Make include in ps7_cortexa9_0/libsrc/scutimer_v2_3/src"

TRACE::2026-05-13.15:00:35::SCWBDomain::make -C ps7_cortexa9_0/libsrc/scutimer_v2_3/src -s include  "SHELL=CMD" "COMPILER=arm-none-eabi-gcc" "ASSEMBLER=arm-none-eabi-a
TRACE::2026-05-13.15:00:35::SCWBDomain::s" "ARCHIVER=arm-none-eabi-ar" "COMPILER_FLAGS=  -O2 -c" "EXTRA_COMPILER_FLAGS=-mcpu=cortex-a9 -mfpu=vfpv3 -mfloat-abi=hard -no
TRACE::2026-05-13.15:00:35::SCWBDomain::startfiles -g -Wall -Wextra"

TRACE::2026-05-13.15:00:36::SCWBDomain::"Running Make include in ps7_cortexa9_0/libsrc/scuwdt_v2_3/src"

TRACE::2026-05-13.15:00:36::SCWBDomain::make -C ps7_cortexa9_0/libsrc/scuwdt_v2_3/src -s include  "SHELL=CMD" "COMPILER=arm-none-eabi-gcc" "ASSEMBLER=arm-none-eabi-as"
TRACE::2026-05-13.15:00:36::SCWBDomain:: "ARCHIVER=arm-none-eabi-ar" "COMPILER_FLAGS=  -O2 -c" "EXTRA_COMPILER_FLAGS=-mcpu=cortex-a9 -mfpu=vfpv3 -mfloat-abi=hard -nost
TRACE::2026-05-13.15:00:36::SCWBDomain::artfiles -g -Wall -Wextra"

TRACE::2026-05-13.15:00:36::SCWBDomain::"Running Make include in ps7_cortexa9_0/libsrc/sdps_v3_10/src"

TRACE::2026-05-13.15:00:36::SCWBDomain::make -C ps7_cortexa9_0/libsrc/sdps_v3_10/src -s include  "SHELL=CMD" "COMPILER=arm-none-eabi-gcc" "ASSEMBLER=arm-none-eabi-as" 
TRACE::2026-05-13.15:00:36::SCWBDomain::"ARCHIVER=arm-none-eabi-ar" "COMPILER_FLAGS=  -O2 -c" "EXTRA_COMPILER_FLAGS=-mcpu=cortex-a9 -mfpu=vfpv3 -mfloat-abi=hard -nosta
TRACE::2026-05-13.15:00:36::SCWBDomain::rtfiles -g -Wall -Wextra"

TRACE::2026-05-13.15:00:36::SCWBDomain::"Running Make include in ps7_cortexa9_0/libsrc/standalone_v7_3/src"

TRACE::2026-05-13.15:00:36::SCWBDomain::make -C ps7_cortexa9_0/libsrc/standalone_v7_3/src -s include  "SHELL=CMD" "COMPILER=arm-none-eabi-gcc" "ASSEMBLER=arm-none-eabi
TRACE::2026-05-13.15:00:36::SCWBDomain::-as" "ARCHIVER=arm-none-eabi-ar" "COMPILER_FLAGS=  -O2 -c" "EXTRA_COMPILER_FLAGS=-mcpu=cortex-a9 -mfpu=vfpv3 -mfloat-abi=hard -
TRACE::2026-05-13.15:00:36::SCWBDomain::nostartfiles -g -Wall -Wextra"

TRACE::2026-05-13.15:00:36::SCWBDomain::"Running Make include in ps7_cortexa9_0/libsrc/uartps_v3_10/src"

TRACE::2026-05-13.15:00:36::SCWBDomain::make -C ps7_cortexa9_0/libsrc/uartps_v3_10/src -s include  "SHELL=CMD" "COMPILER=arm-none-eabi-gcc" "ASSEMBLER=arm-none-eabi-as
TRACE::2026-05-13.15:00:36::SCWBDomain::" "ARCHIVER=arm-none-eabi-ar" "COMPILER_FLAGS=  -O2 -c" "EXTRA_COMPILER_FLAGS=-mcpu=cortex-a9 -mfpu=vfpv3 -mfloat-abi=hard -nos
TRACE::2026-05-13.15:00:36::SCWBDomain::tartfiles -g -Wall -Wextra"

TRACE::2026-05-13.15:00:36::SCWBDomain::"Running Make include in ps7_cortexa9_0/libsrc/vtc_v8_3/src"

TRACE::2026-05-13.15:00:36::SCWBDomain::make -C ps7_cortexa9_0/libsrc/vtc_v8_3/src -s include  "SHELL=CMD" "COMPILER=arm-none-eabi-gcc" "ASSEMBLER=arm-none-eabi-as" "A
TRACE::2026-05-13.15:00:36::SCWBDomain::RCHIVER=arm-none-eabi-ar" "COMPILER_FLAGS=  -O2 -c" "EXTRA_COMPILER_FLAGS=-mcpu=cortex-a9 -mfpu=vfpv3 -mfloat-abi=hard -nostart
TRACE::2026-05-13.15:00:36::SCWBDomain::files -g -Wall -Wextra"

TRACE::2026-05-13.15:00:36::SCWBDomain::"Running Make include in ps7_cortexa9_0/libsrc/xadcps_v2_5/src"

TRACE::2026-05-13.15:00:36::SCWBDomain::make -C ps7_cortexa9_0/libsrc/xadcps_v2_5/src -s include  "SHELL=CMD" "COMPILER=arm-none-eabi-gcc" "ASSEMBLER=arm-none-eabi-as"
TRACE::2026-05-13.15:00:36::SCWBDomain:: "ARCHIVER=arm-none-eabi-ar" "COMPILER_FLAGS=  -O2 -c" "EXTRA_COMPILER_FLAGS=-mcpu=cortex-a9 -mfpu=vfpv3 -mfloat-abi=hard -nost
TRACE::2026-05-13.15:00:36::SCWBDomain::artfiles -g -Wall -Wextra"

TRACE::2026-05-13.15:00:36::SCWBDomain::"Running Make include in ps7_cortexa9_0/libsrc/xilffs_v4_4/src"

TRACE::2026-05-13.15:00:36::SCWBDomain::make -C ps7_cortexa9_0/libsrc/xilffs_v4_4/src -s include  "SHELL=CMD" "COMPILER=arm-none-eabi-gcc" "ASSEMBLER=arm-none-eabi-as"
TRACE::2026-05-13.15:00:36::SCWBDomain:: "ARCHIVER=arm-none-eabi-ar" "COMPILER_FLAGS=  -O2 -c" "EXTRA_COMPILER_FLAGS=-mcpu=cortex-a9 -mfpu=vfpv3 -mfloat-abi=hard -nost
TRACE::2026-05-13.15:00:36::SCWBDomain::artfiles -g -Wall -Wextra"

TRACE::2026-05-13.15:00:36::SCWBDomain::"Running Make include in ps7_cortexa9_0/libsrc/xilrsa_v1_6/src"

TRACE::2026-05-13.15:00:36::SCWBDomain::make -C ps7_cortexa9_0/libsrc/xilrsa_v1_6/src -s include  "SHELL=CMD" "COMPILER=arm-none-eabi-gcc" "ASSEMBLER=arm-none-eabi-as"
TRACE::2026-05-13.15:00:36::SCWBDomain:: "ARCHIVER=arm-none-eabi-ar" "COMPILER_FLAGS=  -O2 -c" "EXTRA_COMPILER_FLAGS=-mcpu=cortex-a9 -mfpu=vfpv3 -mfloat-abi=hard -nost
TRACE::2026-05-13.15:00:36::SCWBDomain::artfiles -g -Wall -Wextra"

TRACE::2026-05-13.15:00:36::SCWBDomain::"Running Make libs in ps7_cortexa9_0/libsrc/xilrsa_v1_6/src"

TRACE::2026-05-13.15:00:36::SCWBDomain::make -C ps7_cortexa9_0/libsrc/xilrsa_v1_6/src -s libs  "SHELL=CMD" "COMPILER=arm-none-eabi-gcc" "ASSEMBLER=arm-none-eabi-as" "A
TRACE::2026-05-13.15:00:36::SCWBDomain::RCHIVER=arm-none-eabi-ar" "COMPILER_FLAGS=  -O2 -c" "EXTRA_COMPILER_FLAGS=-mcpu=cortex-a9 -mfpu=vfpv3 -mfloat-abi=hard -nostart
TRACE::2026-05-13.15:00:36::SCWBDomain::files -g -Wall -Wextra"

TRACE::2026-05-13.15:00:36::SCWBDomain::'Finished building libraries sequentially.'

TRACE::2026-05-13.15:00:36::SCWBDomain::make -j --no-print-directory par_libs

TRACE::2026-05-13.15:00:36::SCWBDomain::"Running Make include in ps7_cortexa9_0/libsrc/axivdma_v6_8/src"

TRACE::2026-05-13.15:00:36::SCWBDomain::make -C ps7_cortexa9_0/libsrc/axivdma_v6_8/src -s include  "SHELL=CMD" "COMPILER=arm-none-eabi-gcc" "ASSEMBLER=arm-none-eabi-as
TRACE::2026-05-13.15:00:36::SCWBDomain::" "ARCHIVER=arm-none-eabi-ar" "COMPILER_FLAGS=  -O2 -c" "EXTRA_COMPILER_FLAGS=-mcpu=cortex-a9 -mfpu=vfpv3 -mfloat-abi=hard -nos
TRACE::2026-05-13.15:00:36::SCWBDomain::tartfiles -g -Wall -Wextra"

TRACE::2026-05-13.15:00:36::SCWBDomain::"Running Make include in ps7_cortexa9_0/libsrc/coresightps_dcc_v1_8/src"

TRACE::2026-05-13.15:00:36::SCWBDomain::make -C ps7_cortexa9_0/libsrc/coresightps_dcc_v1_8/src -s include  "SHELL=CMD" "COMPILER=arm-none-eabi-gcc" "ASSEMBLER=arm-none
TRACE::2026-05-13.15:00:36::SCWBDomain::-eabi-as" "ARCHIVER=arm-none-eabi-ar" "COMPILER_FLAGS=  -O2 -c" "EXTRA_COMPILER_FLAGS=-mcpu=cortex-a9 -mfpu=vfpv3 -mfloat-abi=h
TRACE::2026-05-13.15:00:36::SCWBDomain::ard -nostartfiles -g -Wall -Wextra"

TRACE::2026-05-13.15:00:36::SCWBDomain::"Running Make include in ps7_cortexa9_0/libsrc/cpu_cortexa9_v2_10/src"

TRACE::2026-05-13.15:00:36::SCWBDomain::make -C ps7_cortexa9_0/libsrc/cpu_cortexa9_v2_10/src -s include  "SHELL=CMD" "COMPILER=arm-none-eabi-gcc" "ASSEMBLER=arm-none-e
TRACE::2026-05-13.15:00:36::SCWBDomain::abi-as" "ARCHIVER=arm-none-eabi-ar" "COMPILER_FLAGS=  -O2 -c" "EXTRA_COMPILER_FLAGS=-mcpu=cortex-a9 -mfpu=vfpv3 -mfloat-abi=har
TRACE::2026-05-13.15:00:36::SCWBDomain::d -nostartfiles -g -Wall -Wextra"

TRACE::2026-05-13.15:00:36::SCWBDomain::"Running Make include in ps7_cortexa9_0/libsrc/ddrps_v1_2/src"

TRACE::2026-05-13.15:00:36::SCWBDomain::make -C ps7_cortexa9_0/libsrc/ddrps_v1_2/src -s include  "SHELL=CMD" "COMPILER=arm-none-eabi-gcc" "ASSEMBLER=arm-none-eabi-as" 
TRACE::2026-05-13.15:00:36::SCWBDomain::"ARCHIVER=arm-none-eabi-ar" "COMPILER_FLAGS=  -O2 -c" "EXTRA_COMPILER_FLAGS=-mcpu=cortex-a9 -mfpu=vfpv3 -mfloat-abi=hard -nosta
TRACE::2026-05-13.15:00:36::SCWBDomain::rtfiles -g -Wall -Wextra"

TRACE::2026-05-13.15:00:36::SCWBDomain::"Running Make include in ps7_cortexa9_0/libsrc/devcfg_v3_7/src"

TRACE::2026-05-13.15:00:36::SCWBDomain::make -C ps7_cortexa9_0/libsrc/devcfg_v3_7/src -s include  "SHELL=CMD" "COMPILER=arm-none-eabi-gcc" "ASSEMBLER=arm-none-eabi-as"
TRACE::2026-05-13.15:00:36::SCWBDomain:: "ARCHIVER=arm-none-eabi-ar" "COMPILER_FLAGS=  -O2 -c" "EXTRA_COMPILER_FLAGS=-mcpu=cortex-a9 -mfpu=vfpv3 -mfloat-abi=hard -nost
TRACE::2026-05-13.15:00:36::SCWBDomain::artfiles -g -Wall -Wextra"

TRACE::2026-05-13.15:00:36::SCWBDomain::"Running Make include in ps7_cortexa9_0/libsrc/dmaps_v2_7/src"

TRACE::2026-05-13.15:00:36::SCWBDomain::make -C ps7_cortexa9_0/libsrc/dmaps_v2_7/src -s include  "SHELL=CMD" "COMPILER=arm-none-eabi-gcc" "ASSEMBLER=arm-none-eabi-as" 
TRACE::2026-05-13.15:00:36::SCWBDomain::"ARCHIVER=arm-none-eabi-ar" "COMPILER_FLAGS=  -O2 -c" "EXTRA_COMPILER_FLAGS=-mcpu=cortex-a9 -mfpu=vfpv3 -mfloat-abi=hard -nosta
TRACE::2026-05-13.15:00:36::SCWBDomain::rtfiles -g -Wall -Wextra"

TRACE::2026-05-13.15:00:36::SCWBDomain::"Running Make include in ps7_cortexa9_0/libsrc/scugic_v4_3/src"

TRACE::2026-05-13.15:00:36::SCWBDomain::make -C ps7_cortexa9_0/libsrc/scugic_v4_3/src -s include  "SHELL=CMD" "COMPILER=arm-none-eabi-gcc" "ASSEMBLER=arm-none-eabi-as"
TRACE::2026-05-13.15:00:36::SCWBDomain:: "ARCHIVER=arm-none-eabi-ar" "COMPILER_FLAGS=  -O2 -c" "EXTRA_COMPILER_FLAGS=-mcpu=cortex-a9 -mfpu=vfpv3 -mfloat-abi=hard -nost
TRACE::2026-05-13.15:00:36::SCWBDomain::artfiles -g -Wall -Wextra"

TRACE::2026-05-13.15:00:36::SCWBDomain::"Running Make include in ps7_cortexa9_0/libsrc/scutimer_v2_3/src"

TRACE::2026-05-13.15:00:36::SCWBDomain::make -C ps7_cortexa9_0/libsrc/scutimer_v2_3/src -s include  "SHELL=CMD" "COMPILER=arm-none-eabi-gcc" "ASSEMBLER=arm-none-eabi-a
TRACE::2026-05-13.15:00:36::SCWBDomain::s" "ARCHIVER=arm-none-eabi-ar" "COMPILER_FLAGS=  -O2 -c" "EXTRA_COMPILER_FLAGS=-mcpu=cortex-a9 -mfpu=vfpv3 -mfloat-abi=hard -no
TRACE::2026-05-13.15:00:36::SCWBDomain::startfiles -g -Wall -Wextra"

TRACE::2026-05-13.15:00:36::SCWBDomain::"Running Make include in ps7_cortexa9_0/libsrc/scuwdt_v2_3/src"

TRACE::2026-05-13.15:00:36::SCWBDomain::make -C ps7_cortexa9_0/libsrc/scuwdt_v2_3/src -s include  "SHELL=CMD" "COMPILER=arm-none-eabi-gcc" "ASSEMBLER=arm-none-eabi-as"
TRACE::2026-05-13.15:00:36::SCWBDomain:: "ARCHIVER=arm-none-eabi-ar" "COMPILER_FLAGS=  -O2 -c" "EXTRA_COMPILER_FLAGS=-mcpu=cortex-a9 -mfpu=vfpv3 -mfloat-abi=hard -nost
TRACE::2026-05-13.15:00:36::SCWBDomain::artfiles -g -Wall -Wextra"

TRACE::2026-05-13.15:00:36::SCWBDomain::"Running Make include in ps7_cortexa9_0/libsrc/sdps_v3_10/src"

TRACE::2026-05-13.15:00:36::SCWBDomain::make -C ps7_cortexa9_0/libsrc/sdps_v3_10/src -s include  "SHELL=CMD" "COMPILER=arm-none-eabi-gcc" "ASSEMBLER=arm-none-eabi-as" 
TRACE::2026-05-13.15:00:36::SCWBDomain::"ARCHIVER=arm-none-eabi-ar" "COMPILER_FLAGS=  -O2 -c" "EXTRA_COMPILER_FLAGS=-mcpu=cortex-a9 -mfpu=vfpv3 -mfloat-abi=hard -nosta
TRACE::2026-05-13.15:00:36::SCWBDomain::rtfiles -g -Wall -Wextra"

TRACE::2026-05-13.15:00:36::SCWBDomain::"Running Make include in ps7_cortexa9_0/libsrc/standalone_v7_3/src"

TRACE::2026-05-13.15:00:36::SCWBDomain::make -C ps7_cortexa9_0/libsrc/standalone_v7_3/src -s include  "SHELL=CMD" "COMPILER=arm-none-eabi-gcc" "ASSEMBLER=arm-none-eabi
TRACE::2026-05-13.15:00:36::SCWBDomain::-as" "ARCHIVER=arm-none-eabi-ar" "COMPILER_FLAGS=  -O2 -c" "EXTRA_COMPILER_FLAGS=-mcpu=cortex-a9 -mfpu=vfpv3 -mfloat-abi=hard -
TRACE::2026-05-13.15:00:36::SCWBDomain::nostartfiles -g -Wall -Wextra"

TRACE::2026-05-13.15:00:36::SCWBDomain::"Running Make include in ps7_cortexa9_0/libsrc/uartps_v3_10/src"

TRACE::2026-05-13.15:00:36::SCWBDomain::make -C ps7_cortexa9_0/libsrc/uartps_v3_10/src -s include  "SHELL=CMD" "COMPILER=arm-none-eabi-gcc" "ASSEMBLER=arm-none-eabi-as
TRACE::2026-05-13.15:00:36::SCWBDomain::" "ARCHIVER=arm-none-eabi-ar" "COMPILER_FLAGS=  -O2 -c" "EXTRA_COMPILER_FLAGS=-mcpu=cortex-a9 -mfpu=vfpv3 -mfloat-abi=hard -nos
TRACE::2026-05-13.15:00:36::SCWBDomain::tartfiles -g -Wall -Wextra"

TRACE::2026-05-13.15:00:36::SCWBDomain::"Running Make include in ps7_cortexa9_0/libsrc/vtc_v8_3/src"

TRACE::2026-05-13.15:00:36::SCWBDomain::make -C ps7_cortexa9_0/libsrc/vtc_v8_3/src -s include  "SHELL=CMD" "COMPILER=arm-none-eabi-gcc" "ASSEMBLER=arm-none-eabi-as" "A
TRACE::2026-05-13.15:00:36::SCWBDomain::RCHIVER=arm-none-eabi-ar" "COMPILER_FLAGS=  -O2 -c" "EXTRA_COMPILER_FLAGS=-mcpu=cortex-a9 -mfpu=vfpv3 -mfloat-abi=hard -nostart
TRACE::2026-05-13.15:00:36::SCWBDomain::files -g -Wall -Wextra"

TRACE::2026-05-13.15:00:36::SCWBDomain::"Running Make include in ps7_cortexa9_0/libsrc/xadcps_v2_5/src"

TRACE::2026-05-13.15:00:36::SCWBDomain::make -C ps7_cortexa9_0/libsrc/xadcps_v2_5/src -s include  "SHELL=CMD" "COMPILER=arm-none-eabi-gcc" "ASSEMBLER=arm-none-eabi-as"
TRACE::2026-05-13.15:00:36::SCWBDomain:: "ARCHIVER=arm-none-eabi-ar" "COMPILER_FLAGS=  -O2 -c" "EXTRA_COMPILER_FLAGS=-mcpu=cortex-a9 -mfpu=vfpv3 -mfloat-abi=hard -nost
TRACE::2026-05-13.15:00:36::SCWBDomain::artfiles -g -Wall -Wextra"

TRACE::2026-05-13.15:00:36::SCWBDomain::"Running Make include in ps7_cortexa9_0/libsrc/xilffs_v4_4/src"

TRACE::2026-05-13.15:00:36::SCWBDomain::make -C ps7_cortexa9_0/libsrc/xilffs_v4_4/src -s include  "SHELL=CMD" "COMPILER=arm-none-eabi-gcc" "ASSEMBLER=arm-none-eabi-as"
TRACE::2026-05-13.15:00:36::SCWBDomain:: "ARCHIVER=arm-none-eabi-ar" "COMPILER_FLAGS=  -O2 -c" "EXTRA_COMPILER_FLAGS=-mcpu=cortex-a9 -mfpu=vfpv3 -mfloat-abi=hard -nost
TRACE::2026-05-13.15:00:36::SCWBDomain::artfiles -g -Wall -Wextra"

TRACE::2026-05-13.15:00:36::SCWBDomain::"Running Make include in ps7_cortexa9_0/libsrc/xilrsa_v1_6/src"

TRACE::2026-05-13.15:00:36::SCWBDomain::make -C ps7_cortexa9_0/libsrc/xilrsa_v1_6/src -s include  "SHELL=CMD" "COMPILER=arm-none-eabi-gcc" "ASSEMBLER=arm-none-eabi-as"
TRACE::2026-05-13.15:00:36::SCWBDomain:: "ARCHIVER=arm-none-eabi-ar" "COMPILER_FLAGS=  -O2 -c" "EXTRA_COMPILER_FLAGS=-mcpu=cortex-a9 -mfpu=vfpv3 -mfloat-abi=hard -nost
TRACE::2026-05-13.15:00:36::SCWBDomain::artfiles -g -Wall -Wextra"

TRACE::2026-05-13.15:00:36::SCWBDomain::"Running Make libs in ps7_cortexa9_0/libsrc/axivdma_v6_8/src"

TRACE::2026-05-13.15:00:36::SCWBDomain::make -C ps7_cortexa9_0/libsrc/axivdma_v6_8/src -s libs  "SHELL=CMD" "COMPILER=arm-none-eabi-gcc" "ASSEMBLER=arm-none-eabi-as" "
TRACE::2026-05-13.15:00:36::SCWBDomain::ARCHIVER=arm-none-eabi-ar" "COMPILER_FLAGS=  -O2 -c" "EXTRA_COMPILER_FLAGS=-mcpu=cortex-a9 -mfpu=vfpv3 -mfloat-abi=hard -nostar
TRACE::2026-05-13.15:00:36::SCWBDomain::tfiles -g -Wall -Wextra"

TRACE::2026-05-13.15:00:36::SCWBDomain::"Running Make libs in ps7_cortexa9_0/libsrc/coresightps_dcc_v1_8/src"

TRACE::2026-05-13.15:00:36::SCWBDomain::make -C ps7_cortexa9_0/libsrc/coresightps_dcc_v1_8/src -s libs  "SHELL=CMD" "COMPILER=arm-none-eabi-gcc" "ASSEMBLER=arm-none-ea
TRACE::2026-05-13.15:00:36::SCWBDomain::bi-as" "ARCHIVER=arm-none-eabi-ar" "COMPILER_FLAGS=  -O2 -c" "EXTRA_COMPILER_FLAGS=-mcpu=cortex-a9 -mfpu=vfpv3 -mfloat-abi=hard
TRACE::2026-05-13.15:00:36::SCWBDomain:: -nostartfiles -g -Wall -Wextra"

TRACE::2026-05-13.15:00:37::SCWBDomain::"Running Make libs in ps7_cortexa9_0/libsrc/cpu_cortexa9_v2_10/src"

TRACE::2026-05-13.15:00:37::SCWBDomain::make -C ps7_cortexa9_0/libsrc/cpu_cortexa9_v2_10/src -s libs  "SHELL=CMD" "COMPILER=arm-none-eabi-gcc" "ASSEMBLER=arm-none-eabi
TRACE::2026-05-13.15:00:37::SCWBDomain::-as" "ARCHIVER=arm-none-eabi-ar" "COMPILER_FLAGS=  -O2 -c" "EXTRA_COMPILER_FLAGS=-mcpu=cortex-a9 -mfpu=vfpv3 -mfloat-abi=hard -
TRACE::2026-05-13.15:00:37::SCWBDomain::nostartfiles -g -Wall -Wextra"

TRACE::2026-05-13.15:00:37::SCWBDomain::"Running Make libs in ps7_cortexa9_0/libsrc/ddrps_v1_2/src"

TRACE::2026-05-13.15:00:37::SCWBDomain::make -C ps7_cortexa9_0/libsrc/ddrps_v1_2/src -s libs  "SHELL=CMD" "COMPILER=arm-none-eabi-gcc" "ASSEMBLER=arm-none-eabi-as" "AR
TRACE::2026-05-13.15:00:37::SCWBDomain::CHIVER=arm-none-eabi-ar" "COMPILER_FLAGS=  -O2 -c" "EXTRA_COMPILER_FLAGS=-mcpu=cortex-a9 -mfpu=vfpv3 -mfloat-abi=hard -nostartf
TRACE::2026-05-13.15:00:37::SCWBDomain::iles -g -Wall -Wextra"

TRACE::2026-05-13.15:00:37::SCWBDomain::"Running Make libs in ps7_cortexa9_0/libsrc/devcfg_v3_7/src"

TRACE::2026-05-13.15:00:37::SCWBDomain::make -C ps7_cortexa9_0/libsrc/devcfg_v3_7/src -s libs  "SHELL=CMD" "COMPILER=arm-none-eabi-gcc" "ASSEMBLER=arm-none-eabi-as" "A
TRACE::2026-05-13.15:00:37::SCWBDomain::RCHIVER=arm-none-eabi-ar" "COMPILER_FLAGS=  -O2 -c" "EXTRA_COMPILER_FLAGS=-mcpu=cortex-a9 -mfpu=vfpv3 -mfloat-abi=hard -nostart
TRACE::2026-05-13.15:00:37::SCWBDomain::files -g -Wall -Wextra"

TRACE::2026-05-13.15:00:37::SCWBDomain::"Running Make libs in ps7_cortexa9_0/libsrc/dmaps_v2_7/src"

TRACE::2026-05-13.15:00:37::SCWBDomain::make -C ps7_cortexa9_0/libsrc/dmaps_v2_7/src -s libs  "SHELL=CMD" "COMPILER=arm-none-eabi-gcc" "ASSEMBLER=arm-none-eabi-as" "AR
TRACE::2026-05-13.15:00:37::SCWBDomain::CHIVER=arm-none-eabi-ar" "COMPILER_FLAGS=  -O2 -c" "EXTRA_COMPILER_FLAGS=-mcpu=cortex-a9 -mfpu=vfpv3 -mfloat-abi=hard -nostartf
TRACE::2026-05-13.15:00:37::SCWBDomain::iles -g -Wall -Wextra"

TRACE::2026-05-13.15:00:37::SCWBDomain::"Running Make libs in ps7_cortexa9_0/libsrc/scugic_v4_3/src"

TRACE::2026-05-13.15:00:37::SCWBDomain::make -C ps7_cortexa9_0/libsrc/scugic_v4_3/src -s libs  "SHELL=CMD" "COMPILER=arm-none-eabi-gcc" "ASSEMBLER=arm-none-eabi-as" "A
TRACE::2026-05-13.15:00:37::SCWBDomain::RCHIVER=arm-none-eabi-ar" "COMPILER_FLAGS=  -O2 -c" "EXTRA_COMPILER_FLAGS=-mcpu=cortex-a9 -mfpu=vfpv3 -mfloat-abi=hard -nostart
TRACE::2026-05-13.15:00:37::SCWBDomain::files -g -Wall -Wextra"

TRACE::2026-05-13.15:00:37::SCWBDomain::"Running Make libs in ps7_cortexa9_0/libsrc/scutimer_v2_3/src"

TRACE::2026-05-13.15:00:37::SCWBDomain::make -C ps7_cortexa9_0/libsrc/scutimer_v2_3/src -s libs  "SHELL=CMD" "COMPILER=arm-none-eabi-gcc" "ASSEMBLER=arm-none-eabi-as" 
TRACE::2026-05-13.15:00:37::SCWBDomain::"ARCHIVER=arm-none-eabi-ar" "COMPILER_FLAGS=  -O2 -c" "EXTRA_COMPILER_FLAGS=-mcpu=cortex-a9 -mfpu=vfpv3 -mfloat-abi=hard -nosta
TRACE::2026-05-13.15:00:37::SCWBDomain::rtfiles -g -Wall -Wextra"

TRACE::2026-05-13.15:00:37::SCWBDomain::"Running Make libs in ps7_cortexa9_0/libsrc/scuwdt_v2_3/src"

TRACE::2026-05-13.15:00:37::SCWBDomain::make -C ps7_cortexa9_0/libsrc/scuwdt_v2_3/src -s libs  "SHELL=CMD" "COMPILER=arm-none-eabi-gcc" "ASSEMBLER=arm-none-eabi-as" "A
TRACE::2026-05-13.15:00:37::SCWBDomain::RCHIVER=arm-none-eabi-ar" "COMPILER_FLAGS=  -O2 -c" "EXTRA_COMPILER_FLAGS=-mcpu=cortex-a9 -mfpu=vfpv3 -mfloat-abi=hard -nostart
TRACE::2026-05-13.15:00:37::SCWBDomain::files -g -Wall -Wextra"

TRACE::2026-05-13.15:00:37::SCWBDomain::"Running Make libs in ps7_cortexa9_0/libsrc/sdps_v3_10/src"

TRACE::2026-05-13.15:00:37::SCWBDomain::make -C ps7_cortexa9_0/libsrc/sdps_v3_10/src -s libs  "SHELL=CMD" "COMPILER=arm-none-eabi-gcc" "ASSEMBLER=arm-none-eabi-as" "AR
TRACE::2026-05-13.15:00:37::SCWBDomain::CHIVER=arm-none-eabi-ar" "COMPILER_FLAGS=  -O2 -c" "EXTRA_COMPILER_FLAGS=-mcpu=cortex-a9 -mfpu=vfpv3 -mfloat-abi=hard -nostartf
TRACE::2026-05-13.15:00:37::SCWBDomain::iles -g -Wall -Wextra"

TRACE::2026-05-13.15:00:37::SCWBDomain::"Running Make libs in ps7_cortexa9_0/libsrc/standalone_v7_3/src"

TRACE::2026-05-13.15:00:37::SCWBDomain::make -C ps7_cortexa9_0/libsrc/standalone_v7_3/src -s libs  "SHELL=CMD" "COMPILER=arm-none-eabi-gcc" "ASSEMBLER=arm-none-eabi-as
TRACE::2026-05-13.15:00:37::SCWBDomain::" "ARCHIVER=arm-none-eabi-ar" "COMPILER_FLAGS=  -O2 -c" "EXTRA_COMPILER_FLAGS=-mcpu=cortex-a9 -mfpu=vfpv3 -mfloat-abi=hard -nos
TRACE::2026-05-13.15:00:37::SCWBDomain::tartfiles -g -Wall -Wextra"

TRACE::2026-05-13.15:00:37::SCWBDomain::"Running Make libs in ps7_cortexa9_0/libsrc/uartps_v3_10/src"

TRACE::2026-05-13.15:00:37::SCWBDomain::make -C ps7_cortexa9_0/libsrc/uartps_v3_10/src -s libs  "SHELL=CMD" "COMPILER=arm-none-eabi-gcc" "ASSEMBLER=arm-none-eabi-as" "
TRACE::2026-05-13.15:00:37::SCWBDomain::ARCHIVER=arm-none-eabi-ar" "COMPILER_FLAGS=  -O2 -c" "EXTRA_COMPILER_FLAGS=-mcpu=cortex-a9 -mfpu=vfpv3 -mfloat-abi=hard -nostar
TRACE::2026-05-13.15:00:37::SCWBDomain::tfiles -g -Wall -Wextra"

TRACE::2026-05-13.15:00:37::SCWBDomain::"Running Make libs in ps7_cortexa9_0/libsrc/vtc_v8_3/src"

TRACE::2026-05-13.15:00:37::SCWBDomain::make -C ps7_cortexa9_0/libsrc/vtc_v8_3/src -s libs  "SHELL=CMD" "COMPILER=arm-none-eabi-gcc" "ASSEMBLER=arm-none-eabi-as" "ARCH
TRACE::2026-05-13.15:00:37::SCWBDomain::IVER=arm-none-eabi-ar" "COMPILER_FLAGS=  -O2 -c" "EXTRA_COMPILER_FLAGS=-mcpu=cortex-a9 -mfpu=vfpv3 -mfloat-abi=hard -nostartfil
TRACE::2026-05-13.15:00:37::SCWBDomain::es -g -Wall -Wextra"

TRACE::2026-05-13.15:00:37::SCWBDomain::"Running Make libs in ps7_cortexa9_0/libsrc/xadcps_v2_5/src"

TRACE::2026-05-13.15:00:37::SCWBDomain::make -C ps7_cortexa9_0/libsrc/xadcps_v2_5/src -s libs  "SHELL=CMD" "COMPILER=arm-none-eabi-gcc" "ASSEMBLER=arm-none-eabi-as" "A
TRACE::2026-05-13.15:00:37::SCWBDomain::RCHIVER=arm-none-eabi-ar" "COMPILER_FLAGS=  -O2 -c" "EXTRA_COMPILER_FLAGS=-mcpu=cortex-a9 -mfpu=vfpv3 -mfloat-abi=hard -nostart
TRACE::2026-05-13.15:00:37::SCWBDomain::files -g -Wall -Wextra"

TRACE::2026-05-13.15:00:37::SCWBDomain::"Running Make libs in ps7_cortexa9_0/libsrc/xilffs_v4_4/src"

TRACE::2026-05-13.15:00:37::SCWBDomain::make -C ps7_cortexa9_0/libsrc/xilffs_v4_4/src -s libs  "SHELL=CMD" "COMPILER=arm-none-eabi-gcc" "ASSEMBLER=arm-none-eabi-as" "A
TRACE::2026-05-13.15:00:37::SCWBDomain::RCHIVER=arm-none-eabi-ar" "COMPILER_FLAGS=  -O2 -c" "EXTRA_COMPILER_FLAGS=-mcpu=cortex-a9 -mfpu=vfpv3 -mfloat-abi=hard -nostart
TRACE::2026-05-13.15:00:37::SCWBDomain::files -g -Wall -Wextra"

TRACE::2026-05-13.15:00:38::SCWBDomain::'Finished building libraries parallelly.'

TRACE::2026-05-13.15:00:38::SCWBDomain::make --no-print-directory archive

TRACE::2026-05-13.15:00:38::SCWBDomain::arm-none-eabi-ar -r  ps7_cortexa9_0/lib/libxil.a ps7_cortexa9_0/lib/xadcps_selftest.o ps7_cortexa9_0/lib/usleep.o ps7_cortexa9_
TRACE::2026-05-13.15:00:38::SCWBDomain::0/lib/kill.o ps7_cortexa9_0/lib/xscuwdt.o ps7_cortexa9_0/lib/xplatform_info.o ps7_cortexa9_0/lib/print.o ps7_cortexa9_0/lib/xsc
TRACE::2026-05-13.15:00:38::SCWBDomain::utimer.o ps7_cortexa9_0/lib/xsdps_card.o ps7_cortexa9_0/lib/xvtc_selftest.o ps7_cortexa9_0/lib/xil_testio.o ps7_cortexa9_0/lib/
TRACE::2026-05-13.15:00:38::SCWBDomain::isatty.o ps7_cortexa9_0/lib/sleep.o ps7_cortexa9_0/lib/boot.o ps7_cortexa9_0/lib/xdevcfg_hw.o ps7_cortexa9_0/lib/xadcps_intr.o 
TRACE::2026-05-13.15:00:38::SCWBDomain::ps7_cortexa9_0/lib/xpm_counter.o ps7_cortexa9_0/lib/xdmaps_g.o ps7_cortexa9_0/lib/xscutimer_g.o ps7_cortexa9_0/lib/xdmaps_sinit
TRACE::2026-05-13.15:00:38::SCWBDomain::.o ps7_cortexa9_0/lib/xscutimer_sinit.o ps7_cortexa9_0/lib/xil_cache.o ps7_cortexa9_0/lib/inbyte.o ps7_cortexa9_0/lib/xsdps_opt
TRACE::2026-05-13.15:00:38::SCWBDomain::ions.o ps7_cortexa9_0/lib/xdmaps_selftest.o ps7_cortexa9_0/lib/xscutimer_selftest.o ps7_cortexa9_0/lib/xil_misc_psreset_api.o p
TRACE::2026-05-13.15:00:38::SCWBDomain::s7_cortexa9_0/lib/cpputest_time.o ps7_cortexa9_0/lib/xsdps.o ps7_cortexa9_0/lib/close.o ps7_cortexa9_0/lib/xuartps_g.o ps7_cort
TRACE::2026-05-13.15:00:38::SCWBDomain::exa9_0/lib/xil_mmu.o ps7_cortexa9_0/lib/xscugic_hw.o ps7_cortexa9_0/lib/xuartps_sinit.o ps7_cortexa9_0/lib/translation_table.o 
TRACE::2026-05-13.15:00:38::SCWBDomain::ps7_cortexa9_0/lib/xaxivdma_g.o ps7_cortexa9_0/lib/xvtc.o ps7_cortexa9_0/lib/write.o ps7_cortexa9_0/lib/xaxivdma_sinit.o ps7_co
TRACE::2026-05-13.15:00:38::SCWBDomain::rtexa9_0/lib/cpu_init.o ps7_cortexa9_0/lib/xscugic_g.o ps7_cortexa9_0/lib/xil_util.o ps7_cortexa9_0/lib/xsdps_sinit.o ps7_corte
TRACE::2026-05-13.15:00:38::SCWBDomain::xa9_0/lib/xaxivdma_selftest.o ps7_cortexa9_0/lib/xil_sleepcommon.o ps7_cortexa9_0/lib/xil_printf.o ps7_cortexa9_0/lib/unlink.o 
TRACE::2026-05-13.15:00:38::SCWBDomain::ps7_cortexa9_0/lib/xadcps.o ps7_cortexa9_0/lib/xdmaps_hw.o ps7_cortexa9_0/lib/xscugic_intr.o ps7_cortexa9_0/lib/xscugic_sinit.o
TRACE::2026-05-13.15:00:38::SCWBDomain:: ps7_cortexa9_0/lib/xil_sleeptimer.o ps7_cortexa9_0/lib/fcntl.o ps7_cortexa9_0/lib/open.o ps7_cortexa9_0/lib/_exit.o ps7_cortex
TRACE::2026-05-13.15:00:38::SCWBDomain::a9_0/lib/outbyte.o ps7_cortexa9_0/lib/xuartps_selftest.o ps7_cortexa9_0/lib/xuartps_hw.o ps7_cortexa9_0/lib/lseek.o ps7_cortexa
TRACE::2026-05-13.15:00:38::SCWBDomain::9_0/lib/read.o ps7_cortexa9_0/lib/xil_testmem.o ps7_cortexa9_0/lib/xtime_l.o ps7_cortexa9_0/lib/xl2cc_counter.o ps7_cortexa9_0/
TRACE::2026-05-13.15:00:38::SCWBDomain::lib/asm_vectors.o ps7_cortexa9_0/lib/abort.o ps7_cortexa9_0/lib/xdevcfg_g.o ps7_cortexa9_0/lib/xuartps_intr.o ps7_cortexa9_0/li
TRACE::2026-05-13.15:00:38::SCWBDomain::b/xuartps.o ps7_cortexa9_0/lib/getpid.o ps7_cortexa9_0/lib/xil_testcache.o ps7_cortexa9_0/lib/xdevcfg_sinit.o ps7_cortexa9_0/li
TRACE::2026-05-13.15:00:38::SCWBDomain::b/xdmaps.o ps7_cortexa9_0/lib/xaxivdma_channel.o ps7_cortexa9_0/lib/xdevcfg_selftest.o ps7_cortexa9_0/lib/xvtc_intr.o ps7_corte
TRACE::2026-05-13.15:00:38::SCWBDomain::xa9_0/lib/xvtc_sinit.o ps7_cortexa9_0/lib/_open.o ps7_cortexa9_0/lib/xscuwdt_sinit.o ps7_cortexa9_0/lib/sbrk.o ps7_cortexa9_0/l
TRACE::2026-05-13.15:00:38::SCWBDomain::ib/xaxivdma.o ps7_cortexa9_0/lib/xsdps_g.o ps7_cortexa9_0/lib/fstat.o ps7_cortexa9_0/lib/xscuwdt_g.o ps7_cortexa9_0/lib/errno.o
TRACE::2026-05-13.15:00:38::SCWBDomain:: ps7_cortexa9_0/lib/xdevcfg_intr.o ps7_cortexa9_0/lib/xuartps_options.o ps7_cortexa9_0/lib/_sbrk.o ps7_cortexa9_0/lib/vectors.o
TRACE::2026-05-13.15:00:38::SCWBDomain:: ps7_cortexa9_0/lib/xil_exception.o ps7_cortexa9_0/lib/xvtc_g.o ps7_cortexa9_0/lib/putnum.o ps7_cortexa9_0/lib/xil_clocking.o p
TRACE::2026-05-13.15:00:38::SCWBDomain::s7_cortexa9_0/lib/xil_assert.o ps7_cortexa9_0/lib/xaxivdma_intr.o ps7_cortexa9_0/lib/xscuwdt_selftest.o ps7_cortexa9_0/lib/xsdp
TRACE::2026-05-13.15:00:38::SCWBDomain::s_host.o ps7_cortexa9_0/lib/xcoresightpsdcc.o ps7_cortexa9_0/lib/xscugic.o ps7_cortexa9_0/lib/xadcps_g.o ps7_cortexa9_0/lib/xsc
TRACE::2026-05-13.15:00:38::SCWBDomain::ugic_selftest.o ps7_cortexa9_0/lib/xil-crt0.o ps7_cortexa9_0/lib/xadcps_sinit.o ps7_cortexa9_0/lib/xil_mem.o ps7_cortexa9_0/lib
TRACE::2026-05-13.15:00:38::SCWBDomain::/xdevcfg.o

TRACE::2026-05-13.15:00:38::SCWBDomain::'Finished building libraries'

TRACE::2026-05-13.15:00:38::SCWBDomain::make: Leaving directory 'D:/Zynq/vitis/version_2020/24_01_sd_bmp_hdmi/vitis/system_wrapper/zynq_fsbl/zynq_fsbl_bsp'

TRACE::2026-05-13.15:00:38::SCWBDomain::arm-none-eabi-gcc -MMD -MP       -mcpu=cortex-a9 -mfpu=vfpv3 -mfloat-abi=hard   -O2 -c -c sd.c -o sd.o -Izynq_fsbl_bsp/ps7_cort
TRACE::2026-05-13.15:00:38::SCWBDomain::exa9_0/include -I.

TRACE::2026-05-13.15:00:38::SCWBDomain::arm-none-eabi-gcc -MMD -MP       -mcpu=cortex-a9 -mfpu=vfpv3 -mfloat-abi=hard   -O2 -c -c nand.c -o nand.o -Izynq_fsbl_bsp/ps7_
TRACE::2026-05-13.15:00:38::SCWBDomain::cortexa9_0/include -I.

TRACE::2026-05-13.15:00:38::SCWBDomain::arm-none-eabi-gcc -MMD -MP       -mcpu=cortex-a9 -mfpu=vfpv3 -mfloat-abi=hard   -O2 -c -c nor.c -o nor.o -Izynq_fsbl_bsp/ps7_co
TRACE::2026-05-13.15:00:38::SCWBDomain::rtexa9_0/include -I.

TRACE::2026-05-13.15:00:39::SCWBDomain::arm-none-eabi-gcc -MMD -MP       -mcpu=cortex-a9 -mfpu=vfpv3 -mfloat-abi=hard   -O2 -c -c image_mover.c -o image_mover.o -Izynq
TRACE::2026-05-13.15:00:39::SCWBDomain::_fsbl_bsp/ps7_cortexa9_0/include -I.

TRACE::2026-05-13.15:00:39::SCWBDomain::arm-none-eabi-gcc -MMD -MP       -mcpu=cortex-a9 -mfpu=vfpv3 -mfloat-abi=hard   -O2 -c -c md5.c -o md5.o -Izynq_fsbl_bsp/ps7_co
TRACE::2026-05-13.15:00:39::SCWBDomain::rtexa9_0/include -I.

TRACE::2026-05-13.15:00:39::SCWBDomain::arm-none-eabi-gcc -MMD -MP       -mcpu=cortex-a9 -mfpu=vfpv3 -mfloat-abi=hard   -O2 -c -c fsbl_hooks.c -o fsbl_hooks.o -Izynq_f
TRACE::2026-05-13.15:00:39::SCWBDomain::sbl_bsp/ps7_cortexa9_0/include -I.

TRACE::2026-05-13.15:00:39::SCWBDomain::arm-none-eabi-gcc -MMD -MP       -mcpu=cortex-a9 -mfpu=vfpv3 -mfloat-abi=hard   -O2 -c -c main.c -o main.o -Izynq_fsbl_bsp/ps7_
TRACE::2026-05-13.15:00:39::SCWBDomain::cortexa9_0/include -I.

TRACE::2026-05-13.15:00:39::SCWBDomain::arm-none-eabi-gcc -MMD -MP       -mcpu=cortex-a9 -mfpu=vfpv3 -mfloat-abi=hard   -O2 -c -c rsa.c -o rsa.o -Izynq_fsbl_bsp/ps7_co
TRACE::2026-05-13.15:00:39::SCWBDomain::rtexa9_0/include -I.

TRACE::2026-05-13.15:00:39::SCWBDomain::arm-none-eabi-gcc -MMD -MP       -mcpu=cortex-a9 -mfpu=vfpv3 -mfloat-abi=hard   -O2 -c -c qspi.c -o qspi.o -Izynq_fsbl_bsp/ps7_
TRACE::2026-05-13.15:00:39::SCWBDomain::cortexa9_0/include -I.

TRACE::2026-05-13.15:00:39::SCWBDomain::arm-none-eabi-gcc -MMD -MP       -mcpu=cortex-a9 -mfpu=vfpv3 -mfloat-abi=hard   -O2 -c -c ps7_init.c -o ps7_init.o -Izynq_fsbl_
TRACE::2026-05-13.15:00:39::SCWBDomain::bsp/ps7_cortexa9_0/include -I.

TRACE::2026-05-13.15:00:39::SCWBDomain::arm-none-eabi-gcc -MMD -MP       -mcpu=cortex-a9 -mfpu=vfpv3 -mfloat-abi=hard   -O2 -c -c pcap.c -o pcap.o -Izynq_fsbl_bsp/ps7_
TRACE::2026-05-13.15:00:39::SCWBDomain::cortexa9_0/include -I.

TRACE::2026-05-13.15:00:39::SCWBDomain::arm-none-eabi-gcc -MMD -MP       -mcpu=cortex-a9 -mfpu=vfpv3 -mfloat-abi=hard   -O2 -c -c fsbl_handoff.S -o fsbl_handoff.o -Izy
TRACE::2026-05-13.15:00:39::SCWBDomain::nq_fsbl_bsp/ps7_cortexa9_0/include -I.

TRACE::2026-05-13.15:00:39::SCWBDomain::arm-none-eabi-gcc -o fsbl.elf  sd.o  nand.o  nor.o  image_mover.o  md5.o  fsbl_hooks.o  main.o  rsa.o  qspi.o  ps7_init.o  pcap
TRACE::2026-05-13.15:00:39::SCWBDomain::.o  fsbl_handoff.o -MMD -MP       -mcpu=cortex-a9 -mfpu=vfpv3 -mfloat-abi=hard   -mcpu=cortex-a9 -mfpu=vfpv3 -mfloat-abi=hard -
TRACE::2026-05-13.15:00:39::SCWBDomain::Wl,-build-id=none -specs=Xilinx.spec  -lrsa -Wl,--start-group,-lxil,-lgcc,-lc,--end-group -Wl,--start-group,-lxilffs,-lxil,-lgc
TRACE::2026-05-13.15:00:39::SCWBDomain::c,-lc,--end-group -Wl,--start-group,-lrsa,-lxil,-lgcc,-lc,--end-group                                -Wl,--gc-sections -Lzynq_f
TRACE::2026-05-13.15:00:39::SCWBDomain::sbl_bsp/ps7_cortexa9_0/lib -L./ -Tlscript.ld

LOG::2026-05-13.15:00:39::SCWSystem::Checking the domain standalone_ps7_cortexa9_0
LOG::2026-05-13.15:00:39::SCWSystem::Not a boot domain 
LOG::2026-05-13.15:00:39::SCWSystem::Started Processing the domain standalone_ps7_cortexa9_0
TRACE::2026-05-13.15:00:39::SCWDomain::Generating domain artifcats
TRACE::2026-05-13.15:00:39::SCWMssOS::Generating standalone artifcats
TRACE::2026-05-13.15:00:39::SCWMssOS::Copying the qemu file from  C:/Xilinx/Vitis/2020.2/data/emulation/platforms/zynq/sw/a9_standalone/qemu/qemu_args.txt To D:/Zynq/vitis/version_2020/24_01_sd_bmp_hdmi/vitis/system_wrapper/export/system_wrapper/sw/system_wrapper/qemu/
TRACE::2026-05-13.15:00:39::SCWMssOS::Copying the qemu file from  C:/Xilinx/Vitis/2020.2/data/emulation/platforms/zynq/sw/a9_standalone/qemu/qemu_args.txt To D:/Zynq/vitis/version_2020/24_01_sd_bmp_hdmi/vitis/system_wrapper/export/system_wrapper/sw/system_wrapper/standalone_ps7_cortexa9_0/qemu/
TRACE::2026-05-13.15:00:39::SCWMssOS:: Copying the user libraries. 
TRACE::2026-05-13.15:00:39::SCWPlatform::Trying to open the hw design at D:/Zynq/vitis/version_2020/24_01_sd_bmp_hdmi/vitis/system_wrapper/hw/system_wrapper.xsa
TRACE::2026-05-13.15:00:39::SCWPlatform::DSA given D:/Zynq/vitis/version_2020/24_01_sd_bmp_hdmi/vitis/system_wrapper/hw/system_wrapper.xsa
TRACE::2026-05-13.15:00:39::SCWPlatform::DSA absoulate path D:/Zynq/vitis/version_2020/24_01_sd_bmp_hdmi/vitis/system_wrapper/hw/system_wrapper.xsa
TRACE::2026-05-13.15:00:39::SCWPlatform::DSA directory D:/Zynq/vitis/version_2020/24_01_sd_bmp_hdmi/vitis/system_wrapper/hw
TRACE::2026-05-13.15:00:39::SCWPlatform:: Platform Path D:/Zynq/vitis/version_2020/24_01_sd_bmp_hdmi/vitis/system_wrapper/hw/system_wrapper.xsa
TRACE::2026-05-13.15:00:39::SCWPlatform:: Unique name xilinx:::0.0
TRACE::2026-05-13.15:00:39::SCWPlatform::Trying to set the existing hwdb with name system_wrapper_0
TRACE::2026-05-13.15:00:39::SCWPlatform::Opened existing hwdb system_wrapper_0
TRACE::2026-05-13.15:00:39::SCWPlatform::Found the Hw Db part of the input DSA
TRACE::2026-05-13.15:00:39::SCWMssOS::Checking the sw design at  D:/Zynq/vitis/version_2020/24_01_sd_bmp_hdmi/vitis/system_wrapper/ps7_cortexa9_0/standalone_ps7_cortexa9_0/bsp/system.mss
TRACE::2026-05-13.15:00:39::SCWMssOS::DEBUG:  swdes dump  D:/Zynq/vitis/version_2020/24_01_sd_bmp_hdmi/vitis/system_wrapper/ps7_cortexa9_0/standalone_ps7_cortexa9_0/bsp/system.mss|system_0||
D:/Zynq/vitis/version_2020/24_01_sd_bmp_hdmi/vitis/system_wrapper/zynq_fsbl/zynq_fsbl_bsp/system.mss|system||

TRACE::2026-05-13.15:00:39::SCWMssOS::Sw design exists and opened at  D:/Zynq/vitis/version_2020/24_01_sd_bmp_hdmi/vitis/system_wrapper/ps7_cortexa9_0/standalone_ps7_cortexa9_0/bsp/system.mss
TRACE::2026-05-13.15:00:39::SCWMssOS::Completed writing the mss file at D:/Zynq/vitis/version_2020/24_01_sd_bmp_hdmi/vitis/system_wrapper/ps7_cortexa9_0/standalone_ps7_cortexa9_0/bsp
TRACE::2026-05-13.15:00:39::SCWMssOS::Mss edits present, copying mssfile into export location D:/Zynq/vitis/version_2020/24_01_sd_bmp_hdmi/vitis/system_wrapper/ps7_cortexa9_0/standalone_ps7_cortexa9_0/bsp/system.mss
TRACE::2026-05-13.15:00:39::SCWMssOS::bsp generated is upto date with the mss file. Skipping bsp generation.
TRACE::2026-05-13.15:00:39::SCWMssOS::BSP is already built. skipping the bsp build ... 
TRACE::2026-05-13.15:00:39::SCWDomain::Building the domain as part of full build :  standalone_ps7_cortexa9_0
TRACE::2026-05-13.15:00:39::SCWMssOS::doing bsp build ... 
TRACE::2026-05-13.15:00:39::SCWMssOS::System Command Ran  D: & cd  D:/Zynq/vitis/version_2020/24_01_sd_bmp_hdmi/vitis/system_wrapper/ps7_cortexa9_0/standalone_ps7_cortexa9_0/bsp & make 
TRACE::2026-05-13.15:00:39::SCWMssOS::make --no-print-directory seq_libs

TRACE::2026-05-13.15:00:39::SCWMssOS::'Finished building libraries sequentially.'

TRACE::2026-05-13.15:00:39::SCWMssOS::make -j --no-print-directory par_libs

TRACE::2026-05-13.15:00:39::SCWMssOS::"Running Make include in ps7_cortexa9_0/libsrc/axivdma_v6_8/src"

TRACE::2026-05-13.15:00:39::SCWMssOS::make -C ps7_cortexa9_0/libsrc/axivdma_v6_8/src -s include  "SHELL=CMD" "COMPILER=arm-none-eabi-gcc" "ASSEMBLER=arm-none-eabi-as
TRACE::2026-05-13.15:00:39::SCWMssOS::" "ARCHIVER=arm-none-eabi-ar" "COMPILER_FLAGS=  -O2 -c" "EXTRA_COMPILER_FLAGS=-mcpu=cortex-a9 -mfpu=vfpv3 -mfloat-abi=hard -nos
TRACE::2026-05-13.15:00:39::SCWMssOS::tartfiles -g -Wall -Wextra"

TRACE::2026-05-13.15:00:39::SCWMssOS::"Running Make include in ps7_cortexa9_0/libsrc/coresightps_dcc_v1_8/src"

TRACE::2026-05-13.15:00:39::SCWMssOS::make -C ps7_cortexa9_0/libsrc/coresightps_dcc_v1_8/src -s include  "SHELL=CMD" "COMPILER=arm-none-eabi-gcc" "ASSEMBLER=arm-none
TRACE::2026-05-13.15:00:39::SCWMssOS::-eabi-as" "ARCHIVER=arm-none-eabi-ar" "COMPILER_FLAGS=  -O2 -c" "EXTRA_COMPILER_FLAGS=-mcpu=cortex-a9 -mfpu=vfpv3 -mfloat-abi=h
TRACE::2026-05-13.15:00:39::SCWMssOS::ard -nostartfiles -g -Wall -Wextra"

TRACE::2026-05-13.15:00:39::SCWMssOS::"Running Make include in ps7_cortexa9_0/libsrc/cpu_cortexa9_v2_10/src"

TRACE::2026-05-13.15:00:39::SCWMssOS::make -C ps7_cortexa9_0/libsrc/cpu_cortexa9_v2_10/src -s include  "SHELL=CMD" "COMPILER=arm-none-eabi-gcc" "ASSEMBLER=arm-none-e
TRACE::2026-05-13.15:00:39::SCWMssOS::abi-as" "ARCHIVER=arm-none-eabi-ar" "COMPILER_FLAGS=  -O2 -c" "EXTRA_COMPILER_FLAGS=-mcpu=cortex-a9 -mfpu=vfpv3 -mfloat-abi=har
TRACE::2026-05-13.15:00:39::SCWMssOS::d -nostartfiles -g -Wall -Wextra"

TRACE::2026-05-13.15:00:39::SCWMssOS::"Running Make include in ps7_cortexa9_0/libsrc/ddrps_v1_2/src"

TRACE::2026-05-13.15:00:39::SCWMssOS::make -C ps7_cortexa9_0/libsrc/ddrps_v1_2/src -s include  "SHELL=CMD" "COMPILER=arm-none-eabi-gcc" "ASSEMBLER=arm-none-eabi-as" 
TRACE::2026-05-13.15:00:39::SCWMssOS::"ARCHIVER=arm-none-eabi-ar" "COMPILER_FLAGS=  -O2 -c" "EXTRA_COMPILER_FLAGS=-mcpu=cortex-a9 -mfpu=vfpv3 -mfloat-abi=hard -nosta
TRACE::2026-05-13.15:00:39::SCWMssOS::rtfiles -g -Wall -Wextra"

TRACE::2026-05-13.15:00:39::SCWMssOS::"Running Make include in ps7_cortexa9_0/libsrc/devcfg_v3_7/src"

TRACE::2026-05-13.15:00:39::SCWMssOS::make -C ps7_cortexa9_0/libsrc/devcfg_v3_7/src -s include  "SHELL=CMD" "COMPILER=arm-none-eabi-gcc" "ASSEMBLER=arm-none-eabi-as"
TRACE::2026-05-13.15:00:39::SCWMssOS:: "ARCHIVER=arm-none-eabi-ar" "COMPILER_FLAGS=  -O2 -c" "EXTRA_COMPILER_FLAGS=-mcpu=cortex-a9 -mfpu=vfpv3 -mfloat-abi=hard -nost
TRACE::2026-05-13.15:00:39::SCWMssOS::artfiles -g -Wall -Wextra"

TRACE::2026-05-13.15:00:39::SCWMssOS::"Running Make include in ps7_cortexa9_0/libsrc/dmaps_v2_7/src"

TRACE::2026-05-13.15:00:40::SCWMssOS::make -C ps7_cortexa9_0/libsrc/dmaps_v2_7/src -s include  "SHELL=CMD" "COMPILER=arm-none-eabi-gcc" "ASSEMBLER=arm-none-eabi-as" 
TRACE::2026-05-13.15:00:40::SCWMssOS::"ARCHIVER=arm-none-eabi-ar" "COMPILER_FLAGS=  -O2 -c" "EXTRA_COMPILER_FLAGS=-mcpu=cortex-a9 -mfpu=vfpv3 -mfloat-abi=hard -nosta
TRACE::2026-05-13.15:00:40::SCWMssOS::rtfiles -g -Wall -Wextra"

TRACE::2026-05-13.15:00:40::SCWMssOS::"Running Make include in ps7_cortexa9_0/libsrc/scugic_v4_3/src"

TRACE::2026-05-13.15:00:40::SCWMssOS::make -C ps7_cortexa9_0/libsrc/scugic_v4_3/src -s include  "SHELL=CMD" "COMPILER=arm-none-eabi-gcc" "ASSEMBLER=arm-none-eabi-as"
TRACE::2026-05-13.15:00:40::SCWMssOS:: "ARCHIVER=arm-none-eabi-ar" "COMPILER_FLAGS=  -O2 -c" "EXTRA_COMPILER_FLAGS=-mcpu=cortex-a9 -mfpu=vfpv3 -mfloat-abi=hard -nost
TRACE::2026-05-13.15:00:40::SCWMssOS::artfiles -g -Wall -Wextra"

TRACE::2026-05-13.15:00:40::SCWMssOS::"Running Make include in ps7_cortexa9_0/libsrc/scutimer_v2_3/src"

TRACE::2026-05-13.15:00:40::SCWMssOS::make -C ps7_cortexa9_0/libsrc/scutimer_v2_3/src -s include  "SHELL=CMD" "COMPILER=arm-none-eabi-gcc" "ASSEMBLER=arm-none-eabi-a
TRACE::2026-05-13.15:00:40::SCWMssOS::s" "ARCHIVER=arm-none-eabi-ar" "COMPILER_FLAGS=  -O2 -c" "EXTRA_COMPILER_FLAGS=-mcpu=cortex-a9 -mfpu=vfpv3 -mfloat-abi=hard -no
TRACE::2026-05-13.15:00:40::SCWMssOS::startfiles -g -Wall -Wextra"

TRACE::2026-05-13.15:00:40::SCWMssOS::"Running Make include in ps7_cortexa9_0/libsrc/scuwdt_v2_3/src"

TRACE::2026-05-13.15:00:40::SCWMssOS::make -C ps7_cortexa9_0/libsrc/scuwdt_v2_3/src -s include  "SHELL=CMD" "COMPILER=arm-none-eabi-gcc" "ASSEMBLER=arm-none-eabi-as"
TRACE::2026-05-13.15:00:40::SCWMssOS:: "ARCHIVER=arm-none-eabi-ar" "COMPILER_FLAGS=  -O2 -c" "EXTRA_COMPILER_FLAGS=-mcpu=cortex-a9 -mfpu=vfpv3 -mfloat-abi=hard -nost
TRACE::2026-05-13.15:00:40::SCWMssOS::artfiles -g -Wall -Wextra"

TRACE::2026-05-13.15:00:40::SCWMssOS::"Running Make include in ps7_cortexa9_0/libsrc/sdps_v3_10/src"

TRACE::2026-05-13.15:00:40::SCWMssOS::make -C ps7_cortexa9_0/libsrc/sdps_v3_10/src -s include  "SHELL=CMD" "COMPILER=arm-none-eabi-gcc" "ASSEMBLER=arm-none-eabi-as" 
TRACE::2026-05-13.15:00:40::SCWMssOS::"ARCHIVER=arm-none-eabi-ar" "COMPILER_FLAGS=  -O2 -c" "EXTRA_COMPILER_FLAGS=-mcpu=cortex-a9 -mfpu=vfpv3 -mfloat-abi=hard -nosta
TRACE::2026-05-13.15:00:40::SCWMssOS::rtfiles -g -Wall -Wextra"

TRACE::2026-05-13.15:00:40::SCWMssOS::"Running Make include in ps7_cortexa9_0/libsrc/standalone_v7_3/src"

TRACE::2026-05-13.15:00:40::SCWMssOS::make -C ps7_cortexa9_0/libsrc/standalone_v7_3/src -s include  "SHELL=CMD" "COMPILER=arm-none-eabi-gcc" "ASSEMBLER=arm-none-eabi
TRACE::2026-05-13.15:00:40::SCWMssOS::-as" "ARCHIVER=arm-none-eabi-ar" "COMPILER_FLAGS=  -O2 -c" "EXTRA_COMPILER_FLAGS=-mcpu=cortex-a9 -mfpu=vfpv3 -mfloat-abi=hard -
TRACE::2026-05-13.15:00:40::SCWMssOS::nostartfiles -g -Wall -Wextra"

TRACE::2026-05-13.15:00:40::SCWMssOS::"Running Make include in ps7_cortexa9_0/libsrc/uartps_v3_10/src"

TRACE::2026-05-13.15:00:40::SCWMssOS::make -C ps7_cortexa9_0/libsrc/uartps_v3_10/src -s include  "SHELL=CMD" "COMPILER=arm-none-eabi-gcc" "ASSEMBLER=arm-none-eabi-as
TRACE::2026-05-13.15:00:40::SCWMssOS::" "ARCHIVER=arm-none-eabi-ar" "COMPILER_FLAGS=  -O2 -c" "EXTRA_COMPILER_FLAGS=-mcpu=cortex-a9 -mfpu=vfpv3 -mfloat-abi=hard -nos
TRACE::2026-05-13.15:00:40::SCWMssOS::tartfiles -g -Wall -Wextra"

TRACE::2026-05-13.15:00:40::SCWMssOS::"Running Make include in ps7_cortexa9_0/libsrc/vtc_v8_3/src"

TRACE::2026-05-13.15:00:40::SCWMssOS::make -C ps7_cortexa9_0/libsrc/vtc_v8_3/src -s include  "SHELL=CMD" "COMPILER=arm-none-eabi-gcc" "ASSEMBLER=arm-none-eabi-as" "A
TRACE::2026-05-13.15:00:40::SCWMssOS::RCHIVER=arm-none-eabi-ar" "COMPILER_FLAGS=  -O2 -c" "EXTRA_COMPILER_FLAGS=-mcpu=cortex-a9 -mfpu=vfpv3 -mfloat-abi=hard -nostart
TRACE::2026-05-13.15:00:40::SCWMssOS::files -g -Wall -Wextra"

TRACE::2026-05-13.15:00:40::SCWMssOS::"Running Make include in ps7_cortexa9_0/libsrc/xadcps_v2_5/src"

TRACE::2026-05-13.15:00:40::SCWMssOS::make -C ps7_cortexa9_0/libsrc/xadcps_v2_5/src -s include  "SHELL=CMD" "COMPILER=arm-none-eabi-gcc" "ASSEMBLER=arm-none-eabi-as"
TRACE::2026-05-13.15:00:40::SCWMssOS:: "ARCHIVER=arm-none-eabi-ar" "COMPILER_FLAGS=  -O2 -c" "EXTRA_COMPILER_FLAGS=-mcpu=cortex-a9 -mfpu=vfpv3 -mfloat-abi=hard -nost
TRACE::2026-05-13.15:00:40::SCWMssOS::artfiles -g -Wall -Wextra"

TRACE::2026-05-13.15:00:40::SCWMssOS::"Running Make libs in ps7_cortexa9_0/libsrc/axivdma_v6_8/src"

TRACE::2026-05-13.15:00:40::SCWMssOS::make -C ps7_cortexa9_0/libsrc/axivdma_v6_8/src -s libs  "SHELL=CMD" "COMPILER=arm-none-eabi-gcc" "ASSEMBLER=arm-none-eabi-as" "
TRACE::2026-05-13.15:00:40::SCWMssOS::ARCHIVER=arm-none-eabi-ar" "COMPILER_FLAGS=  -O2 -c" "EXTRA_COMPILER_FLAGS=-mcpu=cortex-a9 -mfpu=vfpv3 -mfloat-abi=hard -nostar
TRACE::2026-05-13.15:00:40::SCWMssOS::tfiles -g -Wall -Wextra"

TRACE::2026-05-13.15:00:40::SCWMssOS::"Running Make libs in ps7_cortexa9_0/libsrc/coresightps_dcc_v1_8/src"

TRACE::2026-05-13.15:00:40::SCWMssOS::make -C ps7_cortexa9_0/libsrc/coresightps_dcc_v1_8/src -s libs  "SHELL=CMD" "COMPILER=arm-none-eabi-gcc" "ASSEMBLER=arm-none-ea
TRACE::2026-05-13.15:00:40::SCWMssOS::bi-as" "ARCHIVER=arm-none-eabi-ar" "COMPILER_FLAGS=  -O2 -c" "EXTRA_COMPILER_FLAGS=-mcpu=cortex-a9 -mfpu=vfpv3 -mfloat-abi=hard
TRACE::2026-05-13.15:00:40::SCWMssOS:: -nostartfiles -g -Wall -Wextra"

TRACE::2026-05-13.15:00:40::SCWMssOS::"Running Make libs in ps7_cortexa9_0/libsrc/cpu_cortexa9_v2_10/src"

TRACE::2026-05-13.15:00:40::SCWMssOS::make -C ps7_cortexa9_0/libsrc/cpu_cortexa9_v2_10/src -s libs  "SHELL=CMD" "COMPILER=arm-none-eabi-gcc" "ASSEMBLER=arm-none-eabi
TRACE::2026-05-13.15:00:40::SCWMssOS::-as" "ARCHIVER=arm-none-eabi-ar" "COMPILER_FLAGS=  -O2 -c" "EXTRA_COMPILER_FLAGS=-mcpu=cortex-a9 -mfpu=vfpv3 -mfloat-abi=hard -
TRACE::2026-05-13.15:00:40::SCWMssOS::nostartfiles -g -Wall -Wextra"

TRACE::2026-05-13.15:00:40::SCWMssOS::"Running Make libs in ps7_cortexa9_0/libsrc/ddrps_v1_2/src"

TRACE::2026-05-13.15:00:40::SCWMssOS::make -C ps7_cortexa9_0/libsrc/ddrps_v1_2/src -s libs  "SHELL=CMD" "COMPILER=arm-none-eabi-gcc" "ASSEMBLER=arm-none-eabi-as" "AR
TRACE::2026-05-13.15:00:40::SCWMssOS::CHIVER=arm-none-eabi-ar" "COMPILER_FLAGS=  -O2 -c" "EXTRA_COMPILER_FLAGS=-mcpu=cortex-a9 -mfpu=vfpv3 -mfloat-abi=hard -nostartf
TRACE::2026-05-13.15:00:40::SCWMssOS::iles -g -Wall -Wextra"

TRACE::2026-05-13.15:00:40::SCWMssOS::"Running Make libs in ps7_cortexa9_0/libsrc/devcfg_v3_7/src"

TRACE::2026-05-13.15:00:40::SCWMssOS::make -C ps7_cortexa9_0/libsrc/devcfg_v3_7/src -s libs  "SHELL=CMD" "COMPILER=arm-none-eabi-gcc" "ASSEMBLER=arm-none-eabi-as" "A
TRACE::2026-05-13.15:00:40::SCWMssOS::RCHIVER=arm-none-eabi-ar" "COMPILER_FLAGS=  -O2 -c" "EXTRA_COMPILER_FLAGS=-mcpu=cortex-a9 -mfpu=vfpv3 -mfloat-abi=hard -nostart
TRACE::2026-05-13.15:00:40::SCWMssOS::files -g -Wall -Wextra"

TRACE::2026-05-13.15:00:40::SCWMssOS::"Running Make libs in ps7_cortexa9_0/libsrc/dmaps_v2_7/src"

TRACE::2026-05-13.15:00:40::SCWMssOS::make -C ps7_cortexa9_0/libsrc/dmaps_v2_7/src -s libs  "SHELL=CMD" "COMPILER=arm-none-eabi-gcc" "ASSEMBLER=arm-none-eabi-as" "AR
TRACE::2026-05-13.15:00:40::SCWMssOS::CHIVER=arm-none-eabi-ar" "COMPILER_FLAGS=  -O2 -c" "EXTRA_COMPILER_FLAGS=-mcpu=cortex-a9 -mfpu=vfpv3 -mfloat-abi=hard -nostartf
TRACE::2026-05-13.15:00:40::SCWMssOS::iles -g -Wall -Wextra"

TRACE::2026-05-13.15:00:40::SCWMssOS::"Running Make libs in ps7_cortexa9_0/libsrc/scugic_v4_3/src"

TRACE::2026-05-13.15:00:40::SCWMssOS::make -C ps7_cortexa9_0/libsrc/scugic_v4_3/src -s libs  "SHELL=CMD" "COMPILER=arm-none-eabi-gcc" "ASSEMBLER=arm-none-eabi-as" "A
TRACE::2026-05-13.15:00:40::SCWMssOS::RCHIVER=arm-none-eabi-ar" "COMPILER_FLAGS=  -O2 -c" "EXTRA_COMPILER_FLAGS=-mcpu=cortex-a9 -mfpu=vfpv3 -mfloat-abi=hard -nostart
TRACE::2026-05-13.15:00:40::SCWMssOS::files -g -Wall -Wextra"

TRACE::2026-05-13.15:00:40::SCWMssOS::"Running Make libs in ps7_cortexa9_0/libsrc/scutimer_v2_3/src"

TRACE::2026-05-13.15:00:40::SCWMssOS::make -C ps7_cortexa9_0/libsrc/scutimer_v2_3/src -s libs  "SHELL=CMD" "COMPILER=arm-none-eabi-gcc" "ASSEMBLER=arm-none-eabi-as" 
TRACE::2026-05-13.15:00:40::SCWMssOS::"ARCHIVER=arm-none-eabi-ar" "COMPILER_FLAGS=  -O2 -c" "EXTRA_COMPILER_FLAGS=-mcpu=cortex-a9 -mfpu=vfpv3 -mfloat-abi=hard -nosta
TRACE::2026-05-13.15:00:40::SCWMssOS::rtfiles -g -Wall -Wextra"

TRACE::2026-05-13.15:00:40::SCWMssOS::"Running Make libs in ps7_cortexa9_0/libsrc/scuwdt_v2_3/src"

TRACE::2026-05-13.15:00:40::SCWMssOS::make -C ps7_cortexa9_0/libsrc/scuwdt_v2_3/src -s libs  "SHELL=CMD" "COMPILER=arm-none-eabi-gcc" "ASSEMBLER=arm-none-eabi-as" "A
TRACE::2026-05-13.15:00:40::SCWMssOS::RCHIVER=arm-none-eabi-ar" "COMPILER_FLAGS=  -O2 -c" "EXTRA_COMPILER_FLAGS=-mcpu=cortex-a9 -mfpu=vfpv3 -mfloat-abi=hard -nostart
TRACE::2026-05-13.15:00:40::SCWMssOS::files -g -Wall -Wextra"

TRACE::2026-05-13.15:00:40::SCWMssOS::"Running Make libs in ps7_cortexa9_0/libsrc/sdps_v3_10/src"

TRACE::2026-05-13.15:00:40::SCWMssOS::make -C ps7_cortexa9_0/libsrc/sdps_v3_10/src -s libs  "SHELL=CMD" "COMPILER=arm-none-eabi-gcc" "ASSEMBLER=arm-none-eabi-as" "AR
TRACE::2026-05-13.15:00:40::SCWMssOS::CHIVER=arm-none-eabi-ar" "COMPILER_FLAGS=  -O2 -c" "EXTRA_COMPILER_FLAGS=-mcpu=cortex-a9 -mfpu=vfpv3 -mfloat-abi=hard -nostartf
TRACE::2026-05-13.15:00:40::SCWMssOS::iles -g -Wall -Wextra"

TRACE::2026-05-13.15:00:40::SCWMssOS::"Running Make libs in ps7_cortexa9_0/libsrc/standalone_v7_3/src"

TRACE::2026-05-13.15:00:40::SCWMssOS::make -C ps7_cortexa9_0/libsrc/standalone_v7_3/src -s libs  "SHELL=CMD" "COMPILER=arm-none-eabi-gcc" "ASSEMBLER=arm-none-eabi-as
TRACE::2026-05-13.15:00:40::SCWMssOS::" "ARCHIVER=arm-none-eabi-ar" "COMPILER_FLAGS=  -O2 -c" "EXTRA_COMPILER_FLAGS=-mcpu=cortex-a9 -mfpu=vfpv3 -mfloat-abi=hard -nos
TRACE::2026-05-13.15:00:40::SCWMssOS::tartfiles -g -Wall -Wextra"

TRACE::2026-05-13.15:00:40::SCWMssOS::"Running Make libs in ps7_cortexa9_0/libsrc/uartps_v3_10/src"

TRACE::2026-05-13.15:00:40::SCWMssOS::make -C ps7_cortexa9_0/libsrc/uartps_v3_10/src -s libs  "SHELL=CMD" "COMPILER=arm-none-eabi-gcc" "ASSEMBLER=arm-none-eabi-as" "
TRACE::2026-05-13.15:00:40::SCWMssOS::ARCHIVER=arm-none-eabi-ar" "COMPILER_FLAGS=  -O2 -c" "EXTRA_COMPILER_FLAGS=-mcpu=cortex-a9 -mfpu=vfpv3 -mfloat-abi=hard -nostar
TRACE::2026-05-13.15:00:40::SCWMssOS::tfiles -g -Wall -Wextra"

TRACE::2026-05-13.15:00:40::SCWMssOS::"Running Make libs in ps7_cortexa9_0/libsrc/vtc_v8_3/src"

TRACE::2026-05-13.15:00:40::SCWMssOS::make -C ps7_cortexa9_0/libsrc/vtc_v8_3/src -s libs  "SHELL=CMD" "COMPILER=arm-none-eabi-gcc" "ASSEMBLER=arm-none-eabi-as" "ARCH
TRACE::2026-05-13.15:00:40::SCWMssOS::IVER=arm-none-eabi-ar" "COMPILER_FLAGS=  -O2 -c" "EXTRA_COMPILER_FLAGS=-mcpu=cortex-a9 -mfpu=vfpv3 -mfloat-abi=hard -nostartfil
TRACE::2026-05-13.15:00:40::SCWMssOS::es -g -Wall -Wextra"

TRACE::2026-05-13.15:00:40::SCWMssOS::"Running Make libs in ps7_cortexa9_0/libsrc/xadcps_v2_5/src"

TRACE::2026-05-13.15:00:40::SCWMssOS::make -C ps7_cortexa9_0/libsrc/xadcps_v2_5/src -s libs  "SHELL=CMD" "COMPILER=arm-none-eabi-gcc" "ASSEMBLER=arm-none-eabi-as" "A
TRACE::2026-05-13.15:00:40::SCWMssOS::RCHIVER=arm-none-eabi-ar" "COMPILER_FLAGS=  -O2 -c" "EXTRA_COMPILER_FLAGS=-mcpu=cortex-a9 -mfpu=vfpv3 -mfloat-abi=hard -nostart
TRACE::2026-05-13.15:00:40::SCWMssOS::files -g -Wall -Wextra"

TRACE::2026-05-13.15:00:41::SCWMssOS::'Finished building libraries parallelly.'

TRACE::2026-05-13.15:00:41::SCWMssOS::make --no-print-directory archive

TRACE::2026-05-13.15:00:41::SCWMssOS::arm-none-eabi-ar -r  ps7_cortexa9_0/lib/libxil.a ps7_cortexa9_0/lib/xadcps_selftest.o ps7_cortexa9_0/lib/usleep.o ps7_cortexa9_
TRACE::2026-05-13.15:00:41::SCWMssOS::0/lib/kill.o ps7_cortexa9_0/lib/xscuwdt.o ps7_cortexa9_0/lib/xplatform_info.o ps7_cortexa9_0/lib/print.o ps7_cortexa9_0/lib/xsc
TRACE::2026-05-13.15:00:41::SCWMssOS::utimer.o ps7_cortexa9_0/lib/xsdps_card.o ps7_cortexa9_0/lib/xvtc_selftest.o ps7_cortexa9_0/lib/xil_testio.o ps7_cortexa9_0/lib/
TRACE::2026-05-13.15:00:41::SCWMssOS::isatty.o ps7_cortexa9_0/lib/sleep.o ps7_cortexa9_0/lib/xdevcfg_hw.o ps7_cortexa9_0/lib/xadcps_intr.o ps7_cortexa9_0/lib/xpm_cou
TRACE::2026-05-13.15:00:41::SCWMssOS::nter.o ps7_cortexa9_0/lib/xdmaps_g.o ps7_cortexa9_0/lib/xscutimer_g.o ps7_cortexa9_0/lib/xdmaps_sinit.o ps7_cortexa9_0/lib/xscu
TRACE::2026-05-13.15:00:41::SCWMssOS::timer_sinit.o ps7_cortexa9_0/lib/xil_cache.o ps7_cortexa9_0/lib/inbyte.o ps7_cortexa9_0/lib/xsdps_options.o ps7_cortexa9_0/lib/
TRACE::2026-05-13.15:00:41::SCWMssOS::xdmaps_selftest.o ps7_cortexa9_0/lib/xscutimer_selftest.o ps7_cortexa9_0/lib/xil_misc_psreset_api.o ps7_cortexa9_0/lib/cpputest
TRACE::2026-05-13.15:00:41::SCWMssOS::_time.o ps7_cortexa9_0/lib/xsdps.o ps7_cortexa9_0/lib/close.o ps7_cortexa9_0/lib/xuartps_g.o ps7_cortexa9_0/lib/xil_mmu.o ps7_c
TRACE::2026-05-13.15:00:41::SCWMssOS::ortexa9_0/lib/xscugic_hw.o ps7_cortexa9_0/lib/xuartps_sinit.o ps7_cortexa9_0/lib/translation_table.o ps7_cortexa9_0/lib/xaxivdm
TRACE::2026-05-13.15:00:41::SCWMssOS::a_g.o ps7_cortexa9_0/lib/xvtc.o ps7_cortexa9_0/lib/write.o ps7_cortexa9_0/lib/boot.o ps7_cortexa9_0/lib/xaxivdma_sinit.o ps7_co
TRACE::2026-05-13.15:00:41::SCWMssOS::rtexa9_0/lib/cpu_init.o ps7_cortexa9_0/lib/xscugic_g.o ps7_cortexa9_0/lib/xil_util.o ps7_cortexa9_0/lib/xsdps_sinit.o ps7_corte
TRACE::2026-05-13.15:00:41::SCWMssOS::xa9_0/lib/xaxivdma_selftest.o ps7_cortexa9_0/lib/xil_sleepcommon.o ps7_cortexa9_0/lib/xil_printf.o ps7_cortexa9_0/lib/unlink.o 
TRACE::2026-05-13.15:00:41::SCWMssOS::ps7_cortexa9_0/lib/xadcps.o ps7_cortexa9_0/lib/xdmaps_hw.o ps7_cortexa9_0/lib/xscugic_intr.o ps7_cortexa9_0/lib/xscugic_sinit.o
TRACE::2026-05-13.15:00:41::SCWMssOS:: ps7_cortexa9_0/lib/xil_sleeptimer.o ps7_cortexa9_0/lib/fcntl.o ps7_cortexa9_0/lib/open.o ps7_cortexa9_0/lib/_exit.o ps7_cortex
TRACE::2026-05-13.15:00:41::SCWMssOS::a9_0/lib/outbyte.o ps7_cortexa9_0/lib/xuartps_selftest.o ps7_cortexa9_0/lib/xuartps_hw.o ps7_cortexa9_0/lib/lseek.o ps7_cortexa
TRACE::2026-05-13.15:00:41::SCWMssOS::9_0/lib/read.o ps7_cortexa9_0/lib/xil_testmem.o ps7_cortexa9_0/lib/xtime_l.o ps7_cortexa9_0/lib/xl2cc_counter.o ps7_cortexa9_0/
TRACE::2026-05-13.15:00:41::SCWMssOS::lib/asm_vectors.o ps7_cortexa9_0/lib/abort.o ps7_cortexa9_0/lib/xdevcfg_g.o ps7_cortexa9_0/lib/xuartps_intr.o ps7_cortexa9_0/li
TRACE::2026-05-13.15:00:41::SCWMssOS::b/xuartps.o ps7_cortexa9_0/lib/getpid.o ps7_cortexa9_0/lib/xil_testcache.o ps7_cortexa9_0/lib/xdevcfg_sinit.o ps7_cortexa9_0/li
TRACE::2026-05-13.15:00:41::SCWMssOS::b/xdmaps.o ps7_cortexa9_0/lib/xaxivdma_channel.o ps7_cortexa9_0/lib/xdevcfg_selftest.o ps7_cortexa9_0/lib/xvtc_intr.o ps7_corte
TRACE::2026-05-13.15:00:41::SCWMssOS::xa9_0/lib/xvtc_sinit.o ps7_cortexa9_0/lib/_open.o ps7_cortexa9_0/lib/xscuwdt_sinit.o ps7_cortexa9_0/lib/sbrk.o ps7_cortexa9_0/l
TRACE::2026-05-13.15:00:41::SCWMssOS::ib/xaxivdma.o ps7_cortexa9_0/lib/xsdps_g.o ps7_cortexa9_0/lib/fstat.o ps7_cortexa9_0/lib/xscuwdt_g.o ps7_cortexa9_0/lib/errno.o
TRACE::2026-05-13.15:00:41::SCWMssOS:: ps7_cortexa9_0/lib/xdevcfg_intr.o ps7_cortexa9_0/lib/xuartps_options.o ps7_cortexa9_0/lib/_sbrk.o ps7_cortexa9_0/lib/vectors.o
TRACE::2026-05-13.15:00:41::SCWMssOS:: ps7_cortexa9_0/lib/xil_exception.o ps7_cortexa9_0/lib/xvtc_g.o ps7_cortexa9_0/lib/putnum.o ps7_cortexa9_0/lib/xil_clocking.o p
TRACE::2026-05-13.15:00:41::SCWMssOS::s7_cortexa9_0/lib/xil_assert.o ps7_cortexa9_0/lib/xaxivdma_intr.o ps7_cortexa9_0/lib/xscuwdt_selftest.o ps7_cortexa9_0/lib/xsdp
TRACE::2026-05-13.15:00:41::SCWMssOS::s_host.o ps7_cortexa9_0/lib/xcoresightpsdcc.o ps7_cortexa9_0/lib/xscugic.o ps7_cortexa9_0/lib/xadcps_g.o ps7_cortexa9_0/lib/xsc
TRACE::2026-05-13.15:00:41::SCWMssOS::ugic_selftest.o ps7_cortexa9_0/lib/xil-crt0.o ps7_cortexa9_0/lib/xadcps_sinit.o ps7_cortexa9_0/lib/xil_mem.o ps7_cortexa9_0/lib
TRACE::2026-05-13.15:00:41::SCWMssOS::/xdevcfg.o

TRACE::2026-05-13.15:00:41::SCWMssOS::'Finished building libraries'

TRACE::2026-05-13.15:00:41::SCWMssOS::Copying to export directory.
TRACE::2026-05-13.15:00:41::SCWMssOS:: Checking if to create the Supporting Applications
TRACE::2026-05-13.15:00:41::SCWMssOS:: No Linux domain exists, trying to generate FSBL 
LOG::2026-05-13.15:00:41::SCWSystem::Completed Processing the domain standalone_ps7_cortexa9_0
LOG::2026-05-13.15:00:41::SCWSystem::Completed Processing the sysconfig system_wrapper
LOG::2026-05-13.15:00:41::SCWPlatform::Completed generating the artifacts for system configuration system_wrapper
TRACE::2026-05-13.15:00:41::SCWPlatform::Started preparing the platform 
TRACE::2026-05-13.15:00:41::SCWSystem::Writing the bif file for system config system_wrapper
TRACE::2026-05-13.15:00:41::SCWSystem::dir created 
TRACE::2026-05-13.15:00:41::SCWSystem::Writing the bif 
TRACE::2026-05-13.15:00:41::SCWPlatform::Started writing the spfm file 
TRACE::2026-05-13.15:00:41::SCWPlatform::Started writing the xpfm file 
TRACE::2026-05-13.15:00:41::SCWPlatform::Completed generating the platform
TRACE::2026-05-13.15:00:41::SCWMssOS::Saving the mss changes D:/Zynq/vitis/version_2020/24_01_sd_bmp_hdmi/vitis/system_wrapper/zynq_fsbl/zynq_fsbl_bsp/system.mss
TRACE::2026-05-13.15:00:41::SCWMssOS::Found a swdesign opened with the mssfile.
TRACE::2026-05-13.15:00:41::SCWMssOS::Completed writemss as part of save.
TRACE::2026-05-13.15:00:41::SCWMssOS::Commit changes completed.
TRACE::2026-05-13.15:00:41::SCWMssOS::Saving the mss changes D:/Zynq/vitis/version_2020/24_01_sd_bmp_hdmi/vitis/system_wrapper/ps7_cortexa9_0/standalone_ps7_cortexa9_0/bsp/system.mss
TRACE::2026-05-13.15:00:41::SCWMssOS::Found a swdesign opened with the mssfile.
TRACE::2026-05-13.15:00:41::SCWMssOS::Completed writemss as part of save.
TRACE::2026-05-13.15:00:41::SCWMssOS::Commit changes completed.
TRACE::2026-05-13.15:00:41::SCWPlatform::Trying to open the hw design at D:/Zynq/vitis/version_2020/24_01_sd_bmp_hdmi/vitis/system_wrapper/hw/system_wrapper.xsa
TRACE::2026-05-13.15:00:41::SCWPlatform::DSA given D:/Zynq/vitis/version_2020/24_01_sd_bmp_hdmi/vitis/system_wrapper/hw/system_wrapper.xsa
TRACE::2026-05-13.15:00:41::SCWPlatform::DSA absoulate path D:/Zynq/vitis/version_2020/24_01_sd_bmp_hdmi/vitis/system_wrapper/hw/system_wrapper.xsa
TRACE::2026-05-13.15:00:41::SCWPlatform::DSA directory D:/Zynq/vitis/version_2020/24_01_sd_bmp_hdmi/vitis/system_wrapper/hw
TRACE::2026-05-13.15:00:41::SCWPlatform:: Platform Path D:/Zynq/vitis/version_2020/24_01_sd_bmp_hdmi/vitis/system_wrapper/hw/system_wrapper.xsa
TRACE::2026-05-13.15:00:41::SCWPlatform:: Unique name xilinx:::0.0
TRACE::2026-05-13.15:00:41::SCWPlatform::Trying to set the existing hwdb with name system_wrapper_0
TRACE::2026-05-13.15:00:41::SCWPlatform::Opened existing hwdb system_wrapper_0
TRACE::2026-05-13.15:00:41::SCWPlatform::Found the Hw Db part of the input DSA
TRACE::2026-05-13.15:00:41::SCWMssOS::Checking the sw design at  D:/Zynq/vitis/version_2020/24_01_sd_bmp_hdmi/vitis/system_wrapper/zynq_fsbl/zynq_fsbl_bsp/system.mss
TRACE::2026-05-13.15:00:41::SCWMssOS::DEBUG:  swdes dump  D:/Zynq/vitis/version_2020/24_01_sd_bmp_hdmi/vitis/system_wrapper/ps7_cortexa9_0/standalone_ps7_cortexa9_0/bsp/system.mss|system_0||
D:/Zynq/vitis/version_2020/24_01_sd_bmp_hdmi/vitis/system_wrapper/zynq_fsbl/zynq_fsbl_bsp/system.mss|system||

TRACE::2026-05-13.15:00:41::SCWMssOS::Sw design exists and opened at  D:/Zynq/vitis/version_2020/24_01_sd_bmp_hdmi/vitis/system_wrapper/zynq_fsbl/zynq_fsbl_bsp/system.mss
TRACE::2026-05-13.15:00:41::SCWPlatform::Trying to open the hw design at D:/Zynq/vitis/version_2020/24_01_sd_bmp_hdmi/vitis/system_wrapper/hw/system_wrapper.xsa
TRACE::2026-05-13.15:00:41::SCWPlatform::DSA given D:/Zynq/vitis/version_2020/24_01_sd_bmp_hdmi/vitis/system_wrapper/hw/system_wrapper.xsa
TRACE::2026-05-13.15:00:41::SCWPlatform::DSA absoulate path D:/Zynq/vitis/version_2020/24_01_sd_bmp_hdmi/vitis/system_wrapper/hw/system_wrapper.xsa
TRACE::2026-05-13.15:00:41::SCWPlatform::DSA directory D:/Zynq/vitis/version_2020/24_01_sd_bmp_hdmi/vitis/system_wrapper/hw
TRACE::2026-05-13.15:00:41::SCWPlatform:: Platform Path D:/Zynq/vitis/version_2020/24_01_sd_bmp_hdmi/vitis/system_wrapper/hw/system_wrapper.xsa
TRACE::2026-05-13.15:00:41::SCWPlatform:: Unique name xilinx:::0.0
TRACE::2026-05-13.15:00:41::SCWPlatform::Trying to set the existing hwdb with name system_wrapper_0
TRACE::2026-05-13.15:00:41::SCWPlatform::Opened existing hwdb system_wrapper_0
TRACE::2026-05-13.15:00:41::SCWPlatform::Found the Hw Db part of the input DSA
TRACE::2026-05-13.15:00:41::SCWMssOS::Checking the sw design at  D:/Zynq/vitis/version_2020/24_01_sd_bmp_hdmi/vitis/system_wrapper/zynq_fsbl/zynq_fsbl_bsp/system.mss
TRACE::2026-05-13.15:00:41::SCWMssOS::DEBUG:  swdes dump  D:/Zynq/vitis/version_2020/24_01_sd_bmp_hdmi/vitis/system_wrapper/ps7_cortexa9_0/standalone_ps7_cortexa9_0/bsp/system.mss|system_0||
D:/Zynq/vitis/version_2020/24_01_sd_bmp_hdmi/vitis/system_wrapper/zynq_fsbl/zynq_fsbl_bsp/system.mss|system||

TRACE::2026-05-13.15:00:41::SCWMssOS::Sw design exists and opened at  D:/Zynq/vitis/version_2020/24_01_sd_bmp_hdmi/vitis/system_wrapper/zynq_fsbl/zynq_fsbl_bsp/system.mss
TRACE::2026-05-13.15:00:41::SCWPlatform::Trying to open the hw design at D:/Zynq/vitis/version_2020/24_01_sd_bmp_hdmi/vitis/system_wrapper/hw/system_wrapper.xsa
TRACE::2026-05-13.15:00:41::SCWPlatform::DSA given D:/Zynq/vitis/version_2020/24_01_sd_bmp_hdmi/vitis/system_wrapper/hw/system_wrapper.xsa
TRACE::2026-05-13.15:00:41::SCWPlatform::DSA absoulate path D:/Zynq/vitis/version_2020/24_01_sd_bmp_hdmi/vitis/system_wrapper/hw/system_wrapper.xsa
TRACE::2026-05-13.15:00:41::SCWPlatform::DSA directory D:/Zynq/vitis/version_2020/24_01_sd_bmp_hdmi/vitis/system_wrapper/hw
TRACE::2026-05-13.15:00:41::SCWPlatform:: Platform Path D:/Zynq/vitis/version_2020/24_01_sd_bmp_hdmi/vitis/system_wrapper/hw/system_wrapper.xsa
TRACE::2026-05-13.15:00:41::SCWPlatform:: Unique name xilinx:::0.0
TRACE::2026-05-13.15:00:41::SCWPlatform::Trying to set the existing hwdb with name system_wrapper_0
TRACE::2026-05-13.15:00:41::SCWPlatform::Opened existing hwdb system_wrapper_0
TRACE::2026-05-13.15:00:41::SCWPlatform::Found the Hw Db part of the input DSA
TRACE::2026-05-13.15:00:41::SCWMssOS::Checking the sw design at  D:/Zynq/vitis/version_2020/24_01_sd_bmp_hdmi/vitis/system_wrapper/zynq_fsbl/zynq_fsbl_bsp/system.mss
TRACE::2026-05-13.15:00:41::SCWMssOS::DEBUG:  swdes dump  D:/Zynq/vitis/version_2020/24_01_sd_bmp_hdmi/vitis/system_wrapper/ps7_cortexa9_0/standalone_ps7_cortexa9_0/bsp/system.mss|system_0||
D:/Zynq/vitis/version_2020/24_01_sd_bmp_hdmi/vitis/system_wrapper/zynq_fsbl/zynq_fsbl_bsp/system.mss|system||

TRACE::2026-05-13.15:00:41::SCWMssOS::Sw design exists and opened at  D:/Zynq/vitis/version_2020/24_01_sd_bmp_hdmi/vitis/system_wrapper/zynq_fsbl/zynq_fsbl_bsp/system.mss
TRACE::2026-05-13.15:00:41::SCWPlatform::Trying to open the hw design at D:/Zynq/vitis/version_2020/24_01_sd_bmp_hdmi/vitis/system_wrapper/hw/system_wrapper.xsa
TRACE::2026-05-13.15:00:41::SCWPlatform::DSA given D:/Zynq/vitis/version_2020/24_01_sd_bmp_hdmi/vitis/system_wrapper/hw/system_wrapper.xsa
TRACE::2026-05-13.15:00:41::SCWPlatform::DSA absoulate path D:/Zynq/vitis/version_2020/24_01_sd_bmp_hdmi/vitis/system_wrapper/hw/system_wrapper.xsa
TRACE::2026-05-13.15:00:41::SCWPlatform::DSA directory D:/Zynq/vitis/version_2020/24_01_sd_bmp_hdmi/vitis/system_wrapper/hw
TRACE::2026-05-13.15:00:41::SCWPlatform:: Platform Path D:/Zynq/vitis/version_2020/24_01_sd_bmp_hdmi/vitis/system_wrapper/hw/system_wrapper.xsa
TRACE::2026-05-13.15:00:41::SCWPlatform:: Unique name xilinx:::0.0
TRACE::2026-05-13.15:00:41::SCWPlatform::Trying to set the existing hwdb with name system_wrapper_0
TRACE::2026-05-13.15:00:41::SCWPlatform::Opened existing hwdb system_wrapper_0
TRACE::2026-05-13.15:00:41::SCWPlatform::Found the Hw Db part of the input DSA
TRACE::2026-05-13.15:00:41::SCWMssOS::Checking the sw design at  D:/Zynq/vitis/version_2020/24_01_sd_bmp_hdmi/vitis/system_wrapper/ps7_cortexa9_0/standalone_ps7_cortexa9_0/bsp/system.mss
TRACE::2026-05-13.15:00:41::SCWMssOS::DEBUG:  swdes dump  D:/Zynq/vitis/version_2020/24_01_sd_bmp_hdmi/vitis/system_wrapper/ps7_cortexa9_0/standalone_ps7_cortexa9_0/bsp/system.mss|system_0||
D:/Zynq/vitis/version_2020/24_01_sd_bmp_hdmi/vitis/system_wrapper/zynq_fsbl/zynq_fsbl_bsp/system.mss|system||

TRACE::2026-05-13.15:00:41::SCWMssOS::Sw design exists and opened at  D:/Zynq/vitis/version_2020/24_01_sd_bmp_hdmi/vitis/system_wrapper/ps7_cortexa9_0/standalone_ps7_cortexa9_0/bsp/system.mss
TRACE::2026-05-13.15:00:41::SCWPlatform::Trying to open the hw design at D:/Zynq/vitis/version_2020/24_01_sd_bmp_hdmi/vitis/system_wrapper/hw/system_wrapper.xsa
TRACE::2026-05-13.15:00:41::SCWPlatform::DSA given D:/Zynq/vitis/version_2020/24_01_sd_bmp_hdmi/vitis/system_wrapper/hw/system_wrapper.xsa
TRACE::2026-05-13.15:00:41::SCWPlatform::DSA absoulate path D:/Zynq/vitis/version_2020/24_01_sd_bmp_hdmi/vitis/system_wrapper/hw/system_wrapper.xsa
TRACE::2026-05-13.15:00:41::SCWPlatform::DSA directory D:/Zynq/vitis/version_2020/24_01_sd_bmp_hdmi/vitis/system_wrapper/hw
TRACE::2026-05-13.15:00:41::SCWPlatform:: Platform Path D:/Zynq/vitis/version_2020/24_01_sd_bmp_hdmi/vitis/system_wrapper/hw/system_wrapper.xsa
TRACE::2026-05-13.15:00:41::SCWPlatform:: Unique name xilinx:::0.0
TRACE::2026-05-13.15:00:41::SCWPlatform::Trying to set the existing hwdb with name system_wrapper_0
TRACE::2026-05-13.15:00:41::SCWPlatform::Opened existing hwdb system_wrapper_0
TRACE::2026-05-13.15:00:41::SCWPlatform::Found the Hw Db part of the input DSA
TRACE::2026-05-13.15:00:41::SCWMssOS::Checking the sw design at  D:/Zynq/vitis/version_2020/24_01_sd_bmp_hdmi/vitis/system_wrapper/ps7_cortexa9_0/standalone_ps7_cortexa9_0/bsp/system.mss
TRACE::2026-05-13.15:00:41::SCWMssOS::DEBUG:  swdes dump  D:/Zynq/vitis/version_2020/24_01_sd_bmp_hdmi/vitis/system_wrapper/ps7_cortexa9_0/standalone_ps7_cortexa9_0/bsp/system.mss|system_0||
D:/Zynq/vitis/version_2020/24_01_sd_bmp_hdmi/vitis/system_wrapper/zynq_fsbl/zynq_fsbl_bsp/system.mss|system||

TRACE::2026-05-13.15:00:41::SCWMssOS::Sw design exists and opened at  D:/Zynq/vitis/version_2020/24_01_sd_bmp_hdmi/vitis/system_wrapper/ps7_cortexa9_0/standalone_ps7_cortexa9_0/bsp/system.mss
TRACE::2026-05-13.15:00:41::SCWPlatform::Trying to open the hw design at D:/Zynq/vitis/version_2020/24_01_sd_bmp_hdmi/vitis/system_wrapper/hw/system_wrapper.xsa
TRACE::2026-05-13.15:00:41::SCWPlatform::DSA given D:/Zynq/vitis/version_2020/24_01_sd_bmp_hdmi/vitis/system_wrapper/hw/system_wrapper.xsa
TRACE::2026-05-13.15:00:41::SCWPlatform::DSA absoulate path D:/Zynq/vitis/version_2020/24_01_sd_bmp_hdmi/vitis/system_wrapper/hw/system_wrapper.xsa
TRACE::2026-05-13.15:00:41::SCWPlatform::DSA directory D:/Zynq/vitis/version_2020/24_01_sd_bmp_hdmi/vitis/system_wrapper/hw
TRACE::2026-05-13.15:00:41::SCWPlatform:: Platform Path D:/Zynq/vitis/version_2020/24_01_sd_bmp_hdmi/vitis/system_wrapper/hw/system_wrapper.xsa
TRACE::2026-05-13.15:00:41::SCWPlatform:: Unique name xilinx:::0.0
TRACE::2026-05-13.15:00:41::SCWPlatform::Trying to set the existing hwdb with name system_wrapper_0
TRACE::2026-05-13.15:00:41::SCWPlatform::Opened existing hwdb system_wrapper_0
TRACE::2026-05-13.15:00:41::SCWPlatform::Found the Hw Db part of the input DSA
TRACE::2026-05-13.15:00:41::SCWMssOS::Checking the sw design at  D:/Zynq/vitis/version_2020/24_01_sd_bmp_hdmi/vitis/system_wrapper/ps7_cortexa9_0/standalone_ps7_cortexa9_0/bsp/system.mss
TRACE::2026-05-13.15:00:41::SCWMssOS::DEBUG:  swdes dump  D:/Zynq/vitis/version_2020/24_01_sd_bmp_hdmi/vitis/system_wrapper/ps7_cortexa9_0/standalone_ps7_cortexa9_0/bsp/system.mss|system_0||
D:/Zynq/vitis/version_2020/24_01_sd_bmp_hdmi/vitis/system_wrapper/zynq_fsbl/zynq_fsbl_bsp/system.mss|system||

TRACE::2026-05-13.15:00:41::SCWMssOS::Sw design exists and opened at  D:/Zynq/vitis/version_2020/24_01_sd_bmp_hdmi/vitis/system_wrapper/ps7_cortexa9_0/standalone_ps7_cortexa9_0/bsp/system.mss
TRACE::2026-05-13.15:00:41::SCWWriter::formatted JSON is {
	"platformName":	"system_wrapper",
	"sprVersion":	"2.0",
	"mode":	"gui",
	"dsaType":	"Fixed",
	"platformDesc":	"system_wrapper",
	"platHandOff":	"<platformDir>.xsa",
	"platIntHandOff":	"<platformDir>/hw/system_wrapper.xsa",
	"deviceType":	"zynq",
	"platIsPrebuiltAutogen":	"false",
	"platIsNoBootBsp":	"false",
	"platFsblTarget":	"ps7_cortexa9_0",
	"hasFsblMakeHasChanges":	"false",
	"hasPmufwMakeHasChanges":	"false",
	"fsblExtraCompilerFlags":	"-MMD -MP       -mcpu=cortex-a9 -mfpu=vfpv3 -mfloat-abi=hard ",
	"platPreBuiltFlag":	false,
	"platformSamplesDir":	"",
	"platActiveSys":	"system_wrapper",
	"systems":	[{
			"systemName":	"system_wrapper",
			"systemDesc":	"system_wrapper",
			"sysIsBootAutoGen":	"true",
			"systemDispName":	"system_wrapper",
			"sysActiveDom":	"standalone_ps7_cortexa9_0",
			"sysDefaultDom":	"standalone_ps7_cortexa9_0",
			"domains":	[{
					"domainName":	"zynq_fsbl",
					"domainDispName":	"zynq_fsbl",
					"domainDesc":	"FSBL Application BSP - Auto Generated.",
					"processors":	"ps7_cortexa9_0",
					"os":	"standalone",
					"sdxOs":	"standalone",
					"debugEnable":	"",
					"domRuntimes":	["cpp"],
					"swRepo":	"",
					"mssOsVer":	"7.3",
					"mssFile":	"",
					"md5Digest":	"f064f1502b86aad8e5076f480f530e93",
					"compatibleApp":	"zynq_fsbl",
					"domType":	"bootDomain",
					"arch":	"32-bit",
					"appSettings":	{
						"appCompilerFlags":	"",
						"appLinkerFlags":	""
					},
					"addedLibs":	["xilffs:4.4", "xilrsa:1.6"],
					"libOptions":	{
						"libsContainingOptions":	[]
					},
					"prebuiltLibs":	{
						"prebuiltIncPath":	[],
						"prebuiltLibPath":	[]
					},
					"isolation":	{
					}
				}, {
					"domainName":	"standalone_ps7_cortexa9_0",
					"domainDispName":	"standalone_ps7_cortexa9_0",
					"domainDesc":	"standalone_ps7_cortexa9_0",
					"processors":	"ps7_cortexa9_0",
					"os":	"standalone",
					"sdxOs":	"standalone",
					"qemuArgs":	"C:/Xilinx/Vitis/2020.2/data/emulation/platforms/zynq/sw/a9_standalone/qemu/qemu_args.txt",
					"qemuData":	"C:/Xilinx/Vitis/2020.2/data/emulation/platforms/zynq/sw/a9_standalone/qemu/",
					"debugEnable":	"False",
					"domRuntimes":	["cpp"],
					"swRepo":	"",
					"mssOsVer":	"7.3",
					"mssFile":	"",
					"md5Digest":	"3bf95608236b1a72e39391af23412f9a",
					"compatibleApp":	"hello_world",
					"domType":	"mssDomain",
					"arch":	"32-bit",
					"appSettings":	{
						"appCompilerFlags":	"",
						"appLinkerFlags":	""
					},
					"addedLibs":	[],
					"libOptions":	{
						"libsContainingOptions":	[]
					},
					"prebuiltLibs":	{
						"prebuiltIncPath":	[],
						"prebuiltLibPath":	[]
					},
					"isolation":	{
					}
				}]
		}]
}
KEYINFO::2026-05-13.15:00:41::SCWPlatform::updated the xpfm file.
TRACE::2026-05-13.15:00:41::SCWPlatform::Trying to open the hw design at D:/Zynq/vitis/version_2020/24_01_sd_bmp_hdmi/vitis/system_wrapper/hw/system_wrapper.xsa
TRACE::2026-05-13.15:00:41::SCWPlatform::DSA given D:/Zynq/vitis/version_2020/24_01_sd_bmp_hdmi/vitis/system_wrapper/hw/system_wrapper.xsa
TRACE::2026-05-13.15:00:41::SCWPlatform::DSA absoulate path D:/Zynq/vitis/version_2020/24_01_sd_bmp_hdmi/vitis/system_wrapper/hw/system_wrapper.xsa
TRACE::2026-05-13.15:00:41::SCWPlatform::DSA directory D:/Zynq/vitis/version_2020/24_01_sd_bmp_hdmi/vitis/system_wrapper/hw
TRACE::2026-05-13.15:00:41::SCWPlatform:: Platform Path D:/Zynq/vitis/version_2020/24_01_sd_bmp_hdmi/vitis/system_wrapper/hw/system_wrapper.xsa
TRACE::2026-05-13.15:00:41::SCWPlatform:: Unique name xilinx:::0.0
TRACE::2026-05-13.15:00:41::SCWPlatform::Trying to set the existing hwdb with name system_wrapper_0
TRACE::2026-05-13.15:00:41::SCWPlatform::Opened existing hwdb system_wrapper_0
TRACE::2026-05-13.15:00:41::SCWPlatform::Found the Hw Db part of the input DSA
TRACE::2026-05-13.15:00:41::SCWMssOS::Checking the sw design at  D:/Zynq/vitis/version_2020/24_01_sd_bmp_hdmi/vitis/system_wrapper/ps7_cortexa9_0/standalone_ps7_cortexa9_0/bsp/system.mss
TRACE::2026-05-13.15:00:41::SCWMssOS::DEBUG:  swdes dump  D:/Zynq/vitis/version_2020/24_01_sd_bmp_hdmi/vitis/system_wrapper/ps7_cortexa9_0/standalone_ps7_cortexa9_0/bsp/system.mss|system_0||
D:/Zynq/vitis/version_2020/24_01_sd_bmp_hdmi/vitis/system_wrapper/zynq_fsbl/zynq_fsbl_bsp/system.mss|system||

TRACE::2026-05-13.15:00:41::SCWMssOS::Sw design exists and opened at  D:/Zynq/vitis/version_2020/24_01_sd_bmp_hdmi/vitis/system_wrapper/ps7_cortexa9_0/standalone_ps7_cortexa9_0/bsp/system.mss
TRACE::2026-05-13.15:00:52::SCWPlatform::Clearing the existing platform
TRACE::2026-05-13.15:00:52::SCWSystem::Clearing the existing sysconfig
TRACE::2026-05-13.15:00:52::SCWBDomain::clearing the fsbl build
TRACE::2026-05-13.15:00:52::SCWMssOS::Removing the swdes entry for  D:/Zynq/vitis/version_2020/24_01_sd_bmp_hdmi/vitis/system_wrapper/zynq_fsbl/zynq_fsbl_bsp/system.mss
TRACE::2026-05-13.15:00:52::SCWMssOS::Removing the swdes entry for  D:/Zynq/vitis/version_2020/24_01_sd_bmp_hdmi/vitis/system_wrapper/ps7_cortexa9_0/standalone_ps7_cortexa9_0/bsp/system.mss
TRACE::2026-05-13.15:00:52::SCWSystem::Clearing the domains completed.
TRACE::2026-05-13.15:00:52::SCWPlatform::Clearing the opened hw db.
TRACE::2026-05-13.15:00:52::SCWPlatform::DSA given D:/Zynq/vitis/version_2020/24_01_sd_bmp_hdmi/vitis/system_wrapper/hw/system_wrapper.xsa
TRACE::2026-05-13.15:00:52::SCWPlatform::DSA absoulate path D:/Zynq/vitis/version_2020/24_01_sd_bmp_hdmi/vitis/system_wrapper/hw/system_wrapper.xsa
TRACE::2026-05-13.15:00:52::SCWPlatform:: Platform location is D:/Zynq/vitis/version_2020/24_01_sd_bmp_hdmi/vitis/system_wrapper/hw
TRACE::2026-05-13.15:00:52::SCWPlatform:: Platform Path D:/Zynq/vitis/version_2020/24_01_sd_bmp_hdmi/vitis/system_wrapper/hw/system_wrapper.xsa
TRACE::2026-05-13.15:00:52::SCWPlatform:: Unique name xilinx:::0.0
TRACE::2026-05-13.15:00:52::SCWPlatform::Removing the HwDB with name D:/Zynq/vitis/version_2020/24_01_sd_bmp_hdmi/vitis/system_wrapper/hw/system_wrapper.xsa
TRACE::2026-05-13.15:00:52::SCWPlatform::Trying to open the hw design at D:/Zynq/vitis/version_2020/24_01_sd_bmp_hdmi/vitis/system_wrapper/hw/system_wrapper.xsa
TRACE::2026-05-13.15:00:52::SCWPlatform::DSA given D:/Zynq/vitis/version_2020/24_01_sd_bmp_hdmi/vitis/system_wrapper/hw/system_wrapper.xsa
TRACE::2026-05-13.15:00:52::SCWPlatform::DSA absoulate path D:/Zynq/vitis/version_2020/24_01_sd_bmp_hdmi/vitis/system_wrapper/hw/system_wrapper.xsa
TRACE::2026-05-13.15:00:52::SCWPlatform::DSA directory D:/Zynq/vitis/version_2020/24_01_sd_bmp_hdmi/vitis/system_wrapper/hw
TRACE::2026-05-13.15:00:52::SCWPlatform:: Platform Path D:/Zynq/vitis/version_2020/24_01_sd_bmp_hdmi/vitis/system_wrapper/hw/system_wrapper.xsa
TRACE::2026-05-13.15:00:52::SCWPlatform:: Unique name xilinx:::0.0
TRACE::2026-05-13.15:00:52::SCWPlatform::Do not have an existing db opened. 
TRACE::2026-05-13.15:00:53::SCWPlatform::Opened new HwDB with name system_wrapper_2
TRACE::2026-05-13.15:00:53::SCWReader::Active system found as  system_wrapper
TRACE::2026-05-13.15:00:53::SCWReader::Handling sysconfig system_wrapper
TRACE::2026-05-13.15:00:53::SCWDomain::checking for install qemu data   : 
TRACE::2026-05-13.15:00:53::SCWDomain:: Using the QEMU Data from install at  : C:/Xilinx/Vitis/2020.2/data/emulation/platforms/zynq/sw/a9_standalone/qemu/
TRACE::2026-05-13.15:00:53::SCWDomain:: Using the QEMU args  from install at  : C:/Xilinx/Vitis/2020.2/data/emulation/platforms/zynq/sw/a9_standalone/qemu/qemu_args.txt
TRACE::2026-05-13.15:00:53::SCWPlatform::Trying to open the hw design at D:/Zynq/vitis/version_2020/24_01_sd_bmp_hdmi/vitis/system_wrapper/hw/system_wrapper.xsa
TRACE::2026-05-13.15:00:53::SCWPlatform::DSA given D:/Zynq/vitis/version_2020/24_01_sd_bmp_hdmi/vitis/system_wrapper/hw/system_wrapper.xsa
TRACE::2026-05-13.15:00:53::SCWPlatform::DSA absoulate path D:/Zynq/vitis/version_2020/24_01_sd_bmp_hdmi/vitis/system_wrapper/hw/system_wrapper.xsa
TRACE::2026-05-13.15:00:53::SCWPlatform::DSA directory D:/Zynq/vitis/version_2020/24_01_sd_bmp_hdmi/vitis/system_wrapper/hw
TRACE::2026-05-13.15:00:53::SCWPlatform:: Platform Path D:/Zynq/vitis/version_2020/24_01_sd_bmp_hdmi/vitis/system_wrapper/hw/system_wrapper.xsa
TRACE::2026-05-13.15:00:53::SCWPlatform:: Unique name xilinx:::0.0
TRACE::2026-05-13.15:00:53::SCWPlatform::Trying to set the existing hwdb with name system_wrapper_2
TRACE::2026-05-13.15:00:53::SCWPlatform::Opened existing hwdb system_wrapper_2
TRACE::2026-05-13.15:00:53::SCWPlatform::Found the Hw Db part of the input DSA
TRACE::2026-05-13.15:00:53::SCWPlatform::Trying to open the hw design at D:/Zynq/vitis/version_2020/24_01_sd_bmp_hdmi/vitis/system_wrapper/hw/system_wrapper.xsa
TRACE::2026-05-13.15:00:53::SCWPlatform::DSA given D:/Zynq/vitis/version_2020/24_01_sd_bmp_hdmi/vitis/system_wrapper/hw/system_wrapper.xsa
TRACE::2026-05-13.15:00:53::SCWPlatform::DSA absoulate path D:/Zynq/vitis/version_2020/24_01_sd_bmp_hdmi/vitis/system_wrapper/hw/system_wrapper.xsa
TRACE::2026-05-13.15:00:53::SCWPlatform::DSA directory D:/Zynq/vitis/version_2020/24_01_sd_bmp_hdmi/vitis/system_wrapper/hw
TRACE::2026-05-13.15:00:53::SCWPlatform:: Platform Path D:/Zynq/vitis/version_2020/24_01_sd_bmp_hdmi/vitis/system_wrapper/hw/system_wrapper.xsa
TRACE::2026-05-13.15:00:53::SCWPlatform:: Unique name xilinx:::0.0
TRACE::2026-05-13.15:00:53::SCWPlatform::Trying to set the existing hwdb with name system_wrapper_2
TRACE::2026-05-13.15:00:53::SCWPlatform::Opened existing hwdb system_wrapper_2
TRACE::2026-05-13.15:00:53::SCWPlatform::Found the Hw Db part of the input DSA
TRACE::2026-05-13.15:00:53::SCWPlatform::Trying to open the hw design at D:/Zynq/vitis/version_2020/24_01_sd_bmp_hdmi/vitis/system_wrapper/hw/system_wrapper.xsa
TRACE::2026-05-13.15:00:53::SCWPlatform::DSA given D:/Zynq/vitis/version_2020/24_01_sd_bmp_hdmi/vitis/system_wrapper/hw/system_wrapper.xsa
TRACE::2026-05-13.15:00:53::SCWPlatform::DSA absoulate path D:/Zynq/vitis/version_2020/24_01_sd_bmp_hdmi/vitis/system_wrapper/hw/system_wrapper.xsa
TRACE::2026-05-13.15:00:53::SCWPlatform::DSA directory D:/Zynq/vitis/version_2020/24_01_sd_bmp_hdmi/vitis/system_wrapper/hw
TRACE::2026-05-13.15:00:53::SCWPlatform:: Platform Path D:/Zynq/vitis/version_2020/24_01_sd_bmp_hdmi/vitis/system_wrapper/hw/system_wrapper.xsa
TRACE::2026-05-13.15:00:53::SCWPlatform:: Unique name xilinx:::0.0
TRACE::2026-05-13.15:00:53::SCWPlatform::Trying to set the existing hwdb with name system_wrapper_2
TRACE::2026-05-13.15:00:53::SCWPlatform::Opened existing hwdb system_wrapper_2
TRACE::2026-05-13.15:00:53::SCWPlatform::Found the Hw Db part of the input DSA
TRACE::2026-05-13.15:00:53::SCWReader::Boot application domain added for zynq_fsbl
TRACE::2026-05-13.15:00:53::SCWPlatform::Trying to open the hw design at D:/Zynq/vitis/version_2020/24_01_sd_bmp_hdmi/vitis/system_wrapper/hw/system_wrapper.xsa
TRACE::2026-05-13.15:00:53::SCWPlatform::DSA given D:/Zynq/vitis/version_2020/24_01_sd_bmp_hdmi/vitis/system_wrapper/hw/system_wrapper.xsa
TRACE::2026-05-13.15:00:53::SCWPlatform::DSA absoulate path D:/Zynq/vitis/version_2020/24_01_sd_bmp_hdmi/vitis/system_wrapper/hw/system_wrapper.xsa
TRACE::2026-05-13.15:00:53::SCWPlatform::DSA directory D:/Zynq/vitis/version_2020/24_01_sd_bmp_hdmi/vitis/system_wrapper/hw
TRACE::2026-05-13.15:00:53::SCWPlatform:: Platform Path D:/Zynq/vitis/version_2020/24_01_sd_bmp_hdmi/vitis/system_wrapper/hw/system_wrapper.xsa
TRACE::2026-05-13.15:00:53::SCWPlatform:: Unique name xilinx:::0.0
TRACE::2026-05-13.15:00:53::SCWPlatform::Trying to set the existing hwdb with name system_wrapper_2
TRACE::2026-05-13.15:00:53::SCWPlatform::Opened existing hwdb system_wrapper_2
TRACE::2026-05-13.15:00:53::SCWPlatform::Found the Hw Db part of the input DSA
TRACE::2026-05-13.15:00:53::SCWMssOS::Checking the sw design at  D:/Zynq/vitis/version_2020/24_01_sd_bmp_hdmi/vitis/system_wrapper/zynq_fsbl/zynq_fsbl_bsp/system.mss
TRACE::2026-05-13.15:00:53::SCWMssOS::DEBUG:  swdes dump  
TRACE::2026-05-13.15:00:53::SCWMssOS::No sw design opened at  D:/Zynq/vitis/version_2020/24_01_sd_bmp_hdmi/vitis/system_wrapper/zynq_fsbl/zynq_fsbl_bsp/system.mss
TRACE::2026-05-13.15:00:53::SCWMssOS::mss exists loading the mss file  D:/Zynq/vitis/version_2020/24_01_sd_bmp_hdmi/vitis/system_wrapper/zynq_fsbl/zynq_fsbl_bsp/system.mss
TRACE::2026-05-13.15:00:53::SCWMssOS::Opened the sw design from mss  D:/Zynq/vitis/version_2020/24_01_sd_bmp_hdmi/vitis/system_wrapper/zynq_fsbl/zynq_fsbl_bsp/system.mss
TRACE::2026-05-13.15:00:53::SCWMssOS::Adding the swdes entry D:/Zynq/vitis/version_2020/24_01_sd_bmp_hdmi/vitis/system_wrapper/zynq_fsbl/zynq_fsbl_bsp/system.mss with des name system
TRACE::2026-05-13.15:00:53::SCWMssOS::updating the scw layer about changes
TRACE::2026-05-13.15:00:53::SCWMssOS::Opened the sw design.  D:/Zynq/vitis/version_2020/24_01_sd_bmp_hdmi/vitis/system_wrapper/zynq_fsbl/zynq_fsbl_bsp/system.mss
TRACE::2026-05-13.15:00:53::SCWPlatform::Trying to open the hw design at D:/Zynq/vitis/version_2020/24_01_sd_bmp_hdmi/vitis/system_wrapper/hw/system_wrapper.xsa
TRACE::2026-05-13.15:00:53::SCWPlatform::DSA given D:/Zynq/vitis/version_2020/24_01_sd_bmp_hdmi/vitis/system_wrapper/hw/system_wrapper.xsa
TRACE::2026-05-13.15:00:53::SCWPlatform::DSA absoulate path D:/Zynq/vitis/version_2020/24_01_sd_bmp_hdmi/vitis/system_wrapper/hw/system_wrapper.xsa
TRACE::2026-05-13.15:00:53::SCWPlatform::DSA directory D:/Zynq/vitis/version_2020/24_01_sd_bmp_hdmi/vitis/system_wrapper/hw
TRACE::2026-05-13.15:00:53::SCWPlatform:: Platform Path D:/Zynq/vitis/version_2020/24_01_sd_bmp_hdmi/vitis/system_wrapper/hw/system_wrapper.xsa
TRACE::2026-05-13.15:00:53::SCWPlatform:: Unique name xilinx:::0.0
TRACE::2026-05-13.15:00:53::SCWPlatform::Trying to set the existing hwdb with name system_wrapper_2
TRACE::2026-05-13.15:00:53::SCWPlatform::Opened existing hwdb system_wrapper_2
TRACE::2026-05-13.15:00:53::SCWPlatform::Found the Hw Db part of the input DSA
TRACE::2026-05-13.15:00:53::SCWMssOS::Checking the sw design at  D:/Zynq/vitis/version_2020/24_01_sd_bmp_hdmi/vitis/system_wrapper/zynq_fsbl/zynq_fsbl_bsp/system.mss
TRACE::2026-05-13.15:00:53::SCWMssOS::DEBUG:  swdes dump  D:/Zynq/vitis/version_2020/24_01_sd_bmp_hdmi/vitis/system_wrapper/zynq_fsbl/zynq_fsbl_bsp/system.mss|system||

TRACE::2026-05-13.15:00:53::SCWMssOS::Sw design exists and opened at  D:/Zynq/vitis/version_2020/24_01_sd_bmp_hdmi/vitis/system_wrapper/zynq_fsbl/zynq_fsbl_bsp/system.mss
TRACE::2026-05-13.15:00:53::SCWMssOS:: library already available in sw design:  xilffs:4.4
TRACE::2026-05-13.15:00:53::SCWPlatform::Trying to open the hw design at D:/Zynq/vitis/version_2020/24_01_sd_bmp_hdmi/vitis/system_wrapper/hw/system_wrapper.xsa
TRACE::2026-05-13.15:00:53::SCWPlatform::DSA given D:/Zynq/vitis/version_2020/24_01_sd_bmp_hdmi/vitis/system_wrapper/hw/system_wrapper.xsa
TRACE::2026-05-13.15:00:53::SCWPlatform::DSA absoulate path D:/Zynq/vitis/version_2020/24_01_sd_bmp_hdmi/vitis/system_wrapper/hw/system_wrapper.xsa
TRACE::2026-05-13.15:00:53::SCWPlatform::DSA directory D:/Zynq/vitis/version_2020/24_01_sd_bmp_hdmi/vitis/system_wrapper/hw
TRACE::2026-05-13.15:00:53::SCWPlatform:: Platform Path D:/Zynq/vitis/version_2020/24_01_sd_bmp_hdmi/vitis/system_wrapper/hw/system_wrapper.xsa
TRACE::2026-05-13.15:00:53::SCWPlatform:: Unique name xilinx:::0.0
TRACE::2026-05-13.15:00:53::SCWPlatform::Trying to set the existing hwdb with name system_wrapper_2
TRACE::2026-05-13.15:00:53::SCWPlatform::Opened existing hwdb system_wrapper_2
TRACE::2026-05-13.15:00:53::SCWPlatform::Found the Hw Db part of the input DSA
TRACE::2026-05-13.15:00:53::SCWMssOS::Checking the sw design at  D:/Zynq/vitis/version_2020/24_01_sd_bmp_hdmi/vitis/system_wrapper/zynq_fsbl/zynq_fsbl_bsp/system.mss
TRACE::2026-05-13.15:00:53::SCWMssOS::DEBUG:  swdes dump  D:/Zynq/vitis/version_2020/24_01_sd_bmp_hdmi/vitis/system_wrapper/zynq_fsbl/zynq_fsbl_bsp/system.mss|system||

TRACE::2026-05-13.15:00:53::SCWMssOS::Sw design exists and opened at  D:/Zynq/vitis/version_2020/24_01_sd_bmp_hdmi/vitis/system_wrapper/zynq_fsbl/zynq_fsbl_bsp/system.mss
TRACE::2026-05-13.15:00:53::SCWMssOS:: library already available in sw design:  xilrsa:1.6
TRACE::2026-05-13.15:00:53::SCWMssOS::Saving the mss changes D:/Zynq/vitis/version_2020/24_01_sd_bmp_hdmi/vitis/system_wrapper/zynq_fsbl/zynq_fsbl_bsp/system.mss
TRACE::2026-05-13.15:00:53::SCWMssOS::Found a swdesign opened with the mssfile.
TRACE::2026-05-13.15:00:53::SCWMssOS::Completed writemss as part of save.
TRACE::2026-05-13.15:00:53::SCWMssOS::Commit changes completed.
TRACE::2026-05-13.15:00:53::SCWReader::Adding prebuilt librarypaths as   
TRACE::2026-05-13.15:00:53::SCWReader::Adding prebuilt incpaths  as   
TRACE::2026-05-13.15:00:53::SCWPlatform::Trying to open the hw design at D:/Zynq/vitis/version_2020/24_01_sd_bmp_hdmi/vitis/system_wrapper/hw/system_wrapper.xsa
TRACE::2026-05-13.15:00:53::SCWPlatform::DSA given D:/Zynq/vitis/version_2020/24_01_sd_bmp_hdmi/vitis/system_wrapper/hw/system_wrapper.xsa
TRACE::2026-05-13.15:00:53::SCWPlatform::DSA absoulate path D:/Zynq/vitis/version_2020/24_01_sd_bmp_hdmi/vitis/system_wrapper/hw/system_wrapper.xsa
TRACE::2026-05-13.15:00:53::SCWPlatform::DSA directory D:/Zynq/vitis/version_2020/24_01_sd_bmp_hdmi/vitis/system_wrapper/hw
TRACE::2026-05-13.15:00:53::SCWPlatform:: Platform Path D:/Zynq/vitis/version_2020/24_01_sd_bmp_hdmi/vitis/system_wrapper/hw/system_wrapper.xsa
TRACE::2026-05-13.15:00:53::SCWPlatform:: Unique name xilinx:::0.0
TRACE::2026-05-13.15:00:53::SCWPlatform::Trying to set the existing hwdb with name system_wrapper_2
TRACE::2026-05-13.15:00:53::SCWPlatform::Opened existing hwdb system_wrapper_2
TRACE::2026-05-13.15:00:53::SCWPlatform::Found the Hw Db part of the input DSA
TRACE::2026-05-13.15:00:53::SCWMssOS::Checking the sw design at  D:/Zynq/vitis/version_2020/24_01_sd_bmp_hdmi/vitis/system_wrapper/zynq_fsbl/zynq_fsbl_bsp/system.mss
TRACE::2026-05-13.15:00:53::SCWMssOS::DEBUG:  swdes dump  D:/Zynq/vitis/version_2020/24_01_sd_bmp_hdmi/vitis/system_wrapper/zynq_fsbl/zynq_fsbl_bsp/system.mss|system||

TRACE::2026-05-13.15:00:53::SCWMssOS::Sw design exists and opened at  D:/Zynq/vitis/version_2020/24_01_sd_bmp_hdmi/vitis/system_wrapper/zynq_fsbl/zynq_fsbl_bsp/system.mss
TRACE::2026-05-13.15:00:53::SCWReader::No isolation master present  
TRACE::2026-05-13.15:00:53::SCWDomain::checking for install qemu data   : 
TRACE::2026-05-13.15:00:53::SCWDomain:: Using the QEMU Data from install at  : C:/Xilinx/Vitis/2020.2/data/emulation/platforms/zynq/sw/a9_standalone/qemu/
TRACE::2026-05-13.15:00:53::SCWDomain:: Using the QEMU args  from install at  : C:/Xilinx/Vitis/2020.2/data/emulation/platforms/zynq/sw/a9_standalone/qemu/qemu_args.txt
TRACE::2026-05-13.15:00:53::SCWPlatform::Trying to open the hw design at D:/Zynq/vitis/version_2020/24_01_sd_bmp_hdmi/vitis/system_wrapper/hw/system_wrapper.xsa
TRACE::2026-05-13.15:00:53::SCWPlatform::DSA given D:/Zynq/vitis/version_2020/24_01_sd_bmp_hdmi/vitis/system_wrapper/hw/system_wrapper.xsa
TRACE::2026-05-13.15:00:53::SCWPlatform::DSA absoulate path D:/Zynq/vitis/version_2020/24_01_sd_bmp_hdmi/vitis/system_wrapper/hw/system_wrapper.xsa
TRACE::2026-05-13.15:00:53::SCWPlatform::DSA directory D:/Zynq/vitis/version_2020/24_01_sd_bmp_hdmi/vitis/system_wrapper/hw
TRACE::2026-05-13.15:00:53::SCWPlatform:: Platform Path D:/Zynq/vitis/version_2020/24_01_sd_bmp_hdmi/vitis/system_wrapper/hw/system_wrapper.xsa
TRACE::2026-05-13.15:00:53::SCWPlatform:: Unique name xilinx:::0.0
TRACE::2026-05-13.15:00:53::SCWPlatform::Trying to set the existing hwdb with name system_wrapper_2
TRACE::2026-05-13.15:00:53::SCWPlatform::Opened existing hwdb system_wrapper_2
TRACE::2026-05-13.15:00:53::SCWPlatform::Found the Hw Db part of the input DSA
TRACE::2026-05-13.15:00:53::SCWPlatform::Trying to open the hw design at D:/Zynq/vitis/version_2020/24_01_sd_bmp_hdmi/vitis/system_wrapper/hw/system_wrapper.xsa
TRACE::2026-05-13.15:00:53::SCWPlatform::DSA given D:/Zynq/vitis/version_2020/24_01_sd_bmp_hdmi/vitis/system_wrapper/hw/system_wrapper.xsa
TRACE::2026-05-13.15:00:53::SCWPlatform::DSA absoulate path D:/Zynq/vitis/version_2020/24_01_sd_bmp_hdmi/vitis/system_wrapper/hw/system_wrapper.xsa
TRACE::2026-05-13.15:00:53::SCWPlatform::DSA directory D:/Zynq/vitis/version_2020/24_01_sd_bmp_hdmi/vitis/system_wrapper/hw
TRACE::2026-05-13.15:00:53::SCWPlatform:: Platform Path D:/Zynq/vitis/version_2020/24_01_sd_bmp_hdmi/vitis/system_wrapper/hw/system_wrapper.xsa
TRACE::2026-05-13.15:00:53::SCWPlatform:: Unique name xilinx:::0.0
TRACE::2026-05-13.15:00:53::SCWPlatform::Trying to set the existing hwdb with name system_wrapper_2
TRACE::2026-05-13.15:00:53::SCWPlatform::Opened existing hwdb system_wrapper_2
TRACE::2026-05-13.15:00:53::SCWPlatform::Found the Hw Db part of the input DSA
TRACE::2026-05-13.15:00:53::SCWPlatform::Trying to open the hw design at D:/Zynq/vitis/version_2020/24_01_sd_bmp_hdmi/vitis/system_wrapper/hw/system_wrapper.xsa
TRACE::2026-05-13.15:00:53::SCWPlatform::DSA given D:/Zynq/vitis/version_2020/24_01_sd_bmp_hdmi/vitis/system_wrapper/hw/system_wrapper.xsa
TRACE::2026-05-13.15:00:53::SCWPlatform::DSA absoulate path D:/Zynq/vitis/version_2020/24_01_sd_bmp_hdmi/vitis/system_wrapper/hw/system_wrapper.xsa
TRACE::2026-05-13.15:00:53::SCWPlatform::DSA directory D:/Zynq/vitis/version_2020/24_01_sd_bmp_hdmi/vitis/system_wrapper/hw
TRACE::2026-05-13.15:00:53::SCWPlatform:: Platform Path D:/Zynq/vitis/version_2020/24_01_sd_bmp_hdmi/vitis/system_wrapper/hw/system_wrapper.xsa
TRACE::2026-05-13.15:00:53::SCWPlatform:: Unique name xilinx:::0.0
TRACE::2026-05-13.15:00:53::SCWPlatform::Trying to set the existing hwdb with name system_wrapper_2
TRACE::2026-05-13.15:00:53::SCWPlatform::Opened existing hwdb system_wrapper_2
TRACE::2026-05-13.15:00:53::SCWPlatform::Found the Hw Db part of the input DSA
TRACE::2026-05-13.15:00:53::SCWMssOS::Checking the sw design at  D:/Zynq/vitis/version_2020/24_01_sd_bmp_hdmi/vitis/system_wrapper/ps7_cortexa9_0/standalone_ps7_cortexa9_0/bsp/system.mss
TRACE::2026-05-13.15:00:53::SCWMssOS::DEBUG:  swdes dump  D:/Zynq/vitis/version_2020/24_01_sd_bmp_hdmi/vitis/system_wrapper/zynq_fsbl/zynq_fsbl_bsp/system.mss|system||

TRACE::2026-05-13.15:00:53::SCWMssOS::No sw design opened at  D:/Zynq/vitis/version_2020/24_01_sd_bmp_hdmi/vitis/system_wrapper/ps7_cortexa9_0/standalone_ps7_cortexa9_0/bsp/system.mss
TRACE::2026-05-13.15:00:53::SCWMssOS::mss exists loading the mss file  D:/Zynq/vitis/version_2020/24_01_sd_bmp_hdmi/vitis/system_wrapper/ps7_cortexa9_0/standalone_ps7_cortexa9_0/bsp/system.mss
TRACE::2026-05-13.15:00:53::SCWMssOS::Opened the sw design from mss  D:/Zynq/vitis/version_2020/24_01_sd_bmp_hdmi/vitis/system_wrapper/ps7_cortexa9_0/standalone_ps7_cortexa9_0/bsp/system.mss
TRACE::2026-05-13.15:00:53::SCWMssOS::Adding the swdes entry D:/Zynq/vitis/version_2020/24_01_sd_bmp_hdmi/vitis/system_wrapper/ps7_cortexa9_0/standalone_ps7_cortexa9_0/bsp/system.mss with des name system_0
TRACE::2026-05-13.15:00:53::SCWMssOS::updating the scw layer about changes
TRACE::2026-05-13.15:00:53::SCWMssOS::Opened the sw design.  D:/Zynq/vitis/version_2020/24_01_sd_bmp_hdmi/vitis/system_wrapper/ps7_cortexa9_0/standalone_ps7_cortexa9_0/bsp/system.mss
TRACE::2026-05-13.15:00:53::SCWMssOS::Saving the mss changes D:/Zynq/vitis/version_2020/24_01_sd_bmp_hdmi/vitis/system_wrapper/ps7_cortexa9_0/standalone_ps7_cortexa9_0/bsp/system.mss
TRACE::2026-05-13.15:00:53::SCWMssOS::Found a swdesign opened with the mssfile.
TRACE::2026-05-13.15:00:53::SCWMssOS::Completed writemss as part of save.
TRACE::2026-05-13.15:00:53::SCWMssOS::Commit changes completed.
TRACE::2026-05-13.15:00:53::SCWReader::Adding prebuilt librarypaths as   
TRACE::2026-05-13.15:00:53::SCWReader::Adding prebuilt incpaths  as   
TRACE::2026-05-13.15:00:53::SCWPlatform::Trying to open the hw design at D:/Zynq/vitis/version_2020/24_01_sd_bmp_hdmi/vitis/system_wrapper/hw/system_wrapper.xsa
TRACE::2026-05-13.15:00:53::SCWPlatform::DSA given D:/Zynq/vitis/version_2020/24_01_sd_bmp_hdmi/vitis/system_wrapper/hw/system_wrapper.xsa
TRACE::2026-05-13.15:00:53::SCWPlatform::DSA absoulate path D:/Zynq/vitis/version_2020/24_01_sd_bmp_hdmi/vitis/system_wrapper/hw/system_wrapper.xsa
TRACE::2026-05-13.15:00:53::SCWPlatform::DSA directory D:/Zynq/vitis/version_2020/24_01_sd_bmp_hdmi/vitis/system_wrapper/hw
TRACE::2026-05-13.15:00:53::SCWPlatform:: Platform Path D:/Zynq/vitis/version_2020/24_01_sd_bmp_hdmi/vitis/system_wrapper/hw/system_wrapper.xsa
TRACE::2026-05-13.15:00:53::SCWPlatform:: Unique name xilinx:::0.0
TRACE::2026-05-13.15:00:53::SCWPlatform::Trying to set the existing hwdb with name system_wrapper_2
TRACE::2026-05-13.15:00:53::SCWPlatform::Opened existing hwdb system_wrapper_2
TRACE::2026-05-13.15:00:53::SCWPlatform::Found the Hw Db part of the input DSA
TRACE::2026-05-13.15:00:53::SCWMssOS::Checking the sw design at  D:/Zynq/vitis/version_2020/24_01_sd_bmp_hdmi/vitis/system_wrapper/ps7_cortexa9_0/standalone_ps7_cortexa9_0/bsp/system.mss
TRACE::2026-05-13.15:00:53::SCWMssOS::DEBUG:  swdes dump  D:/Zynq/vitis/version_2020/24_01_sd_bmp_hdmi/vitis/system_wrapper/ps7_cortexa9_0/standalone_ps7_cortexa9_0/bsp/system.mss|system_0||
D:/Zynq/vitis/version_2020/24_01_sd_bmp_hdmi/vitis/system_wrapper/zynq_fsbl/zynq_fsbl_bsp/system.mss|system||

TRACE::2026-05-13.15:00:53::SCWMssOS::Sw design exists and opened at  D:/Zynq/vitis/version_2020/24_01_sd_bmp_hdmi/vitis/system_wrapper/ps7_cortexa9_0/standalone_ps7_cortexa9_0/bsp/system.mss
TRACE::2026-05-13.15:00:53::SCWReader::No isolation master present  
TRACE::2026-05-13.15:00:53::SCWPlatform::Trying to open the hw design at D:/Zynq/vitis/version_2020/24_01_sd_bmp_hdmi/vitis/system_wrapper/hw/system_wrapper.xsa
TRACE::2026-05-13.15:00:53::SCWPlatform::DSA given D:/Zynq/vitis/version_2020/24_01_sd_bmp_hdmi/vitis/system_wrapper/hw/system_wrapper.xsa
TRACE::2026-05-13.15:00:53::SCWPlatform::DSA absoulate path D:/Zynq/vitis/version_2020/24_01_sd_bmp_hdmi/vitis/system_wrapper/hw/system_wrapper.xsa
TRACE::2026-05-13.15:00:53::SCWPlatform::DSA directory D:/Zynq/vitis/version_2020/24_01_sd_bmp_hdmi/vitis/system_wrapper/hw
TRACE::2026-05-13.15:00:53::SCWPlatform:: Platform Path D:/Zynq/vitis/version_2020/24_01_sd_bmp_hdmi/vitis/system_wrapper/hw/system_wrapper.xsa
TRACE::2026-05-13.15:00:53::SCWPlatform:: Unique name xilinx:::0.0
TRACE::2026-05-13.15:00:53::SCWPlatform::Trying to set the existing hwdb with name system_wrapper_2
TRACE::2026-05-13.15:00:53::SCWPlatform::Opened existing hwdb system_wrapper_2
TRACE::2026-05-13.15:00:53::SCWPlatform::Found the Hw Db part of the input DSA
TRACE::2026-05-13.15:00:53::SCWMssOS::Checking the sw design at  D:/Zynq/vitis/version_2020/24_01_sd_bmp_hdmi/vitis/system_wrapper/ps7_cortexa9_0/standalone_ps7_cortexa9_0/bsp/system.mss
TRACE::2026-05-13.15:00:53::SCWMssOS::DEBUG:  swdes dump  D:/Zynq/vitis/version_2020/24_01_sd_bmp_hdmi/vitis/system_wrapper/ps7_cortexa9_0/standalone_ps7_cortexa9_0/bsp/system.mss|system_0||
D:/Zynq/vitis/version_2020/24_01_sd_bmp_hdmi/vitis/system_wrapper/zynq_fsbl/zynq_fsbl_bsp/system.mss|system||

TRACE::2026-05-13.15:00:53::SCWMssOS::Sw design exists and opened at  D:/Zynq/vitis/version_2020/24_01_sd_bmp_hdmi/vitis/system_wrapper/ps7_cortexa9_0/standalone_ps7_cortexa9_0/bsp/system.mss
TRACE::2026-05-13.15:00:54::SCWMssOS::In reload Mss file.
TRACE::2026-05-13.15:00:54::SCWPlatform::Trying to open the hw design at D:/Zynq/vitis/version_2020/24_01_sd_bmp_hdmi/vitis/system_wrapper/hw/system_wrapper.xsa
TRACE::2026-05-13.15:00:54::SCWPlatform::DSA given D:/Zynq/vitis/version_2020/24_01_sd_bmp_hdmi/vitis/system_wrapper/hw/system_wrapper.xsa
TRACE::2026-05-13.15:00:54::SCWPlatform::DSA absoulate path D:/Zynq/vitis/version_2020/24_01_sd_bmp_hdmi/vitis/system_wrapper/hw/system_wrapper.xsa
TRACE::2026-05-13.15:00:54::SCWPlatform::DSA directory D:/Zynq/vitis/version_2020/24_01_sd_bmp_hdmi/vitis/system_wrapper/hw
TRACE::2026-05-13.15:00:54::SCWPlatform:: Platform Path D:/Zynq/vitis/version_2020/24_01_sd_bmp_hdmi/vitis/system_wrapper/hw/system_wrapper.xsa
TRACE::2026-05-13.15:00:54::SCWPlatform:: Unique name xilinx:::0.0
TRACE::2026-05-13.15:00:54::SCWPlatform::Trying to set the existing hwdb with name system_wrapper_2
TRACE::2026-05-13.15:00:54::SCWPlatform::Opened existing hwdb system_wrapper_2
TRACE::2026-05-13.15:00:54::SCWPlatform::Found the Hw Db part of the input DSA
TRACE::2026-05-13.15:00:54::SCWMssOS::Checking the sw design at  D:/Zynq/vitis/version_2020/24_01_sd_bmp_hdmi/vitis/system_wrapper/ps7_cortexa9_0/standalone_ps7_cortexa9_0/bsp/system.mss
TRACE::2026-05-13.15:00:54::SCWMssOS::DEBUG:  swdes dump  D:/Zynq/vitis/version_2020/24_01_sd_bmp_hdmi/vitis/system_wrapper/ps7_cortexa9_0/standalone_ps7_cortexa9_0/bsp/system.mss|system_0||
D:/Zynq/vitis/version_2020/24_01_sd_bmp_hdmi/vitis/system_wrapper/zynq_fsbl/zynq_fsbl_bsp/system.mss|system||

KEYINFO::2026-05-13.15:00:54::SCWMssOS::Could not open the swdb for system_0
KEYINFO::2026-05-13.15:00:54::SCWMssOS::Could not open the sw design at  system_0
ERROR: [Hsi 55-1558] Software Design system_0 is not found

TRACE::2026-05-13.15:00:54::SCWMssOS::Cleared the swdb table entry
TRACE::2026-05-13.15:00:54::SCWMssOS::No sw design opened at  D:/Zynq/vitis/version_2020/24_01_sd_bmp_hdmi/vitis/system_wrapper/ps7_cortexa9_0/standalone_ps7_cortexa9_0/bsp/system.mss
TRACE::2026-05-13.15:00:54::SCWMssOS::mss exists loading the mss file  D:/Zynq/vitis/version_2020/24_01_sd_bmp_hdmi/vitis/system_wrapper/ps7_cortexa9_0/standalone_ps7_cortexa9_0/bsp/system.mss
TRACE::2026-05-13.15:00:54::SCWMssOS::Opened the sw design from mss  D:/Zynq/vitis/version_2020/24_01_sd_bmp_hdmi/vitis/system_wrapper/ps7_cortexa9_0/standalone_ps7_cortexa9_0/bsp/system.mss
TRACE::2026-05-13.15:00:54::SCWMssOS::Adding the swdes entry D:/Zynq/vitis/version_2020/24_01_sd_bmp_hdmi/vitis/system_wrapper/ps7_cortexa9_0/standalone_ps7_cortexa9_0/bsp/system.mss with des name system_0
TRACE::2026-05-13.15:00:54::SCWMssOS::updating the scw layer about changes
TRACE::2026-05-13.15:00:54::SCWMssOS::Opened the sw design.  D:/Zynq/vitis/version_2020/24_01_sd_bmp_hdmi/vitis/system_wrapper/ps7_cortexa9_0/standalone_ps7_cortexa9_0/bsp/system.mss
TRACE::2026-05-13.15:00:54::SCWMssOS::Saving the mss changes D:/Zynq/vitis/version_2020/24_01_sd_bmp_hdmi/vitis/system_wrapper/ps7_cortexa9_0/standalone_ps7_cortexa9_0/bsp/system.mss
TRACE::2026-05-13.15:00:54::SCWMssOS::Found a swdesign opened with the mssfile.
TRACE::2026-05-13.15:00:54::SCWMssOS::Completed writemss as part of save.
TRACE::2026-05-13.15:00:54::SCWMssOS::Commit changes completed.
TRACE::2026-05-13.15:00:54::SCWPlatform::Trying to open the hw design at D:/Zynq/vitis/version_2020/24_01_sd_bmp_hdmi/vitis/system_wrapper/hw/system_wrapper.xsa
TRACE::2026-05-13.15:00:54::SCWPlatform::DSA given D:/Zynq/vitis/version_2020/24_01_sd_bmp_hdmi/vitis/system_wrapper/hw/system_wrapper.xsa
TRACE::2026-05-13.15:00:54::SCWPlatform::DSA absoulate path D:/Zynq/vitis/version_2020/24_01_sd_bmp_hdmi/vitis/system_wrapper/hw/system_wrapper.xsa
TRACE::2026-05-13.15:00:54::SCWPlatform::DSA directory D:/Zynq/vitis/version_2020/24_01_sd_bmp_hdmi/vitis/system_wrapper/hw
TRACE::2026-05-13.15:00:54::SCWPlatform:: Platform Path D:/Zynq/vitis/version_2020/24_01_sd_bmp_hdmi/vitis/system_wrapper/hw/system_wrapper.xsa
TRACE::2026-05-13.15:00:54::SCWPlatform:: Unique name xilinx:::0.0
TRACE::2026-05-13.15:00:54::SCWPlatform::Trying to set the existing hwdb with name system_wrapper_2
TRACE::2026-05-13.15:00:54::SCWPlatform::Opened existing hwdb system_wrapper_2
TRACE::2026-05-13.15:00:54::SCWPlatform::Found the Hw Db part of the input DSA
TRACE::2026-05-13.15:00:54::SCWMssOS::Checking the sw design at  D:/Zynq/vitis/version_2020/24_01_sd_bmp_hdmi/vitis/system_wrapper/ps7_cortexa9_0/standalone_ps7_cortexa9_0/bsp/system.mss
TRACE::2026-05-13.15:00:54::SCWMssOS::DEBUG:  swdes dump  D:/Zynq/vitis/version_2020/24_01_sd_bmp_hdmi/vitis/system_wrapper/ps7_cortexa9_0/standalone_ps7_cortexa9_0/bsp/system.mss|system_0||
D:/Zynq/vitis/version_2020/24_01_sd_bmp_hdmi/vitis/system_wrapper/zynq_fsbl/zynq_fsbl_bsp/system.mss|system||

TRACE::2026-05-13.15:00:54::SCWMssOS::Sw design exists and opened at  D:/Zynq/vitis/version_2020/24_01_sd_bmp_hdmi/vitis/system_wrapper/ps7_cortexa9_0/standalone_ps7_cortexa9_0/bsp/system.mss
TRACE::2026-05-13.15:00:54::SCWMssOS::Removing the swdes entry for  D:/Zynq/vitis/version_2020/24_01_sd_bmp_hdmi/vitis/system_wrapper/ps7_cortexa9_0/standalone_ps7_cortexa9_0/bsp/system.mss
TRACE::2026-05-13.15:00:56::SCWPlatform::Trying to open the hw design at D:/Zynq/vitis/version_2020/24_01_sd_bmp_hdmi/vitis/system_wrapper/hw/system_wrapper.xsa
TRACE::2026-05-13.15:00:56::SCWPlatform::DSA given D:/Zynq/vitis/version_2020/24_01_sd_bmp_hdmi/vitis/system_wrapper/hw/system_wrapper.xsa
TRACE::2026-05-13.15:00:56::SCWPlatform::DSA absoulate path D:/Zynq/vitis/version_2020/24_01_sd_bmp_hdmi/vitis/system_wrapper/hw/system_wrapper.xsa
TRACE::2026-05-13.15:00:56::SCWPlatform::DSA directory D:/Zynq/vitis/version_2020/24_01_sd_bmp_hdmi/vitis/system_wrapper/hw
TRACE::2026-05-13.15:00:56::SCWPlatform:: Platform Path D:/Zynq/vitis/version_2020/24_01_sd_bmp_hdmi/vitis/system_wrapper/hw/system_wrapper.xsa
TRACE::2026-05-13.15:00:56::SCWPlatform:: Unique name xilinx:::0.0
TRACE::2026-05-13.15:00:56::SCWPlatform::Trying to set the existing hwdb with name system_wrapper_2
TRACE::2026-05-13.15:00:56::SCWPlatform::Opened existing hwdb system_wrapper_2
TRACE::2026-05-13.15:00:56::SCWPlatform::Found the Hw Db part of the input DSA
TRACE::2026-05-13.15:00:56::SCWMssOS::Checking the sw design at  D:/Zynq/vitis/version_2020/24_01_sd_bmp_hdmi/vitis/system_wrapper/ps7_cortexa9_0/standalone_ps7_cortexa9_0/bsp/system.mss
TRACE::2026-05-13.15:00:56::SCWMssOS::DEBUG:  swdes dump  D:/Zynq/vitis/version_2020/24_01_sd_bmp_hdmi/vitis/system_wrapper/zynq_fsbl/zynq_fsbl_bsp/system.mss|system||

TRACE::2026-05-13.15:00:56::SCWMssOS::No sw design opened at  D:/Zynq/vitis/version_2020/24_01_sd_bmp_hdmi/vitis/system_wrapper/ps7_cortexa9_0/standalone_ps7_cortexa9_0/bsp/system.mss
TRACE::2026-05-13.15:00:56::SCWMssOS::mss exists loading the mss file  D:/Zynq/vitis/version_2020/24_01_sd_bmp_hdmi/vitis/system_wrapper/ps7_cortexa9_0/standalone_ps7_cortexa9_0/bsp/system.mss
TRACE::2026-05-13.15:00:56::SCWMssOS::Opened the sw design from mss  D:/Zynq/vitis/version_2020/24_01_sd_bmp_hdmi/vitis/system_wrapper/ps7_cortexa9_0/standalone_ps7_cortexa9_0/bsp/system.mss
TRACE::2026-05-13.15:00:56::SCWMssOS::Adding the swdes entry D:/Zynq/vitis/version_2020/24_01_sd_bmp_hdmi/vitis/system_wrapper/ps7_cortexa9_0/standalone_ps7_cortexa9_0/bsp/system.mss with des name system_0
TRACE::2026-05-13.15:00:56::SCWMssOS::updating the scw layer about changes
TRACE::2026-05-13.15:00:56::SCWMssOS::Opened the sw design.  D:/Zynq/vitis/version_2020/24_01_sd_bmp_hdmi/vitis/system_wrapper/ps7_cortexa9_0/standalone_ps7_cortexa9_0/bsp/system.mss
TRACE::2026-05-13.15:01:04::SCWPlatform::Trying to open the hw design at D:/Zynq/vitis/version_2020/24_01_sd_bmp_hdmi/vitis/system_wrapper/hw/system_wrapper.xsa
TRACE::2026-05-13.15:01:04::SCWPlatform::DSA given D:/Zynq/vitis/version_2020/24_01_sd_bmp_hdmi/vitis/system_wrapper/hw/system_wrapper.xsa
TRACE::2026-05-13.15:01:04::SCWPlatform::DSA absoulate path D:/Zynq/vitis/version_2020/24_01_sd_bmp_hdmi/vitis/system_wrapper/hw/system_wrapper.xsa
TRACE::2026-05-13.15:01:04::SCWPlatform::DSA directory D:/Zynq/vitis/version_2020/24_01_sd_bmp_hdmi/vitis/system_wrapper/hw
TRACE::2026-05-13.15:01:04::SCWPlatform:: Platform Path D:/Zynq/vitis/version_2020/24_01_sd_bmp_hdmi/vitis/system_wrapper/hw/system_wrapper.xsa
TRACE::2026-05-13.15:01:04::SCWPlatform:: Unique name xilinx:::0.0
TRACE::2026-05-13.15:01:04::SCWPlatform::Trying to set the existing hwdb with name system_wrapper_2
TRACE::2026-05-13.15:01:04::SCWPlatform::Opened existing hwdb system_wrapper_2
TRACE::2026-05-13.15:01:04::SCWPlatform::Found the Hw Db part of the input DSA
TRACE::2026-05-13.15:01:04::SCWMssOS::Checking the sw design at  D:/Zynq/vitis/version_2020/24_01_sd_bmp_hdmi/vitis/system_wrapper/ps7_cortexa9_0/standalone_ps7_cortexa9_0/bsp/system.mss
TRACE::2026-05-13.15:01:04::SCWMssOS::DEBUG:  swdes dump  D:/Zynq/vitis/version_2020/24_01_sd_bmp_hdmi/vitis/system_wrapper/ps7_cortexa9_0/standalone_ps7_cortexa9_0/bsp/system.mss|system_0||
D:/Zynq/vitis/version_2020/24_01_sd_bmp_hdmi/vitis/system_wrapper/zynq_fsbl/zynq_fsbl_bsp/system.mss|system||

TRACE::2026-05-13.15:01:04::SCWMssOS::Sw design exists and opened at  D:/Zynq/vitis/version_2020/24_01_sd_bmp_hdmi/vitis/system_wrapper/ps7_cortexa9_0/standalone_ps7_cortexa9_0/bsp/system.mss
TRACE::2026-05-13.15:01:04::SCWMssOS::Adding Library:  xilffs:4.4
TRACE::2026-05-13.15:01:04::SCWMssOS::Added Library:  xilffs
TRACE::2026-05-13.15:01:04::SCWPlatform::Trying to open the hw design at D:/Zynq/vitis/version_2020/24_01_sd_bmp_hdmi/vitis/system_wrapper/hw/system_wrapper.xsa
TRACE::2026-05-13.15:01:04::SCWPlatform::DSA given D:/Zynq/vitis/version_2020/24_01_sd_bmp_hdmi/vitis/system_wrapper/hw/system_wrapper.xsa
TRACE::2026-05-13.15:01:04::SCWPlatform::DSA absoulate path D:/Zynq/vitis/version_2020/24_01_sd_bmp_hdmi/vitis/system_wrapper/hw/system_wrapper.xsa
TRACE::2026-05-13.15:01:04::SCWPlatform::DSA directory D:/Zynq/vitis/version_2020/24_01_sd_bmp_hdmi/vitis/system_wrapper/hw
TRACE::2026-05-13.15:01:04::SCWPlatform:: Platform Path D:/Zynq/vitis/version_2020/24_01_sd_bmp_hdmi/vitis/system_wrapper/hw/system_wrapper.xsa
TRACE::2026-05-13.15:01:04::SCWPlatform:: Unique name xilinx:::0.0
TRACE::2026-05-13.15:01:04::SCWPlatform::Trying to set the existing hwdb with name system_wrapper_2
TRACE::2026-05-13.15:01:04::SCWPlatform::Opened existing hwdb system_wrapper_2
TRACE::2026-05-13.15:01:04::SCWPlatform::Found the Hw Db part of the input DSA
TRACE::2026-05-13.15:01:04::SCWMssOS::Checking the sw design at  D:/Zynq/vitis/version_2020/24_01_sd_bmp_hdmi/vitis/system_wrapper/ps7_cortexa9_0/standalone_ps7_cortexa9_0/bsp/system.mss
TRACE::2026-05-13.15:01:04::SCWMssOS::DEBUG:  swdes dump  D:/Zynq/vitis/version_2020/24_01_sd_bmp_hdmi/vitis/system_wrapper/ps7_cortexa9_0/standalone_ps7_cortexa9_0/bsp/system.mss|system_0||
D:/Zynq/vitis/version_2020/24_01_sd_bmp_hdmi/vitis/system_wrapper/zynq_fsbl/zynq_fsbl_bsp/system.mss|system||

TRACE::2026-05-13.15:01:04::SCWMssOS::Sw design exists and opened at  D:/Zynq/vitis/version_2020/24_01_sd_bmp_hdmi/vitis/system_wrapper/ps7_cortexa9_0/standalone_ps7_cortexa9_0/bsp/system.mss
TRACE::2026-05-13.15:01:06::SCWPlatform::Trying to open the hw design at D:/Zynq/vitis/version_2020/24_01_sd_bmp_hdmi/vitis/system_wrapper/hw/system_wrapper.xsa
TRACE::2026-05-13.15:01:06::SCWPlatform::DSA given D:/Zynq/vitis/version_2020/24_01_sd_bmp_hdmi/vitis/system_wrapper/hw/system_wrapper.xsa
TRACE::2026-05-13.15:01:06::SCWPlatform::DSA absoulate path D:/Zynq/vitis/version_2020/24_01_sd_bmp_hdmi/vitis/system_wrapper/hw/system_wrapper.xsa
TRACE::2026-05-13.15:01:06::SCWPlatform::DSA directory D:/Zynq/vitis/version_2020/24_01_sd_bmp_hdmi/vitis/system_wrapper/hw
TRACE::2026-05-13.15:01:06::SCWPlatform:: Platform Path D:/Zynq/vitis/version_2020/24_01_sd_bmp_hdmi/vitis/system_wrapper/hw/system_wrapper.xsa
TRACE::2026-05-13.15:01:06::SCWPlatform:: Unique name xilinx:::0.0
TRACE::2026-05-13.15:01:06::SCWPlatform::Trying to set the existing hwdb with name system_wrapper_2
TRACE::2026-05-13.15:01:06::SCWPlatform::Opened existing hwdb system_wrapper_2
TRACE::2026-05-13.15:01:06::SCWPlatform::Found the Hw Db part of the input DSA
TRACE::2026-05-13.15:01:06::SCWMssOS::Checking the sw design at  D:/Zynq/vitis/version_2020/24_01_sd_bmp_hdmi/vitis/system_wrapper/ps7_cortexa9_0/standalone_ps7_cortexa9_0/bsp/system.mss
TRACE::2026-05-13.15:01:06::SCWMssOS::DEBUG:  swdes dump  D:/Zynq/vitis/version_2020/24_01_sd_bmp_hdmi/vitis/system_wrapper/ps7_cortexa9_0/standalone_ps7_cortexa9_0/bsp/system.mss|system_0||
D:/Zynq/vitis/version_2020/24_01_sd_bmp_hdmi/vitis/system_wrapper/zynq_fsbl/zynq_fsbl_bsp/system.mss|system||

TRACE::2026-05-13.15:01:06::SCWMssOS::Sw design exists and opened at  D:/Zynq/vitis/version_2020/24_01_sd_bmp_hdmi/vitis/system_wrapper/ps7_cortexa9_0/standalone_ps7_cortexa9_0/bsp/system.mss
TRACE::2026-05-13.15:01:06::SCWPlatform::Trying to open the hw design at D:/Zynq/vitis/version_2020/24_01_sd_bmp_hdmi/vitis/system_wrapper/hw/system_wrapper.xsa
TRACE::2026-05-13.15:01:06::SCWPlatform::DSA given D:/Zynq/vitis/version_2020/24_01_sd_bmp_hdmi/vitis/system_wrapper/hw/system_wrapper.xsa
TRACE::2026-05-13.15:01:06::SCWPlatform::DSA absoulate path D:/Zynq/vitis/version_2020/24_01_sd_bmp_hdmi/vitis/system_wrapper/hw/system_wrapper.xsa
TRACE::2026-05-13.15:01:06::SCWPlatform::DSA directory D:/Zynq/vitis/version_2020/24_01_sd_bmp_hdmi/vitis/system_wrapper/hw
TRACE::2026-05-13.15:01:06::SCWPlatform:: Platform Path D:/Zynq/vitis/version_2020/24_01_sd_bmp_hdmi/vitis/system_wrapper/hw/system_wrapper.xsa
TRACE::2026-05-13.15:01:06::SCWPlatform:: Unique name xilinx:::0.0
TRACE::2026-05-13.15:01:06::SCWPlatform::Trying to set the existing hwdb with name system_wrapper_2
TRACE::2026-05-13.15:01:06::SCWPlatform::Opened existing hwdb system_wrapper_2
TRACE::2026-05-13.15:01:06::SCWPlatform::Found the Hw Db part of the input DSA
TRACE::2026-05-13.15:01:06::SCWMssOS::Checking the sw design at  D:/Zynq/vitis/version_2020/24_01_sd_bmp_hdmi/vitis/system_wrapper/ps7_cortexa9_0/standalone_ps7_cortexa9_0/bsp/system.mss
TRACE::2026-05-13.15:01:06::SCWMssOS::DEBUG:  swdes dump  D:/Zynq/vitis/version_2020/24_01_sd_bmp_hdmi/vitis/system_wrapper/ps7_cortexa9_0/standalone_ps7_cortexa9_0/bsp/system.mss|system_0||
D:/Zynq/vitis/version_2020/24_01_sd_bmp_hdmi/vitis/system_wrapper/zynq_fsbl/zynq_fsbl_bsp/system.mss|system||

TRACE::2026-05-13.15:01:06::SCWMssOS::Sw design exists and opened at  D:/Zynq/vitis/version_2020/24_01_sd_bmp_hdmi/vitis/system_wrapper/ps7_cortexa9_0/standalone_ps7_cortexa9_0/bsp/system.mss
TRACE::2026-05-13.15:01:06::SCWMssOS::Adding Library:  xilffs:4.4
TRACE::2026-05-13.15:01:06::SCWMssOS::Added Library:  xilffs
TRACE::2026-05-13.15:01:06::SCWPlatform::Trying to open the hw design at D:/Zynq/vitis/version_2020/24_01_sd_bmp_hdmi/vitis/system_wrapper/hw/system_wrapper.xsa
TRACE::2026-05-13.15:01:06::SCWPlatform::DSA given D:/Zynq/vitis/version_2020/24_01_sd_bmp_hdmi/vitis/system_wrapper/hw/system_wrapper.xsa
TRACE::2026-05-13.15:01:06::SCWPlatform::DSA absoulate path D:/Zynq/vitis/version_2020/24_01_sd_bmp_hdmi/vitis/system_wrapper/hw/system_wrapper.xsa
TRACE::2026-05-13.15:01:06::SCWPlatform::DSA directory D:/Zynq/vitis/version_2020/24_01_sd_bmp_hdmi/vitis/system_wrapper/hw
TRACE::2026-05-13.15:01:06::SCWPlatform:: Platform Path D:/Zynq/vitis/version_2020/24_01_sd_bmp_hdmi/vitis/system_wrapper/hw/system_wrapper.xsa
TRACE::2026-05-13.15:01:06::SCWPlatform:: Unique name xilinx:::0.0
TRACE::2026-05-13.15:01:06::SCWPlatform::Trying to set the existing hwdb with name system_wrapper_2
TRACE::2026-05-13.15:01:06::SCWPlatform::Opened existing hwdb system_wrapper_2
TRACE::2026-05-13.15:01:06::SCWPlatform::Found the Hw Db part of the input DSA
TRACE::2026-05-13.15:01:06::SCWMssOS::Checking the sw design at  D:/Zynq/vitis/version_2020/24_01_sd_bmp_hdmi/vitis/system_wrapper/ps7_cortexa9_0/standalone_ps7_cortexa9_0/bsp/system.mss
TRACE::2026-05-13.15:01:06::SCWMssOS::DEBUG:  swdes dump  D:/Zynq/vitis/version_2020/24_01_sd_bmp_hdmi/vitis/system_wrapper/ps7_cortexa9_0/standalone_ps7_cortexa9_0/bsp/system.mss|system_0||
D:/Zynq/vitis/version_2020/24_01_sd_bmp_hdmi/vitis/system_wrapper/zynq_fsbl/zynq_fsbl_bsp/system.mss|system||

TRACE::2026-05-13.15:01:06::SCWMssOS::Sw design exists and opened at  D:/Zynq/vitis/version_2020/24_01_sd_bmp_hdmi/vitis/system_wrapper/ps7_cortexa9_0/standalone_ps7_cortexa9_0/bsp/system.mss
TRACE::2026-05-13.15:01:07::SCWPlatform::Trying to open the hw design at D:/Zynq/vitis/version_2020/24_01_sd_bmp_hdmi/vitis/system_wrapper/hw/system_wrapper.xsa
TRACE::2026-05-13.15:01:07::SCWPlatform::DSA given D:/Zynq/vitis/version_2020/24_01_sd_bmp_hdmi/vitis/system_wrapper/hw/system_wrapper.xsa
TRACE::2026-05-13.15:01:07::SCWPlatform::DSA absoulate path D:/Zynq/vitis/version_2020/24_01_sd_bmp_hdmi/vitis/system_wrapper/hw/system_wrapper.xsa
TRACE::2026-05-13.15:01:07::SCWPlatform::DSA directory D:/Zynq/vitis/version_2020/24_01_sd_bmp_hdmi/vitis/system_wrapper/hw
TRACE::2026-05-13.15:01:07::SCWPlatform:: Platform Path D:/Zynq/vitis/version_2020/24_01_sd_bmp_hdmi/vitis/system_wrapper/hw/system_wrapper.xsa
TRACE::2026-05-13.15:01:07::SCWPlatform:: Unique name xilinx:::0.0
TRACE::2026-05-13.15:01:07::SCWPlatform::Trying to set the existing hwdb with name system_wrapper_2
TRACE::2026-05-13.15:01:07::SCWPlatform::Opened existing hwdb system_wrapper_2
TRACE::2026-05-13.15:01:07::SCWPlatform::Found the Hw Db part of the input DSA
TRACE::2026-05-13.15:01:07::SCWMssOS::Checking the sw design at  D:/Zynq/vitis/version_2020/24_01_sd_bmp_hdmi/vitis/system_wrapper/ps7_cortexa9_0/standalone_ps7_cortexa9_0/bsp/system.mss
TRACE::2026-05-13.15:01:07::SCWMssOS::DEBUG:  swdes dump  D:/Zynq/vitis/version_2020/24_01_sd_bmp_hdmi/vitis/system_wrapper/ps7_cortexa9_0/standalone_ps7_cortexa9_0/bsp/system.mss|system_0||
D:/Zynq/vitis/version_2020/24_01_sd_bmp_hdmi/vitis/system_wrapper/zynq_fsbl/zynq_fsbl_bsp/system.mss|system||

TRACE::2026-05-13.15:01:07::SCWMssOS::Sw design exists and opened at  D:/Zynq/vitis/version_2020/24_01_sd_bmp_hdmi/vitis/system_wrapper/ps7_cortexa9_0/standalone_ps7_cortexa9_0/bsp/system.mss
TRACE::2026-05-13.15:01:31::SCWPlatform::Trying to open the hw design at D:/Zynq/vitis/version_2020/24_01_sd_bmp_hdmi/vitis/system_wrapper/hw/system_wrapper.xsa
TRACE::2026-05-13.15:01:31::SCWPlatform::DSA given D:/Zynq/vitis/version_2020/24_01_sd_bmp_hdmi/vitis/system_wrapper/hw/system_wrapper.xsa
TRACE::2026-05-13.15:01:31::SCWPlatform::DSA absoulate path D:/Zynq/vitis/version_2020/24_01_sd_bmp_hdmi/vitis/system_wrapper/hw/system_wrapper.xsa
TRACE::2026-05-13.15:01:31::SCWPlatform::DSA directory D:/Zynq/vitis/version_2020/24_01_sd_bmp_hdmi/vitis/system_wrapper/hw
TRACE::2026-05-13.15:01:31::SCWPlatform:: Platform Path D:/Zynq/vitis/version_2020/24_01_sd_bmp_hdmi/vitis/system_wrapper/hw/system_wrapper.xsa
TRACE::2026-05-13.15:01:31::SCWPlatform:: Unique name xilinx:::0.0
TRACE::2026-05-13.15:01:31::SCWPlatform::Trying to set the existing hwdb with name system_wrapper_2
TRACE::2026-05-13.15:01:31::SCWPlatform::Opened existing hwdb system_wrapper_2
TRACE::2026-05-13.15:01:31::SCWPlatform::Found the Hw Db part of the input DSA
TRACE::2026-05-13.15:01:31::SCWMssOS::Checking the sw design at  D:/Zynq/vitis/version_2020/24_01_sd_bmp_hdmi/vitis/system_wrapper/ps7_cortexa9_0/standalone_ps7_cortexa9_0/bsp/system.mss
TRACE::2026-05-13.15:01:31::SCWMssOS::DEBUG:  swdes dump  D:/Zynq/vitis/version_2020/24_01_sd_bmp_hdmi/vitis/system_wrapper/ps7_cortexa9_0/standalone_ps7_cortexa9_0/bsp/system.mss|system_0||
D:/Zynq/vitis/version_2020/24_01_sd_bmp_hdmi/vitis/system_wrapper/zynq_fsbl/zynq_fsbl_bsp/system.mss|system||

TRACE::2026-05-13.15:01:31::SCWMssOS::Sw design exists and opened at  D:/Zynq/vitis/version_2020/24_01_sd_bmp_hdmi/vitis/system_wrapper/ps7_cortexa9_0/standalone_ps7_cortexa9_0/bsp/system.mss
TRACE::2026-05-13.15:01:31::SCWMssOS::Adding Library:  xilffs:4.4
TRACE::2026-05-13.15:01:31::SCWMssOS::Added Library:  xilffs
TRACE::2026-05-13.15:01:31::SCWPlatform::Trying to open the hw design at D:/Zynq/vitis/version_2020/24_01_sd_bmp_hdmi/vitis/system_wrapper/hw/system_wrapper.xsa
TRACE::2026-05-13.15:01:31::SCWPlatform::DSA given D:/Zynq/vitis/version_2020/24_01_sd_bmp_hdmi/vitis/system_wrapper/hw/system_wrapper.xsa
TRACE::2026-05-13.15:01:31::SCWPlatform::DSA absoulate path D:/Zynq/vitis/version_2020/24_01_sd_bmp_hdmi/vitis/system_wrapper/hw/system_wrapper.xsa
TRACE::2026-05-13.15:01:31::SCWPlatform::DSA directory D:/Zynq/vitis/version_2020/24_01_sd_bmp_hdmi/vitis/system_wrapper/hw
TRACE::2026-05-13.15:01:31::SCWPlatform:: Platform Path D:/Zynq/vitis/version_2020/24_01_sd_bmp_hdmi/vitis/system_wrapper/hw/system_wrapper.xsa
TRACE::2026-05-13.15:01:31::SCWPlatform:: Unique name xilinx:::0.0
TRACE::2026-05-13.15:01:31::SCWPlatform::Trying to set the existing hwdb with name system_wrapper_2
TRACE::2026-05-13.15:01:31::SCWPlatform::Opened existing hwdb system_wrapper_2
TRACE::2026-05-13.15:01:31::SCWPlatform::Found the Hw Db part of the input DSA
TRACE::2026-05-13.15:01:31::SCWMssOS::Checking the sw design at  D:/Zynq/vitis/version_2020/24_01_sd_bmp_hdmi/vitis/system_wrapper/ps7_cortexa9_0/standalone_ps7_cortexa9_0/bsp/system.mss
TRACE::2026-05-13.15:01:31::SCWMssOS::DEBUG:  swdes dump  D:/Zynq/vitis/version_2020/24_01_sd_bmp_hdmi/vitis/system_wrapper/ps7_cortexa9_0/standalone_ps7_cortexa9_0/bsp/system.mss|system_0||
D:/Zynq/vitis/version_2020/24_01_sd_bmp_hdmi/vitis/system_wrapper/zynq_fsbl/zynq_fsbl_bsp/system.mss|system||

TRACE::2026-05-13.15:01:31::SCWMssOS::Sw design exists and opened at  D:/Zynq/vitis/version_2020/24_01_sd_bmp_hdmi/vitis/system_wrapper/ps7_cortexa9_0/standalone_ps7_cortexa9_0/bsp/system.mss
TRACE::2026-05-13.15:01:32::SCWMssOS::Saving the mss changes D:/Zynq/vitis/version_2020/24_01_sd_bmp_hdmi/vitis/system_wrapper/zynq_fsbl/zynq_fsbl_bsp/system.mss
TRACE::2026-05-13.15:01:32::SCWMssOS::Found a swdesign opened with the mssfile.
TRACE::2026-05-13.15:01:32::SCWMssOS::Completed writemss as part of save.
TRACE::2026-05-13.15:01:32::SCWMssOS::Commit changes completed.
TRACE::2026-05-13.15:01:32::SCWMssOS::Saving the mss changes D:/Zynq/vitis/version_2020/24_01_sd_bmp_hdmi/vitis/system_wrapper/ps7_cortexa9_0/standalone_ps7_cortexa9_0/bsp/system.mss
TRACE::2026-05-13.15:01:32::SCWMssOS::Found a swdesign opened with the mssfile.
TRACE::2026-05-13.15:01:32::SCWMssOS::Completed writemss as part of save.
TRACE::2026-05-13.15:01:32::SCWMssOS::Commit changes completed.
TRACE::2026-05-13.15:01:32::SCWPlatform::Trying to open the hw design at D:/Zynq/vitis/version_2020/24_01_sd_bmp_hdmi/vitis/system_wrapper/hw/system_wrapper.xsa
TRACE::2026-05-13.15:01:32::SCWPlatform::DSA given D:/Zynq/vitis/version_2020/24_01_sd_bmp_hdmi/vitis/system_wrapper/hw/system_wrapper.xsa
TRACE::2026-05-13.15:01:32::SCWPlatform::DSA absoulate path D:/Zynq/vitis/version_2020/24_01_sd_bmp_hdmi/vitis/system_wrapper/hw/system_wrapper.xsa
TRACE::2026-05-13.15:01:32::SCWPlatform::DSA directory D:/Zynq/vitis/version_2020/24_01_sd_bmp_hdmi/vitis/system_wrapper/hw
TRACE::2026-05-13.15:01:32::SCWPlatform:: Platform Path D:/Zynq/vitis/version_2020/24_01_sd_bmp_hdmi/vitis/system_wrapper/hw/system_wrapper.xsa
TRACE::2026-05-13.15:01:32::SCWPlatform:: Unique name xilinx:::0.0
TRACE::2026-05-13.15:01:32::SCWPlatform::Trying to set the existing hwdb with name system_wrapper_2
TRACE::2026-05-13.15:01:32::SCWPlatform::Opened existing hwdb system_wrapper_2
TRACE::2026-05-13.15:01:32::SCWPlatform::Found the Hw Db part of the input DSA
TRACE::2026-05-13.15:01:32::SCWMssOS::Checking the sw design at  D:/Zynq/vitis/version_2020/24_01_sd_bmp_hdmi/vitis/system_wrapper/zynq_fsbl/zynq_fsbl_bsp/system.mss
TRACE::2026-05-13.15:01:32::SCWMssOS::DEBUG:  swdes dump  D:/Zynq/vitis/version_2020/24_01_sd_bmp_hdmi/vitis/system_wrapper/ps7_cortexa9_0/standalone_ps7_cortexa9_0/bsp/system.mss|system_0||
D:/Zynq/vitis/version_2020/24_01_sd_bmp_hdmi/vitis/system_wrapper/zynq_fsbl/zynq_fsbl_bsp/system.mss|system||

TRACE::2026-05-13.15:01:32::SCWMssOS::Sw design exists and opened at  D:/Zynq/vitis/version_2020/24_01_sd_bmp_hdmi/vitis/system_wrapper/zynq_fsbl/zynq_fsbl_bsp/system.mss
TRACE::2026-05-13.15:01:32::SCWPlatform::Trying to open the hw design at D:/Zynq/vitis/version_2020/24_01_sd_bmp_hdmi/vitis/system_wrapper/hw/system_wrapper.xsa
TRACE::2026-05-13.15:01:32::SCWPlatform::DSA given D:/Zynq/vitis/version_2020/24_01_sd_bmp_hdmi/vitis/system_wrapper/hw/system_wrapper.xsa
TRACE::2026-05-13.15:01:32::SCWPlatform::DSA absoulate path D:/Zynq/vitis/version_2020/24_01_sd_bmp_hdmi/vitis/system_wrapper/hw/system_wrapper.xsa
TRACE::2026-05-13.15:01:32::SCWPlatform::DSA directory D:/Zynq/vitis/version_2020/24_01_sd_bmp_hdmi/vitis/system_wrapper/hw
TRACE::2026-05-13.15:01:32::SCWPlatform:: Platform Path D:/Zynq/vitis/version_2020/24_01_sd_bmp_hdmi/vitis/system_wrapper/hw/system_wrapper.xsa
TRACE::2026-05-13.15:01:32::SCWPlatform:: Unique name xilinx:::0.0
TRACE::2026-05-13.15:01:32::SCWPlatform::Trying to set the existing hwdb with name system_wrapper_2
TRACE::2026-05-13.15:01:32::SCWPlatform::Opened existing hwdb system_wrapper_2
TRACE::2026-05-13.15:01:32::SCWPlatform::Found the Hw Db part of the input DSA
TRACE::2026-05-13.15:01:32::SCWMssOS::Checking the sw design at  D:/Zynq/vitis/version_2020/24_01_sd_bmp_hdmi/vitis/system_wrapper/ps7_cortexa9_0/standalone_ps7_cortexa9_0/bsp/system.mss
TRACE::2026-05-13.15:01:32::SCWMssOS::DEBUG:  swdes dump  D:/Zynq/vitis/version_2020/24_01_sd_bmp_hdmi/vitis/system_wrapper/ps7_cortexa9_0/standalone_ps7_cortexa9_0/bsp/system.mss|system_0||
D:/Zynq/vitis/version_2020/24_01_sd_bmp_hdmi/vitis/system_wrapper/zynq_fsbl/zynq_fsbl_bsp/system.mss|system||

TRACE::2026-05-13.15:01:32::SCWMssOS::Sw design exists and opened at  D:/Zynq/vitis/version_2020/24_01_sd_bmp_hdmi/vitis/system_wrapper/ps7_cortexa9_0/standalone_ps7_cortexa9_0/bsp/system.mss
TRACE::2026-05-13.15:01:32::SCWWriter::formatted JSON is {
	"platformName":	"system_wrapper",
	"sprVersion":	"2.0",
	"mode":	"gui",
	"dsaType":	"Fixed",
	"platformDesc":	"system_wrapper",
	"platHandOff":	"<platformDir>.xsa",
	"platIntHandOff":	"<platformDir>/hw/system_wrapper.xsa",
	"deviceType":	"zynq",
	"platIsPrebuiltAutogen":	"false",
	"platIsNoBootBsp":	"false",
	"hasFsblMakeHasChanges":	"false",
	"hasPmufwMakeHasChanges":	"false",
	"fsblExtraCompilerFlags":	"-MMD -MP       -mcpu=cortex-a9 -mfpu=vfpv3 -mfloat-abi=hard ",
	"platPreBuiltFlag":	false,
	"platformSamplesDir":	"",
	"platActiveSys":	"system_wrapper",
	"systems":	[{
			"systemName":	"system_wrapper",
			"systemDesc":	"system_wrapper",
			"sysIsBootAutoGen":	"true",
			"systemDispName":	"system_wrapper",
			"sysActiveDom":	"standalone_ps7_cortexa9_0",
			"sysDefaultDom":	"standalone_ps7_cortexa9_0",
			"domains":	[{
					"domainName":	"zynq_fsbl",
					"domainDispName":	"zynq_fsbl",
					"domainDesc":	"FSBL Application BSP - Auto Generated.",
					"processors":	"ps7_cortexa9_0",
					"os":	"standalone",
					"sdxOs":	"standalone",
					"debugEnable":	"",
					"domRuntimes":	["cpp"],
					"swRepo":	"",
					"mssOsVer":	"7.3",
					"mssFile":	"",
					"md5Digest":	"f064f1502b86aad8e5076f480f530e93",
					"compatibleApp":	"zynq_fsbl",
					"domType":	"bootDomain",
					"arch":	"32-bit",
					"appSettings":	{
						"appCompilerFlags":	"",
						"appLinkerFlags":	""
					},
					"addedLibs":	["xilffs:4.4", "xilrsa:1.6"],
					"libOptions":	{
						"libsContainingOptions":	[]
					},
					"prebuiltLibs":	{
						"prebuiltIncPath":	[],
						"prebuiltLibPath":	[]
					},
					"isolation":	{
					}
				}, {
					"domainName":	"standalone_ps7_cortexa9_0",
					"domainDispName":	"standalone_ps7_cortexa9_0",
					"domainDesc":	"standalone_ps7_cortexa9_0",
					"processors":	"ps7_cortexa9_0",
					"os":	"standalone",
					"sdxOs":	"standalone",
					"qemuArgs":	"C:/Xilinx/Vitis/2020.2/data/emulation/platforms/zynq/sw/a9_standalone/qemu/qemu_args.txt",
					"qemuData":	"C:/Xilinx/Vitis/2020.2/data/emulation/platforms/zynq/sw/a9_standalone/qemu/",
					"debugEnable":	"False",
					"domRuntimes":	["cpp"],
					"swRepo":	"",
					"mssOsVer":	"7.3",
					"mssFile":	"",
					"md5Digest":	"3bf95608236b1a72e39391af23412f9a",
					"compatibleApp":	"",
					"domType":	"mssDomain",
					"arch":	"32-bit",
					"appSettings":	{
						"appCompilerFlags":	"",
						"appLinkerFlags":	""
					},
					"addedLibs":	["xilffs:4.4"],
					"libOptions":	{
						"libsContainingOptions":	[]
					},
					"prebuiltLibs":	{
						"prebuiltIncPath":	[],
						"prebuiltLibPath":	[]
					},
					"isolation":	{
					}
				}]
		}]
}
TRACE::2026-05-13.15:01:32::SCWMssOS::Saving the mss changes D:/Zynq/vitis/version_2020/24_01_sd_bmp_hdmi/vitis/system_wrapper/ps7_cortexa9_0/standalone_ps7_cortexa9_0/bsp/system.mss
TRACE::2026-05-13.15:01:32::SCWMssOS::Found a swdesign opened with the mssfile.
TRACE::2026-05-13.15:01:32::SCWMssOS::Completed writemss as part of save.
TRACE::2026-05-13.15:01:32::SCWMssOS::Commit changes completed.
TRACE::2026-05-13.15:01:32::SCWPlatform::Trying to open the hw design at D:/Zynq/vitis/version_2020/24_01_sd_bmp_hdmi/vitis/system_wrapper/hw/system_wrapper.xsa
TRACE::2026-05-13.15:01:32::SCWPlatform::DSA given D:/Zynq/vitis/version_2020/24_01_sd_bmp_hdmi/vitis/system_wrapper/hw/system_wrapper.xsa
TRACE::2026-05-13.15:01:32::SCWPlatform::DSA absoulate path D:/Zynq/vitis/version_2020/24_01_sd_bmp_hdmi/vitis/system_wrapper/hw/system_wrapper.xsa
TRACE::2026-05-13.15:01:32::SCWPlatform::DSA directory D:/Zynq/vitis/version_2020/24_01_sd_bmp_hdmi/vitis/system_wrapper/hw
TRACE::2026-05-13.15:01:32::SCWPlatform:: Platform Path D:/Zynq/vitis/version_2020/24_01_sd_bmp_hdmi/vitis/system_wrapper/hw/system_wrapper.xsa
TRACE::2026-05-13.15:01:32::SCWPlatform:: Unique name xilinx:::0.0
TRACE::2026-05-13.15:01:32::SCWPlatform::Trying to set the existing hwdb with name system_wrapper_2
TRACE::2026-05-13.15:01:32::SCWPlatform::Opened existing hwdb system_wrapper_2
TRACE::2026-05-13.15:01:32::SCWPlatform::Found the Hw Db part of the input DSA
TRACE::2026-05-13.15:01:32::SCWMssOS::Checking the sw design at  D:/Zynq/vitis/version_2020/24_01_sd_bmp_hdmi/vitis/system_wrapper/ps7_cortexa9_0/standalone_ps7_cortexa9_0/bsp/system.mss
TRACE::2026-05-13.15:01:32::SCWMssOS::DEBUG:  swdes dump  D:/Zynq/vitis/version_2020/24_01_sd_bmp_hdmi/vitis/system_wrapper/ps7_cortexa9_0/standalone_ps7_cortexa9_0/bsp/system.mss|system_0||
D:/Zynq/vitis/version_2020/24_01_sd_bmp_hdmi/vitis/system_wrapper/zynq_fsbl/zynq_fsbl_bsp/system.mss|system||

TRACE::2026-05-13.15:01:32::SCWMssOS::Sw design exists and opened at  D:/Zynq/vitis/version_2020/24_01_sd_bmp_hdmi/vitis/system_wrapper/ps7_cortexa9_0/standalone_ps7_cortexa9_0/bsp/system.mss
TRACE::2026-05-13.15:01:32::SCWMssOS::Removing the swdes entry for  D:/Zynq/vitis/version_2020/24_01_sd_bmp_hdmi/vitis/system_wrapper/ps7_cortexa9_0/standalone_ps7_cortexa9_0/bsp/system.mss
TRACE::2026-05-13.15:01:32::SCWMssOS::In reload Mss file.
TRACE::2026-05-13.15:01:32::SCWPlatform::Trying to open the hw design at D:/Zynq/vitis/version_2020/24_01_sd_bmp_hdmi/vitis/system_wrapper/hw/system_wrapper.xsa
TRACE::2026-05-13.15:01:32::SCWPlatform::DSA given D:/Zynq/vitis/version_2020/24_01_sd_bmp_hdmi/vitis/system_wrapper/hw/system_wrapper.xsa
TRACE::2026-05-13.15:01:32::SCWPlatform::DSA absoulate path D:/Zynq/vitis/version_2020/24_01_sd_bmp_hdmi/vitis/system_wrapper/hw/system_wrapper.xsa
TRACE::2026-05-13.15:01:32::SCWPlatform::DSA directory D:/Zynq/vitis/version_2020/24_01_sd_bmp_hdmi/vitis/system_wrapper/hw
TRACE::2026-05-13.15:01:32::SCWPlatform:: Platform Path D:/Zynq/vitis/version_2020/24_01_sd_bmp_hdmi/vitis/system_wrapper/hw/system_wrapper.xsa
TRACE::2026-05-13.15:01:32::SCWPlatform:: Unique name xilinx:::0.0
TRACE::2026-05-13.15:01:32::SCWPlatform::Trying to set the existing hwdb with name system_wrapper_2
TRACE::2026-05-13.15:01:32::SCWPlatform::Opened existing hwdb system_wrapper_2
TRACE::2026-05-13.15:01:32::SCWPlatform::Found the Hw Db part of the input DSA
TRACE::2026-05-13.15:01:32::SCWMssOS::Checking the sw design at  D:/Zynq/vitis/version_2020/24_01_sd_bmp_hdmi/vitis/system_wrapper/ps7_cortexa9_0/standalone_ps7_cortexa9_0/bsp/system.mss
TRACE::2026-05-13.15:01:32::SCWMssOS::DEBUG:  swdes dump  D:/Zynq/vitis/version_2020/24_01_sd_bmp_hdmi/vitis/system_wrapper/zynq_fsbl/zynq_fsbl_bsp/system.mss|system||

TRACE::2026-05-13.15:01:32::SCWMssOS::No sw design opened at  D:/Zynq/vitis/version_2020/24_01_sd_bmp_hdmi/vitis/system_wrapper/ps7_cortexa9_0/standalone_ps7_cortexa9_0/bsp/system.mss
TRACE::2026-05-13.15:01:32::SCWMssOS::mss exists loading the mss file  D:/Zynq/vitis/version_2020/24_01_sd_bmp_hdmi/vitis/system_wrapper/ps7_cortexa9_0/standalone_ps7_cortexa9_0/bsp/system.mss
TRACE::2026-05-13.15:01:32::SCWMssOS::Opened the sw design from mss  D:/Zynq/vitis/version_2020/24_01_sd_bmp_hdmi/vitis/system_wrapper/ps7_cortexa9_0/standalone_ps7_cortexa9_0/bsp/system.mss
TRACE::2026-05-13.15:01:32::SCWMssOS::Adding the swdes entry D:/Zynq/vitis/version_2020/24_01_sd_bmp_hdmi/vitis/system_wrapper/ps7_cortexa9_0/standalone_ps7_cortexa9_0/bsp/system.mss with des name system_0
TRACE::2026-05-13.15:01:32::SCWMssOS::updating the scw layer about changes
TRACE::2026-05-13.15:01:32::SCWMssOS::Opened the sw design.  D:/Zynq/vitis/version_2020/24_01_sd_bmp_hdmi/vitis/system_wrapper/ps7_cortexa9_0/standalone_ps7_cortexa9_0/bsp/system.mss
TRACE::2026-05-13.15:01:32::SCWPlatform::Trying to open the hw design at D:/Zynq/vitis/version_2020/24_01_sd_bmp_hdmi/vitis/system_wrapper/hw/system_wrapper.xsa
TRACE::2026-05-13.15:01:32::SCWPlatform::DSA given D:/Zynq/vitis/version_2020/24_01_sd_bmp_hdmi/vitis/system_wrapper/hw/system_wrapper.xsa
TRACE::2026-05-13.15:01:32::SCWPlatform::DSA absoulate path D:/Zynq/vitis/version_2020/24_01_sd_bmp_hdmi/vitis/system_wrapper/hw/system_wrapper.xsa
TRACE::2026-05-13.15:01:32::SCWPlatform::DSA directory D:/Zynq/vitis/version_2020/24_01_sd_bmp_hdmi/vitis/system_wrapper/hw
TRACE::2026-05-13.15:01:32::SCWPlatform:: Platform Path D:/Zynq/vitis/version_2020/24_01_sd_bmp_hdmi/vitis/system_wrapper/hw/system_wrapper.xsa
TRACE::2026-05-13.15:01:32::SCWPlatform:: Unique name xilinx:::0.0
TRACE::2026-05-13.15:01:32::SCWPlatform::Trying to set the existing hwdb with name system_wrapper_2
TRACE::2026-05-13.15:01:32::SCWPlatform::Opened existing hwdb system_wrapper_2
TRACE::2026-05-13.15:01:32::SCWPlatform::Found the Hw Db part of the input DSA
TRACE::2026-05-13.15:01:32::SCWMssOS::Checking the sw design at  D:/Zynq/vitis/version_2020/24_01_sd_bmp_hdmi/vitis/system_wrapper/ps7_cortexa9_0/standalone_ps7_cortexa9_0/bsp/system.mss
TRACE::2026-05-13.15:01:32::SCWMssOS::DEBUG:  swdes dump  D:/Zynq/vitis/version_2020/24_01_sd_bmp_hdmi/vitis/system_wrapper/ps7_cortexa9_0/standalone_ps7_cortexa9_0/bsp/system.mss|system_0||
D:/Zynq/vitis/version_2020/24_01_sd_bmp_hdmi/vitis/system_wrapper/zynq_fsbl/zynq_fsbl_bsp/system.mss|system||

TRACE::2026-05-13.15:01:32::SCWMssOS::Sw design exists and opened at  D:/Zynq/vitis/version_2020/24_01_sd_bmp_hdmi/vitis/system_wrapper/ps7_cortexa9_0/standalone_ps7_cortexa9_0/bsp/system.mss
TRACE::2026-05-13.15:01:32::SCWMssOS:: library already available in sw design:  xilffs:4.4
TRACE::2026-05-13.15:01:32::SCWMssOS::Saving the mss changes D:/Zynq/vitis/version_2020/24_01_sd_bmp_hdmi/vitis/system_wrapper/ps7_cortexa9_0/standalone_ps7_cortexa9_0/bsp/system.mss
TRACE::2026-05-13.15:01:32::SCWMssOS::Found a swdesign opened with the mssfile.
TRACE::2026-05-13.15:01:32::SCWMssOS::Completed writemss as part of save.
TRACE::2026-05-13.15:01:32::SCWMssOS::Commit changes completed.
TRACE::2026-05-13.15:01:32::SCWPlatform::Trying to open the hw design at D:/Zynq/vitis/version_2020/24_01_sd_bmp_hdmi/vitis/system_wrapper/hw/system_wrapper.xsa
TRACE::2026-05-13.15:01:32::SCWPlatform::DSA given D:/Zynq/vitis/version_2020/24_01_sd_bmp_hdmi/vitis/system_wrapper/hw/system_wrapper.xsa
TRACE::2026-05-13.15:01:32::SCWPlatform::DSA absoulate path D:/Zynq/vitis/version_2020/24_01_sd_bmp_hdmi/vitis/system_wrapper/hw/system_wrapper.xsa
TRACE::2026-05-13.15:01:32::SCWPlatform::DSA directory D:/Zynq/vitis/version_2020/24_01_sd_bmp_hdmi/vitis/system_wrapper/hw
TRACE::2026-05-13.15:01:32::SCWPlatform:: Platform Path D:/Zynq/vitis/version_2020/24_01_sd_bmp_hdmi/vitis/system_wrapper/hw/system_wrapper.xsa
TRACE::2026-05-13.15:01:32::SCWPlatform:: Unique name xilinx:::0.0
TRACE::2026-05-13.15:01:32::SCWPlatform::Trying to set the existing hwdb with name system_wrapper_2
TRACE::2026-05-13.15:01:32::SCWPlatform::Opened existing hwdb system_wrapper_2
TRACE::2026-05-13.15:01:32::SCWPlatform::Found the Hw Db part of the input DSA
TRACE::2026-05-13.15:01:32::SCWMssOS::Checking the sw design at  D:/Zynq/vitis/version_2020/24_01_sd_bmp_hdmi/vitis/system_wrapper/ps7_cortexa9_0/standalone_ps7_cortexa9_0/bsp/system.mss
TRACE::2026-05-13.15:01:32::SCWMssOS::DEBUG:  swdes dump  D:/Zynq/vitis/version_2020/24_01_sd_bmp_hdmi/vitis/system_wrapper/ps7_cortexa9_0/standalone_ps7_cortexa9_0/bsp/system.mss|system_0||
D:/Zynq/vitis/version_2020/24_01_sd_bmp_hdmi/vitis/system_wrapper/zynq_fsbl/zynq_fsbl_bsp/system.mss|system||

TRACE::2026-05-13.15:01:32::SCWMssOS::Sw design exists and opened at  D:/Zynq/vitis/version_2020/24_01_sd_bmp_hdmi/vitis/system_wrapper/ps7_cortexa9_0/standalone_ps7_cortexa9_0/bsp/system.mss
TRACE::2026-05-13.15:01:32::SCWMssOS::Removing the swdes entry for  D:/Zynq/vitis/version_2020/24_01_sd_bmp_hdmi/vitis/system_wrapper/ps7_cortexa9_0/standalone_ps7_cortexa9_0/bsp/system.mss
TRACE::2026-05-13.15:01:32::SCWPlatform::Trying to open the hw design at D:/Zynq/vitis/version_2020/24_01_sd_bmp_hdmi/vitis/system_wrapper/hw/system_wrapper.xsa
TRACE::2026-05-13.15:01:32::SCWPlatform::DSA given D:/Zynq/vitis/version_2020/24_01_sd_bmp_hdmi/vitis/system_wrapper/hw/system_wrapper.xsa
TRACE::2026-05-13.15:01:32::SCWPlatform::DSA absoulate path D:/Zynq/vitis/version_2020/24_01_sd_bmp_hdmi/vitis/system_wrapper/hw/system_wrapper.xsa
TRACE::2026-05-13.15:01:32::SCWPlatform::DSA directory D:/Zynq/vitis/version_2020/24_01_sd_bmp_hdmi/vitis/system_wrapper/hw
TRACE::2026-05-13.15:01:32::SCWPlatform:: Platform Path D:/Zynq/vitis/version_2020/24_01_sd_bmp_hdmi/vitis/system_wrapper/hw/system_wrapper.xsa
TRACE::2026-05-13.15:01:32::SCWPlatform:: Unique name xilinx:::0.0
TRACE::2026-05-13.15:01:32::SCWPlatform::Trying to set the existing hwdb with name system_wrapper_2
TRACE::2026-05-13.15:01:32::SCWPlatform::Opened existing hwdb system_wrapper_2
TRACE::2026-05-13.15:01:32::SCWPlatform::Found the Hw Db part of the input DSA
TRACE::2026-05-13.15:01:32::SCWMssOS::Checking the sw design at  D:/Zynq/vitis/version_2020/24_01_sd_bmp_hdmi/vitis/system_wrapper/ps7_cortexa9_0/standalone_ps7_cortexa9_0/bsp/system.mss
TRACE::2026-05-13.15:01:32::SCWMssOS::DEBUG:  swdes dump  D:/Zynq/vitis/version_2020/24_01_sd_bmp_hdmi/vitis/system_wrapper/zynq_fsbl/zynq_fsbl_bsp/system.mss|system||

TRACE::2026-05-13.15:01:32::SCWMssOS::No sw design opened at  D:/Zynq/vitis/version_2020/24_01_sd_bmp_hdmi/vitis/system_wrapper/ps7_cortexa9_0/standalone_ps7_cortexa9_0/bsp/system.mss
TRACE::2026-05-13.15:01:32::SCWMssOS::mss exists loading the mss file  D:/Zynq/vitis/version_2020/24_01_sd_bmp_hdmi/vitis/system_wrapper/ps7_cortexa9_0/standalone_ps7_cortexa9_0/bsp/system.mss
TRACE::2026-05-13.15:01:32::SCWMssOS::Opened the sw design from mss  D:/Zynq/vitis/version_2020/24_01_sd_bmp_hdmi/vitis/system_wrapper/ps7_cortexa9_0/standalone_ps7_cortexa9_0/bsp/system.mss
TRACE::2026-05-13.15:01:32::SCWMssOS::Adding the swdes entry D:/Zynq/vitis/version_2020/24_01_sd_bmp_hdmi/vitis/system_wrapper/ps7_cortexa9_0/standalone_ps7_cortexa9_0/bsp/system.mss with des name system_0
TRACE::2026-05-13.15:01:32::SCWMssOS::updating the scw layer about changes
TRACE::2026-05-13.15:01:32::SCWMssOS::Opened the sw design.  D:/Zynq/vitis/version_2020/24_01_sd_bmp_hdmi/vitis/system_wrapper/ps7_cortexa9_0/standalone_ps7_cortexa9_0/bsp/system.mss
TRACE::2026-05-13.15:01:32::SCWMssOS::Completed writing the mss file at D:/Zynq/vitis/version_2020/24_01_sd_bmp_hdmi/vitis/system_wrapper/ps7_cortexa9_0/standalone_ps7_cortexa9_0/bsp
TRACE::2026-05-13.15:01:32::SCWMssOS::Forcing BSP Sources regeneration.
KEYINFO::2026-05-13.15:01:32::SCWMssOS::Removing file D:/Zynq/vitis/version_2020/24_01_sd_bmp_hdmi/vitis/system_wrapper/ps7_cortexa9_0/standalone_ps7_cortexa9_0/bsp\system_0.mss
TRACE::2026-05-13.15:01:39::SCWPlatform::Trying to open the hw design at D:/Zynq/vitis/version_2020/24_01_sd_bmp_hdmi/vitis/system_wrapper/hw/system_wrapper.xsa
TRACE::2026-05-13.15:01:39::SCWPlatform::DSA given D:/Zynq/vitis/version_2020/24_01_sd_bmp_hdmi/vitis/system_wrapper/hw/system_wrapper.xsa
TRACE::2026-05-13.15:01:39::SCWPlatform::DSA absoulate path D:/Zynq/vitis/version_2020/24_01_sd_bmp_hdmi/vitis/system_wrapper/hw/system_wrapper.xsa
TRACE::2026-05-13.15:01:39::SCWPlatform::DSA directory D:/Zynq/vitis/version_2020/24_01_sd_bmp_hdmi/vitis/system_wrapper/hw
TRACE::2026-05-13.15:01:39::SCWPlatform:: Platform Path D:/Zynq/vitis/version_2020/24_01_sd_bmp_hdmi/vitis/system_wrapper/hw/system_wrapper.xsa
TRACE::2026-05-13.15:01:39::SCWPlatform:: Unique name xilinx:::0.0
TRACE::2026-05-13.15:01:39::SCWPlatform::Trying to set the existing hwdb with name system_wrapper_2
TRACE::2026-05-13.15:01:39::SCWPlatform::Opened existing hwdb system_wrapper_2
TRACE::2026-05-13.15:01:39::SCWPlatform::Found the Hw Db part of the input DSA
TRACE::2026-05-13.15:01:39::SCWMssOS::Checking the sw design at  D:/Zynq/vitis/version_2020/24_01_sd_bmp_hdmi/vitis/system_wrapper/zynq_fsbl/zynq_fsbl_bsp/system.mss
TRACE::2026-05-13.15:01:39::SCWMssOS::DEBUG:  swdes dump  D:/Zynq/vitis/version_2020/24_01_sd_bmp_hdmi/vitis/system_wrapper/ps7_cortexa9_0/standalone_ps7_cortexa9_0/bsp/system.mss|system_0||
D:/Zynq/vitis/version_2020/24_01_sd_bmp_hdmi/vitis/system_wrapper/zynq_fsbl/zynq_fsbl_bsp/system.mss|system||

TRACE::2026-05-13.15:01:39::SCWMssOS::Sw design exists and opened at  D:/Zynq/vitis/version_2020/24_01_sd_bmp_hdmi/vitis/system_wrapper/zynq_fsbl/zynq_fsbl_bsp/system.mss
TRACE::2026-05-13.15:01:39::SCWMssOS::In reload Mss file.
TRACE::2026-05-13.15:01:39::SCWPlatform::Trying to open the hw design at D:/Zynq/vitis/version_2020/24_01_sd_bmp_hdmi/vitis/system_wrapper/hw/system_wrapper.xsa
TRACE::2026-05-13.15:01:39::SCWPlatform::DSA given D:/Zynq/vitis/version_2020/24_01_sd_bmp_hdmi/vitis/system_wrapper/hw/system_wrapper.xsa
TRACE::2026-05-13.15:01:39::SCWPlatform::DSA absoulate path D:/Zynq/vitis/version_2020/24_01_sd_bmp_hdmi/vitis/system_wrapper/hw/system_wrapper.xsa
TRACE::2026-05-13.15:01:39::SCWPlatform::DSA directory D:/Zynq/vitis/version_2020/24_01_sd_bmp_hdmi/vitis/system_wrapper/hw
TRACE::2026-05-13.15:01:39::SCWPlatform:: Platform Path D:/Zynq/vitis/version_2020/24_01_sd_bmp_hdmi/vitis/system_wrapper/hw/system_wrapper.xsa
TRACE::2026-05-13.15:01:39::SCWPlatform:: Unique name xilinx:::0.0
TRACE::2026-05-13.15:01:39::SCWPlatform::Trying to set the existing hwdb with name system_wrapper_2
TRACE::2026-05-13.15:01:39::SCWPlatform::Opened existing hwdb system_wrapper_2
TRACE::2026-05-13.15:01:39::SCWPlatform::Found the Hw Db part of the input DSA
TRACE::2026-05-13.15:01:39::SCWMssOS::Checking the sw design at  D:/Zynq/vitis/version_2020/24_01_sd_bmp_hdmi/vitis/system_wrapper/zynq_fsbl/zynq_fsbl_bsp/system.mss
TRACE::2026-05-13.15:01:39::SCWMssOS::DEBUG:  swdes dump  D:/Zynq/vitis/version_2020/24_01_sd_bmp_hdmi/vitis/system_wrapper/ps7_cortexa9_0/standalone_ps7_cortexa9_0/bsp/system.mss|system_0||
D:/Zynq/vitis/version_2020/24_01_sd_bmp_hdmi/vitis/system_wrapper/zynq_fsbl/zynq_fsbl_bsp/system.mss|system||

KEYINFO::2026-05-13.15:01:39::SCWMssOS::Could not open the swdb for system_0
KEYINFO::2026-05-13.15:01:39::SCWMssOS::Could not open the sw design at  system_0
ERROR: [Hsi 55-1558] Software Design system_0 is not found

TRACE::2026-05-13.15:01:39::SCWMssOS::Cleared the swdb table entry
KEYINFO::2026-05-13.15:01:39::SCWMssOS::Could not open the swdb for system
KEYINFO::2026-05-13.15:01:39::SCWMssOS::Could not open the sw design at  system
ERROR: [Hsi 55-1558] Software Design system is not found

TRACE::2026-05-13.15:01:39::SCWMssOS::Cleared the swdb table entry
TRACE::2026-05-13.15:01:39::SCWMssOS::No sw design opened at  D:/Zynq/vitis/version_2020/24_01_sd_bmp_hdmi/vitis/system_wrapper/zynq_fsbl/zynq_fsbl_bsp/system.mss
TRACE::2026-05-13.15:01:39::SCWMssOS::mss exists loading the mss file  D:/Zynq/vitis/version_2020/24_01_sd_bmp_hdmi/vitis/system_wrapper/zynq_fsbl/zynq_fsbl_bsp/system.mss
TRACE::2026-05-13.15:01:39::SCWMssOS::Opened the sw design from mss  D:/Zynq/vitis/version_2020/24_01_sd_bmp_hdmi/vitis/system_wrapper/zynq_fsbl/zynq_fsbl_bsp/system.mss
TRACE::2026-05-13.15:01:39::SCWMssOS::Adding the swdes entry D:/Zynq/vitis/version_2020/24_01_sd_bmp_hdmi/vitis/system_wrapper/zynq_fsbl/zynq_fsbl_bsp/system.mss with des name system
TRACE::2026-05-13.15:01:39::SCWMssOS::updating the scw layer about changes
TRACE::2026-05-13.15:01:39::SCWMssOS::Opened the sw design.  D:/Zynq/vitis/version_2020/24_01_sd_bmp_hdmi/vitis/system_wrapper/zynq_fsbl/zynq_fsbl_bsp/system.mss
TRACE::2026-05-13.15:01:39::SCWPlatform::Trying to open the hw design at D:/Zynq/vitis/version_2020/24_01_sd_bmp_hdmi/vitis/system_wrapper/hw/system_wrapper.xsa
TRACE::2026-05-13.15:01:39::SCWPlatform::DSA given D:/Zynq/vitis/version_2020/24_01_sd_bmp_hdmi/vitis/system_wrapper/hw/system_wrapper.xsa
TRACE::2026-05-13.15:01:39::SCWPlatform::DSA absoulate path D:/Zynq/vitis/version_2020/24_01_sd_bmp_hdmi/vitis/system_wrapper/hw/system_wrapper.xsa
TRACE::2026-05-13.15:01:39::SCWPlatform::DSA directory D:/Zynq/vitis/version_2020/24_01_sd_bmp_hdmi/vitis/system_wrapper/hw
TRACE::2026-05-13.15:01:39::SCWPlatform:: Platform Path D:/Zynq/vitis/version_2020/24_01_sd_bmp_hdmi/vitis/system_wrapper/hw/system_wrapper.xsa
TRACE::2026-05-13.15:01:39::SCWPlatform:: Unique name xilinx:::0.0
TRACE::2026-05-13.15:01:39::SCWPlatform::Trying to set the existing hwdb with name system_wrapper_2
TRACE::2026-05-13.15:01:39::SCWPlatform::Opened existing hwdb system_wrapper_2
TRACE::2026-05-13.15:01:39::SCWPlatform::Found the Hw Db part of the input DSA
TRACE::2026-05-13.15:01:39::SCWMssOS::Checking the sw design at  D:/Zynq/vitis/version_2020/24_01_sd_bmp_hdmi/vitis/system_wrapper/zynq_fsbl/zynq_fsbl_bsp/system.mss
TRACE::2026-05-13.15:01:39::SCWMssOS::DEBUG:  swdes dump  D:/Zynq/vitis/version_2020/24_01_sd_bmp_hdmi/vitis/system_wrapper/zynq_fsbl/zynq_fsbl_bsp/system.mss|system||

TRACE::2026-05-13.15:01:39::SCWMssOS::Sw design exists and opened at  D:/Zynq/vitis/version_2020/24_01_sd_bmp_hdmi/vitis/system_wrapper/zynq_fsbl/zynq_fsbl_bsp/system.mss
TRACE::2026-05-13.15:01:39::SCWMssOS:: library already available in sw design:  xilffs:4.4
TRACE::2026-05-13.15:01:39::SCWPlatform::Trying to open the hw design at D:/Zynq/vitis/version_2020/24_01_sd_bmp_hdmi/vitis/system_wrapper/hw/system_wrapper.xsa
TRACE::2026-05-13.15:01:39::SCWPlatform::DSA given D:/Zynq/vitis/version_2020/24_01_sd_bmp_hdmi/vitis/system_wrapper/hw/system_wrapper.xsa
TRACE::2026-05-13.15:01:39::SCWPlatform::DSA absoulate path D:/Zynq/vitis/version_2020/24_01_sd_bmp_hdmi/vitis/system_wrapper/hw/system_wrapper.xsa
TRACE::2026-05-13.15:01:39::SCWPlatform::DSA directory D:/Zynq/vitis/version_2020/24_01_sd_bmp_hdmi/vitis/system_wrapper/hw
TRACE::2026-05-13.15:01:39::SCWPlatform:: Platform Path D:/Zynq/vitis/version_2020/24_01_sd_bmp_hdmi/vitis/system_wrapper/hw/system_wrapper.xsa
TRACE::2026-05-13.15:01:39::SCWPlatform:: Unique name xilinx:::0.0
TRACE::2026-05-13.15:01:39::SCWPlatform::Trying to set the existing hwdb with name system_wrapper_2
TRACE::2026-05-13.15:01:39::SCWPlatform::Opened existing hwdb system_wrapper_2
TRACE::2026-05-13.15:01:39::SCWPlatform::Found the Hw Db part of the input DSA
TRACE::2026-05-13.15:01:39::SCWMssOS::Checking the sw design at  D:/Zynq/vitis/version_2020/24_01_sd_bmp_hdmi/vitis/system_wrapper/zynq_fsbl/zynq_fsbl_bsp/system.mss
TRACE::2026-05-13.15:01:39::SCWMssOS::DEBUG:  swdes dump  D:/Zynq/vitis/version_2020/24_01_sd_bmp_hdmi/vitis/system_wrapper/zynq_fsbl/zynq_fsbl_bsp/system.mss|system||

TRACE::2026-05-13.15:01:39::SCWMssOS::Sw design exists and opened at  D:/Zynq/vitis/version_2020/24_01_sd_bmp_hdmi/vitis/system_wrapper/zynq_fsbl/zynq_fsbl_bsp/system.mss
TRACE::2026-05-13.15:01:39::SCWMssOS:: library already available in sw design:  xilrsa:1.6
TRACE::2026-05-13.15:01:39::SCWMssOS::Saving the mss changes D:/Zynq/vitis/version_2020/24_01_sd_bmp_hdmi/vitis/system_wrapper/zynq_fsbl/zynq_fsbl_bsp/system.mss
TRACE::2026-05-13.15:01:39::SCWMssOS::Found a swdesign opened with the mssfile.
TRACE::2026-05-13.15:01:39::SCWMssOS::Completed writemss as part of save.
TRACE::2026-05-13.15:01:39::SCWMssOS::Commit changes completed.
TRACE::2026-05-13.15:01:39::SCWPlatform::Trying to open the hw design at D:/Zynq/vitis/version_2020/24_01_sd_bmp_hdmi/vitis/system_wrapper/hw/system_wrapper.xsa
TRACE::2026-05-13.15:01:39::SCWPlatform::DSA given D:/Zynq/vitis/version_2020/24_01_sd_bmp_hdmi/vitis/system_wrapper/hw/system_wrapper.xsa
TRACE::2026-05-13.15:01:39::SCWPlatform::DSA absoulate path D:/Zynq/vitis/version_2020/24_01_sd_bmp_hdmi/vitis/system_wrapper/hw/system_wrapper.xsa
TRACE::2026-05-13.15:01:39::SCWPlatform::DSA directory D:/Zynq/vitis/version_2020/24_01_sd_bmp_hdmi/vitis/system_wrapper/hw
TRACE::2026-05-13.15:01:39::SCWPlatform:: Platform Path D:/Zynq/vitis/version_2020/24_01_sd_bmp_hdmi/vitis/system_wrapper/hw/system_wrapper.xsa
TRACE::2026-05-13.15:01:39::SCWPlatform:: Unique name xilinx:::0.0
TRACE::2026-05-13.15:01:39::SCWPlatform::Trying to set the existing hwdb with name system_wrapper_2
TRACE::2026-05-13.15:01:39::SCWPlatform::Opened existing hwdb system_wrapper_2
TRACE::2026-05-13.15:01:39::SCWPlatform::Found the Hw Db part of the input DSA
TRACE::2026-05-13.15:01:39::SCWMssOS::Checking the sw design at  D:/Zynq/vitis/version_2020/24_01_sd_bmp_hdmi/vitis/system_wrapper/zynq_fsbl/zynq_fsbl_bsp/system.mss
TRACE::2026-05-13.15:01:39::SCWMssOS::DEBUG:  swdes dump  D:/Zynq/vitis/version_2020/24_01_sd_bmp_hdmi/vitis/system_wrapper/zynq_fsbl/zynq_fsbl_bsp/system.mss|system||

TRACE::2026-05-13.15:01:39::SCWMssOS::Sw design exists and opened at  D:/Zynq/vitis/version_2020/24_01_sd_bmp_hdmi/vitis/system_wrapper/zynq_fsbl/zynq_fsbl_bsp/system.mss
TRACE::2026-05-13.15:01:39::SCWMssOS::Removing the swdes entry for  D:/Zynq/vitis/version_2020/24_01_sd_bmp_hdmi/vitis/system_wrapper/zynq_fsbl/zynq_fsbl_bsp/system.mss
LOG::2026-05-13.15:01:43::SCWPlatform::Started generating the artifacts platform system_wrapper
TRACE::2026-05-13.15:01:43::SCWPlatform::Sanity checking of platform is completed
LOG::2026-05-13.15:01:43::SCWPlatform::Started generating the artifacts for system configuration system_wrapper
LOG::2026-05-13.15:01:43::SCWSystem::Checking the domain zynq_fsbl
LOG::2026-05-13.15:01:43::SCWSystem::Doing application build for :  zynq_fsbl
TRACE::2026-05-13.15:01:43::SCWBDomain::Not a forced makefile updation, No changes are present. 
TRACE::2026-05-13.15:01:43::SCWDomain::Skipping the build for domain :  zynq_fsbl
LOG::2026-05-13.15:01:43::SCWSystem::Checking the domain standalone_ps7_cortexa9_0
LOG::2026-05-13.15:01:43::SCWSystem::Not a boot domain 
LOG::2026-05-13.15:01:43::SCWSystem::Started Processing the domain standalone_ps7_cortexa9_0
TRACE::2026-05-13.15:01:43::SCWDomain::Generating domain artifcats
TRACE::2026-05-13.15:01:43::SCWMssOS::Generating standalone artifcats
TRACE::2026-05-13.15:01:43::SCWMssOS::Copying the qemu file from  C:/Xilinx/Vitis/2020.2/data/emulation/platforms/zynq/sw/a9_standalone/qemu/qemu_args.txt To D:/Zynq/vitis/version_2020/24_01_sd_bmp_hdmi/vitis/system_wrapper/export/system_wrapper/sw/system_wrapper/qemu/
TRACE::2026-05-13.15:01:43::SCWMssOS::Copying the qemu file from  C:/Xilinx/Vitis/2020.2/data/emulation/platforms/zynq/sw/a9_standalone/qemu/qemu_args.txt To D:/Zynq/vitis/version_2020/24_01_sd_bmp_hdmi/vitis/system_wrapper/export/system_wrapper/sw/system_wrapper/standalone_ps7_cortexa9_0/qemu/
TRACE::2026-05-13.15:01:43::SCWMssOS:: Copying the user libraries. 
TRACE::2026-05-13.15:01:43::SCWPlatform::Trying to open the hw design at D:/Zynq/vitis/version_2020/24_01_sd_bmp_hdmi/vitis/system_wrapper/hw/system_wrapper.xsa
TRACE::2026-05-13.15:01:43::SCWPlatform::DSA given D:/Zynq/vitis/version_2020/24_01_sd_bmp_hdmi/vitis/system_wrapper/hw/system_wrapper.xsa
TRACE::2026-05-13.15:01:43::SCWPlatform::DSA absoulate path D:/Zynq/vitis/version_2020/24_01_sd_bmp_hdmi/vitis/system_wrapper/hw/system_wrapper.xsa
TRACE::2026-05-13.15:01:43::SCWPlatform::DSA directory D:/Zynq/vitis/version_2020/24_01_sd_bmp_hdmi/vitis/system_wrapper/hw
TRACE::2026-05-13.15:01:43::SCWPlatform:: Platform Path D:/Zynq/vitis/version_2020/24_01_sd_bmp_hdmi/vitis/system_wrapper/hw/system_wrapper.xsa
TRACE::2026-05-13.15:01:43::SCWPlatform:: Unique name xilinx:::0.0
TRACE::2026-05-13.15:01:43::SCWPlatform::Trying to set the existing hwdb with name system_wrapper_2
TRACE::2026-05-13.15:01:43::SCWPlatform::Opened existing hwdb system_wrapper_2
TRACE::2026-05-13.15:01:43::SCWPlatform::Found the Hw Db part of the input DSA
TRACE::2026-05-13.15:01:43::SCWMssOS::Checking the sw design at  D:/Zynq/vitis/version_2020/24_01_sd_bmp_hdmi/vitis/system_wrapper/ps7_cortexa9_0/standalone_ps7_cortexa9_0/bsp/system.mss
TRACE::2026-05-13.15:01:43::SCWMssOS::DEBUG:  swdes dump  
TRACE::2026-05-13.15:01:43::SCWMssOS::No sw design opened at  D:/Zynq/vitis/version_2020/24_01_sd_bmp_hdmi/vitis/system_wrapper/ps7_cortexa9_0/standalone_ps7_cortexa9_0/bsp/system.mss
TRACE::2026-05-13.15:01:43::SCWMssOS::mss exists loading the mss file  D:/Zynq/vitis/version_2020/24_01_sd_bmp_hdmi/vitis/system_wrapper/ps7_cortexa9_0/standalone_ps7_cortexa9_0/bsp/system.mss
TRACE::2026-05-13.15:01:43::SCWMssOS::Opened the sw design from mss  D:/Zynq/vitis/version_2020/24_01_sd_bmp_hdmi/vitis/system_wrapper/ps7_cortexa9_0/standalone_ps7_cortexa9_0/bsp/system.mss
TRACE::2026-05-13.15:01:43::SCWMssOS::Adding the swdes entry D:/Zynq/vitis/version_2020/24_01_sd_bmp_hdmi/vitis/system_wrapper/ps7_cortexa9_0/standalone_ps7_cortexa9_0/bsp/system.mss with des name system
TRACE::2026-05-13.15:01:43::SCWMssOS::updating the scw layer about changes
TRACE::2026-05-13.15:01:43::SCWMssOS::Opened the sw design.  D:/Zynq/vitis/version_2020/24_01_sd_bmp_hdmi/vitis/system_wrapper/ps7_cortexa9_0/standalone_ps7_cortexa9_0/bsp/system.mss
TRACE::2026-05-13.15:01:43::SCWMssOS::Completed writing the mss file at D:/Zynq/vitis/version_2020/24_01_sd_bmp_hdmi/vitis/system_wrapper/ps7_cortexa9_0/standalone_ps7_cortexa9_0/bsp
TRACE::2026-05-13.15:01:43::SCWMssOS::Mss edits present, copying mssfile into export location D:/Zynq/vitis/version_2020/24_01_sd_bmp_hdmi/vitis/system_wrapper/ps7_cortexa9_0/standalone_ps7_cortexa9_0/bsp/system.mss
TRACE::2026-05-13.15:01:43::SCWMssOS::bsp generated is upto date with the mss file. Skipping bsp generation.
TRACE::2026-05-13.15:01:43::SCWMssOS::BSP is already built. skipping the bsp build ... 
TRACE::2026-05-13.15:01:43::SCWDomain::Building the domain :  standalone_ps7_cortexa9_0
TRACE::2026-05-13.15:01:43::SCWMssOS::doing bsp build ... 
TRACE::2026-05-13.15:01:43::SCWMssOS::System Command Ran  D: & cd  D:/Zynq/vitis/version_2020/24_01_sd_bmp_hdmi/vitis/system_wrapper/ps7_cortexa9_0/standalone_ps7_cortexa9_0/bsp & make 
TRACE::2026-05-13.15:01:43::SCWMssOS::make --no-print-directory seq_libs

TRACE::2026-05-13.15:01:43::SCWMssOS::'Finished building libraries sequentially.'

TRACE::2026-05-13.15:01:43::SCWMssOS::make -j --no-print-directory par_libs

TRACE::2026-05-13.15:01:43::SCWMssOS::"Running Make include in ps7_cortexa9_0/libsrc/axivdma_v6_8/src"

TRACE::2026-05-13.15:01:43::SCWMssOS::make -C ps7_cortexa9_0/libsrc/axivdma_v6_8/src -s include  "SHELL=CMD" "COMPILER=arm-none-eabi-gcc" "ASSEMBLER=arm-none-eabi-as
TRACE::2026-05-13.15:01:43::SCWMssOS::" "ARCHIVER=arm-none-eabi-ar" "COMPILER_FLAGS=  -O2 -c" "EXTRA_COMPILER_FLAGS=-mcpu=cortex-a9 -mfpu=vfpv3 -mfloat-abi=hard -nos
TRACE::2026-05-13.15:01:43::SCWMssOS::tartfiles -g -Wall -Wextra"

TRACE::2026-05-13.15:01:43::SCWMssOS::"Running Make include in ps7_cortexa9_0/libsrc/coresightps_dcc_v1_8/src"

TRACE::2026-05-13.15:01:43::SCWMssOS::"Running Make include in ps7_cortexa9_0/libsrc/cpu_cortexa9_v2_10/src"

TRACE::2026-05-13.15:01:43::SCWMssOS::make -C ps7_cortexa9_0/libsrc/coresightps_dcc_v1_8/src -s include  "SHELL=CMD" "COMPILER=arm-none-eabi-gcc" "ASSEMBLER=arm-none
TRACE::2026-05-13.15:01:43::SCWMssOS::-eabi-as" "ARCHIVER=arm-none-eabi-ar" "COMPILER_FLAGS=  -O2 -c" "EXTRA_COMPILER_FLAGS=-mcpu=cortex-a9 -mfpu=vfpv3 -mfloat-abi=h
TRACE::2026-05-13.15:01:43::SCWMssOS::ard -nostartfiles -g -Wall -Wextra"

TRACE::2026-05-13.15:01:43::SCWMssOS::make -C ps7_cortexa9_0/libsrc/cpu_cortexa9_v2_10/src -s include  "SHELL=CMD" "COMPILER=arm-none-eabi-gcc" "ASSEMBLER=arm-none-e
TRACE::2026-05-13.15:01:43::SCWMssOS::abi-as" "ARCHIVER=arm-none-eabi-ar" "COMPILER_FLAGS=  -O2 -c" "EXTRA_COMPILER_FLAGS=-mcpu=cortex-a9 -mfpu=vfpv3 -mfloat-abi=har
TRACE::2026-05-13.15:01:43::SCWMssOS::d -nostartfiles -g -Wall -Wextra"

TRACE::2026-05-13.15:01:43::SCWMssOS::"Running Make include in ps7_cortexa9_0/libsrc/ddrps_v1_2/src"

TRACE::2026-05-13.15:01:43::SCWMssOS::make -C ps7_cortexa9_0/libsrc/ddrps_v1_2/src -s include  "SHELL=CMD" "COMPILER=arm-none-eabi-gcc" "ASSEMBLER=arm-none-eabi-as" 
TRACE::2026-05-13.15:01:43::SCWMssOS::"ARCHIVER=arm-none-eabi-ar" "COMPILER_FLAGS=  -O2 -c" "EXTRA_COMPILER_FLAGS=-mcpu=cortex-a9 -mfpu=vfpv3 -mfloat-abi=hard -nosta
TRACE::2026-05-13.15:01:43::SCWMssOS::rtfiles -g -Wall -Wextra"

TRACE::2026-05-13.15:01:43::SCWMssOS::"Running Make include in ps7_cortexa9_0/libsrc/devcfg_v3_7/src"

TRACE::2026-05-13.15:01:43::SCWMssOS::make -C ps7_cortexa9_0/libsrc/devcfg_v3_7/src -s include  "SHELL=CMD" "COMPILER=arm-none-eabi-gcc" "ASSEMBLER=arm-none-eabi-as"
TRACE::2026-05-13.15:01:43::SCWMssOS:: "ARCHIVER=arm-none-eabi-ar" "COMPILER_FLAGS=  -O2 -c" "EXTRA_COMPILER_FLAGS=-mcpu=cortex-a9 -mfpu=vfpv3 -mfloat-abi=hard -nost
TRACE::2026-05-13.15:01:43::SCWMssOS::artfiles -g -Wall -Wextra"

TRACE::2026-05-13.15:01:43::SCWMssOS::"Running Make include in ps7_cortexa9_0/libsrc/dmaps_v2_7/src"

TRACE::2026-05-13.15:01:43::SCWMssOS::"Running Make include in ps7_cortexa9_0/libsrc/scugic_v4_3/src"

TRACE::2026-05-13.15:01:43::SCWMssOS::make -C ps7_cortexa9_0/libsrc/dmaps_v2_7/src -s include  "SHELL=CMD" "COMPILER=arm-none-eabi-gcc" "ASSEMBLER=arm-none-eabi-as" 
TRACE::2026-05-13.15:01:43::SCWMssOS::"ARCHIVER=arm-none-eabi-ar" "COMPILER_FLAGS=  -O2 -c" "EXTRA_COMPILER_FLAGS=-mcpu=cortex-a9 -mfpu=vfpv3 -mfloat-abi=hard -nosta
TRACE::2026-05-13.15:01:43::SCWMssOS::rtfiles -g -Wall -Wextra"

TRACE::2026-05-13.15:01:43::SCWMssOS::make -C ps7_cortexa9_0/libsrc/scugic_v4_3/src -s include  "SHELL=CMD" "COMPILER=arm-none-eabi-gcc" "ASSEMBLER=arm-none-eabi-as"
TRACE::2026-05-13.15:01:43::SCWMssOS:: "ARCHIVER=arm-none-eabi-ar" "COMPILER_FLAGS=  -O2 -c" "EXTRA_COMPILER_FLAGS=-mcpu=cortex-a9 -mfpu=vfpv3 -mfloat-abi=hard -nost
TRACE::2026-05-13.15:01:43::SCWMssOS::artfiles -g -Wall -Wextra"

TRACE::2026-05-13.15:01:43::SCWMssOS::"Running Make include in ps7_cortexa9_0/libsrc/scutimer_v2_3/src"

TRACE::2026-05-13.15:01:43::SCWMssOS::make -C ps7_cortexa9_0/libsrc/scutimer_v2_3/src -s include  "SHELL=CMD" "COMPILER=arm-none-eabi-gcc" "ASSEMBLER=arm-none-eabi-a
TRACE::2026-05-13.15:01:43::SCWMssOS::s" "ARCHIVER=arm-none-eabi-ar" "COMPILER_FLAGS=  -O2 -c" "EXTRA_COMPILER_FLAGS=-mcpu=cortex-a9 -mfpu=vfpv3 -mfloat-abi=hard -no
TRACE::2026-05-13.15:01:43::SCWMssOS::startfiles -g -Wall -Wextra"

TRACE::2026-05-13.15:01:43::SCWMssOS::"Running Make include in ps7_cortexa9_0/libsrc/scuwdt_v2_3/src"

TRACE::2026-05-13.15:01:43::SCWMssOS::make -C ps7_cortexa9_0/libsrc/scuwdt_v2_3/src -s include  "SHELL=CMD" "COMPILER=arm-none-eabi-gcc" "ASSEMBLER=arm-none-eabi-as"
TRACE::2026-05-13.15:01:43::SCWMssOS:: "ARCHIVER=arm-none-eabi-ar" "COMPILER_FLAGS=  -O2 -c" "EXTRA_COMPILER_FLAGS=-mcpu=cortex-a9 -mfpu=vfpv3 -mfloat-abi=hard -nost
TRACE::2026-05-13.15:01:43::SCWMssOS::artfiles -g -Wall -Wextra"

TRACE::2026-05-13.15:01:43::SCWMssOS::"Running Make include in ps7_cortexa9_0/libsrc/sdps_v3_10/src"

TRACE::2026-05-13.15:01:43::SCWMssOS::make -C ps7_cortexa9_0/libsrc/sdps_v3_10/src -s include  "SHELL=CMD" "COMPILER=arm-none-eabi-gcc" "ASSEMBLER=arm-none-eabi-as" 
TRACE::2026-05-13.15:01:43::SCWMssOS::"ARCHIVER=arm-none-eabi-ar" "COMPILER_FLAGS=  -O2 -c" "EXTRA_COMPILER_FLAGS=-mcpu=cortex-a9 -mfpu=vfpv3 -mfloat-abi=hard -nosta
TRACE::2026-05-13.15:01:43::SCWMssOS::rtfiles -g -Wall -Wextra"

TRACE::2026-05-13.15:01:43::SCWMssOS::"Running Make include in ps7_cortexa9_0/libsrc/standalone_v7_3/src"

TRACE::2026-05-13.15:01:43::SCWMssOS::make -C ps7_cortexa9_0/libsrc/standalone_v7_3/src -s include  "SHELL=CMD" "COMPILER=arm-none-eabi-gcc" "ASSEMBLER=arm-none-eabi
TRACE::2026-05-13.15:01:43::SCWMssOS::-as" "ARCHIVER=arm-none-eabi-ar" "COMPILER_FLAGS=  -O2 -c" "EXTRA_COMPILER_FLAGS=-mcpu=cortex-a9 -mfpu=vfpv3 -mfloat-abi=hard -
TRACE::2026-05-13.15:01:43::SCWMssOS::nostartfiles -g -Wall -Wextra"

TRACE::2026-05-13.15:01:43::SCWMssOS::"Running Make include in ps7_cortexa9_0/libsrc/uartps_v3_10/src"

TRACE::2026-05-13.15:01:43::SCWMssOS::make -C ps7_cortexa9_0/libsrc/uartps_v3_10/src -s include  "SHELL=CMD" "COMPILER=arm-none-eabi-gcc" "ASSEMBLER=arm-none-eabi-as
TRACE::2026-05-13.15:01:43::SCWMssOS::" "ARCHIVER=arm-none-eabi-ar" "COMPILER_FLAGS=  -O2 -c" "EXTRA_COMPILER_FLAGS=-mcpu=cortex-a9 -mfpu=vfpv3 -mfloat-abi=hard -nos
TRACE::2026-05-13.15:01:43::SCWMssOS::tartfiles -g -Wall -Wextra"

TRACE::2026-05-13.15:01:43::SCWMssOS::"Running Make include in ps7_cortexa9_0/libsrc/vtc_v8_3/src"

TRACE::2026-05-13.15:01:43::SCWMssOS::"Running Make include in ps7_cortexa9_0/libsrc/xadcps_v2_5/src"

TRACE::2026-05-13.15:01:43::SCWMssOS::make -C ps7_cortexa9_0/libsrc/vtc_v8_3/src -s include  "SHELL=CMD" "COMPILER=arm-none-eabi-gcc" "ASSEMBLER=arm-none-eabi-as" "A
TRACE::2026-05-13.15:01:43::SCWMssOS::RCHIVER=arm-none-eabi-ar" "COMPILER_FLAGS=  -O2 -c" "EXTRA_COMPILER_FLAGS=-mcpu=cortex-a9 -mfpu=vfpv3 -mfloat-abi=hard -nostart
TRACE::2026-05-13.15:01:43::SCWMssOS::files -g -Wall -Wextra"

TRACE::2026-05-13.15:01:43::SCWMssOS::make -C ps7_cortexa9_0/libsrc/xadcps_v2_5/src -s include  "SHELL=CMD" "COMPILER=arm-none-eabi-gcc" "ASSEMBLER=arm-none-eabi-as"
TRACE::2026-05-13.15:01:43::SCWMssOS:: "ARCHIVER=arm-none-eabi-ar" "COMPILER_FLAGS=  -O2 -c" "EXTRA_COMPILER_FLAGS=-mcpu=cortex-a9 -mfpu=vfpv3 -mfloat-abi=hard -nost
TRACE::2026-05-13.15:01:43::SCWMssOS::artfiles -g -Wall -Wextra"

TRACE::2026-05-13.15:01:43::SCWMssOS::"Running Make include in ps7_cortexa9_0/libsrc/xilffs_v4_4/src"

TRACE::2026-05-13.15:01:43::SCWMssOS::make -C ps7_cortexa9_0/libsrc/xilffs_v4_4/src -s include  "SHELL=CMD" "COMPILER=arm-none-eabi-gcc" "ASSEMBLER=arm-none-eabi-as"
TRACE::2026-05-13.15:01:43::SCWMssOS:: "ARCHIVER=arm-none-eabi-ar" "COMPILER_FLAGS=  -O2 -c" "EXTRA_COMPILER_FLAGS=-mcpu=cortex-a9 -mfpu=vfpv3 -mfloat-abi=hard -nost
TRACE::2026-05-13.15:01:43::SCWMssOS::artfiles -g -Wall -Wextra"

TRACE::2026-05-13.15:01:44::SCWMssOS::"Running Make libs in ps7_cortexa9_0/libsrc/axivdma_v6_8/src"

TRACE::2026-05-13.15:01:44::SCWMssOS::"Running Make libs in ps7_cortexa9_0/libsrc/coresightps_dcc_v1_8/src"

TRACE::2026-05-13.15:01:44::SCWMssOS::make -C ps7_cortexa9_0/libsrc/axivdma_v6_8/src -s libs  "SHELL=CMD" "COMPILER=arm-none-eabi-gcc" "ASSEMBLER=arm-none-eabi-as" "
TRACE::2026-05-13.15:01:44::SCWMssOS::ARCHIVER=arm-none-eabi-ar" "COMPILER_FLAGS=  -O2 -c" "EXTRA_COMPILER_FLAGS=-mcpu=cortex-a9 -mfpu=vfpv3 -mfloat-abi=hard -nostar
TRACE::2026-05-13.15:01:44::SCWMssOS::tfiles -g -Wall -Wextra"

TRACE::2026-05-13.15:01:44::SCWMssOS::"Running Make libs in ps7_cortexa9_0/libsrc/cpu_cortexa9_v2_10/src"

TRACE::2026-05-13.15:01:44::SCWMssOS::make -C ps7_cortexa9_0/libsrc/coresightps_dcc_v1_8/src -s libs  "SHELL=CMD" "COMPILER=arm-none-eabi-gcc" "ASSEMBLER=arm-none-ea
TRACE::2026-05-13.15:01:44::SCWMssOS::bi-as" "ARCHIVER=arm-none-eabi-ar" "COMPILER_FLAGS=  -O2 -c" "EXTRA_COMPILER_FLAGS=-mcpu=cortex-a9 -mfpu=vfpv3 -mfloat-abi=hard
TRACE::2026-05-13.15:01:44::SCWMssOS:: -nostartfiles -g -Wall -Wextra"

TRACE::2026-05-13.15:01:44::SCWMssOS::"Running Make libs in ps7_cortexa9_0/libsrc/ddrps_v1_2/src"

TRACE::2026-05-13.15:01:44::SCWMssOS::make -C ps7_cortexa9_0/libsrc/cpu_cortexa9_v2_10/src -s libs  "SHELL=CMD" "COMPILER=arm-none-eabi-gcc" "ASSEMBLER=arm-none-eabi
TRACE::2026-05-13.15:01:44::SCWMssOS::-as" "ARCHIVER=arm-none-eabi-ar" "COMPILER_FLAGS=  -O2 -c" "EXTRA_COMPILER_FLAGS=-mcpu=cortex-a9 -mfpu=vfpv3 -mfloat-abi=hard -
TRACE::2026-05-13.15:01:44::SCWMssOS::nostartfiles -g -Wall -Wextra"

TRACE::2026-05-13.15:01:44::SCWMssOS::make -C ps7_cortexa9_0/libsrc/ddrps_v1_2/src -s libs  "SHELL=CMD" "COMPILER=arm-none-eabi-gcc" "ASSEMBLER=arm-none-eabi-as" "AR
TRACE::2026-05-13.15:01:44::SCWMssOS::CHIVER=arm-none-eabi-ar" "COMPILER_FLAGS=  -O2 -c" "EXTRA_COMPILER_FLAGS=-mcpu=cortex-a9 -mfpu=vfpv3 -mfloat-abi=hard -nostartf
TRACE::2026-05-13.15:01:44::SCWMssOS::iles -g -Wall -Wextra"

TRACE::2026-05-13.15:01:44::SCWMssOS::"Running Make libs in ps7_cortexa9_0/libsrc/devcfg_v3_7/src"

TRACE::2026-05-13.15:01:44::SCWMssOS::make -C ps7_cortexa9_0/libsrc/devcfg_v3_7/src -s libs  "SHELL=CMD" "COMPILER=arm-none-eabi-gcc" "ASSEMBLER=arm-none-eabi-as" "A
TRACE::2026-05-13.15:01:44::SCWMssOS::RCHIVER=arm-none-eabi-ar" "COMPILER_FLAGS=  -O2 -c" "EXTRA_COMPILER_FLAGS=-mcpu=cortex-a9 -mfpu=vfpv3 -mfloat-abi=hard -nostart
TRACE::2026-05-13.15:01:44::SCWMssOS::files -g -Wall -Wextra"

TRACE::2026-05-13.15:01:44::SCWMssOS::"Running Make libs in ps7_cortexa9_0/libsrc/dmaps_v2_7/src"

TRACE::2026-05-13.15:01:44::SCWMssOS::"Running Make libs in ps7_cortexa9_0/libsrc/scugic_v4_3/src"

TRACE::2026-05-13.15:01:44::SCWMssOS::make -C ps7_cortexa9_0/libsrc/dmaps_v2_7/src -s libs  "SHELL=CMD" "COMPILER=arm-none-eabi-gcc" "ASSEMBLER=arm-none-eabi-as" "AR
TRACE::2026-05-13.15:01:44::SCWMssOS::CHIVER=arm-none-eabi-ar" "COMPILER_FLAGS=  -O2 -c" "EXTRA_COMPILER_FLAGS=-mcpu=cortex-a9 -mfpu=vfpv3 -mfloat-abi=hard -nostartf
TRACE::2026-05-13.15:01:44::SCWMssOS::iles -g -Wall -Wextra"

TRACE::2026-05-13.15:01:44::SCWMssOS::make -C ps7_cortexa9_0/libsrc/scugic_v4_3/src -s libs  "SHELL=CMD" "COMPILER=arm-none-eabi-gcc" "ASSEMBLER=arm-none-eabi-as" "A
TRACE::2026-05-13.15:01:44::SCWMssOS::RCHIVER=arm-none-eabi-ar" "COMPILER_FLAGS=  -O2 -c" "EXTRA_COMPILER_FLAGS=-mcpu=cortex-a9 -mfpu=vfpv3 -mfloat-abi=hard -nostart
TRACE::2026-05-13.15:01:44::SCWMssOS::files -g -Wall -Wextra"

TRACE::2026-05-13.15:01:44::SCWMssOS::"Running Make libs in ps7_cortexa9_0/libsrc/scutimer_v2_3/src"

TRACE::2026-05-13.15:01:44::SCWMssOS::make -C ps7_cortexa9_0/libsrc/scutimer_v2_3/src -s libs  "SHELL=CMD" "COMPILER=arm-none-eabi-gcc" "ASSEMBLER=arm-none-eabi-as" 
TRACE::2026-05-13.15:01:44::SCWMssOS::"ARCHIVER=arm-none-eabi-ar" "COMPILER_FLAGS=  -O2 -c" "EXTRA_COMPILER_FLAGS=-mcpu=cortex-a9 -mfpu=vfpv3 -mfloat-abi=hard -nosta
TRACE::2026-05-13.15:01:44::SCWMssOS::rtfiles -g -Wall -Wextra"

TRACE::2026-05-13.15:01:44::SCWMssOS::"Running Make libs in ps7_cortexa9_0/libsrc/scuwdt_v2_3/src"

TRACE::2026-05-13.15:01:44::SCWMssOS::make -C ps7_cortexa9_0/libsrc/scuwdt_v2_3/src -s libs  "SHELL=CMD" "COMPILER=arm-none-eabi-gcc" "ASSEMBLER=arm-none-eabi-as" "A
TRACE::2026-05-13.15:01:44::SCWMssOS::RCHIVER=arm-none-eabi-ar" "COMPILER_FLAGS=  -O2 -c" "EXTRA_COMPILER_FLAGS=-mcpu=cortex-a9 -mfpu=vfpv3 -mfloat-abi=hard -nostart
TRACE::2026-05-13.15:01:44::SCWMssOS::files -g -Wall -Wextra"

TRACE::2026-05-13.15:01:44::SCWMssOS::"Running Make libs in ps7_cortexa9_0/libsrc/sdps_v3_10/src"

TRACE::2026-05-13.15:01:44::SCWMssOS::"Running Make libs in ps7_cortexa9_0/libsrc/standalone_v7_3/src"

TRACE::2026-05-13.15:01:44::SCWMssOS::make -C ps7_cortexa9_0/libsrc/sdps_v3_10/src -s libs  "SHELL=CMD" "COMPILER=arm-none-eabi-gcc" "ASSEMBLER=arm-none-eabi-as" "AR
TRACE::2026-05-13.15:01:44::SCWMssOS::CHIVER=arm-none-eabi-ar" "COMPILER_FLAGS=  -O2 -c" "EXTRA_COMPILER_FLAGS=-mcpu=cortex-a9 -mfpu=vfpv3 -mfloat-abi=hard -nostartf
TRACE::2026-05-13.15:01:44::SCWMssOS::iles -g -Wall -Wextra"

TRACE::2026-05-13.15:01:44::SCWMssOS::make -C ps7_cortexa9_0/libsrc/standalone_v7_3/src -s libs  "SHELL=CMD" "COMPILER=arm-none-eabi-gcc" "ASSEMBLER=arm-none-eabi-as
TRACE::2026-05-13.15:01:44::SCWMssOS::" "ARCHIVER=arm-none-eabi-ar" "COMPILER_FLAGS=  -O2 -c" "EXTRA_COMPILER_FLAGS=-mcpu=cortex-a9 -mfpu=vfpv3 -mfloat-abi=hard -nos
TRACE::2026-05-13.15:01:44::SCWMssOS::tartfiles -g -Wall -Wextra"

TRACE::2026-05-13.15:01:44::SCWMssOS::"Running Make libs in ps7_cortexa9_0/libsrc/uartps_v3_10/src"

TRACE::2026-05-13.15:01:44::SCWMssOS::make -C ps7_cortexa9_0/libsrc/uartps_v3_10/src -s libs  "SHELL=CMD" "COMPILER=arm-none-eabi-gcc" "ASSEMBLER=arm-none-eabi-as" "
TRACE::2026-05-13.15:01:44::SCWMssOS::ARCHIVER=arm-none-eabi-ar" "COMPILER_FLAGS=  -O2 -c" "EXTRA_COMPILER_FLAGS=-mcpu=cortex-a9 -mfpu=vfpv3 -mfloat-abi=hard -nostar
TRACE::2026-05-13.15:01:44::SCWMssOS::tfiles -g -Wall -Wextra"

TRACE::2026-05-13.15:01:44::SCWMssOS::"Running Make libs in ps7_cortexa9_0/libsrc/vtc_v8_3/src"

TRACE::2026-05-13.15:01:44::SCWMssOS::make -C ps7_cortexa9_0/libsrc/vtc_v8_3/src -s libs  "SHELL=CMD" "COMPILER=arm-none-eabi-gcc" "ASSEMBLER=arm-none-eabi-as" "ARCH
TRACE::2026-05-13.15:01:44::SCWMssOS::IVER=arm-none-eabi-ar" "COMPILER_FLAGS=  -O2 -c" "EXTRA_COMPILER_FLAGS=-mcpu=cortex-a9 -mfpu=vfpv3 -mfloat-abi=hard -nostartfil
TRACE::2026-05-13.15:01:44::SCWMssOS::es -g -Wall -Wextra"

TRACE::2026-05-13.15:01:44::SCWMssOS::"Running Make libs in ps7_cortexa9_0/libsrc/xadcps_v2_5/src"

TRACE::2026-05-13.15:01:44::SCWMssOS::make -C ps7_cortexa9_0/libsrc/xadcps_v2_5/src -s libs  "SHELL=CMD" "COMPILER=arm-none-eabi-gcc" "ASSEMBLER=arm-none-eabi-as" "A
TRACE::2026-05-13.15:01:44::SCWMssOS::RCHIVER=arm-none-eabi-ar" "COMPILER_FLAGS=  -O2 -c" "EXTRA_COMPILER_FLAGS=-mcpu=cortex-a9 -mfpu=vfpv3 -mfloat-abi=hard -nostart
TRACE::2026-05-13.15:01:44::SCWMssOS::files -g -Wall -Wextra"

TRACE::2026-05-13.15:01:44::SCWMssOS::"Running Make libs in ps7_cortexa9_0/libsrc/xilffs_v4_4/src"

TRACE::2026-05-13.15:01:44::SCWMssOS::make -C ps7_cortexa9_0/libsrc/xilffs_v4_4/src -s libs  "SHELL=CMD" "COMPILER=arm-none-eabi-gcc" "ASSEMBLER=arm-none-eabi-as" "A
TRACE::2026-05-13.15:01:44::SCWMssOS::RCHIVER=arm-none-eabi-ar" "COMPILER_FLAGS=  -O2 -c" "EXTRA_COMPILER_FLAGS=-mcpu=cortex-a9 -mfpu=vfpv3 -mfloat-abi=hard -nostart
TRACE::2026-05-13.15:01:44::SCWMssOS::files -g -Wall -Wextra"

TRACE::2026-05-13.15:01:45::SCWMssOS::'Finished building libraries parallelly.'

TRACE::2026-05-13.15:01:45::SCWMssOS::make --no-print-directory archive

TRACE::2026-05-13.15:01:45::SCWMssOS::arm-none-eabi-ar -r  ps7_cortexa9_0/lib/libxil.a ps7_cortexa9_0/lib/xadcps_selftest.o ps7_cortexa9_0/lib/usleep.o ps7_cortexa9_
TRACE::2026-05-13.15:01:45::SCWMssOS::0/lib/kill.o ps7_cortexa9_0/lib/xscuwdt.o ps7_cortexa9_0/lib/xplatform_info.o ps7_cortexa9_0/lib/print.o ps7_cortexa9_0/lib/xsc
TRACE::2026-05-13.15:01:45::SCWMssOS::utimer.o ps7_cortexa9_0/lib/xsdps_card.o ps7_cortexa9_0/lib/xvtc_selftest.o ps7_cortexa9_0/lib/xil_testio.o ps7_cortexa9_0/lib/
TRACE::2026-05-13.15:01:45::SCWMssOS::isatty.o ps7_cortexa9_0/lib/sleep.o ps7_cortexa9_0/lib/xdevcfg_hw.o ps7_cortexa9_0/lib/xadcps_intr.o ps7_cortexa9_0/lib/xpm_cou
TRACE::2026-05-13.15:01:45::SCWMssOS::nter.o ps7_cortexa9_0/lib/xdmaps_g.o ps7_cortexa9_0/lib/xscutimer_g.o ps7_cortexa9_0/lib/xdmaps_sinit.o ps7_cortexa9_0/lib/xscu
TRACE::2026-05-13.15:01:45::SCWMssOS::timer_sinit.o ps7_cortexa9_0/lib/xil_cache.o ps7_cortexa9_0/lib/inbyte.o ps7_cortexa9_0/lib/xsdps_options.o ps7_cortexa9_0/lib/
TRACE::2026-05-13.15:01:45::SCWMssOS::xdmaps_selftest.o ps7_cortexa9_0/lib/xscutimer_selftest.o ps7_cortexa9_0/lib/xil_misc_psreset_api.o ps7_cortexa9_0/lib/cpputest
TRACE::2026-05-13.15:01:45::SCWMssOS::_time.o ps7_cortexa9_0/lib/xsdps.o ps7_cortexa9_0/lib/close.o ps7_cortexa9_0/lib/xuartps_g.o ps7_cortexa9_0/lib/xil_mmu.o ps7_c
TRACE::2026-05-13.15:01:45::SCWMssOS::ortexa9_0/lib/xscugic_hw.o ps7_cortexa9_0/lib/xuartps_sinit.o ps7_cortexa9_0/lib/translation_table.o ps7_cortexa9_0/lib/xaxivdm
TRACE::2026-05-13.15:01:45::SCWMssOS::a_g.o ps7_cortexa9_0/lib/xvtc.o ps7_cortexa9_0/lib/write.o ps7_cortexa9_0/lib/boot.o ps7_cortexa9_0/lib/xaxivdma_sinit.o ps7_co
TRACE::2026-05-13.15:01:45::SCWMssOS::rtexa9_0/lib/cpu_init.o ps7_cortexa9_0/lib/xscugic_g.o ps7_cortexa9_0/lib/xil_util.o ps7_cortexa9_0/lib/xsdps_sinit.o ps7_corte
TRACE::2026-05-13.15:01:45::SCWMssOS::xa9_0/lib/xaxivdma_selftest.o ps7_cortexa9_0/lib/xil_sleepcommon.o ps7_cortexa9_0/lib/xil_printf.o ps7_cortexa9_0/lib/unlink.o 
TRACE::2026-05-13.15:01:45::SCWMssOS::ps7_cortexa9_0/lib/xadcps.o ps7_cortexa9_0/lib/xdmaps_hw.o ps7_cortexa9_0/lib/xscugic_intr.o ps7_cortexa9_0/lib/xscugic_sinit.o
TRACE::2026-05-13.15:01:45::SCWMssOS:: ps7_cortexa9_0/lib/xil_sleeptimer.o ps7_cortexa9_0/lib/fcntl.o ps7_cortexa9_0/lib/open.o ps7_cortexa9_0/lib/_exit.o ps7_cortex
TRACE::2026-05-13.15:01:45::SCWMssOS::a9_0/lib/outbyte.o ps7_cortexa9_0/lib/xuartps_selftest.o ps7_cortexa9_0/lib/xuartps_hw.o ps7_cortexa9_0/lib/lseek.o ps7_cortexa
TRACE::2026-05-13.15:01:45::SCWMssOS::9_0/lib/read.o ps7_cortexa9_0/lib/xil_testmem.o ps7_cortexa9_0/lib/xtime_l.o ps7_cortexa9_0/lib/xl2cc_counter.o ps7_cortexa9_0/
TRACE::2026-05-13.15:01:45::SCWMssOS::lib/asm_vectors.o ps7_cortexa9_0/lib/abort.o ps7_cortexa9_0/lib/xdevcfg_g.o ps7_cortexa9_0/lib/xuartps_intr.o ps7_cortexa9_0/li
TRACE::2026-05-13.15:01:45::SCWMssOS::b/xuartps.o ps7_cortexa9_0/lib/getpid.o ps7_cortexa9_0/lib/xil_testcache.o ps7_cortexa9_0/lib/xdevcfg_sinit.o ps7_cortexa9_0/li
TRACE::2026-05-13.15:01:45::SCWMssOS::b/xdmaps.o ps7_cortexa9_0/lib/xaxivdma_channel.o ps7_cortexa9_0/lib/xdevcfg_selftest.o ps7_cortexa9_0/lib/xvtc_intr.o ps7_corte
TRACE::2026-05-13.15:01:45::SCWMssOS::xa9_0/lib/xvtc_sinit.o ps7_cortexa9_0/lib/_open.o ps7_cortexa9_0/lib/xscuwdt_sinit.o ps7_cortexa9_0/lib/sbrk.o ps7_cortexa9_0/l
TRACE::2026-05-13.15:01:45::SCWMssOS::ib/xaxivdma.o ps7_cortexa9_0/lib/xsdps_g.o ps7_cortexa9_0/lib/fstat.o ps7_cortexa9_0/lib/xscuwdt_g.o ps7_cortexa9_0/lib/errno.o
TRACE::2026-05-13.15:01:45::SCWMssOS:: ps7_cortexa9_0/lib/xdevcfg_intr.o ps7_cortexa9_0/lib/xuartps_options.o ps7_cortexa9_0/lib/_sbrk.o ps7_cortexa9_0/lib/vectors.o
TRACE::2026-05-13.15:01:45::SCWMssOS:: ps7_cortexa9_0/lib/xil_exception.o ps7_cortexa9_0/lib/xvtc_g.o ps7_cortexa9_0/lib/putnum.o ps7_cortexa9_0/lib/xil_clocking.o p
TRACE::2026-05-13.15:01:45::SCWMssOS::s7_cortexa9_0/lib/xil_assert.o ps7_cortexa9_0/lib/xaxivdma_intr.o ps7_cortexa9_0/lib/xscuwdt_selftest.o ps7_cortexa9_0/lib/xsdp
TRACE::2026-05-13.15:01:45::SCWMssOS::s_host.o ps7_cortexa9_0/lib/xcoresightpsdcc.o ps7_cortexa9_0/lib/xscugic.o ps7_cortexa9_0/lib/xadcps_g.o ps7_cortexa9_0/lib/xsc
TRACE::2026-05-13.15:01:45::SCWMssOS::ugic_selftest.o ps7_cortexa9_0/lib/xil-crt0.o ps7_cortexa9_0/lib/xadcps_sinit.o ps7_cortexa9_0/lib/xil_mem.o ps7_cortexa9_0/lib
TRACE::2026-05-13.15:01:45::SCWMssOS::/xdevcfg.o

TRACE::2026-05-13.15:01:45::SCWMssOS::'Finished building libraries'

TRACE::2026-05-13.15:01:45::SCWMssOS::Copying to export directory.
TRACE::2026-05-13.15:01:46::SCWMssOS:: Checking if to create the Supporting Applications
TRACE::2026-05-13.15:01:46::SCWMssOS:: No Linux domain exists, trying to generate FSBL 
LOG::2026-05-13.15:01:46::SCWSystem::Completed Processing the domain standalone_ps7_cortexa9_0
LOG::2026-05-13.15:01:46::SCWSystem::Completed Processing the sysconfig system_wrapper
LOG::2026-05-13.15:01:46::SCWPlatform::Completed generating the artifacts for system configuration system_wrapper
TRACE::2026-05-13.15:01:46::SCWPlatform::Started preparing the platform 
TRACE::2026-05-13.15:01:46::SCWSystem::Writing the bif file for system config system_wrapper
TRACE::2026-05-13.15:01:46::SCWSystem::dir created 
TRACE::2026-05-13.15:01:46::SCWSystem::Writing the bif 
TRACE::2026-05-13.15:01:46::SCWPlatform::Started writing the spfm file 
TRACE::2026-05-13.15:01:46::SCWPlatform::Started writing the xpfm file 
TRACE::2026-05-13.15:01:46::SCWPlatform::Completed generating the platform
TRACE::2026-05-13.15:01:46::SCWMssOS::Saving the mss changes D:/Zynq/vitis/version_2020/24_01_sd_bmp_hdmi/vitis/system_wrapper/zynq_fsbl/zynq_fsbl_bsp/system.mss
TRACE::2026-05-13.15:01:46::SCWMssOS::Adding the swdes entry, mss present, able to open swdb D:/Zynq/vitis/version_2020/24_01_sd_bmp_hdmi/vitis/system_wrapper/zynq_fsbl/zynq_fsbl_bsp/system.mss with des name system_0
TRACE::2026-05-13.15:01:46::SCWMssOS::Writing the mss file completed D:/Zynq/vitis/version_2020/24_01_sd_bmp_hdmi/vitis/system_wrapper/zynq_fsbl/zynq_fsbl_bsp/system.mss
TRACE::2026-05-13.15:01:46::SCWMssOS::Commit changes completed.
TRACE::2026-05-13.15:01:46::SCWMssOS::Saving the mss changes D:/Zynq/vitis/version_2020/24_01_sd_bmp_hdmi/vitis/system_wrapper/ps7_cortexa9_0/standalone_ps7_cortexa9_0/bsp/system.mss
TRACE::2026-05-13.15:01:46::SCWMssOS::Found a swdesign opened with the mssfile.
TRACE::2026-05-13.15:01:46::SCWMssOS::Completed writemss as part of save.
TRACE::2026-05-13.15:01:46::SCWMssOS::Commit changes completed.
TRACE::2026-05-13.15:01:46::SCWPlatform::Trying to open the hw design at D:/Zynq/vitis/version_2020/24_01_sd_bmp_hdmi/vitis/system_wrapper/hw/system_wrapper.xsa
TRACE::2026-05-13.15:01:46::SCWPlatform::DSA given D:/Zynq/vitis/version_2020/24_01_sd_bmp_hdmi/vitis/system_wrapper/hw/system_wrapper.xsa
TRACE::2026-05-13.15:01:46::SCWPlatform::DSA absoulate path D:/Zynq/vitis/version_2020/24_01_sd_bmp_hdmi/vitis/system_wrapper/hw/system_wrapper.xsa
TRACE::2026-05-13.15:01:46::SCWPlatform::DSA directory D:/Zynq/vitis/version_2020/24_01_sd_bmp_hdmi/vitis/system_wrapper/hw
TRACE::2026-05-13.15:01:46::SCWPlatform:: Platform Path D:/Zynq/vitis/version_2020/24_01_sd_bmp_hdmi/vitis/system_wrapper/hw/system_wrapper.xsa
TRACE::2026-05-13.15:01:46::SCWPlatform:: Unique name xilinx:::0.0
TRACE::2026-05-13.15:01:46::SCWPlatform::Trying to set the existing hwdb with name system_wrapper_2
TRACE::2026-05-13.15:01:46::SCWPlatform::Opened existing hwdb system_wrapper_2
TRACE::2026-05-13.15:01:46::SCWPlatform::Found the Hw Db part of the input DSA
TRACE::2026-05-13.15:01:46::SCWMssOS::Checking the sw design at  D:/Zynq/vitis/version_2020/24_01_sd_bmp_hdmi/vitis/system_wrapper/zynq_fsbl/zynq_fsbl_bsp/system.mss
TRACE::2026-05-13.15:01:46::SCWMssOS::DEBUG:  swdes dump  D:/Zynq/vitis/version_2020/24_01_sd_bmp_hdmi/vitis/system_wrapper/ps7_cortexa9_0/standalone_ps7_cortexa9_0/bsp/system.mss|system||
D:/Zynq/vitis/version_2020/24_01_sd_bmp_hdmi/vitis/system_wrapper/zynq_fsbl/zynq_fsbl_bsp/system.mss|system_0||

TRACE::2026-05-13.15:01:46::SCWMssOS::Sw design exists and opened at  D:/Zynq/vitis/version_2020/24_01_sd_bmp_hdmi/vitis/system_wrapper/zynq_fsbl/zynq_fsbl_bsp/system.mss
TRACE::2026-05-13.15:01:46::SCWPlatform::Trying to open the hw design at D:/Zynq/vitis/version_2020/24_01_sd_bmp_hdmi/vitis/system_wrapper/hw/system_wrapper.xsa
TRACE::2026-05-13.15:01:46::SCWPlatform::DSA given D:/Zynq/vitis/version_2020/24_01_sd_bmp_hdmi/vitis/system_wrapper/hw/system_wrapper.xsa
TRACE::2026-05-13.15:01:46::SCWPlatform::DSA absoulate path D:/Zynq/vitis/version_2020/24_01_sd_bmp_hdmi/vitis/system_wrapper/hw/system_wrapper.xsa
TRACE::2026-05-13.15:01:46::SCWPlatform::DSA directory D:/Zynq/vitis/version_2020/24_01_sd_bmp_hdmi/vitis/system_wrapper/hw
TRACE::2026-05-13.15:01:46::SCWPlatform:: Platform Path D:/Zynq/vitis/version_2020/24_01_sd_bmp_hdmi/vitis/system_wrapper/hw/system_wrapper.xsa
TRACE::2026-05-13.15:01:46::SCWPlatform:: Unique name xilinx:::0.0
TRACE::2026-05-13.15:01:46::SCWPlatform::Trying to set the existing hwdb with name system_wrapper_2
TRACE::2026-05-13.15:01:46::SCWPlatform::Opened existing hwdb system_wrapper_2
TRACE::2026-05-13.15:01:46::SCWPlatform::Found the Hw Db part of the input DSA
TRACE::2026-05-13.15:01:46::SCWMssOS::Checking the sw design at  D:/Zynq/vitis/version_2020/24_01_sd_bmp_hdmi/vitis/system_wrapper/ps7_cortexa9_0/standalone_ps7_cortexa9_0/bsp/system.mss
TRACE::2026-05-13.15:01:46::SCWMssOS::DEBUG:  swdes dump  D:/Zynq/vitis/version_2020/24_01_sd_bmp_hdmi/vitis/system_wrapper/ps7_cortexa9_0/standalone_ps7_cortexa9_0/bsp/system.mss|system||
D:/Zynq/vitis/version_2020/24_01_sd_bmp_hdmi/vitis/system_wrapper/zynq_fsbl/zynq_fsbl_bsp/system.mss|system_0||

TRACE::2026-05-13.15:01:46::SCWMssOS::Sw design exists and opened at  D:/Zynq/vitis/version_2020/24_01_sd_bmp_hdmi/vitis/system_wrapper/ps7_cortexa9_0/standalone_ps7_cortexa9_0/bsp/system.mss
TRACE::2026-05-13.15:01:46::SCWWriter::formatted JSON is {
	"platformName":	"system_wrapper",
	"sprVersion":	"2.0",
	"mode":	"gui",
	"dsaType":	"Fixed",
	"platformDesc":	"system_wrapper",
	"platHandOff":	"<platformDir>.xsa",
	"platIntHandOff":	"<platformDir>/hw/system_wrapper.xsa",
	"deviceType":	"zynq",
	"platIsPrebuiltAutogen":	"false",
	"platIsNoBootBsp":	"false",
	"hasFsblMakeHasChanges":	"false",
	"hasPmufwMakeHasChanges":	"false",
	"fsblExtraCompilerFlags":	"-MMD -MP       -mcpu=cortex-a9 -mfpu=vfpv3 -mfloat-abi=hard ",
	"platPreBuiltFlag":	false,
	"platformSamplesDir":	"",
	"platActiveSys":	"system_wrapper",
	"systems":	[{
			"systemName":	"system_wrapper",
			"systemDesc":	"system_wrapper",
			"sysIsBootAutoGen":	"true",
			"systemDispName":	"system_wrapper",
			"sysActiveDom":	"zynq_fsbl",
			"sysDefaultDom":	"standalone_ps7_cortexa9_0",
			"domains":	[{
					"domainName":	"zynq_fsbl",
					"domainDispName":	"zynq_fsbl",
					"domainDesc":	"FSBL Application BSP - Auto Generated.",
					"processors":	"ps7_cortexa9_0",
					"os":	"standalone",
					"sdxOs":	"standalone",
					"debugEnable":	"",
					"domRuntimes":	["cpp"],
					"swRepo":	"",
					"mssOsVer":	"7.3",
					"mssFile":	"",
					"md5Digest":	"f064f1502b86aad8e5076f480f530e93",
					"compatibleApp":	"zynq_fsbl",
					"domType":	"bootDomain",
					"arch":	"32-bit",
					"appSettings":	{
						"appCompilerFlags":	"",
						"appLinkerFlags":	""
					},
					"addedLibs":	["xilffs:4.4", "xilrsa:1.6"],
					"libOptions":	{
						"libsContainingOptions":	[]
					},
					"prebuiltLibs":	{
						"prebuiltIncPath":	[],
						"prebuiltLibPath":	[]
					},
					"isolation":	{
					}
				}, {
					"domainName":	"standalone_ps7_cortexa9_0",
					"domainDispName":	"standalone_ps7_cortexa9_0",
					"domainDesc":	"standalone_ps7_cortexa9_0",
					"processors":	"ps7_cortexa9_0",
					"os":	"standalone",
					"sdxOs":	"standalone",
					"qemuArgs":	"C:/Xilinx/Vitis/2020.2/data/emulation/platforms/zynq/sw/a9_standalone/qemu/qemu_args.txt",
					"qemuData":	"C:/Xilinx/Vitis/2020.2/data/emulation/platforms/zynq/sw/a9_standalone/qemu/",
					"debugEnable":	"False",
					"domRuntimes":	["cpp"],
					"swRepo":	"",
					"mssOsVer":	"7.3",
					"mssFile":	"",
					"md5Digest":	"858cb83ea463424a1bd41d1e3f3a43c4",
					"compatibleApp":	"",
					"domType":	"mssDomain",
					"arch":	"32-bit",
					"appSettings":	{
						"appCompilerFlags":	"",
						"appLinkerFlags":	""
					},
					"addedLibs":	["xilffs:4.4"],
					"libOptions":	{
						"libsContainingOptions":	[]
					},
					"prebuiltLibs":	{
						"prebuiltIncPath":	[],
						"prebuiltLibPath":	[]
					},
					"isolation":	{
					}
				}]
		}]
}
KEYINFO::2026-05-13.15:01:46::SCWPlatform::updated the xpfm file.
TRACE::2026-05-13.15:01:46::SCWPlatform::Trying to open the hw design at D:/Zynq/vitis/version_2020/24_01_sd_bmp_hdmi/vitis/system_wrapper/hw/system_wrapper.xsa
TRACE::2026-05-13.15:01:46::SCWPlatform::DSA given D:/Zynq/vitis/version_2020/24_01_sd_bmp_hdmi/vitis/system_wrapper/hw/system_wrapper.xsa
TRACE::2026-05-13.15:01:46::SCWPlatform::DSA absoulate path D:/Zynq/vitis/version_2020/24_01_sd_bmp_hdmi/vitis/system_wrapper/hw/system_wrapper.xsa
TRACE::2026-05-13.15:01:46::SCWPlatform::DSA directory D:/Zynq/vitis/version_2020/24_01_sd_bmp_hdmi/vitis/system_wrapper/hw
TRACE::2026-05-13.15:01:46::SCWPlatform:: Platform Path D:/Zynq/vitis/version_2020/24_01_sd_bmp_hdmi/vitis/system_wrapper/hw/system_wrapper.xsa
TRACE::2026-05-13.15:01:46::SCWPlatform:: Unique name xilinx:::0.0
TRACE::2026-05-13.15:01:46::SCWPlatform::Trying to set the existing hwdb with name system_wrapper_2
TRACE::2026-05-13.15:01:46::SCWPlatform::Opened existing hwdb system_wrapper_2
TRACE::2026-05-13.15:01:46::SCWPlatform::Found the Hw Db part of the input DSA
TRACE::2026-05-13.15:01:46::SCWMssOS::Checking the sw design at  D:/Zynq/vitis/version_2020/24_01_sd_bmp_hdmi/vitis/system_wrapper/ps7_cortexa9_0/standalone_ps7_cortexa9_0/bsp/system.mss
TRACE::2026-05-13.15:01:46::SCWMssOS::DEBUG:  swdes dump  D:/Zynq/vitis/version_2020/24_01_sd_bmp_hdmi/vitis/system_wrapper/ps7_cortexa9_0/standalone_ps7_cortexa9_0/bsp/system.mss|system||
D:/Zynq/vitis/version_2020/24_01_sd_bmp_hdmi/vitis/system_wrapper/zynq_fsbl/zynq_fsbl_bsp/system.mss|system_0||

TRACE::2026-05-13.15:01:46::SCWMssOS::Sw design exists and opened at  D:/Zynq/vitis/version_2020/24_01_sd_bmp_hdmi/vitis/system_wrapper/ps7_cortexa9_0/standalone_ps7_cortexa9_0/bsp/system.mss
TRACE::2026-05-13.15:10:58::SCWBDomain::System Command Ran  D:&  cd  D:/Zynq/vitis/version_2020/24_01_sd_bmp_hdmi/vitis/system_wrapper/zynq_fsbl & make clean
TRACE::2026-05-13.15:10:58::SCWBDomain::rm -rf  sd.o  nand.o  image_mover.o  md5.o  fsbl_hooks.o  main.o  nor.o  qspi.o  rsa.o  ps7_init.o  pcap.o  fsbl_handoff.o zynq
TRACE::2026-05-13.15:10:58::SCWBDomain::_fsbl_bsp/ps7_cortexa9_0/lib/libxil.a fsbl.elf *.o

TRACE::2026-05-13.15:10:58::SCWBDomain::System Command Ran  D:&  cd  D:/Zynq/vitis/version_2020/24_01_sd_bmp_hdmi/vitis/system_wrapper/zynq_fsbl/zynq_fsbl_bsp & make clean
TRACE::2026-05-13.15:10:58::SCWBDomain::make -C ps7_cortexa9_0/libsrc/axivdma_v6_8/src -s clean 

TRACE::2026-05-13.15:10:58::SCWBDomain::make -C ps7_cortexa9_0/libsrc/coresightps_dcc_v1_8/src -s clean 

TRACE::2026-05-13.15:10:58::SCWBDomain::make -C ps7_cortexa9_0/libsrc/cpu_cortexa9_v2_10/src -s clean 

TRACE::2026-05-13.15:10:58::SCWBDomain::make -C ps7_cortexa9_0/libsrc/ddrps_v1_2/src -s clean 

TRACE::2026-05-13.15:10:58::SCWBDomain::make -C ps7_cortexa9_0/libsrc/devcfg_v3_7/src -s clean 

TRACE::2026-05-13.15:10:58::SCWBDomain::make -C ps7_cortexa9_0/libsrc/dmaps_v2_7/src -s clean 

TRACE::2026-05-13.15:10:58::SCWBDomain::make -C ps7_cortexa9_0/libsrc/scugic_v4_3/src -s clean 

TRACE::2026-05-13.15:10:58::SCWBDomain::make -C ps7_cortexa9_0/libsrc/scutimer_v2_3/src -s clean 

TRACE::2026-05-13.15:10:58::SCWBDomain::make -C ps7_cortexa9_0/libsrc/scuwdt_v2_3/src -s clean 

TRACE::2026-05-13.15:10:58::SCWBDomain::make -C ps7_cortexa9_0/libsrc/sdps_v3_10/src -s clean 

TRACE::2026-05-13.15:10:58::SCWBDomain::make -C ps7_cortexa9_0/libsrc/standalone_v7_3/src -s clean 

TRACE::2026-05-13.15:10:58::SCWBDomain::make -C ps7_cortexa9_0/libsrc/uartps_v3_10/src -s clean 

TRACE::2026-05-13.15:10:58::SCWBDomain::make -C ps7_cortexa9_0/libsrc/vtc_v8_3/src -s clean 

TRACE::2026-05-13.15:10:58::SCWBDomain::make -C ps7_cortexa9_0/libsrc/xadcps_v2_5/src -s clean 

TRACE::2026-05-13.15:10:58::SCWBDomain::make -C ps7_cortexa9_0/libsrc/xilffs_v4_4/src -s clean 

TRACE::2026-05-13.15:10:58::SCWBDomain::make -C ps7_cortexa9_0/libsrc/xilrsa_v1_6/src -s clean 

TRACE::2026-05-13.15:10:59::SCWBDomain::rm -f ps7_cortexa9_0/lib/libxil.a

TRACE::2026-05-13.15:10:59::SCWMssOS::cleaning the bsp 
TRACE::2026-05-13.15:10:59::SCWMssOS::System Command Ran  D: & cd  D:/Zynq/vitis/version_2020/24_01_sd_bmp_hdmi/vitis/system_wrapper/ps7_cortexa9_0/standalone_ps7_cortexa9_0/bsp & make clean 
TRACE::2026-05-13.15:10:59::SCWMssOS::make -C ps7_cortexa9_0/libsrc/axivdma_v6_8/src -s clean 

TRACE::2026-05-13.15:10:59::SCWMssOS::make -C ps7_cortexa9_0/libsrc/coresightps_dcc_v1_8/src -s clean 

TRACE::2026-05-13.15:10:59::SCWMssOS::make -C ps7_cortexa9_0/libsrc/cpu_cortexa9_v2_10/src -s clean 

TRACE::2026-05-13.15:10:59::SCWMssOS::make -C ps7_cortexa9_0/libsrc/ddrps_v1_2/src -s clean 

TRACE::2026-05-13.15:10:59::SCWMssOS::make -C ps7_cortexa9_0/libsrc/devcfg_v3_7/src -s clean 

TRACE::2026-05-13.15:10:59::SCWMssOS::make -C ps7_cortexa9_0/libsrc/dmaps_v2_7/src -s clean 

TRACE::2026-05-13.15:10:59::SCWMssOS::make -C ps7_cortexa9_0/libsrc/scugic_v4_3/src -s clean 

TRACE::2026-05-13.15:10:59::SCWMssOS::make -C ps7_cortexa9_0/libsrc/scutimer_v2_3/src -s clean 

TRACE::2026-05-13.15:10:59::SCWMssOS::make -C ps7_cortexa9_0/libsrc/scuwdt_v2_3/src -s clean 

TRACE::2026-05-13.15:10:59::SCWMssOS::make -C ps7_cortexa9_0/libsrc/sdps_v3_10/src -s clean 

TRACE::2026-05-13.15:10:59::SCWMssOS::make -C ps7_cortexa9_0/libsrc/standalone_v7_3/src -s clean 

TRACE::2026-05-13.15:10:59::SCWMssOS::make -C ps7_cortexa9_0/libsrc/uartps_v3_10/src -s clean 

TRACE::2026-05-13.15:10:59::SCWMssOS::make -C ps7_cortexa9_0/libsrc/vtc_v8_3/src -s clean 

TRACE::2026-05-13.15:10:59::SCWMssOS::make -C ps7_cortexa9_0/libsrc/xadcps_v2_5/src -s clean 

TRACE::2026-05-13.15:10:59::SCWMssOS::make -C ps7_cortexa9_0/libsrc/xilffs_v4_4/src -s clean 

TRACE::2026-05-13.15:10:59::SCWMssOS::rm -f ps7_cortexa9_0/lib/libxil.a

TRACE::2026-05-13.15:11:03::SCWBDomain::System Command Ran  D:&  cd  D:/Zynq/vitis/version_2020/24_01_sd_bmp_hdmi/vitis/system_wrapper/zynq_fsbl & make clean
TRACE::2026-05-13.15:11:03::SCWBDomain::rm -rf  sd.o  nand.o  image_mover.o  md5.o  fsbl_hooks.o  main.o  rsa.o  nor.o  qspi.o  ps7_init.o  pcap.o  fsbl_handoff.o zynq
TRACE::2026-05-13.15:11:03::SCWBDomain::_fsbl_bsp/ps7_cortexa9_0/lib/libxil.a fsbl.elf *.o

ERROR::2026-05-13.15:11:03::SCWSystem::Error in Processing the domain zynq_fsbl
